ag_gspphot_lower,ag_gspphot_upper,astrometric_chi2_al,astrometric_excess_noise,astrometric_excess_noise_sig,astrometric_gof_al,astrometric_matched_transits,astrometric_n_bad_obs_al,astrometric_n_good_obs_al,astrometric_n_obs_ac,astrometric_n_obs_al,astrometric_params_solved,astrometric_primary_flag,astrometric_sigma5d_max,azero_gspphot_lower,azero_gspphot_upper,b,classprob_dsc_combmod_galaxy,classprob_dsc_combmod_quasar,classprob_dsc_combmod_star,dec_error,dec_parallax_corr,dec_pmdec_corr,dec_pmra_corr,dec_pseudocolour_corr,distance_gspphot_lower,distance_gspphot_upper,duplicated_source,ebpminrp_gspphot_lower,ebpminrp_gspphot_upper,ecl_lat,ecl_lon,grvs_mag,grvs_mag_error,grvs_mag_nb_transits,has_epoch_rv,in_andromeda_survey,in_galaxy_candidates,in_qso_candidates,ipd_frac_multi_peak,ipd_frac_odd_win,ipd_gof_harmonic_amplitude,ipd_gof_harmonic_phase,l,libname_gspphot,logg_gspphot_lower,logg_gspphot_upper,matched_transits,matched_transits_removed,mh_gspphot_lower,mh_gspphot_upper,new_matched_transits,nu_eff_used_in_astrometry,parallax_over_error,parallax_pmdec_corr,parallax_pmra_corr,parallax_pseudocolour_corr,phot_bp_mean_flux,phot_bp_mean_flux_error,phot_bp_mean_flux_over_error,phot_bp_n_blended_transits,phot_bp_n_contaminated_transits,phot_bp_n_obs,phot_bp_rp_excess_factor,phot_g_mean_flux,phot_g_mean_flux_error,phot_g_mean_flux_over_error,phot_g_n_obs,phot_proc_mode,phot_rp_mean_flux,phot_rp_mean_flux_error,phot_rp_mean_flux_over_error,phot_rp_n_blended_transits,phot_rp_n_contaminated_transits,phot_rp_n_obs,pm,pmdec_pseudocolour_corr,pmra_pmdec_corr,pmra_pseudocolour_corr,pseudocolour,pseudocolour_error,ra_dec_corr,ra_error,random_index,ra_parallax_corr,ra_pmdec_corr,ra_pmra_corr,ra_pseudocolour_corr,ref_epoch,rv_amplitude_robust,rv_atm_param_origin,rv_chisq_pvalue,rv_expected_sig_to_noise,rv_method_used,rv_nb_deblended_transits,rv_nb_transits,rv_renormalised_gof,rvs_spec_sig_to_noise,rv_template_fe_h,rv_template_logg,rv_template_teff,rv_time_duration,rv_visibility_periods_used,scan_direction_mean_k1,scan_direction_mean_k2,scan_direction_mean_k3,scan_direction_mean_k4,scan_direction_strength_k1,scan_direction_strength_k2,scan_direction_strength_k3,scan_direction_strength_k4,solution_id,source_id,teff_gspphot_lower,teff_gspphot_upper,vbroad,vbroad_error,vbroad_nb_transits,visibility_periods_used,designation,ra,dec,parallax,parallax_error,pmra,pmra_error,pmdec,pmdec_error,phot_g_mean_mag,phot_bp_mean_mag,phot_rp_mean_mag,phot_variable_flag,bp_rp,bp_g,g_rp,radial_velocity,radial_velocity_error,ruwe,non_single_star,has_xp_continuous,has_xp_sampled,has_rvs,has_epoch_photometry,has_mcmc_gspphot,has_mcmc_msc,teff_gspphot,logg_gspphot,mh_gspphot,distance_gspphot,azero_gspphot,ag_gspphot,ebpminrp_gspphot
"null","null","255.13966","0","1.2660036e-15","-0.3621187","31","0","258","0","258","95","false","0.79838467","null","null","-5.8295719771515415","5.10554e-13","1.02555625e-13","0.99998397","0.23230855","-0.32375133","-0.73856115","0.45363483","-0.104647875","null","null","false","null","null","-1.323433692804036","84.06202724077988","null","null","null","false","false","false","false","0","0","0.056211453","178.1852","184.565003981055","null","null","null","33","0","null","null","18","null","1.3096837","0.17486493","0.16154714","-0.09293667","131.72375784412068","6.898107","19.095638","0","0","30","1.3218244","469.10178684245096","1.1268518","416.29413","258","0","488.34642727815776","9.191709","53.129017","1","0","30","4.779535","0.3683611","-0.7034113","-0.24218225","1.3964657","0.056323707","-0.45840713","0.28793457","869023170","0.17832917","0.2423206","-0.0799816","-0.13116136","2016","null","null","null","null","null","null","null","null","null","null","null","null","null","null","-27.883423","17.587051","-10.279026","27.737093","0.22863713","0.6603257","0.22933728","0.38384232","1636148068921376800","3403817725893508224","null","null","null","null","null","15","Gaia DR3 3403817725893508224","83.59623741260648","21.98394675961578","0.39585955061963873","0.30225584","1.4450779593975769","0.52474236","-4.555842610441036","0.2921953","19.0092","20.039381","18.026075","NOT_AVAILABLE","2.0133057","1.0301819","0.9831238","null","null","0.98259807","0","false","false","false","false","false","false","null","null","null","null","null","null","null"
"null","null","76.709114","1.5100793","1.3466971","1.7289436","7","1","62","0","63","3","false","12.62578","null","null","-5.816006686801866","null","null","null","3.284913","null","null","null","null","null","null","false","null","null","-1.3298096334962914","84.08132691692451","null","null","null","false","false","false","false","0","100","0.34003022","121.58576","184.5802123327618","null","null","null","7","1","null","null","6","null","null","null","null","null","null","null","null","null","null","0","null","269.27808075135766","2.959544","90.98634","54","2","null","null","null","null","null","0","null","null","null","null","null","null","-0.8083647","4.0789375","351206718","null","null","null","null","2016","null","null","null","null","null","null","null","null","null","null","null","null","null","null","-121.976425","21.20294","-6.880043","19.80422","0.13857758","0.8841717","0.20434049","0.58027804","1636148068921376800","3403817695828147072","null","null","null","null","null","5","Gaia DR3 3403817695828147072","83.61732864337472","21.97843191776735","null","null","null","null","null","null","19.611864","null","null","NOT_AVAILABLE","null","null","null","null","null","null","0","false","false","false","false","false","false","null","null","null","null","null","null","null"
"0.8396","0.9224","331.77814","0.17169313","2.162292","1.4782964","34","4","287","0","291","31","false","0.1429465","1.0343","1.132","-5.815870171244191","5.102057e-13","1.0212162e-13","0.99999017","0.055470426","-0.47753054","-0.818598","0.42015454","null","871.4562","958.496","false","0.4606","0.5057","-1.329656069881154","84.08139623970193","null","null","null","false","false","false","false","2","0","0.07483994","0.38273564","184.58011308819405","MARCS","4.6242","4.682","36","0","-1.2569","-1.0057","21","1.4679799","5.0438323","0.42741424","0.09884248","null","2599.5686270331285","15.18742","171.16591","31","0","31","1.3070855","5619.9634676182","3.9931164","1407.4128","287","0","4746.204543511587","12.409421","382.46783","30","0","30","1.5961154","null","-0.5518491","null","null","null","-0.57439166","0.06788661","97506585","0.33085728","0.5032106","-0.2934889","null","2016","null","null","null","null","null","null","null","null","null","null","null","null","null","null","-26.726307","13.371576","-12.299897","30.34986","0.3021748","0.603808","0.24243902","0.30019334","1636148068921376800","3403817691533744000","5699.393","5858.282","null","null","null","16","Gaia DR3 3403817691533744000","83.61739598107644","21.978588396534047","0.3761190100839925","0.07457009","-1.5870031554456483","0.09054774","0.17030919789521676","0.058424022","16.313034","16.801289","15.55703","NOT_AVAILABLE","1.2442589","0.48825455","0.75600433","null","null","1.0616828","0","true","false","false","false","true","true","5770.2573","4.6497","-1.1385","908.3294","1.0782","0.8766","0.4811"
"0.1483","0.3968","281.9035","0","0","-0.29841644","34","2","283","0","285","31","false","0.2773109","0.1892","0.5007","-5.819986722509944","5.1006806e-13","1.0209104e-13","0.9999932","0.10727198","-0.52625096","-0.8555706","0.5082321","null","853.1661","1119.883","false","0.0808","0.2158","-1.3232215138915084","84.07295824220293","null","null","null","false","false","false","false","0","0","0.048048794","178.36545","184.5702839534421","PHOENIX","4.7982","4.9225","36","0","-2.3867","-1.759","21","1.4720191","2.190141","0.46053457","0.0463999","null","792.3438424448393","14.22081","55.71721","1","0","35","1.2075638","1866.9075148515733","1.7502607","1066.6454","283","0","1462.066107891762","19.460464","75.13007","1","0","33","4.1847167","null","-0.6106778","null","null","null","-0.63280106","0.124998786","8941231","0.3212087","0.591336","-0.41084057","null","2016","null","null","null","null","null","null","null","null","null","null","null","null","null","null","-38.43118","13.610183","-14.112041","28.689","0.26833925","0.6202696","0.29598543","0.3050456","1636148068921376800","3403817691533770496","4746.5156","5018.6953","null","null","null","16","Gaia DR3 3403817691533770496","83.60800069437484","21.984643247067844","0.29676017910358987","0.13549821","4.174611932309083","0.16879036","0.2906360521940837","0.11164708","17.50956","18.091257","16.835478","NOT_AVAILABLE","1.2557793","0.58169746","0.6740818","null","null","0.9861773","0","true","false","false","false","true","true","4796.7524","4.8988","-2.2347","895.6979","0.2444","0.1919","0.1045"
"null","null","265.35208","0.41556093","0.12940234","0.76655823","28","1","241","0","242","95","false","1.633232","null","null","-5.816583315934746","1.7168448e-9","1.5614236e-10","0.99998474","0.6984893","-0.5845234","-0.87434715","0.4275375","0.15602154","null","null","false","null","null","-1.3230393536642713","84.07677819116884","null","null","null","false","false","false","false","0","0","0.08937417","169.46535","184.57203487929544","null","null","null","29","0","null","null","18","null","2.5010107","0.4353746","0.13545486","-0.31322744","73.73850302331135","8.594335","8.579897","1","0","25","1.5350779","183.7466029418694","0.9664117","190.13284","241","0","208.32685529208842","10.520579","19.801842","1","0","29","2.42068","0.0535749","-0.54570127","-0.18664697","1.303491","0.1210658","-0.6631856","0.76116866","1025691543","0.44669515","0.6174923","-0.41151392","-0.17903425","2016","null","null","null","null","null","null","null","null","null","null","null","null","null","null","-19.911139","12.171101","-8.855267","23.642141","0.4175419","0.64574015","0.31940648","0.277068","1636148068921376800","3403817695828145792","null","null","null","null","null","14","Gaia DR3 3403817695828145792","83.61210636391459","21.984994338924274","2.1096364709376663","0.8435136","-0.05821246527968266","0.9876282","-2.419979916205562","0.67401034","20.02682","20.669306","18.951033","NOT_AVAILABLE","1.7182732","0.6424866","1.0757866","null","null","1.0341315","0","false","false","false","false","false","false","null","null","null","null","null","null","null"
"null","null","240.90776","0","0","-1.8280923","32","0","276","0","276","31","false","0.5920078","null","null","-5.813675676142471","6.619447e-13","8.3340214e-13","0.99998903","0.24627148","-0.5135023","-0.8264543","0.3679598","null","null","null","false","null","null","-1.3264761977738655","84.08210254663925","null","null","null","false","false","false","false","0","0","0.046515644","169.57417","184.5776934867099","null","null","null","34","0","null","null","21","1.3039405","2.538963","0.44786334","0.13441135","null","108.962155295749","8.084447","13.477998","0","0","29","1.2141215","483.39651428048217","1.1983064","403.39975","273","0","477.9399500855083","10.35281","46.16524","0","0","31","7.1037183","null","-0.4675055","null","null","null","-0.5741827","0.29542667","617631336","0.36424777","0.52773964","-0.3089444","null","2016","null","null","null","null","null","null","null","null","null","null","null","null","null","null","-21.58757","13.619989","-8.686431","28.613182","0.31132177","0.6147472","0.22298229","0.30710915","1636148068921376800","3403817691533769728","null","null","null","null","null","16","Gaia DR3 3403817691533769728","83.61800503334635","21.981796387979255","0.8340243978505133","0.32849017","4.929772341884117","0.37581438","-5.11470035537449","0.25018638","18.976608","20.245354","18.049461","NOT_AVAILABLE","2.1958923","1.2687454","0.9271469","null","null","0.9213164","0","false","false","false","false","false","false","null","null","null","null","null","null","null"
"0.1755","0.4464","242.4059","0","0","-1.719638","32","1","276","0","277","31","false","0.44743708","0.2225","0.5586","-5.812481791764224","1.1872602e-10","1.021913e-13","0.99999726","0.16882147","-0.44179106","-0.9020311","0.65647227","null","1079.8308","1401.2415","false","0.096","0.2448","-1.3253110943911217","84.0828108344121","null","null","null","false","false","false","false","0","0","0.056790445","174.44536","184.57703166942662","MARCS","4.7871","4.9215","34","0","-2.7209","-2.1401","21","1.4763687","1.4595959","0.39896524","0.019279078","null","553.060291579735","12.099963","45.7076","31","0","31","1.2708575","1218.3414132093894","1.5459232","788.09955","273","0","995.2780198518362","12.234695","81.348816","32","0","32","0.86990166","null","-0.7227855","null","null","null","-0.75701356","0.19544768","353096449","0.3290549","0.7234884","-0.5839456","null","2016","null","null","null","null","null","null","null","null","null","null","null","null","null","null","-26.831846","16.006517","-8.389124","27.813631","0.25742754","0.64620405","0.23752767","0.3442196","1636148068921376800","3403817691533769600","4786.078","5128.654","null","null","null","15","Gaia DR3 3403817691533769600","83.6187123336527","21.98299166696022","0.2472016049714079","0.16936305","0.8620684390445028","0.25539893","0.11647724649774394","0.17361023","17.972944","18.481611","17.253035","NOT_AVAILABLE","1.2285767","0.508667","0.71990967","null","null","0.9258531","0","false","false","false","false","true","true","4957.4424","4.8577","-2.3958","1230.0537","0.4172","0.3315","0.1812"
"null","null","18492.582","5.6343966","396.43686","107.339554","31","16","257","0","273","3","false","2.236254","null","null","-5.803529072362449","0.00042678954","0.0001225553","0.998719","0.8382169","null","null","null","null","null","null","false","null","null","-1.3385471455425137","84.10072678794178","null","null","null","false","false","false","false","70","2","0.20427255","125.475136","184.59752928865544","null","null","null","35","0","null","null","35","null","null","null","null","null","669.2358027616644","11.073345","60.43664","1","0","25","2.0262651","982.257260866326","4.843736","202.78918","233","0","1321.0779099486647","14.804338","89.23586","3","0","29","null","null","null","null","null","null","-0.601719","1.170178","45856949","null","null","null","null","2016","null","null","null","null","null","null","null","null","null","null","null","null","null","null","-3.3345194","13.82639","1.3486792","20.866732","0.43216977","0.74460894","0.39971083","0.37108395","1636148068921376800","3403770691710326016","null","null","null","null","null","13","Gaia DR3 3403770691710326016","83.63863830857176","21.970559367181515","null","null","null","null","null","null","18.206804","18.274593","16.945574","NOT_AVAILABLE","1.3290195","0.06778908","1.2612305","null","null","null","0","false","false","false","false","false","false","null","null","null","null","null","null","null"
"0.1477","0.2764","297.291","0","2.2399445e-15","-1.5078912","39","4","327","0","331","31","false","0.23955253","0.1949","0.3626","-5.80035437835203","5.101297e-13","1.0212159e-13","0.99999017","0.09398386","-0.48210272","-0.85685444","0.37581283","null","645.5368","718.2208","false","0.0805","0.151","-1.3393390369928904","84.1048416975722","null","null","null","false","false","false","false","0","0","0.055918943","4.623479","184.60027679452398","MARCS","4.639","4.7409","41","0","-3.427","-2.939","26","1.4234246","4.1069283","0.4483783","0.1329689","null","781.0340896645212","8.177508","95.51003","2","0","35","1.2543013","1988.0599989564346","1.841007","1079.8763","319","0","1712.5920968006374","9.036025","189.52937","1","0","33","3.9636877","null","-0.50699234","null","null","null","-0.5926536","0.11867185","206729850","0.31501275","0.5186941","-0.36576796","null","2016","null","null","null","null","null","null","null","null","null","null","null","null","null","null","-10.73419","12.782917","-2.7004368","23.049227","0.38569525","0.67904973","0.28361055","0.3300595","1636148068921376800","3403770691709456512","4278.1816","4421.0503","null","null","null","16","Gaia DR3 3403770691709456512","83.64310756151633","21.96994953840163","0.5305231197215704","0.12917759","2.63679921635867","0.15330814","2.9594103193089123","0.0938604","17.441294","18.106867","16.663761","NOT_AVAILABLE","1.4431057","0.6655731","0.7775326","null","null","0.94015884","0","true","false","false","false","true","true","4330.343","4.6894","-3.2569","678.9636","0.2579","0.1957","0.1069"
"null","null","290.80154","0.601803","0.50185984","0.48141116","30","2","258","0","260","95","false","0.97076356","null","null","-5.81388672044959","5.1302067e-13","1.1852303e-13","0.99994314","0.4417006","-0.5701591","-0.82771796","0.16691528","0.13527334","null","null","false","null","null","-1.330755211507303","84.08431385263962","null","null","null","false","false","false","false","0","0","0.03684613","179.96976","184.58253008590904","null","null","null","31","0","null","null","20","null","1.4535445","0.41081727","0.25044194","-0.32133445","61.961301378607374","6.1690555","10.043888","0","0","28","1.4626113","266.10271271260086","1.0402573","255.8047","255","0","327.2435392191886","8.792495","37.21851","0","0","29","5.5048256","0.10843023","-0.35128063","-0.2619046","1.2134008","0.09421336","-0.5701273","0.5124178","272446","0.44381824","0.46745488","-0.20561641","-0.13226394","2016","null","null","null","null","null","null","null","null","null","null","null","null","null","null","-16.532452","13.921371","-5.4549084","23.105913","0.38892356","0.6604118","0.25165972","0.3402241","1636148068921376800","3403817695828146048","null","null","null","null","null","13","Gaia DR3 3403817695828146048","83.62059073138909","21.97761931376025","0.8667618364659648","0.5963091","0.29845815817245813","0.65237314","-5.496728937334916","0.41718194","19.624744","20.85824","18.460718","NOT_AVAILABLE","2.397522","1.2334957","1.1640263","null","null","1.0201883","0","false","false","false","false","false","false","null","null","null","null","null","null","null"
"0.6787","0.7001","256.37628","0","0","-1.6857831","35","1","300","0","301","31","false","0.043260686","0.8255","0.8507","-5.807400637236615","5.1106623e-13","1.02316586e-13","0.99997085","0.017062105","-0.42179692","-0.85037565","0.44203687","null","601.0701","641.649","false","0.3687","0.3803","-1.3258296079546945","84.08896730669596","12.644839","0.049418602","10","false","false","false","false","0","0","0.080061935","179.49467","184.58056158109693","MARCS","4.0796","4.1414","37","0","-0.4618","-0.4274","23","1.4934529","64.69422","0.39760655","0.10038895","null","31096.539408414465","24.09758","1290.4424","1","0","35","1.2310066","66203.9199791698","13.747536","4815.694","295","0","50400.92822697712","27.32693","1844.3685","0","0","35","1.8349482","null","-0.5589282","null","null","null","-0.595663","0.021932742","116939740","0.28568572","0.51568764","-0.3214583","null","2016","null","111","null","11.280506","2","4","14","null","null","-0.5","2","5750","917.07086","12","-20.770157","13.474715","-7.1671786","24.511364","0.3156363","0.6672425","0.31016868","0.27746776","1636148068921376800","3403817691532782208","5829.4985","5872.708","null","null","null","16","Gaia DR3 3403817691532782208","83.62536795276831","21.982745699900185","1.4747159784186963","0.022795174","1.0808243301923621","0.027264161","1.4828532633055556","0.016872706","13.635158","14.106762","12.991799","NOT_AVAILABLE","1.1149626","0.47160435","0.64335823","5.305081","7.0262847","0.9303032","0","true","true","false","false","true","true","5855.466","4.1108","-0.4431","621.4913","0.8411","0.6919","0.3759"
"null","null","56.845165","4.4954133","1.1628191","1.2229697","6","0","50","0","50","3","false","52.19778","null","null","-5.804189961303502","0.000012337249","0.00028381112","0.9991354","8.629888","null","null","null","null","null","null","false","null","null","-1.3262746746752165","84.09292480928258","null","null","null","false","false","false","false","0","0","0.033748146","31.263594","184.58292809557057","null","null","null","6","1","null","null","1","null","null","null","null","null","48.395741514949876","5.915638","8.1809845","1","0","5","1.9283836","71.88526082921398","1.4396518","49.932392","50","0","90.22661795462797","20.70431","4.357867","0","0","3","null","null","null","null","null","null","-0.58026177","3.767621","1241627906","null","null","null","null","2016","null","null","null","null","null","null","null","null","null","null","null","null","null","null","-92.61731","31.785862","-20.426645","37.03252","0.29083183","0.6523139","0.38049296","0.7266991","1636148068921376800","3403770760426941952","null","null","null","null","null","5","Gaia DR3 3403770760426941952","83.62965162407001","21.982475790605896","null","null","null","null","null","null","21.045767","21.126524","19.859558","NOT_AVAILABLE","1.2669659","0.08075714","1.1862087","null","null","null","0","false","false","false","false","false","false","null","null","null","null","null","null","null"
"null","null","144.27986","2.9464355","2.0187244","2.7380612","12","0","106","0","106","3","false","19.716194","null","null","-5.803988133966113","0.000010633309","0.0001368668","0.9995392","6.181558","null","null","null","null","null","null","false","null","null","-1.324637360837954","84.09221828812298","null","null","null","false","false","false","false","0","0","0.20803265","16.953865","184.58114725294865","null","null","null","12","0","null","null","9","null","null","null","null","null","70.8371184844115","31.0026","2.2848768","0","0","7","1.3776406","84.24003444653913","1.1634767","72.40371","104","0","45.21537182035517","15.162761","2.9820013","0","0","4","null","null","null","null","null","null","-0.94388735","7.2989426","1507383777","null","null","null","null","2016","null","null","null","null","null","null","null","null","null","null","null","null","null","null","3.1044064","17.354221","6.212526","16.115385","0.34534803","0.86323166","0.36329496","0.53999484","1636148068921376800","3403771138385181696","null","null","null","null","null","6","Gaia DR3 3403771138385181696","83.62881269792648","21.984080323514984","null","null","null","null","null","null","20.873571","20.71289","20.60968","NOT_AVAILABLE","0.10321045","-0.16068077","0.26389122","null","null","null","0","false","false","false","false","false","false","null","null","null","null","null","null","null"
"null","null","67.97721","5.656291","1.8463652","1.3073286","7","1","59","0","60","3","false","22.265213","null","null","-5.802991226204163","0.000014939485","0.00013808331","0.9992298","4.3888693","null","null","null","null","null","null","false","null","null","-1.3326250749691861","84.09794990354675","null","null","null","false","false","false","false","0","0","0.0652096","158.3654","184.59097738654233","null","null","null","7","0","null","null","2","null","null","null","null","null","19.16794646307017","6.951042","2.7575643","0","0","3","0.97575504","68.5087994288985","1.9215008","35.653797","59","1","47.67986043398348","8.124781","5.8684487","0","0","6","null","null","null","null","null","null","-0.7762396","4.933818","408462634","null","null","null","null","2016","null","null","null","null","null","null","null","null","null","null","null","null","null","null","3.2506526","27.336311","4.9737887","35.41226","0.3652263","0.76835144","0.20110485","0.5674038","1636148068921376800","3403770760426943616","null","null","null","null","null","7","Gaia DR3 3403770760426943616","83.63536603011747","21.976353260045254","null","null","null","null","null","null","21.098001","22.132103","20.552057","NOT_AVAILABLE","1.5800457","1.0341015","0.5459442","null","null","null","0","false","false","false","false","false","false","null","null","null","null","null","null","null"
"null","null","279.01645","0","0","-0.27681538","32","0","280","0","280","95","false","0.9954972","null","null","-5.798949267877309","1.2651045e-10","1.06637595e-10","0.9999975","0.45206","-0.57742333","-0.8377043","0.1674519","0.14210393","null","null","false","null","null","-1.3279668283132806","84.09993846988236","null","null","null","false","false","false","false","1","0","0.06700016","174.85193","184.58790977633404","null","null","null","33","0","null","null","21","null","-0.5587035","0.42011872","0.2801127","-0.33885223","74.0385862606559","8.664667","8.544886","1","0","29","1.1900457","257.0767892510825","0.9580718","268.32724","279","0","231.8945548863331","10.986132","21.107935","0","0","28","2.6492863","0.07653762","-0.37422353","-0.26341912","1.6612535","0.09083007","-0.61908805","0.52811545","500708358","0.45206723","0.50430256","-0.21629478","-0.15261747","2016","null","null","null","null","null","null","null","null","null","null","null","null","null","null","-13.944392","16.065874","-2.268399","23.625933","0.3600471","0.6906194","0.22254387","0.42568317","1636148068921376800","3403771138382651776","null","null","null","null","null","13","Gaia DR3 3403771138382651776","83.63728624927157","21.9810946485814","-0.33783778748827614","0.60468173","2.6235817107259845","0.66266716","-0.368152946582546","0.42426416","19.66221","20.664896","18.83467","NOT_AVAILABLE","1.8302269","1.0026855","0.82754135","null","null","0.9869869","0","false","false","false","false","false","false","null","null","null","null","null","null","null"
"null","null","310.68115","0","0","0.34018","34","0","295","0","295","95","false","0.64405054","null","null","-5.796877484098975","1.497902e-10","7.401475e-11","0.9999915","0.28285408","-0.57823396","-0.83932227","0.26934722","0.08149871","null","null","false","null","null","-1.3273680371288257","84.10198391803365","null","null","null","false","false","false","false","0","0","0.07137775","178.03583","184.5884102066861","null","null","null","36","0","null","null","23","null","0.23758782","0.4349899","0.23776172","-0.2853685","151.79175470372167","9.050273","16.772064","0","0","35","1.1599745","453.30419117396787","1.1335872","399.8847","293","0","374.02951246077464","9.020924","41.46244","0","0","34","1.7202921","0.1202267","-0.45986763","-0.18538526","1.4008267","0.056766596","-0.66704273","0.34359533","950822841","0.46293283","0.5456097","-0.21768537","-0.15142216","2016","null","null","null","null","null","null","null","null","null","null","null","null","null","null","-18.232553","15.868987","-5.748206","23.773827","0.3446319","0.689464","0.2502931","0.40064266","1636148068921376800","3403771138382651264","null","null","null","null","null","14","Gaia DR3 3403771138382651264","83.63946084304321","21.981783010511613","0.09392913642929801","0.3953449","-0.6313601454378726","0.41585004","-1.6002466107534639","0.26766223","19.046392","19.885422","18.31563","NOT_AVAILABLE","1.5697918","0.8390293","0.7307625","null","null","1.0130243","0","false","false","false","false","false","false","null","null","null","null","null","null","null"
"0.8714","0.8982","333.8943","0.20928943","0.42416507","0.5017108","37","1","311","0","312","95","false","0.52916276","1.1126","1.1464","-5.792136257632912","1.2173763e-9","6.5138644e-11","0.9999976","0.19273828","-0.43381032","-0.8955439","0.6566275","0.03287883","1205.0111","1220.0936","false","0.4831","0.4981","-1.3231579111997984","84.10503583721542","null","null","null","false","false","false","false","0","0","0.027139895","164.37573","184.58626496317086","MARCS","4.7775","4.7983","39","0","-3.5696","-3.3507","24","null","2.856175","0.3673422","0.031293724","-0.20337634","475.4788687565915","12.71296","37.40111","0","0","38","1.4686528","1037.645356739659","1.7477378","593.7077","301","0","1048.4619078330163","18.12179","57.856422","0","0","36","1.7539178","0.156437","-0.74748063","-0.1308075","1.3968729","0.033454843","-0.7417355","0.22013475","885113402","0.34188542","0.6754426","-0.53984505","-0.07792735","2016","null","null","null","null","null","null","null","null","null","null","null","null","null","null","-13.604465","14.563777","-3.0623302","23.73637","0.3570144","0.6860175","0.3241453","0.34160724","1636148068921376800","3403771138382648704","5126.4272","5156.371","null","null","null","15","Gaia DR3 3403771138382648704","83.64254791232962","21.986123504013364","0.5837467310919817","0.20438059","1.2980362911364756","0.31129506","-1.1795463410462852","0.19928312","18.147245","18.645714","17.196514","NOT_AVAILABLE","1.4491997","0.4984684","0.9507313","null","null","1.0192822","0","false","false","false","false","false","true","5139.7163","4.7915","-3.4936","1211.6904","1.1298","0.8851","0.4907"
"null","null","198.97995","0","0","-1.3622285","24","2","209","0","211","95","false","4.2667866","null","null","-5.7812999182926665","2.716514e-10","1.6777414e-10","0.9999957","1.4629482","-0.6495704","-0.9314488","0.7360053","0.059678037","null","null","false","null","null","-1.3469105444439444","84.13115584953857","null","null","null","false","false","false","false","0","0","0.043118935","173.46785","184.6200323656629","null","null","null","24","0","null","null","14","null","1.0305326","0.56864244","-0.2954362","-0.28739914","43.69468064390835","7.9198546","5.5171065","1","0","16","1.503419","106.40704485597432","0.83217597","127.866035","206","0","116.27970126491338","7.322873","15.878973","0","0","19","4.280898","0.056520622","-0.8141206","-0.06890245","1.0230628","0.20384535","-0.7310981","1.5525866","1041979478","0.40884316","0.6645775","-0.55268514","-0.2354477","2016","null","null","null","null","null","null","null","null","null","null","null","null","null","null","-20.998373","13.477427","-9.165825","18.631618","0.34479347","0.73113775","0.36432138","0.3288478","1636148068921376800","3403770794786673152","null","null","null","null","null","11","Gaia DR3 3403770794786673152","83.67180528890825","21.96354167792578","1.6479415449530128","1.5991163","2.912878075134342","2.5496862","-3.1370737204782713","1.4803946","20.619942","21.23747","19.584135","NOT_AVAILABLE","1.6533356","0.6175289","1.0358067","null","null","0.9315572","0","false","false","false","false","false","false","null","null","null","null","null","null","null"
"null","null","334.45477","0","0","0.49885702","36","3","313","0","316","31","false","0.89390767","null","null","-5.777795024246116","2.7278488e-10","2.7001723e-10","0.9999905","0.3925906","-0.5614804","-0.88797355","0.14954355","null","null","null","false","null","null","-1.350314517539109","84.13714966700786","null","null","null","false","false","false","false","0","0","0.032423206","2.4912908","184.62599637418649","null","null","null","38","1","null","null","27","1.417267","-1.3765779","0.4918176","0.18871103","null","127.70031078164538","6.4113646","19.917805","1","0","34","1.2602065","315.5024283810376","0.9986711","315.92224","311","0","269.897903736487","6.290164","42.90793","0","0","36","3.100208","null","-0.30442977","null","null","null","-0.5523454","0.4676962","492785746","0.40587214","0.48617572","-0.39364603","null","2016","null","null","null","null","null","null","null","null","null","null","null","null","null","null","-4.7626615","14.054829","3.2200606","19.975428","0.46068463","0.7263943","0.2869096","0.44080526","1636148068921376800","3403770824849665536","null","null","null","null","null","13","Gaia DR3 3403770824849665536","83.67842098062324","21.960403634085054","-0.669648480540483","0.48645887","-0.4031952502479582","0.59691614","-3.0738777045197136","0.36313298","19.43986","20.073063","18.669897","NOT_AVAILABLE","1.4031658","0.6332035","0.7699623","null","null","1.0190774","0","false","false","false","false","false","false","null","null","null","null","null","null","null"
"0.0402","0.2336","375.38846","0.27524474","0.6890838","1.3780876","38","1","329","0","330","31","false","0.60254925","0.0541","0.3114","-5.772543403993197","5.10293e-13","1.02117865e-13","0.99999326","0.21730936","-0.34648544","-0.92813057","0.57828337","null","685.7128","927.817","false","0.0215","0.1256","-1.3503212371546063","84.14320894801702","null","null","null","false","false","false","false","0","0","0.047956303","179.11148","184.62903088651805","PHOENIX","4.87","5.0073","41","0","-1.5515","-1.2617","29","1.4233859","2.188651","0.33213776","0.08091798","null","357.25764325453775","9.889328","36.125572","0","0","36","1.2586296","952.8359663931374","1.3085874","728.14087","311","0","842.0098928926593","9.058923","92.94813","0","0","35","0.73286283","null","-0.66440207","null","null","null","-0.71933174","0.27672437","1589167352","0.2201812","0.6804852","-0.67796046","null","2016","null","null","null","null","null","null","null","null","null","null","null","null","null","null","-1.5358292","14.389707","4.300886","19.94794","0.40956068","0.7429871","0.32763964","0.41703868","1636148068921376800","3403770824849666432","4113.243","4274.085","null","null","null","15","Gaia DR3 3403770824849666432","83.68494654715039","21.960662172415397","0.4613761262208244","0.21080388","0.7303391545333522","0.3582182","0.06076729513936375","0.21291427","18.239822","18.956089","17.434603","NOT_AVAILABLE","1.5214863","0.71626663","0.80521965","null","null","1.0535749","0","false","false","false","false","true","true","4166.478","4.9352","-1.4223","803.1918","0.144","0.1073","0.0577"
"0.0145","0.1183","1751.8003","1.1355697","37.98035","27.469147","40","0","350","0","350","31","false","0.43499708","0.0175","0.1413","-5.774302939999375","1.090816e-11","6.2691863e-10","0.9999914","0.16968974","-0.44335482","-0.85264957","0.39427078","null","1590.1364","1739.2125","false","0.0079","0.0648","-1.349611948659009","84.14077327005718","null","null","null","false","false","false","false","3","0","0.03599287","31.486132","184.6271950040685","MARCS","4.7313","4.7692","43","0","-1.9684","-1.5828","29","1.54036","1.5598418","0.42670482","0.14094701","null","1211.4710262492886","11.516118","105.19786","0","0","38","1.2709564","2175.550728136389","4.054857","536.5296","347","0","1553.5590814196491","9.263377","167.7098","0","0","38","1.8051275","null","-0.5424799","null","null","null","-0.6048916","0.21884507","416124524","0.295063","0.5021414","-0.30360296","null","2016","null","null","null","null","null","null","null","null","null","null","null","null","null","null","-7.802503","13.521554","-0.6891633","21.377134","0.38656744","0.71172476","0.3041736","0.35916048","1636148068921376800","3403770829148405632","5471.411","5646.317","null","null","null","16","Gaia DR3 3403770829148405632","83.68229007362886","21.9612641891107","0.36945019442327875","0.23685108","-0.9596008993786868","0.27858916","-1.5289380097195213","0.16903234","17.343443","17.63026","16.769575","NOT_AVAILABLE","0.86068535","0.28681755","0.5738678","null","null","2.2097085","0","true","false","false","false","true","true","5527.229","4.7564","-1.8241","1640.421","0.0598","0.0498","0.0273"
"null","null","365.9511","0","0","-0.72527945","45","1","389","0","390","31","false","0.061088763","null","null","-5.764590049331914","5.099141e-13","1.020858e-13","0.99999374","0.024421293","-0.51522696","-0.8530633","0.3073075","null","null","null","false","null","null","-1.3560239516418642","84.15565047419308","13.648082","0.13969003","10","false","false","false","false","0","0","0.034100622","6.4534082","184.6402217545116","null","null","null","48","0","null","null","32","1.4034423","8.691742","0.48624757","0.100190446","null","7891.220620078768","14.875906","530.4699","0","0","43","1.2865596","21434.405549576244","5.3230534","4026.7124","377","0","19685.419488796728","22.814857","862.8333","1","0","40","0.61650896","null","-0.48413697","null","null","null","-0.5448439","0.03095946","1753331068","0.38300982","0.4461344","-0.2566245","null","2016","null","111","null","4.3914356","2","4","13","null","null","-1.5","2","4500","917.07086","11","-6.5499916","12.139554","1.1038071","20.959051","0.44500336","0.6946328","0.3033881","0.3783616","1636148068921376800","3403770068935404928","null","null","null","null","null","17","Gaia DR3 3403770068935404928","83.69861345581566","21.95550868469391","0.30958298811102175","0.03561806","-0.31170453812697474","0.040062048","0.5319056354008986","0.024192823","14.859589","15.595682","14.012534","NOT_AVAILABLE","1.583148","0.7360935","0.8470545","58.793953","4.0805674","0.9730829","0","true","true","false","false","false","true","null","null","null","null","null","null","null"
"0.2956","0.6649","507.64078","0.24680407","1.7555397","3.1305625","45","0","398","0","398","31","false","0.18859805","0.3771","0.8337","-5.763239453271682","9.449433e-13","1.02537445e-13","0.99999774","0.08084291","-0.5691792","-0.816309","0.1434759","null","787.5781","1177.7667","false","0.1615","0.3641","-1.3556005373673499","84.15696492848363","null","null","null","false","false","false","false","0","0","0.08156389","11.053195","184.64050955326226","MARCS","4.7047","4.9029","48","0","-2.6059","-1.2963","32","1.4553218","4.3287544","0.5485557","0.09874691","null","923.1281481509947","10.91935","84.54058","0","0","41","1.2456647","2141.9973283345553","2.4603486","870.60724","362","0","1745.0823613543325","13.443994","129.80386","0","0","38","3.3425848","null","-0.3688036","null","null","null","-0.46387652","0.102551125","1028178450","0.3779548","0.32348683","-0.087583125","null","2016","null","null","null","null","null","null","null","null","null","null","null","null","null","null","-8.382028","11.625439","0.19281839","22.01544","0.44957736","0.6717837","0.28569475","0.37236643","1636148068921376800","3403770073234158336","4779.0234","5245.523","null","null","null","17","Gaia DR3 3403770073234158336","83.70000901548727","21.95598907685137","0.5527943897849042","0.12770288","2.8105002174705738","0.12932241","1.8094094301777417","0.07974002","17.36032","17.925386","16.643356","VARIABLE","1.2820301","0.5650673","0.7169628","null","null","1.1128374","0","true","false","false","true","true","true","4816.5005","4.8849","-2.2911","812.3552","0.4227","0.332","0.1814"
"0.5729","0.6467","411.30243","0.13608575","0.73463804","0.78073037","44","4","378","0","382","31","false","0.17286073","0.7203","0.8102","-5.765525597024828","5.097439e-13","1.02047345e-13","0.99999756","0.07123836","-0.54585177","-0.8482793","0.2745375","null","898.1928","961.0087","false","0.3133","0.3539","-1.352374028888231","84.15247828904067","null","null","null","false","false","false","false","0","0","0.06637016","8.10239","184.63545381936376","MARCS","4.7602","4.7936","47","0","-1.7648","-1.5433","31","1.4593246","1.9650384","0.51425624","0.1032792","null","1212.5481973036924","7.681437","157.85434","0","0","43","1.2460347","2818.0167950718746","1.8282707","1541.3564","376","0","2298.7984860644156","8.564837","268.39954","2","0","41","1.9476138","null","-0.44402254","null","null","null","-0.52098113","0.088174224","255810132","0.36546522","0.4278574","-0.24118467","null","2016","null","null","null","null","null","null","null","null","null","null","null","null","null","null","-9.005183","11.809107","-0.77538425","21.374289","0.4280142","0.6831367","0.2943232","0.36079943","1636148068921376800","3403770068935421312","5129.459","5239.071","null","null","null","17","Gaia DR3 3403770068935421312","83.69502548046165","21.959016588772037","0.20673908454140444","0.10520867","-0.08794257908511469","0.1141317","-1.9456272941385777","0.070329316","17.062508","17.629295","16.344143","NOT_AVAILABLE","1.2851524","0.5667877","0.7183647","null","null","1.0278183","0","true","false","false","false","true","true","5165.9365","4.7762","-1.6511","922.3722","0.7526","0.5991","0.3278"
"null","null","191.51808","4.9705772","3.502255","3.6084163","15","1","131","0","132","3","false","26.968977","null","null","-5.765427398685683","0.000033564666","0.0009927454","0.99776787","8.02881","null","null","null","null","null","null","false","null","null","-1.3499322102033011","84.1511909709117","null","null","null","false","false","false","false","0","0","0.33388144","99.4684","184.63268133442514","null","null","null","15","1","null","null","11","null","null","null","null","null","49.33340580395296","9.1606245","5.385376","0","0","10","1.3715427","80.7363709170315","1.0822414","74.601074","122","0","61.39997376507893","11.03656","5.5633254","0","0","9","null","null","null","null","null","null","-0.9790646","10.722898","260804704","null","null","null","null","2016","null","null","null","null","null","null","null","null","null","null","null","null","null","null","-9.979964","17.84383","-1.723148","19.677319","0.356086","0.8160163","0.44388843","0.3866476","1636148068921376800","3403770073232158080","null","null","null","null","null","7","Gaia DR3 3403770073232158080","83.69352410492309","21.961399832761877","null","null","null","null","null","null","20.919693","21.10569","20.277475","NOT_AVAILABLE","0.82821465","0.18599701","0.64221764","null","null","null","0","false","false","false","false","false","false","null","null","null","null","null","null","null"
"null","null","342.01553","0.5998468","0.23549612","0.4534263","35","0","311","0","311","95","false","2.458284","null","null","-5.765977464272979","4.8371757e-10","5.4185245e-10","0.99999815","0.8084576","-0.6026119","-0.9012081","0.6178255","0.16589189","null","null","false","null","null","-1.3473914135261773","84.14909938345552","null","null","null","false","false","false","false","0","0","0.029417848","124.51131","184.6294205524214","null","null","null","37","0","null","null","24","null","-0.0061889417","0.49354413","-0.11647075","-0.36020628","60.8283558477683","7.845441","7.7533383","0","0","26","1.2207152","158.29916806762338","0.70615476","224.17065","307","0","132.40983954049705","9.307177","14.226639","1","0","24","2.3528683","-0.037862696","-0.7766077","0.013836385","1.2701745","0.12859885","-0.7492949","0.9239092","149628036","0.4875017","0.6444678","-0.5001135","-0.280658","2016","null","null","null","null","null","null","null","null","null","null","null","null","null","null","-6.948355","14.502466","-0.21315525","19.786825","0.41754055","0.7455123","0.29570365","0.42869115","1636148068921376800","3403770829146401408","null","null","null","null","null","12","Gaia DR3 3403770829146401408","83.69115186777773","21.963846792877952","-0.005760443687845784","0.93076396","-2.33947431924804","1.5086952","-0.25069812790328055","0.87241936","20.188671","20.878277","19.443094","NOT_AVAILABLE","1.4351826","0.6896057","0.74557686","null","null","1.0173154","0","false","false","false","false","false","false","null","null","null","null","null","null","null"
"null","null","339.92136","0","0","0.053352844","38","2","329","0","331","31","false","0.7014991","null","null","-5.760878589655744","5.1076325e-13","2.7415273e-10","0.9999978","0.35432813","-0.61313426","-0.8660563","-0.09142089","null","null","null","false","null","null","-1.3497148748622503","84.15631134066359","null","null","null","false","false","false","false","0","0","0.05208247","15.09951","184.63505110986213","null","null","null","41","0","null","null","29","1.4580628","-0.34361836","0.5608165","0.21756133","null","143.53430278322716","11.035634","13.006439","1","0","37","1.1626611","316.1737219232548","0.9082855","348.0995","326","0","224.06857390650111","6.5065637","34.437313","1","0","36","1.7510318","null","-0.09039592","null","null","null","-0.43093997","0.40821233","1096667525","0.45310622","0.33046985","-0.14794044","null","2016","null","null","null","null","null","null","null","null","null","null","null","null","null","null","-3.8763375","12.817862","4.302665","19.750624","0.5448744","0.7083734","0.34003145","0.4434719","1636148068921376800","3403770172014638080","null","null","null","null","null","14","Gaia DR3 3403770172014638080","83.69902806909187","21.96184059467006","-0.17002073604199977","0.49479523","1.3803635453703471","0.500706","-1.0773619264107936","0.31225303","19.437551","19.946154","18.871943","NOT_AVAILABLE","1.0742111","0.50860214","0.565609","null","null","1.0010673","0","false","false","false","false","false","false","null","null","null","null","null","null","null"
"null","null","244.51654","0","0","0.8931491","26","0","224","0","224","95","false","2.6221433","null","null","-5.793140884336453","5.557247e-10","8.147072e-10","0.99999887","1.0484372","-0.5859649","-0.85112774","0.4505542","0.2816812","null","null","false","null","null","-1.341638004808122","84.1144781032003","null","null","null","false","false","false","false","0","0","0.06327079","179.51886","184.60709844771793","null","null","null","27","0","null","null","18","null","-0.3654497","0.4134912","0.10316096","-0.4058883","41.79482771072026","7.1251726","5.8657985","0","0","21","1.2787673","115.6446691126286","0.89729834","128.88095","221","0","106.08780532341908","8.817833","12.031052","0","0","23","1.2300311","0.0023967603","-0.5896141","0.030247096","1.7895569","0.21152082","-0.7177598","1.389427","213973116","0.5662924","0.59692204","-0.46803716","-0.40846008","2016","null","null","null","null","null","null","null","null","null","null","null","null","null","null","-7.754814","11.608848","-1.565073","22.797123","0.48395976","0.6701418","0.21220367","0.37356952","1636148068921376800","3403771069664585984","null","null","null","null","null","11","Gaia DR3 3403771069664585984","83.65359469810163","21.96807685921846","-0.5312158883112252","1.453595","1.2208640797646866","1.5542338","-0.14989123241992527","1.0178123","20.529552","21.285736","19.683731","NOT_AVAILABLE","1.602005","0.7561836","0.8458214","null","null","1.0415273","0","false","false","false","false","false","false","null","null","null","null","null","null","null"
"null","null","331.9007","2.4915798","2.5469756","1.9365853","31","0","271","0","271","95","false","3.3179717","null","null","-5.789718934136089","9.089686e-10","1.4360801e-10","0.9999745","1.1551886","-0.59709215","-0.9045921","0.59979796","0.15306845","null","null","false","null","null","-1.3460271059708078","84.12094144257522","null","null","null","false","false","false","false","0","0","0.03242915","166.79506","184.61415631298266","null","null","null","33","0","null","null","23","null","0.36714315","0.48971108","-0.09384972","-0.35590842","52.16531830868517","5.1660175","10.097782","0","0","29","1.6978356","117.75732126711907","0.7863944","149.74333","267","0","147.76724549981103","7.596578","19.451817","0","0","29","3.178981","0.013083962","-0.74308676","-0.04279913","1.2792662","0.1829428","-0.73663867","1.3860772","926976448","0.5464979","0.64306164","-0.4987797","-0.2681544","2016","null","null","null","null","null","null","null","null","null","null","null","null","null","null","-3.7410965","12.461068","1.6530956","18.527628","0.5215066","0.73318124","0.34161803","0.38846","1636148068921376800","3403770863506155136","null","null","null","null","null","12","Gaia DR3 3403770863506155136","83.66076334933685","21.963976032957483","0.5226940315610877","1.4236791","-2.5021030099186317","1.9997017","-1.960969338968508","1.2114675","20.509897","21.045088","19.32395","NOT_AVAILABLE","1.721138","0.5351906","1.1859474","null","null","1.083996","0","false","false","false","false","false","false","null","null","null","null","null","null","null"
"null","null","205.18118","0","0","1.3564893","21","0","184","0","184","3","false","4.6785154","null","null","-5.790421002613079","0.00001908566","0.00015232498","0.9988943","1.5920826","null","null","null","null","null","null","false","null","null","-1.3439212032490255","84.11892396880127","null","null","null","false","false","false","false","0","0","0.07870083","176.46967","184.6113116261137","null","null","null","21","0","null","null","12","null","null","null","null","null","40.44251169694799","7.8830595","5.1303067","0","0","15","1.3078278","97.42826734226432","0.8912486","109.316605","183","0","86.97688908010524","9.081303","9.577579","0","0","21","null","null","null","null","null","null","-0.82345825","1.893496","606527918","null","null","null","null","2016","null","null","null","null","null","null","null","null","null","null","null","null","null","null","-5.4507146","17.763914","0.26520905","22.898924","0.412044","0.7512144","0.3250631","0.41264868","1636148068921376800","3403770863506154880","null","null","null","null","null","12","Gaia DR3 3403770863506154880","83.65849089367917","21.965991277584692","null","null","null","null","null","null","20.715654","21.321447","19.899385","NOT_AVAILABLE","1.4220619","0.605793","0.8162689","null","null","null","0","false","false","false","false","false","false","null","null","null","null","null","null","null"
"null","null","337.81613","0","0","0.6332295","36","2","315","6","317","95","false","1.0453762","null","null","-5.7901959812214105","6.52304e-11","6.271791e-11","0.99999666","0.461364","-0.5744842","-0.8634402","0.16823539","0.12797967","null","null","false","null","null","-1.3408929973140606","84.11744644463467","null","null","null","false","false","false","false","0","0","0.07717154","4.181427","184.60793264879482","null","null","null","38","0","null","null","27","null","-1.9298921","0.44725153","0.24760127","-0.31881854","88.4312175928483","8.235858","10.737341","1","0","33","1.2817641","251.11400568560126","0.923962","271.77957","314","0","233.4377047147931","9.632682","24.233927","1","0","32","2.0660467","0.06823821","-0.3842756","-0.21955325","1.4826089","0.08363841","-0.61147654","0.54631996","1633061006","0.4425445","0.49940455","-0.26610106","-0.1419826","2016","null","null","null","null","null","null","null","null","null","null","null","null","null","null","null","null","null","null","null","null","null","null","1636148068921376800","3403770863504742784","null","null","null","null","null","13","Gaia DR3 3403770863504742784","83.65675615182937","21.968951631409777","-1.1854781641310626","0.61427176","-0.16555110418001323","0.6971249","-2.0594031613960135","0.4300002","19.687689","20.472029","18.827469","NOT_AVAILABLE","1.6445599","0.7843399","0.86021996","null","null","1.0244924","0","false","false","false","false","false","false","null","null","null","null","null","null","null"
"null","null","225.90475","1.2394397","0.45255184","1.1295702","25","3","208","0","211","3","false","4.1253524","null","null","-5.788414621846952","0.000042941145","0.000049085003","0.9990001","1.3226465","null","null","null","null","null","null","false","null","null","-1.3464939763453285","84.12271319574417","null","null","null","false","false","false","false","0","0","0.0610389","10.8946","184.61544902947466","null","null","null","25","0","null","null","16","null","null","null","null","null","51.17016061359667","7.2202106","7.0870733","0","0","15","1.3964072","106.76630617515175","0.8107909","131.68167","208","0","97.91908872358297","11.201611","8.741519","0","0","21","null","null","null","null","null","null","-0.7924335","1.6683186","259446147","null","null","null","null","2016","null","null","null","null","null","null","null","null","null","null","null","null","null","null","-8.697508","14.438399","-3.716824","19.2306","0.33307374","0.77385","0.22661707","0.45107165","1636148068921376800","3403770863506154624","null","null","null","null","null","10","Gaia DR3 3403770863506154624","83.6626935010034","21.963587417561524","null","null","null","null","null","null","20.616282","21.066","19.770727","NOT_AVAILABLE","1.2952728","0.44971848","0.84555435","null","null","null","0","false","false","false","false","false","false","null","null","null","null","null","null","null"
"0.2229","0.4812","345.96817","0.13540661","0.25794187","0.49782726","38","4","324","0","328","31","false","0.3209376","0.2973","0.6333","-5.785894300400623","5.1065516e-13","1.0214948e-13","0.9999886","0.12358867","-0.48082426","-0.85113084","0.38608286","null","698.5761","894.5048","false","0.12","0.2592","-1.3467404971633075","84.12576069436587","null","null","null","false","false","false","false","0","0","0.06870748","178.4206","184.61718730233397","PHOENIX","4.8364","4.9416","41","0","-1.5703","-1.2377","27","1.4060518","3.819695","0.4464556","0.09098995","null","495.52260326937625","7.0931487","69.85933","3","0","38","1.2844853","1280.9744695645268","1.4368701","891.5033","324","0","1149.8703801660877","9.588624","119.92027","1","0","37","2.470042","null","-0.5381911","null","null","null","-0.58643514","0.16015811","1034804304","0.38964698","0.5092873","-0.35758492","null","2016","null","null","null","null","null","null","null","null","null","null","null","null","null","null","-6.862432","12.845555","0.9629349","22.870455","0.40307406","0.68034035","0.24908538","0.37463623","1636148068921376800","3403770859209408128","4270.3022","4505.2456","null","null","null","16","Gaia DR3 3403770859209408128","83.66598708534671","21.96347490670682","0.6625105947114275","0.17344594","-0.31648963748911696","0.20429501","-2.4496819383143733","0.1249883","17.918516","18.600883","17.096273","NOT_AVAILABLE","1.5046101","0.6823673","0.82224274","null","null","1.0187222","0","false","false","false","false","true","true","4335.8096","4.8959","-1.4139","773.5749","0.3975","0.2992","0.1612"
"0.3546","0.4355","342.8432","0","0","-0.19908983","39","1","339","0","340","31","false","0.22039141","0.4669","0.5718","-5.783680411219983","5.100978e-13","1.02117974e-13","0.9999905","0.08448595","-0.4935586","-0.85680753","0.3859471","null","672.4246","721.9917","false","0.1909","0.2345","-1.3453932996029856","84.12754071183176","null","null","null","false","false","false","false","0","0","0.048319034","2.4044847","184.61690239123934","PHOENIX","4.8057","4.8432","42","0","-1.346","-1.2083","28","1.4179684","4.2644305","0.45704228","0.091664515","null","884.8844305628908","10.694462","82.74231","1","0","39","1.2637335","2290.7976981227703","1.9457847","1177.313","337","0","2010.073422030877","8.247413","243.7217","0","0","37","1.7233677","null","-0.5348299","null","null","null","-0.59144455","0.10977898","1421829944","0.39675027","0.5170845","-0.35903385","null","2016","null","null","null","null","null","null","null","null","null","null","null","null","null","null","-7.3126173","11.80211","-0.5567394","21.927326","0.41580802","0.6815053","0.2547422","0.35186228","1636148068921376800","3403770859209408000","4450.4277","4526.909","null","null","null","16","Gaia DR3 3403770859209408000","83.6678402768341","21.964898909642027","0.5123438314545141","0.12014355","1.540612089542253","0.14051148","-0.7723410906874348","0.08545158","17.2874","17.971325","16.489866","NOT_AVAILABLE","1.4814587","0.6839256","0.79753304","null","null","0.9913116","0","true","false","false","false","true","true","4492.213","4.8244","-1.2748","698.5983","0.5215","0.3968","0.2135"
"null","null","304.165","0","0","0.5105593","33","1","285","0","286","31","false","0.68407923","null","null","-5.779026907771942","3.3790967e-10","1.3328325e-10","0.9999971","0.30100644","-0.54216796","-0.8791233","0.1578441","null","null","null","false","null","null","-1.3449713255534987","84.13266446166351","null","null","null","false","false","false","false","0","0","0.05733259","3.7720244","184.61909558991513","null","null","null","36","0","null","null","25","1.4325484","0.59947914","0.48319054","0.17057611","null","179.14990756828738","9.009752","19.883999","1","0","32","1.2334342","449.0208475667053","0.9812605","457.59598","277","0","374.6877770994882","8.030412","46.6586","0","0","31","1.2010841","null","-0.30001566","null","null","null","-0.53796995","0.3606726","1747343878","0.40873748","0.47289744","-0.3803093","null","2016","null","null","null","null","null","null","null","null","null","null","null","null","null","null","-3.9818532","13.753776","3.439041","21.136961","0.5523989","0.699274","0.35407808","0.40742034","1636148068921376800","3403770893569147264","null","null","null","null","null","13","Gaia DR3 3403770893569147264","83.67333826777963","21.965545167405807","0.22575192474765587","0.37658012","1.0681163840433383","0.45828676","-0.5493001197363204","0.27596375","19.0567","19.705502","18.313723","NOT_AVAILABLE","1.391779","0.6488018","0.74297714","null","null","1.0204537","0","false","false","false","false","false","false","null","null","null","null","null","null","null"
"null","null","386.54932","1.3172624","3.1380186","3.2693496","33","1","291","0","292","95","false","1.0692625","null","null","-5.777057395460072","2.7790653e-10","1.4376583e-10","0.99999475","0.46751362","-0.489269","-0.86727184","0.18704148","0.09131977","null","null","false","null","null","-1.3435798094072116","84.13413727503318","null","null","null","false","false","false","false","1","0","0.08325289","3.0819373","184.61861848304858","null","null","null","35","0","null","null","25","null","0.36396635","0.37204322","0.22134918","-0.3603934","120.33342626835469","8.488048","14.176808","1","0","31","1.2439436","309.2453237571417","0.9407745","328.71356","290","0","264.3502998844212","8.555216","30.899315","1","0","32","0.24956103","0.112581976","-0.3519601","-0.15097335","1.4141237","0.08723434","-0.60318726","0.5931812","42986628","0.37679473","0.49353823","-0.36244845","-0.13625939","2016","null","null","null","null","null","null","null","null","null","null","null","null","null","null","-2.888607","14.619254","3.533766","19.419426","0.49609622","0.7440998","0.3539443","0.42901364","1636148068921376800","3403770893569148928","null","null","null","null","null","13","Gaia DR3 3403770893569148928","83.67485862710495","21.966999896738233","0.22076677705390846","0.6065582","-0.20511625086920082","0.70476645","-0.1421549602291661","0.42263854","19.461609","20.137577","18.692446","NOT_AVAILABLE","1.4451313","0.67596817","0.76916313","null","null","1.1387957","0","false","false","false","false","false","false","null","null","null","null","null","null","null"
"0.2377","0.5678","312.5573","0","2.2261601e-15","-1.0276157","38","2","331","0","333","31","false","0.2237095","0.3008","0.7084","-5.777358059368668","5.0977994e-13","1.0204315e-13","0.99999815","0.08796488","-0.42779022","-0.86696005","0.44199172","null","829.473","1270.0208","false","0.1294","0.3081","-1.3368494840505973","84.1299300829091","null","null","null","false","false","false","false","0","0","0.06562087","1.1755939","184.61064719080258","MARCS","4.675","4.887","42","0","-2.07","-0.8813","28","1.4716163","1.4264374","0.41756397","0.11972391","null","1043.708387951864","10.575522","98.690956","1","0","37","1.2208205","2407.8968747199733","1.8617951","1293.3201","332","0","1895.9016425283949","12.696046","149.3301","0","0","39","0.6925413","null","-0.56710786","null","null","null","-0.66690856","0.11396535","139516724","0.26802918","0.57359093","-0.41576394","null","2016","null","null","null","null","null","null","null","null","null","null","null","null","null","null","-8.225518","14.702223","-0.18430655","22.385704","0.35349047","0.71372443","0.28275546","0.38458577","1636148068921376800","3403770897867881984","4831.5747","5270.1787","null","null","null","16","Gaia DR3 3403770897867881984","83.67000932926912","21.97353930495355","0.1596615333323419","0.11193028","-0.3134214121456521","0.13830158","-0.6175600992198125","0.08582738","17.233273","17.792095","16.553356","NOT_AVAILABLE","1.238739","0.55882263","0.6799164","null","null","0.9590181","0","true","false","false","false","true","true","4916.6733","4.8418","-1.805","901.8952","0.3927","0.3115","0.1697"
"null","null","295.6226","1.3851625","0.6875914","1.0169371","28","3","245","0","248","95","false","3.7008562","null","null","-5.777081874610443","5.986873e-11","5.682264e-11","0.9999991","1.252425","-0.50702196","-0.8949943","0.5294659","0.06839391","null","null","false","null","null","-1.3357932863177056","84.12964270049771","null","null","null","false","false","false","false","0","0","0.07157932","170.62428","184.60958262392003","null","null","null","30","0","null","null","20","null","-0.24714984","0.37035644","0.16500187","-0.2776591","37.663266364359124","9.284879","4.056409","0","0","9","1.5907589","114.62761254749425","0.78388387","146.23035","243","1","144.68162512865658","8.919415","16.220976","0","0","19","11.598786","0.11776407","-0.702063","-0.10770454","1.037499","0.18836461","-0.81417423","1.6161232","895490457","0.48171014","0.68871874","-0.4063913","-0.16380562","2016","null","null","null","null","null","null","null","null","null","null","null","null","null","null","-0.20244645","15.81403","3.7327425","19.284637","0.40550488","0.7880968","0.2691959","0.46909904","1636148068921376800","3403770897865881088","null","null","null","null","null","11","Gaia DR3 3403770897865881088","83.6696498515908","21.974581881860345","-0.38439544866526304","1.5553133","4.812525505098662","2.3159761","-10.553266850020457","1.313311","20.539145","21.398746","19.346863","NOT_AVAILABLE","2.0518837","0.859602","1.1922817","null","null","1.0454565","0","false","false","false","false","false","false","null","null","null","null","null","null","null"
"0.6276","0.6945","780.56647","0.29579732","10.742045","11.981824","39","0","339","0","339","31","false","0.14395195","0.7677","0.847","-5.773972366140427","1.8634194e-10","1.02052054e-13","0.99999744","0.055634897","-0.4778751","-0.85474074","0.35937172","null","769.7461","823.7046","false","0.3459","0.3827","-1.337164879742228","84.13401493158032","null","null","null","false","false","false","false","0","0","0.06151712","4.9645157","184.61296404660712","MARCS","4.6039","4.6486","42","0","-1.8785","-1.6756","28","1.4860379","9.836243","0.45410258","0.1607191","null","4371.244275349166","78.92683","55.383503","17","0","39","1.3551679","8353.267785837847","5.469215","1527.3248","336","0","6948.835569591254","49.90469","139.24214","17","0","39","2.3972547","null","-0.5101335","null","null","null","-0.592915","0.0746064","963831610","0.4575522","0.51100945","-0.24535093","null","2016","null","null","null","null","null","null","null","null","null","null","null","null","null","null","-5.7693133","11.769264","1.1327164","21.975903","0.46740115","0.6777952","0.30382273","0.34944868","1636148068921376800","3403770897867880576","5622.765","5744.6147","null","null","null","16","Gaia DR3 3403770897867880576","83.67442363592696","21.973403298144927","0.8458212332127794","0.08599027","-1.385877109789828","0.093737274","-1.9560608929134662","0.056012817","15.882726","16.23703","15.143115","NOT_AVAILABLE","1.093915","0.3543043","0.7396107","null","null","1.4966091","0","true","false","false","false","true","true","5690.3237","4.6239","-1.7802","796.8257","0.8123","0.6652","0.3666"
"null","null","380.71533","0.10298062","0.51808816","1.1285856","39","2","338","0","340","95","false","0.17539605","null","null","-5.773787529773378","null","null","null","0.06745525","-0.4920991","-0.8398917","0.3866585","0.07309422","null","null","false","null","null","-1.3365560468298463","84.13387883169553","null","null","null","false","false","false","false","0","0","0.07408534","0.32974014","184.61236516760854","null","null","null","42","0","null","null","28","null","3.6944366","0.41208562","0.118246466","-0.22546437","null","null","null","null","null","0","null","3616.5977656461155","2.9955258","1207.3331","337","2","null","null","null","null","null","0","0.87781674","0.14242192","-0.55058116","-0.1084467","1.5501051","0.014034003","-0.60044754","0.08734451","1421746301","0.41213506","0.50178087","-0.33264327","-0.09771759","2016","null","null","null","null","null","null","null","null","null","null","null","null","null","null","-6.18792","12.11148","0.5726777","22.197897","0.46702155","0.68059313","0.30583578","0.35035613","1636148068921376800","3403770897867880320","null","null","null","null","null","16","Gaia DR3 3403770897867880320","83.67424827443372","21.974005580920263","0.3638381358532282","0.09848271","0.8503688367817988","0.11195825","-0.2177959346252045","0.06813033","16.791616","null","null","NOT_AVAILABLE","null","null","null","null","null","1.0430974","0","false","false","false","false","false","false","null","null","null","null","null","null","null"
"null","null","388.1363","1.6421926","5.5721316","1.3907263","36","2","309","0","311","95","false","1.2610971","null","null","-5.7889852095049195","5.1790446e-13","3.0861498e-12","0.9999902","0.59911174","-0.6565616","-0.8749661","-0.0096955495","0.11277477","null","null","false","null","null","-1.3298014737181485","84.11248025410984","null","null","null","false","false","false","false","0","0","0.038706418","165.01183","184.59577910418275","null","null","null","37","1","null","null","26","null","4.1014743","0.5369712","0.35801628","-0.27285463","43.71745134788434","6.9315524","6.3070216","0","0","21","1.5448154","233.11013330267642","0.9234718","252.428","303","0","316.3946695997522","11.031759","28.680346","0","0","32","4.057009","0.068684146","-0.18086709","-0.12734455","1.1335051","0.10639225","-0.5530722","0.67096895","419031917","0.41729975","0.4581701","-0.25100163","-0.16819537","2016","null","null","null","null","null","null","null","null","null","null","null","null","null","null","-9.756411","13.954743","0.19971034","20.224947","0.42280388","0.72490484","0.29451635","0.45312744","1636148068921376800","3403771065368821888","null","null","null","null","null","13","Gaia DR3 3403771065368821888","83.65088152103932","21.97981406768146","3.5459935419720834","0.8645656","-0.5528055386677889","0.87980866","4.019170362212876","0.5407477","19.768463","21.236906","18.497322","NOT_AVAILABLE","2.739584","1.4684429","1.271141","null","null","1.0559026","0","false","false","false","false","false","false","null","null","null","null","null","null","null"
"0.4205","0.6131","406.06308","0.22005658","1.2215427","1.2979196","41","0","359","0","359","31","false","0.24879625","0.5431","0.7842","-5.783023867520935","5.1013794e-13","1.02081924e-13","0.99999416","0.09735375","-0.49514097","-0.8611482","0.3918576","null","794.4832","973.9745","false","0.2282","0.3326","-1.334052965380896","84.12179288777871","null","null","null","false","false","false","false","0","0","0.071531184","177.2586","184.60414131423028","PHOENIX","4.7762","4.871","44","0","-1.8087","-1.4244","29","1.4373536","2.0810118","0.45454082","0.12826942","null","796.5231688858697","10.987414","72.49414","3","0","41","1.2725446","1939.2037926381636","1.5257357","1270.9958","357","0","1671.200184797191","12.800918","130.55316","2","0","38","4.597479","null","-0.53997827","null","null","null","-0.61543715","0.12154882","600465096","0.34931308","0.5296995","-0.33393326","null","2016","null","null","null","null","null","null","null","null","null","null","null","null","null","null","-9.635808","12.886041","-1.5549632","22.16173","0.40175763","0.6879913","0.2820498","0.35902023","1636148068921376800","3403771104026003968","4721.626","4942.724","null","null","null","16","Gaia DR3 3403771104026003968","83.66111310001922","21.975976008008622","0.27778327976089234","0.13348472","2.8856047906661004","0.15856446","-3.5791194422707724","0.09735288","17.468307","18.085546","16.690325","NOT_AVAILABLE","1.3952217","0.617239","0.7779827","null","null","1.0482166","0","true","false","false","false","true","true","4764.336","4.8455","-1.7029","832.3349","0.5899","0.4577","0.2485"
"null","null","333.05157","0.33818945","0.15858983","0.6905789","35","0","304","0","304","95","false","1.0231798","null","null","-5.786681886803852","1.715444e-10","3.098397e-10","0.99999255","0.5179156","-0.659267","-0.8865082","-0.014862547","0.14066747","null","null","false","null","null","-1.3252541888464915","84.11252769184372","null","null","null","false","false","false","false","0","0","0.06590745","174.95078","184.59183794740127","null","null","null","36","0","null","null","26","null","0.25533807","0.541679","0.38541406","-0.29959884","99.79754634508846","8.736242","11.423395","0","0","33","1.1359638","251.68940519291613","0.84337777","298.4302","300","0","186.11250685023066","11.422497","16.293505","0","0","35","2.6832662","0.038609322","-0.17455854","-0.20063047","1.3218632","0.089654155","-0.57210404","0.57984376","173400290","0.48400477","0.48347315","-0.1961494","-0.168559","2016","null","null","null","null","null","null","null","null","null","null","null","null","null","null","-6.4557595","12.882001","2.3679547","18.997206","0.46946412","0.7265355","0.30538452","0.4487273","1636148068921376800","3403771104022907264","null","null","null","null","null","12","Gaia DR3 3403771104022907264","83.65071684315897","21.984359035198086","0.19520520342575828","0.7644971","0.9681221601699188","0.7120864","-2.502529968340633","0.46470514","19.685205","20.340742","19.073456","NOT_AVAILABLE","1.2672863","0.65553665","0.61174965","null","null","1.0272913","0","false","false","false","false","false","false","null","null","null","null","null","null","null"
"0.7548","0.838","593.2632","0.24927013","7.6184115","7.399816","40","1","344","0","345","31","false","0.13278598","0.947","1.0476","-5.785668417223261","5.221789e-13","1.0210128e-13","0.9999922","0.055197623","-0.52110845","-0.8708126","0.29636827","null","658.0794","751.2862","false","0.4099","0.4542","-1.3250453435484033","84.11357650268191","null","null","null","false","false","false","false","0","0","0.07692247","176.71259","184.5921801488793","MARCS","4.5812","4.6556","42","0","-0.7307","-0.5214","28","1.4552972","8.208501","0.50063014","0.25141367","null","3688.8167752532772","13.028333","283.13806","0","0","39","1.2601895","8592.741438293997","3.6676502","2342.8464","341","0","7139.666449131523","18.23735","391.48596","1","0","39","4.9764705","null","-0.43721423","null","null","null","-0.5774872","0.0677657","116718859","0.22832805","0.48467547","-0.31466115","null","2016","null","null","null","null","null","null","null","null","null","null","null","null","null","null","-11.483177","13.151721","-1.9458152","20.696861","0.37231183","0.71664053","0.3367528","0.36096168","1636148068921376800","3403771104026003840","5331.809","5480.601","null","null","null","15","Gaia DR3 3403771104026003840","83.65183659166755","21.98461381112692","0.6975346139508151","0.0849771","0.7520098108539008","0.08643492","-4.919323081269249","0.054283984","15.852037","16.421324","15.113701","NOT_AVAILABLE","1.3076229","0.56928635","0.73833656","null","null","1.296179","0","true","false","false","false","true","true","5411.146","4.6187","-0.6155","704.7117","0.9992","0.798","0.4328"
"null","null","282.20587","0","0","-0.8160503","34","1","297","0","298","95","false","1.002988","null","null","-5.785335052677421","7.352386e-8","2.0046944e-7","0.99999475","0.4882465","-0.58363026","-0.89322567","0.078602664","0.11451219","null","null","false","null","null","-1.3241652820137777","84.11345606174517","null","null","null","false","false","false","false","0","0","0.0691267","178.85786","184.59135260212682","null","null","null","35","0","null","null","26","null","1.1920277","0.48012543","0.399897","-0.3435645","284.3644688333522","64.58543","4.4029202","0","0","5","2.1721587","289.5306753845046","1.2391851","233.64603","294","0","344.54214425713684","28.014935","12.298517","0","0","5","2.2363281","0.06311819","-0.25094196","-0.26496473","1.4499526","0.083094746","-0.60542715","0.57092047","82270228","0.33497614","0.5180798","-0.306764","-0.0993723","2016","null","null","null","null","null","null","null","null","null","null","null","null","null","null","-4.5617433","14.108642","2.9769588","18.307718","0.45322067","0.7629944","0.34137833","0.46312523","1636148068921376800","3403771104022906752","null","null","null","null","null","12","Gaia DR3 3403771104022906752","83.65166511201605","21.985487723260853","0.8243339615888396","0.6915393","0.9479929164227827","0.67037946","-2.02545624116463","0.4348013","19.53313","19.203854","18.404789","NOT_AVAILABLE","0.79906464","-0.32927704","1.1283417","null","null","0.9652328","0","false","false","false","false","false","false","null","null","null","null","null","null","null"
"null","null","304.0137","0.3113805","0.085227445","0.38172954","34","2","288","0","290","95","false","2.147089","null","null","-5.781994901078584","2.5392826e-8","0.00006026291","0.99992764","0.88755196","-0.41102967","-0.9472754","0.6218744","0.07885092","null","null","false","null","null","-1.3248323355874052","84.11769017226757","null","null","null","false","false","false","false","0","0","0.15584123","99.133255","184.59405082271724","null","null","null","35","0","null","null","24","null","0.14561386","0.3315154","0.2526978","-0.37105596","85.78629460160255","8.886938","9.653076","0","0","25","1.9688516","182.02185139625462","3.5378838","51.44936","285","0","272.587710298843","14.39213","18.940054","0","0","30","1.3135877","0.02600485","-0.6830299","-0.17740981","1.4913269","0.11142961","-0.8335055","1.0768921","547065703","0.18115266","0.8183229","-0.717948","-0.053921167","2016","null","null","null","null","null","null","null","null","null","null","null","null","null","null","-16.132778","14.187151","-4.6816354","19.605043","0.37602866","0.7363798","0.3523336","0.37923136","1636148068921376800","3403771104022905088","null","null","null","null","null","13","Gaia DR3 3403771104022905088","83.65625727271906","21.985007477750727","0.13078427405171142","0.89815813","1.2107629626419822","1.1227344","-0.5094758239809705","0.82633775","20.037058","20.504997","18.65913","NOT_AVAILABLE","1.8458672","0.46793938","1.3779278","null","null","1.0149286","0","false","false","false","false","false","false","null","null","null","null","null","null","null"
"1.1085","1.1327","354.23068","0","0","-0.03226124","40","1","346","0","347","31","false","0.08912763","1.3043","1.3315","-5.78218724994703","5.231652e-13","1.02164405e-13","0.9999991","0.03711685","-0.5343948","-0.87831324","0.29836422","null","1995.9359","2476.4963","false","0.5982","0.6115","-1.3231231792964142","84.11648794245723","null","null","null","false","false","false","false","0","0","0.10485659","179.54314","184.5919596057947","PHOENIX","4.0171","4.179","42","0","-0.1961","-0.1548","28","1.5091598","6.9629393","0.50522006","0.25612932","null","5988.841058750195","24.901941","240.49695","1","0","41","1.2239892","12310.508977329477","12.473518","986.9316","344","0","9079.090265973555","28.287876","320.9534","1","0","40","1.4455614","null","-0.4402828","null","null","null","-0.5896222","0.044908535","517009800","0.23108113","0.5019221","-0.33374026","null","2016","null","null","null","null","null","null","null","null","null","null","null","null","null","null","-13.306699","13.3741255","-2.742105","20.985386","0.36808804","0.71433544","0.33914217","0.3617638","1636148068921376800","3403771104026002432","7062.2446","7134.7974","null","null","null","15","Gaia DR3 3403771104026002432","83.65488131333896","21.986662135655138","0.3922995181657999","0.056341078","1.3566485937736328","0.057854794","-0.4991518214189038","0.03625144","15.461677","15.895185","14.85279","VARIABLE","1.0423956","0.43350887","0.6088867","null","null","0.99778795","0","true","false","false","true","true","true","7097.411","4.1014","-0.1753","2207.6392","1.3177","1.1203","0.6047"
"null","null","319.24335","0.366543","0.07152924","0.3499526","34","0","298","0","298","95","false","2.0973802","null","null","-5.776143257798911","2.2144733e-10","6.525365e-10","0.99999654","0.72526497","-0.52086544","-0.80396384","0.35108256","0.091029584","null","null","false","null","null","-1.3341438910389203","84.12977888253899","null","null","null","false","false","false","false","0","0","0.09717416","2.9617398","184.60821256765368","null","null","null","35","0","null","null","22","null","0.84630513","0.370621","0.103910744","-0.37267745","55.94105640283286","6.4660854","8.651457","0","0","25","1.269959","133.9422569561569","0.7909933","169.33426","297","0","114.16011986940934","6.163263","18.522676","0","0","31","1.9401358","0.14465344","-0.63573116","-0.17649636","1.3501825","0.14979015","-0.6509199","0.96266687","331902304","0.3877629","0.43284124","-0.22543399","-0.21498318","2016","null","null","null","null","null","null","null","null","null","null","null","null","null","null","-6.1857414","15.175342","-0.73437774","21.141733","0.3995394","0.74894065","0.2699797","0.40926042","1636148068921376800","3403770897865879680","null","null","null","null","null","13","Gaia DR3 3403770897865879680","83.66971849247312","21.97623566191476","0.8879723857818306","1.0492344","-0.8165899077529868","1.3731526","-1.7599170635764012","0.772573","20.370073","20.969215","19.604109","NOT_AVAILABLE","1.3651066","0.5991421","0.7659645","null","null","1.0133692","0","false","false","false","false","false","false","null","null","null","null","null","null","null"
"null","null","326.41476","1.9444412","1.4112935","1.8987243","31","1","267","0","268","95","false","2.4763207","null","null","-5.765408982234323","1.1331578e-10","9.666587e-11","0.99999964","0.8629942","-0.52368","-0.81047285","0.30113283","0.1258699","null","null","false","null","null","-1.3420905797359157","84.14671442065325","null","null","null","false","false","false","false","0","0","0.106492355","4.1285677","184.62360662775998","null","null","null","31","1","null","null","20","null","-0.47460467","0.38488826","0.072695896","-0.39439458","34.96256037677938","4.571178","7.6484795","0","0","19","1.246368","121.63868117953855","0.76853806","158.27281","264","1","116.64400911964763","8.8164425","13.230281","0","0","28","2.4941025","0.03123275","-0.5885136","-0.025802432","1.4381163","0.18277419","-0.58021575","1.1878555","1471595658","0.512823","0.38397244","-0.17798221","-0.2629406","2016","null","null","null","null","null","null","null","null","null","null","null","null","null","null","-0.8953863","12.953676","5.6781864","20.358564","0.4981415","0.72048926","0.23924248","0.4119504","1636148068921376800","3403770932225612032","null","null","null","null","null","13","Gaia DR3 3403770932225612032","83.68833341313635","21.969038283567226","-0.6432362951496349","1.3553097","0.872821767352723","1.6501657","2.336392450177471","0.9044018","20.474688","21.479534","19.58074","NOT_AVAILABLE","1.8987942","1.0048466","0.8939476","null","null","1.0829338","0","false","false","false","false","false","false","null","null","null","null","null","null","null"
"null","null","369.866","0","0","0.28877228","41","4","353","0","357","31","false","0.1119054","null","null","-5.772158384707387","5.0978834e-13","1.02060084e-13","0.99999624","0.042983145","-0.49101475","-0.86677945","0.4005884","null","null","null","false","null","null","-1.3407198641039997","84.13814570616407","null","null","null","false","false","false","false","0","0","0.05373818","179.83897","184.6181284660669","null","null","null","44","0","null","null","29","1.4572815","7.941324","0.4568942","0.09474227","null","3452.4522392352","11.175275","308.93668","2","0","42","1.2526126","7988.313100194183","3.0520153","2617.3896","351","0","6553.809288662847","11.5986395","565.0498","0","0","41","3.5883558","null","-0.54473245","null","null","null","-0.59544015","0.05323484","1359340004","0.3483687","0.51952624","-0.36633638","null","2016","null","null","null","null","null","null","null","null","null","null","null","null","null","null","-9.511485","12.430989","-1.4128774","22.16863","0.40157914","0.6806716","0.2757603","0.35160077","1636148068921376800","3403770824849675520","null","null","null","null","null","16","Gaia DR3 3403770824849675520","83.67904042643427","21.970032699106806","0.45912302047320025","0.057814416","1.2407196295215677","0.07143614","-3.3670331286342137","0.04323821","15.93123","16.493223","15.206661","NOT_AVAILABLE","1.286562","0.5619936","0.72456837","null","null","1.0100046","0","true","false","false","false","false","true","null","null","null","null","null","null","null"
"1.1624","1.1745","493.1357","0.12776043","2.7408466","3.6073327","43","1","372","0","373","31","false","0.07972017","1.3955","1.4095","-5.76594433244598","5.09775e-13","1.0205361e-13","0.99999696","0.034186654","-0.55996734","-0.81959194","0.16484009","null","1166.3636","1238.5557","false","0.6368","0.6433","-1.3402438470989209","84.14503786416886","null","null","null","false","false","false","false","0","0","0.052655466","2.3245368","184.62115844219974","A","4.3336","4.3876","46","0","-0.8391","-0.7975","30","1.4809967","13.432809","0.5296952","0.12006541","null","5167.923618167118","9.691478","533.24414","0","0","37","1.2421796","11347.456324788787","3.8398259","2955.2007","355","0","8927.654904645025","13.218568","675.38745","0","0","39","2.9855695","null","-0.3567737","null","null","null","-0.47319338","0.043865696","106312149","0.41943046","0.3617245","-0.11265089","null","2016","null","null","null","null","null","null","null","null","null","null","null","null","null","null","-10.16659","11.233061","-1.8638573","21.996563","0.42696887","0.66717994","0.27358824","0.349205","1636148068921376800","3403770927928892672","6576.9585","6601.379","null","null","null","17","Gaia DR3 3403770927928892672","83.68644067887656","21.970809921011206","0.728148776471788","0.05420674","2.696812686011914","0.05450617","-1.2809472281449623","0.03382165","15.55012","16.055252","14.871052","NOT_AVAILABLE","1.1842003","0.5051317","0.67906857","null","null","1.135114","0","true","false","false","false","true","true","6592.796","4.3562","-0.8152","1209.7522","1.4044","1.1702","0.6409"
"null","null","353.3069","0","0","0.8331338","36","0","318","0","318","95","false","1.4208735","null","null","-5.766548007179479","1.755786e-10","1.938865e-10","0.99999964","0.64231837","-0.65739864","-0.7715609","0.0048522605","0.15905142","null","null","false","null","null","-1.3366413697966748","84.14227542647055","null","null","null","false","false","false","false","0","0","0.08567863","177.92847","184.6166366380886","null","null","null","38","0","null","null","25","null","1.2664138","0.55677724","0.12534334","-0.33414048","48.040285059016306","7.912076","6.0717673","1","0","25","1.3176538","128.27881291023277","0.7124165","180.06152","314","0","120.98678259907886","7.4008384","16.347713","0","0","31","0.872146","0.05069282","-0.30277544","-0.05575051","1.4067416","0.14728945","-0.5312592","0.85148436","1701212182","0.4432846","0.26700962","0.102837205","-0.2981253","2016","null","null","null","null","null","null","null","null","null","null","null","null","null","null","-6.6913805","14.317623","-0.4889665","20.635986","0.4262986","0.734271","0.27977622","0.4090846","1636148068921376800","3403770927928893440","null","null","null","null","null","14","Gaia DR3 3403770927928893440","83.68329552081073","21.97428807848592","1.3864168949723543","1.0947582","-0.12021487759982247","1.0009522","0.8638211793958797","0.6085528","20.416979","21.13453","19.54105","NOT_AVAILABLE","1.5934792","0.7175503","0.8759289","null","null","1.0324568","0","false","false","false","false","false","false","null","null","null","null","null","null","null"
"0.1445","0.6282","384.08643","0","0","0.2582695","42","1","367","0","368","31","false","0.19815685","0.1834","0.7794","-5.7643864965600535","5.097314e-13","1.02038556e-13","0.9999985","0.08678784","-0.5688799","-0.82179326","0.15669397","null","892.8695","1448.5691","false","0.0789","0.3427","-1.3377526321914788","84.14540520473346","null","null","null","false","false","false","false","0","0","0.046887286","5.1653214","184.6191699596397","MARCS","4.7239","4.9259","45","0","-2.6652","-1.1757","29","1.4732234","0.85154563","0.53837425","0.11744047","null","766.4079688461221","7.678241","99.81557","0","0","40","1.2273172","1741.9425695156456","1.5085667","1154.7003","362","0","1371.5081508300675","9.748986","140.68213","1","0","39","1.0700163","null","-0.3357432","null","null","null","-0.46530747","0.108465545","1356800535","0.3906519","0.36188287","-0.14659962","null","2016","null","null","null","null","null","null","null","null","null","null","null","null","null","null","-11.345705","11.428394","-2.8869479","23.147139","0.41440248","0.655801","0.2564575","0.3418496","1636148068921376800","3403770932227615616","4747.8447","5396.497","null","null","null","17","Gaia DR3 3403770932227615616","83.68671876460772","21.973314818459937","0.11432495229924444","0.13425581","0.8339589430010437","0.1352723","-0.6704083857174987","0.08527","17.584782","18.127392","16.9049","NOT_AVAILABLE","1.2224922","0.54261017","0.67988205","null","null","1.0086902","0","true","false","false","false","true","true","4924.929","4.8558","-1.9942","1043.724","0.3861","0.3065","0.167"
"0.3102","0.4921","395.21484","0.12518433","0.5713232","0.5999458","42","1","368","9","369","31","false","0.16073221","0.3984","0.6268","-5.762358032905536","5.0985594e-13","1.02067084e-13","0.9999955","0.070596755","-0.5511074","-0.8263162","0.102693036","null","737.6284","877.0304","false","0.1678","0.2661","-1.341198850288206","84.14972086756391","null","null","null","false","false","false","false","0","0","0.05659293","2.0744777","184.62433186036654","PHOENIX","4.7842","4.8628","45","0","-1.6564","-1.298","30","1.453006","5.8032975","0.52382714","0.11463775","null","1116.9197852095044","9.356374","119.37528","0","0","35","1.2438401","2665.0692963189504","1.8098572","1472.5302","354","0","2198.00042431855","7.6993504","285.4787","0","0","37","2.6273687","null","-0.28667372","null","null","null","-0.41082332","0.08758504","1383351267","0.3871422","0.31350937","-0.17153773","null","2016","null","null","null","null","null","null","null","null","null","null","null","null","null","null","null","null","null","null","null","null","null","null","1636148068921376800","3403770932227615232","4719.2134","4927.926","null","null","null","17","Gaia DR3 3403770932227615232","83.69152923577364","21.970060599253983","0.6201931676623438","0.1068691","2.4130262698532783","0.11130609","-1.0394086622514034","0.069555804","17.123096","17.718487","16.392826","NOT_AVAILABLE","1.3256607","0.5953903","0.7302704","null","null","1.0214236","0","true","false","false","false","true","true","4765.3193","4.843","-1.5614","769.2578","0.4546","0.3547","0.192"
"0.04","0.1294","380.23804","0","0","0.9149114","40","3","346","0","349","31","false","0.41201523","0.0535","0.1726","-5.761048342862977","6.918399e-11","4.5280668e-11","0.99999195","0.19902559","-0.59374374","-0.83603156","-0.00278382","null","566.1476","932.1418","false","0.0216","0.0699","-1.3420826572169169","84.151737957048","null","null","null","false","false","false","false","0","0","0.07418828","179.27533","184.6261106621115","PHOENIX","4.998","5.1645","43","0","-2.3779","-1.6541","28","1.4280404","1.1467835","0.5626701","0.12246499","null","211.97160294105814","5.819056","36.427147","1","0","37","1.2240039","558.8216833345596","1.0560585","529.1579","336","0","472.0282966638612","6.2352467","75.703224","2","0","37","3.0116682","null","-0.16715248","null","null","null","-0.31665513","0.23412947","855764973","0.3637319","0.23288618","-0.17643315","null","2016","null","null","null","null","null","null","null","null","null","null","null","null","null","null","-8.432355","11.266364","0.2022782","23.450485","0.4454675","0.6486492","0.2499627","0.35252625","1636148068921376800","3403770927928891392","4172.5093","4238.7593","null","null","null","17","Gaia DR3 3403770927928891392","83.69374325571944","21.96926578491194","0.3443853586669173","0.3003055","0.3841606996721017","0.29126102","-2.9870665330511934","0.19137906","18.819183","19.522848","18.062975","NOT_AVAILABLE","1.4598732","0.7036648","0.7562084","null","null","1.0342488","0","false","false","false","false","true","false","4198.5845","5.1311","-2.1728","626.9434","0.1028","0.0769","0.0416"
"0.0016","0.0165","427.184","0.3726169","0.8326073","1.6930829","42","1","368","0","369","31","false","0.4310353","0.0021","0.0212","-5.75794234208004","6.93809e-11","9.011907e-11","0.9999975","0.19829553","-0.6336576","-0.8447316","0.12760255","null","1149.8387","1199.186","false","0.0009","0.009","-1.345496714939972","84.15727758542009","null","null","null","false","false","false","false","0","0","0.03599628","178.56021","184.63185623476267","MARCS","4.9797","4.9982","45","0","-2.5273","-2.227","30","1.4638386","0.8572383","0.56623876","0.17637159","null","260.88807798287394","7.856492","33.206688","0","0","41","1.1887093","627.9423392734034","0.96345633","651.7601","366","0","485.5528188700642","11.371998","42.69723","1","0","40","2.1443439","null","-0.34533295","null","null","null","-0.5796059","0.24447942","771907417","0.4702343","0.4453476","-0.09325392","null","2016","null","null","null","null","null","null","null","null","null","null","null","null","null","null","-9.037749","13.563925","-0.79821026","20.634281","0.44900775","0.71192247","0.30246055","0.40892112","1636148068921376800","3403770172014642560","4498.4985","4533.007","null","null","null","15","Gaia DR3 3403770172014642560","83.69987004844592","21.966096911277127","0.2582435098010275","0.30125055","1.7150413445414423","0.29345265","-1.2871844196257363","0.18570378","18.692568","19.297407","18.032305","NOT_AVAILABLE","1.2651024","0.6048393","0.66026306","null","null","1.0625526","0","false","false","false","false","true","false","4519.539","4.9925","-2.3522","1179.3077","0.0088","0.0068","0.0037"
"null","null","382.87393","0.30893582","0.3379265","0.24773107","42","2","366","0","368","31","false","0.4764243","null","null","-5.756007875703672","8.2977375e-11","1.02477305e-13","0.99999833","0.22509591","-0.5863938","-0.8307939","0.07350662","null","null","null","false","null","null","-1.3428283046477805","84.15797759930376","null","null","null","false","false","false","false","0","0","0.06830161","5.3244233","184.62987954098418","null","null","null","44","0","null","null","30","1.4282912","1.6676966","0.56038266","0.12586485","null","180.3165061151777","8.970989","20.099958","0","0","35","1.1705674","450.4264756882794","0.92187744","488.59692","358","0","346.9380154465645","7.2888374","47.59854","0","0","36","1.558071","null","-0.24987432","null","null","null","-0.43600342","0.275108","73199090","0.39077094","0.33064297","-0.14127925","null","2016","null","null","null","null","null","null","null","null","null","null","null","null","null","null","-6.918932","11.448627","1.6437466","21.00226","0.4494962","0.67828965","0.28156698","0.3832892","1636148068921376800","3403770172014645376","null","null","null","null","null","17","Gaia DR3 3403770172014645376","83.7004983126007","21.968793331541942","0.5723419934452207","0.3431931","-1.481671629554222","0.3303858","-0.48190707075683376","0.21426232","19.053307","19.698454","18.397266","NOT_AVAILABLE","1.3011875","0.6451473","0.6560402","null","null","1.0083077","0","false","false","false","false","false","false","null","null","null","null","null","null","null"
"null","null","370.81033","1.9008471","1.3330247","1.8962673","35","2","309","0","311","95","false","3.5112455","null","null","-5.755444557533692","2.658234e-9","7.322301e-9","0.9999929","1.2218906","-0.63984245","-0.89317644","0.3100607","0.06304884","null","null","false","null","null","-1.3421486355122985","84.15823729391923","null","null","null","false","false","false","false","0","0","0.06597945","177.32974","184.62941674384433","null","null","null","37","0","null","null","25","null","0.24607696","0.46515265","0.31452876","-0.18231261","30.85561139711137","10.500865","2.9383876","0","0","3","0.87869287","114.80206964981537","0.7085383","162.02663","308","0","70.02014513240155","47.355984","1.4785913","0","0","2","2.806124","0.100026675","-0.55683774","-0.06684898","1.5874642","0.17935395","-0.77034426","1.4559829","81036495","0.5712864","0.63198316","-0.20880453","-0.20936318","2016","null","null","null","null","null","null","null","null","null","null","null","null","null","null","-3.976441","13.395987","2.3568096","18.499454","0.45925823","0.76552314","0.3128817","0.47890738","1636148068921376800","3403770176311360512","null","null","null","null","null","10","Gaia DR3 3403770176311360512","83.70074600164986","21.969483687126814","0.4789925861424362","1.9465153","0.15625968772455434","2.350817","-2.801769976088094","1.25909","20.537493","21.615208","20.134838","NOT_AVAILABLE","1.4803696","1.0777149","0.40265465","null","null","1.0768834","0","false","false","false","false","false","false","null","null","null","null","null","null","null"
"0.0036","0.1749","341.52344","0","0","-0.6579717","40","2","350","0","352","31","false","0.32391116","0.0047","0.2225","-5.76275055790322","6.505957e-11","1.11983746e-13","0.999995","0.14038956","-0.5733757","-0.8288382","0.2190896","null","1017.3784","1248.5837","false","0.002","0.0952","-1.3384728033043243","84.14770463118464","null","null","null","false","false","false","false","0","0","0.04263265","178.65128","184.62094722856983","MARCS","4.9104","4.9888","43","0","-3.0309","-2.3529","28","1.4658688","2.0887902","0.5370868","0.09078151","null","393.72582542077515","8.699032","45.26088","1","0","39","1.2415223","896.4120849303796","1.2018012","745.8905","339","0","719.1898149714472","10.434141","68.9266","3","0","37","0.4266973","null","-0.40120015","null","null","null","-0.5183563","0.17246751","183462574","0.40463042","0.41281822","-0.19429922","null","2016","null","null","null","null","null","null","null","null","null","null","null","null","null","null","-9.686047","13.121938","-0.290274","23.070854","0.39350992","0.6730322","0.2561859","0.38778782","1636148068921376800","3403770927928892288","4546.7896","4748.83","null","null","null","16","Gaia DR3 3403770927928892288","83.68922922638376","21.97269589677609","0.43266554877255725","0.20713691","0.3644275281693605","0.21461134","0.22195308961489016","0.13839833","18.306097","18.850557","17.605787","NOT_AVAILABLE","1.24477","0.5444603","0.70030975","null","null","0.9740984","0","false","false","false","false","true","false","4576.032","4.9699","-2.7351","1056.1266","0.0354","0.0276","0.015"
"0.0023","0.0356","357.55515","0","0","0.36629814","39","1","339","0","340","31","false","0.4645623","0.0031","0.0468","-5.760157322462284","5.140905e-13","6.165029e-11","0.99999875","0.22908367","-0.5441255","-0.8491343","-0.09772347","null","817.4277","1295.9036","false","0.0012","0.0193","-1.3401223562107687","84.15164095801194","null","null","null","false","false","false","false","0","0","0.06428572","177.90231","184.62435299586397","PHOENIX","4.9534","5.1136","42","0","-2.3034","-1.6881","29","1.44323","2.0670598","0.5244738","0.12633002","null","173.11837451397034","7.217401","23.986248","0","0","37","1.150531","484.4572582272965","1.0021169","483.43387","327","0","384.2647248418169","7.6715407","50.08964","0","0","38","1.9552445","null","-0.058260396","null","null","null","-0.24869153","0.2643258","119446142","0.3635277","0.17282449","-0.23207137","null","2016","null","null","null","null","null","null","null","null","null","null","null","null","null","null","-6.1349683","10.904493","2.333173","21.85245","0.458735","0.6603196","0.25128114","0.36176932","1636148068921376800","3403770927928891520","4295.05","4355.759","null","null","null","16","Gaia DR3 3403770927928891520","83.69354640428251","21.971219974537515","0.6564047799814557","0.31755483","1.1077796734057865","0.33095643","-1.6111502737070853","0.21646121","18.974228","19.742683","18.28632","NOT_AVAILABLE","1.4563637","0.7684555","0.6879082","null","null","1.0132034","0","false","false","false","false","true","false","4321.812","5.0938","-2.1931","882.3885","0.0134","0.0102","0.0055"
"null","null","331.2617","0","0","-0.19138254","37","2","327","0","329","95","false","1.0642104","null","null","-5.759809778047136","2.603425e-10","7.468247e-11","0.9999983","0.4812206","-0.62770754","-0.8035112","-0.09241698","0.21908127","null","null","false","null","null","-1.3372733172551061","84.15040751877328","null","null","null","false","false","false","false","0","0","0.040279966","12.872852","184.62125241364262","null","null","null","40","0","null","null","26","null","-1.3793753","0.52717966","0.093477756","-0.38931766","66.90409508004802","5.698511","11.740627","1","0","30","1.270593","194.99223198898105","0.82388675","236.67358","318","0","180.85167165442414","5.995564","30.164248","0","0","37","3.3207219","-0.020303957","-0.19545746","-0.080057316","1.3772552","0.10624228","-0.43339023","0.63984925","1580228306","0.54496884","0.22156167","-0.0073576868","-0.36953998","2016","null","null","null","null","null","null","null","null","null","null","null","null","null","null","-6.1514926","12.490475","0.7536694","20.128088","0.47780854","0.70600575","0.2678188","0.40069285","1636148068921376800","3403770927928893312","null","null","null","null","null","15","Gaia DR3 3403770927928893312","83.69208369854212","21.97401239002863","-1.0990921620008285","0.7968043","0.8012602874986291","0.76248384","-3.222603923545916","0.44370642","19.962324","20.77491","19.10459","NOT_AVAILABLE","1.6703205","0.81258583","0.8577347","null","null","0.9914206","0","false","false","false","false","false","false","null","null","null","null","null","null","null"
"null","null","93.259796","0","0","-0.36870942","12","0","104","0","104","3","false","26.990757","null","null","-5.757924880410302","0.000019738747","0.0004594839","0.99909234","3.2307832","null","null","null","null","null","null","false","null","null","-1.3361883853662124","84.15195861444697","null","null","null","false","false","false","false","0","0","0.0751282","163.1506","184.6210817684593","null","null","null","12","1","null","null","7","null","null","null","null","null","56.93323909291063","11.149696","5.1062593","1","0","9","1.7152721","76.81875484351413","1.160112","66.21667","103","0","74.83182849665961","11.910479","6.2828565","0","0","10","null","null","null","null","null","null","-0.61510587","2.4507217","800395781","null","null","null","null","2016","null","null","null","null","null","null","null","null","null","null","null","null","null","null","-24.079407","12.051676","-5.806085","18.287165","0.38419354","0.7260411","0.39338145","0.47234467","1636148068921376800","3403770932226949760","null","null","null","null","null","6","Gaia DR3 3403770932226949760","83.69370311795018","21.975164065868245","null","null","null","null","null","null","20.9737","20.950127","20.06268","NOT_AVAILABLE","0.88744736","-0.023572922","0.9110203","null","null","null","0","false","false","false","false","false","false","null","null","null","null","null","null","null"
"0.0023","0.0216","368.41898","0","0","-0.2792372","43","4","366","0","370","31","false","0.28122568","0.003","0.0281","-5.750811365580341","5.097929e-13","1.0204368e-13","0.99999803","0.12145035","-0.54938674","-0.8561138","0.28536114","null","726.0111","985.8799","false","0.0012","0.0117","-1.3362766105238095","84.16021153931554","null","null","null","false","false","false","false","0","0","0.062296957","178.12141","184.62528378263025","PHOENIX","4.8184","5.0463","46","0","-2.2403","-2.0325","31","1.4579023","2.5410218","0.5355814","0.06669415","null","509.7354593201635","12.802442","39.815487","2","0","42","1.2208617","1198.0283586097798","1.2648327","947.1832","364","0","952.8914102250711","6.138241","155.23853","1","0","39","2.0115962","null","-0.4408354","null","null","null","-0.5499306","0.14670174","283767432","0.36675468","0.45518568","-0.2687387","null","2016","null","null","null","null","null","null","null","null","null","null","null","null","null","null","-6.975705","13.511432","2.3643236","21.951746","0.3988065","0.69097614","0.28936857","0.4119526","1636148068921376800","3403770927928895616","4449.1255","4477.5537","null","null","null","16","Gaia DR3 3403770927928895616","83.70259588044962","21.975436267791085","0.42933968264090994","0.1689634","2.011070430554584","0.18125826","-0.04599314874635527","0.11812164","17.9912","18.57018","17.300287","NOT_AVAILABLE","1.2698936","0.5789814","0.69091225","null","null","0.9887059","0","false","false","false","false","true","true","4461.0264","4.9691","-2.1565","812.5331","0.0114","0.0088","0.0048"
"0.1693","0.5694","296.82336","0","0","-1.4165413","38","6","324","0","330","31","false","0.2404645","0.2338","0.7722","-5.766869642706043","5.9998913e-13","1.04588084e-13","0.99996144","0.11232016","-0.60886204","-0.8137122","0.12888047","null","579.3539","908.4187","false","0.0908","0.3038","-1.3312511845729316","84.1388127230338","null","null","null","false","false","false","false","0","0","0.04955043","179.23357","184.6102060900314","PHOENIX","4.7264","4.9168","41","0","-1.0696","-0.5067","27","1.3845649","5.3296523","0.5680416","0.09937764","null","458.29303600053856","14.442537","31.732168","0","0","37","1.3317977","1288.4489845471962","1.3825619","931.9286","314","0","1257.6604187274309","9.895942","127.0885","0","0","33","7.6867547","null","-0.29965976","null","null","null","-0.45038053","0.14100797","401741424","0.42771882","0.34962413","-0.08483165","null","2016","null","null","null","null","null","null","null","null","null","null","null","null","null","null","-12.6330385","11.095074","-4.1128373","23.043583","0.39816007","0.648274","0.22619931","0.3521355","1636148068921376800","3403771000947092224","3945.2092","4319.227","null","null","null","17","Gaia DR3 3403771000947092224","83.67931154050949","21.97952150045702","0.9682285101141125","0.18166824","6.905270585885465","0.16432099","-3.376897597938881","0.10750873","17.912199","18.685684","16.998987","NOT_AVAILABLE","1.686697","0.7734852","0.9132118","null","null","0.94342107","0","false","false","false","false","true","true","4046.2998","4.8572","-0.9237","660.2361","0.4014","0.2923","0.1568"
"null","null","306.10898","0","0","-1.2855998","37","1","327","0","328","95","false","0.6587024","null","null","-5.765531866317567","3.1561165e-10","2.8533875e-10","0.9999929","0.3337171","-0.6339782","-0.83470553","-0.1977059","0.18562809","null","null","false","null","null","-1.332919434268824","84.14131219314011","null","null","null","false","false","false","false","0","0","0.058459055","8.57911","184.61291001047402","null","null","null","39","0","null","null","27","null","1.2374263","0.5202932","0.2447664","-0.3463287","140.15207028349815","6.5427823","21.420868","0","0","36","1.2921586","329.18404612449336","0.95692253","344.0028","324","0","285.2059381610272","9.461831","30.142784","0","0","34","2.4971004","0.0068824715","0.0043233074","-0.07366154","1.3466703","0.06780028","-0.41847926","0.3965814","280202859","0.51755637","0.25526264","-0.08410977","-0.28917077","2016","null","null","null","null","null","null","null","null","null","null","null","null","null","null","-6.4443965","12.84985","2.5642898","21.017601","0.4796157","0.6888379","0.2516012","0.42444587","1636148068921376800","3403770996649344512","null","null","null","null","null","14","Gaia DR3 3403770996649344512","83.68208237473033","21.97796428535541","0.6124950627050858","0.494975","-2.3287132591269577","0.46057144","-0.9014459888259748","0.2945281","19.39377","19.972044","18.609999","NOT_AVAILABLE","1.3620453","0.5782738","0.7837715","null","null","0.9486724","0","false","false","false","false","false","false","null","null","null","null","null","null","null"
"0.2589","0.3279","357.4819","0","0","0.3741791","39","1","339","0","340","95","false","0.3562072","0.3306","0.4173","-5.762729201572296","1.7058442e-9","5.8013555e-10","0.99999875","0.15440859","-0.55537665","-0.83198804","0.2294877","0.168106","1150.1533","1354.8494","false","0.1425","0.1807","-1.3304614554884568","84.14313394100031","null","null","null","false","false","false","false","0","0","0.05269931","171.41154","184.611677523155","MARCS","4.8024","4.9366","43","0","-4.0939","-3.6755","29","null","0.44842196","0.4832646","0.030502737","-0.31273174","429.1858245671722","8.476294","50.633667","27","0","38","1.4523605","841.2649981075244","1.3421499","626.8041","337","0","792.6341958370294","16.445156","48.198643","27","0","36","0.1747313","0.012698644","-0.37900805","0.06354774","1.4194701","0.03382729","-0.4984314","0.20578553","862595081","0.500927","0.37827563","-0.27677926","-0.30004153","2016","null","null","null","null","null","null","null","null","null","null","null","null","null","null","-4.8034015","10.829755","2.4692883","20.419024","0.459562","0.6820658","0.26445958","0.36937174","1636148068921376800","3403770996649302016","4739.7144","4815.3296","null","null","null","16","Gaia DR3 3403770996649302016","83.6839284507088","21.980499639893566","0.10770471970231069","0.24018611","0.1679643635736392","0.23166879","-0.048155970390514835","0.14967185","18.375034","18.75693","17.500214","NOT_AVAILABLE","1.2567158","0.38189507","0.8748207","null","null","1.0135285","0","false","false","false","false","true","false","4768.8887","4.9135","-3.9372","1182.6967","0.367","0.2877","0.1585"
"null","null","292.5591","0","0","0.3152605","32","1","280","0","281","95","false","0.72298485","null","null","-5.762330203659769","null","null","null","0.36744392","-0.64275676","-0.7930504","-0.17631634","0.23695928","null","null","false","null","null","-1.3303140458777054","84.14350945740968","null","null","null","false","false","false","false","0","26","0.02113327","6.9088135","184.6117367019116","null","null","null","39","0","null","null","27","null","0.5613706","0.4926726","0.24809143","-0.37880823","null","null","null","null","null","0","null","335.3925635553965","0.9673232","346.72235","284","2","null","null","null","null","null","0","1.9024676","-0.040483013","-0.12608974","-0.06300991","1.440974","0.072214544","-0.52552265","0.44272938","873623601","0.5663764","0.30414104","-0.03773755","-0.31875274","2016","null","null","null","null","null","null","null","null","null","null","null","null","null","null","-2.327139","17.78064","12.181466","22.819271","0.4044579","0.7296732","0.23738235","0.59591067","1636148068921376800","3403771000944295040","null","null","null","null","null","12","Gaia DR3 3403771000944295040","83.68432594756763","21.98066334052614","0.2891028262864733","0.5149946","-1.872085083680867","0.5121492","0.33864494224771136","0.31397307","19.373484","null","null","NOT_AVAILABLE","null","null","null","null","null","1.0122757","0","false","false","false","false","false","false","null","null","null","null","null","null","null"
"null","null","324.21317","0.58303005","0.3476017","0.89204776","33","2","290","0","292","95","false","1.1341794","null","null","-5.7660091157380595","5.1341104e-13","3.1183892e-11","0.9999993","0.52561325","-0.661933","-0.8141232","-0.06203883","0.24355333","null","null","false","null","null","-1.3268137580868606","84.13725959647522","null","null","null","false","false","false","false","0","0","0.040501732","18.366903","184.60556077087966","null","null","null","35","0","null","null","24","null","-1.0835242","0.571036","0.091650024","-0.34585145","51.87306355337906","6.5959716","7.864355","0","0","26","1.2510723","203.06725885787836","0.7951414","255.38509","288","0","202.17875518843823","10.012832","20.191965","0","0","33","4.085513","-0.037538905","-0.21971506","-0.052060407","1.2853507","0.10839165","-0.49399912","0.6295423","1739943388","0.5078112","0.28788403","-0.012792492","-0.3248517","2016","null","null","null","null","null","null","null","null","null","null","null","null","null","null","-4.376447","14.117777","3.2383862","19.87232","0.48783368","0.7271118","0.31898186","0.45546454","1636148068921376800","3403771000945787648","null","null","null","null","null","12","Gaia DR3 3403771000945787648","83.67742906633914","21.983886641060824","-0.8443012572591753","0.7792177","1.567657367376763","0.8101666","-3.772779791390068","0.4775265","19.918266","21.051188","18.983557","NOT_AVAILABLE","2.0676308","1.1329212","0.93470955","null","null","1.036474","0","false","false","false","false","false","false","null","null","null","null","null","null","null"
"null","null","381.7158","1.1836542","0.6904857","0.9336051","37","1","321","0","322","95","false","1.3738197","null","null","-5.758085637227055","5.2025983e-13","5.3953363e-11","0.9999979","0.71120346","-0.7120626","-0.8259987","-0.004226732","0.19691385","null","null","false","null","null","-1.3284039412978277","84.14730807812698","null","null","null","false","false","false","false","0","0","0.006355821","70.380516","184.6119700619967","null","null","null","38","0","null","null","25","null","1.149549","0.60209715","0.17234614","-0.34583715","41.24662213576503","4.343188","9.496855","2","0","27","1.2160985","127.17467691818237","0.7003625","181.58408","315","0","113.41032257269384","7.8004313","14.538981","0","1","34","1.9623421","-0.06597272","-0.20668419","0.022099108","1.1314796","0.15201081","-0.5400064","0.8736277","1338079581","0.54571366","0.37550718","-0.02336492","-0.36525616","2016","null","null","null","null","null","null","null","null","null","null","null","null","null","null","-10.665985","11.437572","-2.160374","19.40951","0.45996475","0.6989494","0.28342673","0.41335213","1636148068921376800","3403771000945074176","null","null","null","null","null","14","Gaia DR3 3403771000945074176","83.6883272084583","21.98273778269871","1.3496543200759064","1.1740729","0.8147925885671454","0.94093525","-1.7851890225129565","0.629817","20.426365","21.300072","19.611263","NOT_AVAILABLE","1.6888084","0.8737068","0.8151016","null","null","1.0363543","0","false","false","false","false","false","false","null","null","null","null","null","null","null"
"0.429","0.6186","397.95972","0.13517109","0.7145536","1.0809283","41","1","358","0","359","31","false","0.15506645","0.5277","0.7544","-5.759091529141166","5.109937e-13","1.0206266e-13","0.9999964","0.06636399","-0.5763188","-0.8120924","0.18049899","null","1119.4698","1312.8564","false","0.2366","0.3415","-1.323041955021442","84.14307248918739","null","null","null","false","false","false","false","0","0","0.056716874","179.54869","184.60517784977134","MARCS","4.6582","4.745","44","0","-2.7577","-1.9306","28","1.4913768","1.5827757","0.5468124","0.0878251","null","1355.8007341660473","7.7850785","174.15376","1","0","42","1.263596","2828.7867836535856","1.7646685","1603.0132","353","0","2218.643124967963","12.337483","179.82947","0","0","37","1.8541023","null","-0.36561632","null","null","null","-0.45427772","0.08341019","1684026002","0.3883597","0.34341964","-0.08747057","null","2016","null","null","null","null","null","null","null","null","null","null","null","null","null","null","-13.395398","10.996842","-4.5162954","22.98738","0.4062579","0.6514563","0.26833364","0.32207823","1636148068921376800","3403771000947089280","5367.2764","5681.8955","null","null","null","17","Gaia DR3 3403771000947089280","83.68351201460781","21.98790933929117","0.16634384060475077","0.10509629","0.2800591727418356","0.10594024","-1.8328290248714256","0.06583174","17.058367","17.508053","16.382677","NOT_AVAILABLE","1.1253757","0.44968605","0.6756897","null","null","1.039999","0","true","false","false","false","true","true","5495.285","4.7155","-2.3709","1184.7781","0.6244","0.5094","0.281"
"null","null","540.0203","3.6346507","32.83438","8.510926","32","19","272","0","291","95","false","1.8544384","null","null","-5.749004753615927","3.0393694e-9","8.405652e-13","0.99998635","0.85216117","-0.69940317","-0.8022229","-0.27507415","0.15231018","null","null","false","null","null","-1.331663434763821","84.15964859030153","null","null","null","false","false","false","false","75","8","0.11766613","115.14311","184.62098027513906","null","null","null","41","0","null","null","29","null","-0.24941246","0.5792912","0.3389304","-0.25199366","69.25954279317256","6.4934487","10.666064","26","0","26","2.3555539","150.63952671421978","1.7799284","84.632355","289","0","285.579965591681","10.8427105","26.33843","32","0","32","5.7276807","-0.023113957","0.021312606","-0.006477975","1.734463","0.17879929","-0.49949944","1.036388","60559860","0.60525894","0.31329253","0.120195195","-0.24183542","2016","null","null","null","null","null","null","null","null","null","null","null","null","null","null","-10.391944","13.826302","0.49263176","23.516308","0.41695362","0.663493","0.16558398","0.47177237","1636148068921376800","3403770962288635392","null","null","null","null","null","14","Gaia DR3 3403770962288635392","83.70177243109201","21.98002048332213","-0.3459212815220105","1.3869447","1.5617234716675292","1.2414901","5.510657706793974","0.7424825","20.24252","20.737343","18.608576","NOT_AVAILABLE","2.128767","0.49482346","1.6339436","null","null","1.389436","0","false","false","false","false","false","false","null","null","null","null","null","null","null"
"null","null","296.66324","2.1285107","1.4519486","1.4005839","29","0","251","0","251","95","false","3.4141173","null","null","-5.747071368324036","3.4166098e-10","9.9532365e-9","0.99999785","1.3452318","-0.5408302","-0.91320527","0.5438366","0.04106967","null","null","false","null","null","-1.3239034778493748","84.15742676267186","null","null","null","false","false","false","false","0","0","0.018756911","56.87521","184.61310403981568","null","null","null","30","0","null","null","20","null","-0.8655922","0.42336786","0.14269952","-0.26065984","44.922115336013306","5.8822308","7.636918","0","0","13","1.2656494","107.55900690173401","0.7993291","134.5616","249","0","91.2098762132816","8.8458","10.311093","0","0","14","0.35270065","0.101570636","-0.6427053","-0.0825962","1.5042584","0.21353559","-0.74812555","1.6338232","697995433","0.28656167","0.69143754","-0.5857636","-0.22705883","2016","null","null","null","null","null","null","null","null","null","null","null","null","null","null","-24.166553","12.718137","-9.705789","18.81356","0.3382293","0.73048294","0.35443476","0.35969508","1636148068921376800","3403770966585324672","null","null","null","null","null","12","Gaia DR3 3403770966585324672","83.69901395828506","21.987676065124358","-1.407714155798448","1.6263018","-0.351521467988441","1.9943091","0.02881689641099116","1.274299","20.60825","21.207392","19.847792","NOT_AVAILABLE","1.3596001","0.5991421","0.760458","null","null","1.0625459","0","false","false","false","false","false","false","null","null","null","null","null","null","null"
"0.1885","0.3355","529.9147","0.50996256","3.845003","4.6418014","43","6","372","0","378","31","false","0.27373886","0.2573","0.4546","-5.758748108315949","5.533775e-13","1.0348454e-13","0.9999875","0.11879368","-0.5754252","-0.81196266","0.10734944","null","575.1787","723.712","false","0.101","0.1801","-1.3601690663283392","84.16476394252912","null","null","null","false","false","false","false","0","0","0.053329736","173.01419","184.6483908991875","PHOENIX","4.8461","4.9505","46","0","-1.3414","-1.051","31","1.3821101","2.6322126","0.5493422","0.10591257","null","470.08005990282965","10.649507","44.141018","0","0","40","1.3029871","1300.8214005365014","1.5200518","855.77435","369","0","1224.8734784915575","9.315024","131.4944","0","0","38","5.8153386","null","-0.31679443","null","null","null","-0.43678403","0.15083306","266168717","0.39417973","0.31630552","-0.11038233","null","2016","null","null","null","null","null","null","null","null","null","null","null","null","null","null","-6.8597937","11.232956","0.8651629","21.611845","0.44973326","0.6764181","0.26500914","0.37688234","1636148068921376800","3403770103295153920","4044.6008","4165.879","null","null","null","16","Gaia DR3 3403770103295153920","83.70862234347008","21.951765090851044","0.4995204931241264","0.1897721","0.45842173283559595","0.18966866","-5.797241662146772","0.116991624","17.901823","18.658113","17.027668","NOT_AVAILABLE","1.6304455","0.75629044","0.87415504","null","null","1.1751765","0","false","false","false","false","true","true","4095.3845","4.8964","-1.2063","648.0839","0.3358","0.2467","0.1323"
"null","null","129.87274","4.1249733","0.8088231","3.2340844","10","2","87","0","89","3","false","157.53152","null","null","-5.7568237315228545","0.000014509833","0.00018392518","0.99922","24.123264","null","null","null","null","null","null","false","null","null","-1.3632402868045215","84.16874429857202","null","null","null","false","false","false","false","0","0","1.0500962","22.334055","184.65305809254428","null","null","null","10","0","null","null","6","null","null","null","null","null","31.98087474614137","8.649624","3.6973717","0","0","7","1.8656311","68.904152035556","1.2732434","54.117027","72","0","96.56885631945906","20.233965","4.7726116","0","0","7","null","null","null","null","null","null","-0.9909942","30.4777","189316105","null","null","null","null","2016","null","null","null","null","null","null","null","null","null","null","null","null","null","null","-0.9028978","22.080439","4.8606267","21.478453","0.40893364","0.9023407","0.56867844","0.63389283","1636148068921376800","3403770107591896320","null","null","null","null","null","4","Gaia DR3 3403770107591896320","83.71305283316698","21.948870232763433","null","null","null","null","null","null","21.091753","21.576317","19.785803","NOT_AVAILABLE","1.790514","0.48456383","1.3059502","null","null","null","0","false","false","false","false","false","false","null","null","null","null","null","null","null"
"null","null","368.89743","0.31588006","0.07363709","0.7190269","38","1","331","0","332","95","false","1.2590693","null","null","-5.757751950878636","4.6479554e-10","1.5322844e-10","0.99999654","0.5577156","-0.68074965","-0.79923505","0.10076808","0.22990513","null","null","false","null","null","-1.3607853785465285","84.16626603819904","null","null","null","false","false","false","false","0","0","0.05700679","16.78188","184.64967901140335","null","null","null","40","0","null","null","26","null","1.7295893","0.57666683","0.07830667","-0.3316125","67.17418743797809","7.368897","9.115908","0","0","31","1.4268074","161.41963844377418","0.7873437","205.01802","327","0","163.14054845961562","8.965377","18.196732","0","0","35","2.4389913","-0.0069076517","-0.38111976","-0.050400924","1.3004882","0.12459058","-0.55289674","0.70076704","1696596178","0.5054951","0.32453036","0.006123765","-0.37274444","2016","null","null","null","null","null","null","null","null","null","null","null","null","null","null","-6.10684","13.503775","0.6821363","20.734207","0.49675792","0.7148091","0.3260048","0.4074859","1636148068921376800","3403770103296102016","null","null","null","null","null","13","Gaia DR3 3403770103296102016","83.71026882601596","21.951214832701982","1.5321438292629108","0.88584256","-0.4665700706150684","0.8669054","-2.393948911326435","0.52968127","20.167477","20.770536","19.21649","NOT_AVAILABLE","1.5540466","0.60305977","0.95098686","null","null","1.0272996","0","false","false","false","false","false","false","null","null","null","null","null","null","null"
"0.4614","0.5218","383.96323","0","0","0.2502322","42","4","366","0","370","31","false","0.4103399","0.6703","0.7568","-5.754011960468997","1.5062425e-10","1.11446456e-13","0.9999358","0.18102294","-0.58558464","-0.8436376","0.22230251","null","368.3183","415.0006","false","0.251","0.2834","-1.3588089454942045","84.1694448499496","null","null","null","false","false","false","false","0","0","0.07622899","178.31596","184.6495444938068","PHOENIX","4.5044","4.6085","44","0","-1.7179","-1.648","29","1.3138748","4.354324","0.55916584","0.07328201","null","170.8043030054978","8.091344","21.10951","31","0","36","1.3956239","644.8743659877626","0.99167013","650.2912","363","0","729.1977601624594","8.782825","83.02542","31","0","39","5.6850586","null","-0.38844025","null","null","null","-0.49702427","0.21796496","172519928","0.39352244","0.40366855","-0.19470204","null","2016","null","null","null","null","null","null","null","null","null","null","null","null","null","null","-7.7238555","12.207117","0.5824561","21.462791","0.45787954","0.6817835","0.330013","0.37111753","1636148068921376800","3403770103295155200","3552.6067","3587.264","null","null","null","16","Gaia DR3 3403770103295155200","83.71359904697039","21.953327880386947","1.168914603881606","0.26844916","-5.676865995617666","0.27175185","-0.3050959745934566","0.17567083","18.66368","19.757296","17.590782","NOT_AVAILABLE","2.1665134","1.0936165","1.072897","null","null","1.008401","0","false","false","false","false","true","false","3569.0193","4.5577","-1.6832","391.6713","0.711","0.4899","0.2663"
"0.375","0.7384","386.70392","0","0","-0.46195433","45","3","389","0","392","31","false","0.14219303","0.4658","0.901","-5.754757186915917","5.0967347e-13","1.0203661e-13","0.99999875","0.062202208","-0.5702971","-0.82601863","0.1554556","null","984.2926","1363.9825","false","0.205","0.4041","-1.3657852097666117","84.17258670401637","null","null","null","false","false","false","false","0","0","0.05523276","3.1779523","184.65719742399742","MARCS","4.6722","4.7939","47","0","-1.8124","-1.0099","31","1.4830178","4.067056","0.54723305","0.112739146","null","1375.064311909917","9.833573","139.83363","0","0","36","1.2255011","3016.1062331208345","2.001025","1507.2806","377","0","2321.1770744446962","11.540387","201.13512","0","0","35","0.40403685","null","-0.35340583","null","null","null","-0.4667667","0.0783409","210386858","0.38512802","0.3493556","-0.12800738","null","2016","null","null","null","null","null","null","null","null","null","null","null","null","null","null","-8.176381","11.618341","0.023268634","21.694078","0.44949627","0.6774417","0.29561952","0.36684686","1636148068921376800","3403770107593895552","5185.3057","5807.6436","null","null","null","17","Gaia DR3 3403770107593895552","83.71730988051347","21.946495042328674","0.3982820966545334","0.09792884","0.28779384910760264","0.09694775","-0.2835850307717798","0.060816593","16.98875","17.492735","16.333624","NOT_AVAILABLE","1.159111","0.50398445","0.6551266","null","null","0.98251396","0","true","false","false","false","true","true","5380.0854","4.739","-1.4947","1106.4535","0.6214","0.5037","0.2753"
"null","null","249.68045","0","0","-2.178738","34","1","294","0","295","95","false","0.72579825","null","null","-5.753342370597814","7.662678e-10","6.8562855e-10","0.999995","0.3525269","-0.65469944","-0.7752667","-0.2592683","0.16479102","null","null","false","null","null","-1.3676582044179104","84.17529225333428","null","null","null","false","false","false","false","0","0","0.046691835","19.974483","184.66018269045819","null","null","null","37","0","null","null","25","null","-2.184756","0.5049674","0.2696609","-0.3383011","125.52215784241919","9.040729","13.884075","1","0","29","1.2420577","315.44367363202844","0.9733964","324.06497","278","0","266.27706950337466","7.946186","33.510048","1","0","30","3.7152483","0.032268535","-0.03393999","-0.061146513","1.6885056","0.07524028","-0.43759277","0.40831652","462706538","0.5037372","0.20130715","0.009173968","-0.31463647","2016","null","null","null","null","null","null","null","null","null","null","null","null","null","null","-8.561155","14.339666","3.4419782","22.644678","0.4350062","0.67927146","0.21635304","0.47616404","1636148068921376800","3403769897140844160","null","null","null","null","null","14","Gaia DR3 3403769897140844160","83.72031110338416","21.944741568395","-1.1077091916090431","0.5070173","1.745207498299338","0.50730616","-3.279835573604535","0.3070371","19.440062","20.091742","18.68456","NOT_AVAILABLE","1.4071808","0.65168","0.7555008","null","null","0.90948534","0","false","false","false","false","false","false","null","null","null","null","null","null","null"
"0.0033","0.0241","361.43686","0","0","-0.07058079","41","1","354","0","355","31","false","0.2834703","0.0042","0.0303","-5.7533849154230134","7.034843e-11","5.9026567e-10","0.9999937","0.12432901","-0.57997626","-0.81951314","0.19918817","null","1228.6978","1273.0425","false","0.0018","0.0133","-1.364751446894024","84.17357609649127","null","null","null","false","false","false","false","0","0","0.04769049","172.05794","184.6567905549877","MARCS","4.9029","4.9276","43","0","-3.9067","-2.7125","28","1.4867852","2.145138","0.5344828","0.1105271","null","520.2064559238348","9.795873","53.104656","1","0","27","1.211309","1121.7938458096153","1.2473772","899.3221","314","0","838.6324861347874","9.425512","88.97474","1","0","27","0.21684448","null","-0.39343992","null","null","null","-0.5411641","0.15202047","1004573574","0.40043843","0.42043176","-0.18096362","null","2016","null","null","null","null","null","null","null","null","null","null","null","null","null","null","-8.105007","14.311224","1.5295955","22.858398","0.40513557","0.6915498","0.27152175","0.42430174","1636148068921376800","3403770103296146560","4787.2817","4816.207","null","null","null","16","Gaia DR3 3403770103296146560","83.71832673690645","21.94757088991759","0.3872564773630429","0.18052754","0.029546744642280243","0.18820429","0.21482206685338737","0.1226348","18.062584","18.548103","17.438967","NOT_AVAILABLE","1.1091366","0.4855194","0.6236172","null","null","0.99637556","0","false","false","false","false","true","true","4799.007","4.9195","-3.1452","1248.1691","0.0131","0.0104","0.0057"
"1.5189","1.5592","370.8916","0","2.1393304e-15","0.10829435","41","0","358","0","358","31","false","0.0897821","1.7106","1.7534","-5.751900832199216","5.0986553e-13","4.2772008e-11","0.99999475","0.037904583","-0.5704239","-0.80415446","0.17459956","null","2204.4312","2244.7693","false","0.8183","0.84","-1.363240859380488","84.17442093792627","null","null","null","false","false","false","false","0","0","0.05587568","1.1014751","184.6558956977685","A","4.4891","4.4988","44","0","-1.187","-1.1237","28","1.5350121","6.41389","0.5366551","0.09103957","null","3903.794020343587","12.291719","317.59543","0","0","36","1.2107184","7500.155168576893","3.0023286","2498.1125","354","0","5176.781828249106","14.797755","349.8356","1","0","37","1.1172558","null","-0.392466","null","null","null","-0.47337037","0.048172846","301167623","0.3936045","0.34021053","-0.09201077","null","2016","null","null","null","null","null","null","null","null","null","null","null","null","null","null","-11.7297945","12.027732","-2.2803912","23.782106","0.40708557","0.6534936","0.25353763","0.3660255","1636148068921376800","3403770103295153152","9002.727","9168.623","null","null","null","17","Gaia DR3 3403770103295153152","83.71916557646868","21.9491168131676","0.383617552972724","0.059810434","0.7325867230404487","0.06113551","0.8435503198547802","0.03777278","15.999691","16.359825","15.462746","NOT_AVAILABLE","0.89707947","0.36013412","0.53694534","null","null","1.003133","0","true","false","false","false","true","true","9084.631","4.4954","-1.1642","2223.7354","1.7318","1.5389","0.829"
"null","null","316.28784","0","0","-0.19851668","35","2","302","0","304","95","false","2.4600053","null","null","-5.755210213817695","6.5077575e-11","3.0955283e-11","0.99999577","0.87904084","-0.5778976","-0.8434581","0.38736156","0.05923129","null","null","false","null","null","-1.3529700704572192","84.16471432626497","null","null","null","false","false","false","false","0","0","0.0725851","10.044961","184.6420892428033","null","null","null","36","0","null","null","23","null","1.9920442","0.46302205","0.031942718","-0.34187365","39.86123473205735","6.611966","6.0286508","0","0","24","1.5771077","111.44445298246862","0.73991966","150.61696","299","0","135.89867170964794","9.051445","15.01403","0","0","29","8.3393545","0.10917585","-0.6490063","-0.16654575","1.0114418","0.17025672","-0.6077342","1.0860468","1464982997","0.37927306","0.4093666","-0.19930409","-0.23982966","2016","null","null","null","null","null","null","null","null","null","null","null","null","null","null","-7.4680696","12.829022","-0.52093667","18.802963","0.45459184","0.7371542","0.32276046","0.4049054","1636148068921376800","3403770172014636160","null","null","null","null","null","13","Gaia DR3 3403770172014636160","83.70823046418737","21.958955076938114","2.525778824168794","1.2679331","4.899985913847231","1.5980529","-6.747960746694872","0.9146782","20.569721","21.337166","19.414858","NOT_AVAILABLE","1.922308","0.7674446","1.1548634","null","null","0.9907293","0","false","false","false","false","false","false","null","null","null","null","null","null","null"
"null","null","110.910324","2.4458961","1.3341234","0.7225555","12","2","106","0","108","3","false","6.632101","null","null","-5.753961189137315","null","null","null","1.9098592","null","null","null","null","null","null","false","null","null","-1.3584310434144202","84.1692866486382","null","null","null","false","false","false","false","1","16","0.0462982","171.55785","184.6491359308664","null","null","null","12","0","null","null","5","null","null","null","null","null","null","null","null","null","null","0","null","86.28567179060308","1.0933222","78.92063","104","1","null","null","null","null","null","0","null","null","null","null","null","null","-0.7014655","2.3648763","873304596","null","null","null","null","2016","null","null","null","null","null","null","null","null","null","null","null","null","null","null","-13.828979","12.530651","-9.138872","27.79216","0.4929883","0.63393056","0.3549474","0.23460612","1636148068921376800","3403770107591099520","null","null","null","null","null","8","Gaia DR3 3403770107591099520","83.71341093513747","21.953698532930062","null","null","null","null","null","null","20.84752","null","null","NOT_AVAILABLE","null","null","null","null","null","null","0","false","false","false","false","false","false","null","null","null","null","null","null","null"
"0.5165","0.5633","358.38284","0","0","-0.8027403","43","0","370","0","370","31","false","0.124655634","0.6385","0.6947","-5.747792014861339","5.0979837e-13","1.0206033e-13","0.99999624","0.05336924","-0.5640201","-0.8120278","0.16967262","null","950.6761","995.0856","false","0.2832","0.309","-1.3511973355614302","84.17225111337353","null","null","null","false","false","false","false","0","0","0.04670994","0.73255277","184.64431050325496","MARCS","4.6867","4.717","45","0","-1.7777","-1.5928","29","1.4796541","2.47706","0.54526126","0.08992104","null","1806.4525559793642","10.426156","173.26161","2","0","42","1.2338884","3946.5316518407844","2.2340908","1766.5046","367","0","3063.1272542262163","11.434187","267.892","2","0","42","1.9855776","null","-0.38285613","null","null","null","-0.46063507","0.06682841","462143642","0.37890926","0.33425748","-0.10941698","null","2016","null","null","null","null","null","null","null","null","null","null","null","null","null","null","-8.6413555","12.042214","0.47999293","22.992643","0.45067188","0.66293794","0.30409637","0.37560594","1636148068921376800","3403770103295160960","5354.304","5430.012","null","null","null","17","Gaia DR3 3403770103295160960","83.71626358654962","21.96105446921491","0.20643800108029114","0.08333992","0.11465904182061892","0.08488218","-1.9822643053541682","0.05256931","16.696829","17.196476","16.032482","NOT_AVAILABLE","1.1639938","0.49964714","0.6643467","null","null","0.96953285","0","true","false","false","false","true","true","5384.896","4.7014","-1.6895","968.6182","0.6618","0.5356","0.2937"
"null","null","67.55619","1.1470762","0.119541526","0.36760306","8","0","69","0","69","3","false","49.11746","null","null","-5.749336850046339","0.0000045078878","0.00007654143","0.9996033","8.1469145","null","null","null","null","null","null","false","null","null","-1.3586874435354404","84.17476577391022","null","null","null","false","false","false","false","0","0","0.28642693","31.088259","184.65209790332375","null","null","null","8","0","null","null","6","null","null","null","null","null","30.924617311660164","7.3000565","4.236216","0","0","3","1.4475307","69.8959708753809","1.201541","58.17194","69","1","70.2519525136498","12.52108","5.6106944","0","0","5","null","null","null","null","null","null","-0.9464932","12.566094","245417078","null","null","null","null","2016","null","null","null","null","null","null","null","null","null","null","null","null","null","null","-34.500572","19.00785","3.9704673","18.732534","0.037521996","0.9521573","0.11590559","0.8175458","1636148068921376800","3403770107591886848","null","null","null","null","null","5","Gaia DR3 3403770107591886848","83.71932321031551","21.953680919274824","null","null","null","null","null","null","21.076237","21.612782","20.13125","NOT_AVAILABLE","1.4815311","0.5365448","0.94498634","null","null","null","0","false","false","false","false","false","false","null","null","null","null","null","null","null"
"null","null","347.0979","0.64689016","0.8454156","0.49355084","37","2","325","0","327","95","false","0.74501526","null","null","-5.747776586350974","5.1784114e-13","4.258558e-11","0.99999774","0.3814789","-0.68937546","-0.8383069","-0.25085008","0.19936967","null","null","false","null","null","-1.3553368203149436","84.17464310354188","null","null","null","false","false","false","false","0","0","0.03523601","17.538235","184.64911519507578","null","null","null","39","0","null","null","28","null","-0.9396106","0.58066386","0.29524088","-0.33690447","75.02603863311934","6.792669","11.045149","0","0","34","1.3082497","317.7352277642767","0.90430987","351.3566","324","0","340.6509678684392","14.346181","23.745064","0","0","32","7.326504","-0.008223015","0.00708558","-0.12698781","1.3881232","0.07278435","-0.41720164","0.42372367","252237063","0.4816926","0.23388334","-0.010758014","-0.30748266","2016","null","null","null","null","null","null","null","null","null","null","null","null","null","null","-6.1955805","13.180364","3.9548943","20.372614","0.4821892","0.70774835","0.2872123","0.47637627","1636148068921376800","3403770103295158144","null","null","null","null","null","14","Gaia DR3 3403770103295158144","83.71903385408399","21.957023028287534","-0.5275082725291413","0.56141156","-1.8896272111965349","0.5061856","-7.078627789949953","0.32659057","19.432203","20.650513","18.417122","NOT_AVAILABLE","2.2333908","1.2183094","1.0150814","null","null","1.0185518","0","false","false","false","false","false","false","null","null","null","null","null","null","null"
"null","null","268.00626","2.8586783","1.8069708","1.9876033","26","1","229","0","230","3","false","6.7518616","null","null","-5.743835608737628","0.000009129247","0.000019286901","0.99961036","2.2812343","null","null","null","null","null","null","false","null","null","-1.3507910629428257","84.17658002019651","null","null","null","false","false","false","false","0","0","0.11226948","100.00782","184.64611985075902","null","null","null","27","0","null","null","19","null","null","null","null","null","32.515025490778356","5.3742785","6.050119","0","0","20","1.3590463","93.80496442268961","0.71981406","130.31833","228","0","94.97026795050498","8.093409","11.734273","0","0","24","null","null","null","null","null","null","-0.8976951","3.085533","1263003778","null","null","null","null","2016","null","null","null","null","null","null","null","null","null","null","null","null","null","null","-1.5416095","14.679161","1.5180193","15.804576","0.46944255","0.8298738","0.44868192","0.45266303","1636148068921376800","3403770141951614848","null","null","null","null","null","9","Gaia DR3 3403770141951614848","83.72090640034146","21.961648756880674","null","null","null","null","null","null","20.756802","21.558332","19.803926","NOT_AVAILABLE","1.754406","0.80153084","0.95287514","null","null","null","0","false","false","false","false","false","false","null","null","null","null","null","null","null"
"null","null","319.05847","1.5137252","0.88216573","1.1932801","32","1","275","0","276","95","false","1.8716297","null","null","-5.742346320757265","6.2323263e-10","2.4379962e-9","0.999995","0.89578205","-0.74143285","-0.7637134","-0.061496742","0.24302408","null","null","false","null","null","-1.3503245054976338","84.1780296445577","null","null","null","false","false","false","false","0","0","0.030400407","22.023664","184.6464375793558","null","null","null","33","0","null","null","21","null","0.17065696","0.5962797","0.12790038","-0.38311383","44.664050722003104","8.577333","5.2072186","1","0","26","1.312286","107.88105489229827","0.74888813","144.05498","273","0","96.90674776778275","10.136614","9.560071","1","0","24","2.8238192","0.023565847","-0.29925483","-0.047761984","1.4912007","0.19656","-0.5115149","1.1355928","1450604901","0.5282787","0.1966961","0.08413025","-0.48556927","2016","null","null","null","null","null","null","null","null","null","null","null","null","null","null","-10.523825","13.358098","-1.0861566","21.639145","0.4086693","0.70941025","0.22356206","0.46911582","1636148068921376800","3403770141951613696","null","null","null","null","null","12","Gaia DR3 3403770141951613696","83.72244564757094","21.962177931248473","0.261303343802209","1.5311613","-1.3353163718314345","1.3117539","-2.488148984740851","0.8666708","20.605003","21.213648","19.782011","NOT_AVAILABLE","1.4316368","0.6086445","0.8229923","null","null","1.0506246","0","false","false","false","false","false","false","null","null","null","null","null","null","null"
"0.4375","0.6372","411.53537","0.103130296","0.4988506","0.867635","44","1","376","0","377","31","false","0.13817137","0.5375","0.775","-5.740630913363739","5.097328e-13","1.0205215e-13","0.99999774","0.060060557","-0.56434673","-0.82122266","0.18243691","null","1062.4373","1269.3586","false","0.2398","0.349","-1.3482807894917594","84.17883540989139","null","null","null","false","false","false","false","0","0","0.048313227","3.1779168","184.64505841782207","MARCS","4.7085","4.7689","46","0","-1.7423","-1.1938","30","1.4891372","2.9010553","0.5476159","0.09254461","null","1528.839954659758","7.5957503","201.2757","2","0","42","1.2265743","3271.799823352026","1.8799875","1740.3307","374","0","2484.2654916623333","8.130479","305.5497","1","0","39","0.36005515","null","-0.3636015","null","null","null","-0.4544477","0.07481009","545759351","0.3595206","0.34811822","-0.15408488","null","2016","null","null","null","null","null","null","null","null","null","null","null","null","null","null","-10.312521","11.522536","-1.5040002","23.110096","0.41382295","0.66028446","0.2700878","0.34881198","1636148068921376800","3403770137654901888","5409.6787","5761.7266","null","null","null","17","Gaia DR3 3403770137654901888","83.72321753716348","21.96425475680039","0.2716917349599685","0.093652725","-0.040535553922912936","0.09326592","-0.35776608476379196","0.059851762","16.9004","17.377638","16.259901","NOT_AVAILABLE","1.1177368","0.4772377","0.6404991","null","null","1.0311126","0","true","false","false","false","true","true","5527.684","4.7489","-1.5743","1119.9524","0.6215","0.508","0.2786"
"0.1794","0.3406","393.39688","0","0","0.887345","42","3","358","0","361","31","false","0.21270224","0.2385","0.4491","-5.742188992744803","5.1441517e-13","1.02122236e-13","0.9999949","0.09671255","-0.60402155","-0.8285235","0.16259718","null","650.9524","779.358","false","0.0967","0.1835","-1.3519439216161753","84.17913986783653","null","null","null","false","false","false","false","0","0","0.04523795","7.54252","184.64840440228127","PHOENIX","4.8731","4.9466","44","0","-1.6166","-1.3975","29","1.4205483","4.844479","0.58445257","0.08536882","null","585.8840699653424","7.025275","83.3966","3","0","42","1.25163","1538.0413415110713","1.7505709","878.5942","355","0","1339.1745659892288","8.409477","159.24588","1","0","42","2.9115546","null","-0.33183137","null","null","null","-0.42378706","0.11653414","1538623655","0.3461258","0.3277643","-0.13874958","null","2016","null","null","null","null","null","null","null","null","null","null","null","null","null","null","-12.850324","10.750203","-3.2574532","22.855453","0.40186277","0.65545815","0.2716734","0.34115246","1636148068921376800","3403770141953628288","4284.2944","4426.4927","null","null","null","17","Gaia DR3 3403770141953628288","83.72371723118852","21.960608332254438","0.7446349870486422","0.15370795","0.08802431124566967","0.1433493","-2.9102236700051973","0.095502764","17.719946","18.419012","16.930803","NOT_AVAILABLE","1.4882088","0.69906616","0.7891426","null","null","1.0326263","0","false","false","false","false","true","true","4345.9375","4.9183","-1.5341","702.1769","0.3315","0.2503","0.135"
"null","null","289.89377","0","0","-1.0264713","35","1","307","9","308","95","false","1.7870818","null","null","-5.741027212654041","5.0265897e-10","9.703678e-9","0.99999774","0.71721196","-0.59032345","-0.9138642","0.524956","0.1481757","null","null","false","null","null","-1.3503703433600316","84.17957692846038","null","null","null","false","false","false","false","0","0","0.020878201","8.255016","184.64725086464176","null","null","null","37","0","null","null","26","null","-2.4408011","0.48389947","0.04445004","-0.336709","78.98896276156452","5.9639363","13.244434","0","0","32","1.3036057","183.92148480462484","0.76613337","240.06458","306","0","160.7721284698993","7.708868","20.855478","1","0","34","1.3223689","-0.015808353","-0.6459448","-0.017751079","1.632828","0.10982116","-0.76152825","0.85695773","792418155","0.43514428","0.6945349","-0.5577864","-0.25311974","2016","null","null","null","null","null","null","null","null","null","null","null","null","null","null","null","null","null","null","null","null","null","null","1636148068921376800","3403770141951612544","null","null","null","null","null","13","Gaia DR3 3403770141951612544","83.72411411038496","21.9621994266522","-2.048265455966521","0.8391775","1.0255869754900064","1.0373338","-0.8347639220710261","0.6766015","20.025785","20.594625","19.232368","NOT_AVAILABLE","1.362257","0.56884","0.793417","null","null","0.9573656","0","false","false","false","false","false","false","null","null","null","null","null","null","null"
"0.5877","0.6449","539.7887","0.17990462","4.0381274","5.1056876","43","1","368","0","369","31","false","0.097950436","0.7338","0.8031","-5.73983337662062","5.159109e-13","1.0217647e-13","0.99998474","0.042521037","-0.5954154","-0.822491","0.18226832","null","711.6497","771.9841","false","0.3184","0.3492","-1.3504292819729455","84.18098728111694","null","null","null","false","false","false","false","0","0","0.040501848","4.8976417","184.64800713251043","MARCS","4.5982","4.6378","45","0","-0.7565","-0.6103","30","1.4669048","13.309483","0.57503724","0.06843095","null","3631.8722861370047","12.438062","291.99664","5","0","44","1.2425735","8220.45788252867","4.040727","2034.4006","363","0","6582.650454266673","13.852162","475.20743","1","0","42","6.435441","null","-0.39671075","null","null","null","-0.44409758","0.052041564","1085731110","0.3474434","0.31188712","-0.09256384","null","2016","null","null","null","null","null","null","null","null","null","null","null","null","null","null","-11.311683","11.616562","-1.2274274","22.263401","0.41134757","0.6700181","0.28418574","0.37935787","1636148068921376800","3403770141953627520","5276.945","5378.0747","null","null","null","17","Gaia DR3 3403770141953627520","83.72563572277087","21.96220186314758","0.898671774232743","0.06752117","3.72435120453165","0.06600591","-5.248248192953684","0.042318545","15.900126","16.438215","15.201894","VARIABLE","1.2363214","0.5380888","0.69823265","null","null","1.1943794","0","true","false","false","true","true","true","5315.1597","4.6218","-0.7006","733.5845","0.7608","0.6098","0.3305"
"0.0045","0.0854","477.1032","0.40791327","2.0445523","2.9352036","44","2","377","0","379","31","false","0.33215564","0.0058","0.1081","-5.750585778315761","6.7387e-11","2.1994996e-11","0.99999595","0.13778514","-0.5506402","-0.8512993","0.30381894","null","1089.3011","1200.8527","false","0.0024","0.0465","-1.3439589177973617","84.16487807217783","null","null","null","false","false","false","false","0","0","0.035248436","154.75313","184.63431430560394","MARCS","4.9154","4.9691","46","0","-2.6917","-2.2176","31","1.4676281","1.8484651","0.53352493","0.039260603","null","464.7329929388246","7.009913","66.29654","0","0","42","1.2021594","1056.969299925772","1.2095884","873.82556","372","0","805.9125532970933","9.986695","80.69862","1","0","41","1.3134094","null","-0.46979547","null","null","null","-0.52624905","0.16775903","914924616","0.37091893","0.43196145","-0.2609701","null","2016","null","null","null","null","null","null","null","null","null","null","null","null","null","null","-7.1638737","12.756456","1.2517192","21.677132","0.41057137","0.6898455","0.29280218","0.38272563","1636148068921376800","3403770172014644608","4666.88","4749.985","null","null","null","16","Gaia DR3 3403770172014644608","83.70798311871522","21.967964796613625","0.36418207759866106","0.19701864","0.3112608409508878","0.21483035","-1.2759941183099777","0.13775936","18.12721","18.670534","17.482176","NOT_AVAILABLE","1.1883583","0.5433235","0.6450348","null","null","1.1085898","0","false","false","false","false","true","true","4690.1675","4.9485","-2.4799","1127.6321","0.0314","0.0247","0.0134"
"null","null","180.59625","0","0","0.06652666","21","2","185","0","187","3","false","6.425156","null","null","-5.74968928680952","0.000020133999","0.00021268046","0.99830043","2.2271795","null","null","null","null","null","null","false","null","null","-1.3450606761164312","84.16654371103131","null","null","null","false","false","false","false","0","0","0.11007513","9.624211","184.63610742441162","null","null","null","22","0","null","null","15","null","null","null","null","null","45.26278248635727","9.061361","4.9951415","0","0","16","1.3192482","98.30082680018266","0.8791036","111.81939","183","0","84.42041136544387","9.105626","9.271236","0","0","17","null","null","null","null","null","null","-0.9096452","3.03968","1658363524","null","null","null","null","2016","null","null","null","null","null","null","null","null","null","null","null","null","null","null","-0.8786086","17.361399","2.3334787","18.691254","0.44145694","0.8267213","0.43728748","0.4512036","1636148068921376800","3403770176311355136","null","null","null","null","null","11","Gaia DR3 3403770176311355136","83.70982875180387","21.966936688237407","null","null","null","null","null","null","20.705975","21.199188","19.931776","NOT_AVAILABLE","1.2674122","0.49321365","0.77419853","null","null","null","0","false","false","false","false","false","false","null","null","null","null","null","null","null"
"null","null","122.19108","1.9996039","0.46144924","1.4443082","12","1","106","0","107","3","false","15.973876","null","null","-5.745375525201437","0.000025076924","0.0011022526","0.99729806","4.9983425","null","null","null","null","null","null","false","null","null","-1.346484228669091","84.17233420418796","null","null","null","false","false","false","false","0","0","0.051968783","31.994204","184.6402427337979","null","null","null","13","0","null","null","8","null","null","null","null","null","45.291152326637516","9.874609","4.5866275","0","0","11","1.2845856","78.4188280017809","1.0836661","72.36438","105","0","55.444542346721285","8.741651","6.3425713","1","0","10","null","null","null","null","null","null","-0.8583647","7.681153","1503331333","null","null","null","null","2016","null","null","null","null","null","null","null","null","null","null","null","null","null","null","-69.31772","19.543173","-8.956672","19.457483","0.20554693","0.8641191","0.5282486","0.52838856","1636148068921376800","3403770210671091072","null","null","null","null","null","6","Gaia DR3 3403770210671091072","83.71613175167118","21.96576672214683","null","null","null","null","null","null","20.951317","21.19851","20.388248","NOT_AVAILABLE","0.8102608","0.24719238","0.5630684","null","null","null","0","false","false","false","false","false","false","null","null","null","null","null","null","null"
"1.1018","1.1236","387.7893","0","0","-0.13172281","44","4","382","0","386","31","false","0.06923172","1.3505","1.3757","-5.744120055924359","5.103671e-13","1.0217647e-13","0.99998474","0.029223435","-0.5693383","-0.8135393","0.15087609","null","1309.2664","2042.0785","false","0.5939","0.6059","-1.3439399161486014","84.17232249689594","null","null","null","false","false","false","false","0","0","0.045833416","1.1029041","184.63801854265995","PHOENIX","3.937","4.2461","47","0","-0.1174","-0.0395","31","1.4631014","20.865032","0.5421332","0.108522855","null","5434.244662681933","9.995396","543.6748","2","0","47","1.2454486","12494.133641322622","3.5647206","3504.9404","383","0","10126.55596617794","10.29734","983.41473","0","0","45","8.111349","null","-0.38487744","null","null","null","-0.47107422","0.037349455","867382484","0.4074527","0.33043602","-0.07798167","null","2016","null","null","null","null","null","null","null","null","null","null","null","null","null","null","-7.387916","12.249519","1.3441316","22.196344","0.43705544","0.6784827","0.27483252","0.39180064","1636148068921376800","3403770210673104640","6252.132","6294.4365","null","null","null","17","Gaia DR3 3403770210673104640","83.71599966201065","21.968308110935357","0.9749479789954496","0.04672641","-4.59505330216026","0.047409963","-6.684270664789807","0.029076513","15.445601","16.000694","14.7342415","NOT_AVAILABLE","1.2664528","0.5550928","0.71136","null","null","0.99432415","0","true","false","false","false","false","true","6276.735","4.1566","-0.064","1498.9642","1.3651","1.1144","0.6009"
"null","null","365.17783","0","2.1273114e-15","-0.37802804","42","2","363","0","365","95","false","0.46402788","null","null","-5.745186488882495","null","null","null","0.22971298","-0.64213246","-0.8155951","-0.019244252","0.13719216","null","null","false","null","null","-1.341435491087015","84.16965637923754","null","null","null","false","false","false","false","0","0","0.05333462","178.6923","184.63450243518324","null","null","null","44","0","null","null","30","null","1.9513378","0.5365949","0.21009217","-0.29338926","null","null","null","null","null","0","null","471.23209414848054","0.95133334","495.33856","361","2","null","null","null","null","null","0","2.6708918","0.040199697","-0.19884968","-0.039375685","1.3768735","0.05050797","-0.5076704","0.2885355","626773517","0.5047823","0.33575478","-0.040421423","-0.27681828","2016","null","null","null","null","null","null","null","null","null","null","null","null","null","null","-7.478475","12.522449","0.9912567","21.072485","0.46963212","0.6895918","0.2765192","0.40483144","1636148068921376800","3403770210670305024","null","null","null","null","null","17","Gaia DR3 3403770210670305024","83.713010657764","21.970694050349813","0.7174754992254871","0.36768392","-0.7754663435970723","0.32962948","-2.5558392893746356","0.2090368","19.00428","null","null","NOT_AVAILABLE","null","null","null","null","null","0.9849569","0","false","false","false","false","false","false","null","null","null","null","null","null","null"
"0.2053","0.2706","388.92072","0","0","0.010448896","44","0","378","0","378","31","false","0.15547314","0.2658","0.3488","-5.745484944164949","5.097947e-13","1.0205597e-13","0.99999666","0.06715826","-0.5614588","-0.8151204","0.16336587","null","766.6069","859.4999","false","0.1116","0.1473","-1.343046849807231","84.17023647382555","null","null","null","false","false","false","false","0","0","0.047419906","1.1177","184.63619728418237","MARCS","4.6121","4.72","46","0","-2.2022","-2.047","30","1.444479","5.8841515","0.54648685","0.08561724","null","1100.422807341701","10.567901","104.1288","1","0","44","1.2409452","2641.934441154473","1.7723103","1490.6726","376","0","2178.073224440974","10.209313","213.3418","1","0","45","2.3882518","null","-0.36904368","null","null","null","-0.44916657","0.08381886","1568813207","0.35108522","0.32555756","-0.13780455","null","2016","null","null","null","null","null","null","null","null","null","null","null","null","null","null","-9.13501","12.134406","0.23524828","22.671406","0.41063002","0.6703651","0.27148122","0.38153183","1636148068921376800","3403770210673104768","4539.2397","4609.5435","null","null","null","17","Gaia DR3 3403770210673104768","83.71371111533121","21.969109489231286","0.6130225049473407","0.104181975","-1.553041623332903","0.10559806","-1.8143341769888859","0.06662523","17.132563","17.734644","16.402714","NOT_AVAILABLE","1.3319302","0.6020813","0.72984886","null","null","0.99948895","0","true","false","false","false","true","true","4577.525","4.6789","-2.1386","799.9052","0.3095","0.2396","0.1304"
"0.453","0.5117","478.40018","0.1458776","3.6284502","2.7270107","45","4","384","0","388","31","false","0.08157274","0.5583","0.6287","-5.74478370456958","5.10801e-13","1.02246465e-13","0.9999778","0.035027664","-0.5633585","-0.82022625","0.15543915","null","1003.1918","1136.6816","false","0.2475","0.2795","-1.340920842059295","84.16982562241364","null","null","null","false","false","false","false","0","0","0.047171567","2.0261683","184.6341383136323","MARCS","4.312","4.3931","47","0","-1.316","-1.1447","31","1.4910562","10.012602","0.5368398","0.119761646","null","5058.159729127736","14.595144","346.56454","36","0","43","1.250418","10759.85435793351","3.7516196","2868.056","382","0","8396.15518122195","19.116991","439.19858","37","0","44","3.799346","null","-0.35930204","null","null","null","-0.4706358","0.044768702","564978352","0.40827978","0.35058486","-0.10510914","null","2016","null","null","null","null","null","null","null","null","null","null","null","null","null","null","-8.622712","11.426765","-0.43749794","21.948603","0.44067776","0.6712845","0.2754845","0.3619066","1636148068921376800","3403770206374386176","5349.1245","5452.574","null","null","null","17","Gaia DR3 3403770206374386176","83.7131687517646","21.971215582748677","0.5575404783049049","0.055683874","3.7620542639860797","0.055868085","0.5310154925335762","0.034533486","15.607851","16.078562","14.937695","NOT_AVAILABLE","1.1408672","0.47071075","0.6701565","null","null","1.0997591","0","true","false","false","false","true","true","5415.8623","4.3667","-1.2015","1045.6493","0.604","0.4912","0.2683"
"null","null","298.62238","0","0","-1.9338888","38","1","331","0","332","95","false","0.66107154","null","null","-5.743851527280696","5.125452e-13","2.5705117e-11","0.99998534","0.32652146","-0.666156","-0.82519317","-0.24579367","0.21118021","null","null","false","null","null","-1.3410386112420078","84.17096802291097","null","null","null","false","false","false","false","0","0","0.017663017","8.799497","184.6348119794228","null","null","null","40","0","null","null","28","null","1.0467362","0.5485025","0.29953226","-0.34741238","110.8066246895322","8.961441","12.364822","1","0","36","1.3417131","353.95836776389746","0.903402","391.80606","331","0","364.10393442709733","10.11174","36.008038","0","0","38","3.8121543","-0.013908895","-0.0018107346","-0.11630727","1.3086681","0.06477439","-0.44748166","0.37947005","1689531612","0.5131131","0.25908008","-0.015667139","-0.31714657","2016","null","null","null","null","null","null","null","null","null","null","null","null","null","null","-4.966184","13.6847105","4.960038","20.76304","0.4810072","0.70704395","0.2745704","0.4733647","1636148068921376800","3403770210670304256","null","null","null","null","null","14","Gaia DR3 3403770210670304256","83.71440464614491","21.971147682112633","0.5044919045515616","0.4819666","3.770897188639828","0.45620978","0.5593345700520124","0.28063324","19.314987","20.227127","18.344831","NOT_AVAILABLE","1.8822956","0.9121399","0.9701557","null","null","0.92411464","0","false","false","false","false","false","false","null","null","null","null","null","null","null"
"null","null","71.435265","5.460258","1.6431106","2.150796","6","0","53","0","53","3","false","25.971014","null","null","-5.744441388004473","0.00002339833","0.00046136984","0.9990225","4.351151","null","null","null","null","null","null","false","null","null","-1.3399154508856717","84.16964366498125","null","null","null","false","false","false","false","0","0","0.6398907","96.0748","184.63317079108919","null","null","null","6","0","null","null","1","null","null","null","null","null","53.157317905729535","9.086136","5.8503766","0","0","4","1.4095942","67.08320933475369","1.5943866","42.07462","51","1","41.40278054563299","13.256379","3.1232345","0","0","4","null","null","null","null","null","null","-0.81643754","6.2331986","1578083669","null","null","null","null","2016","null","null","null","null","null","null","null","null","null","null","null","null","null","null","-77.04266","23.938114","-21.316257","32.82215","0.18594977","0.7656023","0.39150578","0.57546204","1636148068921376800","3403770210671087232","null","null","null","null","null","5","Gaia DR3 3403770210671087232","83.71292554605982","21.97221209310975","null","null","null","null","null","null","21.120832","21.024635","20.705322","NOT_AVAILABLE","0.31931305","-0.09619713","0.41551018","null","null","null","0","false","false","false","false","false","false","null","null","null","null","null","null","null"
"null","null","125.793015","2.267059","0.83636165","1.1950253","13","0","113","0","113","3","false","15.645583","null","null","-5.737896330360358","0.0000012640983","0.0000103856555","0.9993588","4.867273","null","null","null","null","null","null","false","null","null","-1.3428238517709195","84.17885863696023","null","null","null","false","false","false","false","0","0","0.07958939","25.993261","184.64031225812218","null","null","null","13","0","null","null","10","null","null","null","null","null","26.094497935640216","9.2116375","2.832775","0","0","7","1.4673772","79.70863115209715","1.0244097","77.809326","113","0","90.868126013977","13.354201","6.8044596","0","0","11","null","null","null","null","null","null","-0.94909626","7.134058","449221883","null","null","null","null","2016","null","null","null","null","null","null","null","null","null","null","null","null","null","null","-4.627833","17.034555","1.7246544","16.400991","0.25503376","0.8897178","0.324019","0.62042105","1636148068921376800","3403770141951606144","null","null","null","null","null","7","Gaia DR3 3403770141951606144","83.72298657911463","21.969707538747414","null","null","null","null","null","null","20.933603","21.79717","19.851866","NOT_AVAILABLE","1.9453049","0.86356735","1.0817375","null","null","null","0","false","false","false","false","false","false","null","null","null","null","null","null","null"
"null","null","202.30222","0","0","0.75401","22","0","193","0","193","3","false","7.3073525","null","null","-5.733576712863878","0.0000026242105","0.00023716161","0.9993613","2.1851735","null","null","null","null","null","null","false","null","null","-1.3439936111260513","84.18451030059538","null","null","null","false","false","false","false","0","0","0.09535998","96.35116","184.6441568148808","null","null","null","22","0","null","null","15","null","null","null","null","null","49.4616989635806","8.864067","5.5800233","0","0","16","1.1585616","91.61220520292805","0.9753677","93.92581","189","0","56.67668292813486","9.520921","5.9528575","0","0","19","null","null","null","null","null","null","-0.7831025","2.7220275","1468356654","null","null","null","null","2016","null","null","null","null","null","null","null","null","null","null","null","null","null","null","-4.7664104","16.321386","2.1572533","17.762697","0.3826743","0.8493735","0.42394307","0.5571466","1636148068921376800","3403770141951603584","null","null","null","null","null","9","Gaia DR3 3403770141951603584","83.72912818259097","21.968784562766896","null","null","null","null","null","null","20.782484","21.102869","20.364384","NOT_AVAILABLE","0.73848534","0.32038498","0.41810036","null","null","null","0","false","false","false","false","false","false","null","null","null","null","null","null","null"
"0.0057","0.0779","375.94604","0","0","-0.05599523","43","1","368","0","369","31","false","0.22055624","0.007","0.095","-5.736274936682289","5.0985377e-13","1.3961927e-10","0.99999654","0.090203114","-0.48468283","-0.77963877","0.1387946","null","1626.727","1746.8398","false","0.0031","0.0425","-1.341709280907204","84.18008890696382","null","null","null","false","false","false","false","1","0","0.04586438","2.123195","184.63995538677943","MARCS","4.7792","4.8224","45","0","-2.3439","-1.7646","28","1.5202128","0.14325827","0.4706922","0.13053924","null","699.1142880252326","7.6335144","91.584854","21","0","40","1.2161506","1389.7570628133806","1.4187","979.599","366","0","991.0396961085272","10.516254","94.238846","23","0","40","0.35269752","null","-0.34281266","null","null","null","-0.34761152","0.11367637","1095139540","0.24329613","0.23072404","-0.12186427","null","2016","null","null","null","null","null","null","null","null","null","null","null","null","null","null","-9.568313","11.062962","-0.2630671","24.994913","0.36379308","0.6258958","0.26228666","0.36249813","1636148068921376800","3403770137654908544","5166.532","5255.828","null","null","null","18","Gaia DR3 3403770137654908544","83.72425929211911","21.970874554992232","0.0199778596715998","0.13945344","0.30090393102046925","0.15321778","-0.1839901528029387","0.091194","17.830019","18.22717","17.257668","NOT_AVAILABLE","0.9695034","0.39715195","0.57235146","null","null","0.99700505","0","false","false","false","false","true","true","5184.9414","4.8123","-2.1618","1649.829","0.0226","0.0184","0.0101"
"0.0101","0.1849","387.29184","0","0","-0.045900114","44","1","378","0","379","31","false","0.2866902","0.0131","0.2364","-5.737956063960443","5.0980915e-13","1.0204199e-13","0.99999833","0.12254014","-0.5401502","-0.8491134","0.26677248","null","1055.5695","1212.6746","false","0.0054","0.0997","-1.3383894027662049","84.17624629472814","null","null","null","false","false","false","false","0","0","0.035413936","176.82298","184.63514033989065","PHOENIX","4.858","4.92","46","0","-1.8008","-1.5186","31","1.4667193","2.2748826","0.53455985","0.06023992","null","465.007687514744","8.944216","51.989765","2","0","40","1.200762","1105.1015014307297","1.2613522","876.12445","376","0","861.9562875972573","11.4016905","75.59899","2","0","41","3.3630152","null","-0.42712888","null","null","null","-0.5063996","0.14895125","1247734522","0.36331862","0.41685784","-0.26098147","null","2016","null","null","null","null","null","null","null","null","null","null","null","null","null","null","-5.3340034","12.596386","2.6715994","21.943138","0.46608618","0.683878","0.33442366","0.38382542","1636148068921376800","3403770210670300928","4527.446","4708.7197","null","null","null","16","Gaia DR3 3403770210670300928","83.71996500363014","21.974024146885874","0.39924215443035344","0.17550012","1.4048590368567322","0.1869238","-3.0555264541196294","0.12068164","18.078861","18.669891","17.409182","NOT_AVAILABLE","1.2607098","0.5910301","0.66967964","null","null","0.9974269","0","false","false","false","false","true","true","4593.1646","4.901","-1.6967","1109.3601","0.0928","0.0722","0.039"
"0.0018","0.0148","388.1237","0","0","-0.11521865","45","1","381","0","382","31","false","0.34834954","0.0024","0.0197","-5.73735071810247","6.174003e-11","2.0221765e-11","0.9999974","0.14260004","-0.47664917","-0.8135369","0.21848269","null","776.8023","820.9955","false","0.0009","0.008","-1.3387979051638244","84.17717859742532","null","null","null","false","false","false","false","2","0","0.02879506","179.25789","184.63596247128064","MARCS","4.771","4.8216","47","0","-2.8237","-2.4461","31","1.4190471","0.3147709","0.47356406","0.12169411","null","284.2369385023295","11.50874","24.697485","1","0","39","1.2102222","766.4119629731965","1.0879734","704.44","378","0","643.2919092214212","10.520329","61.147507","0","0","40","3.3443027","null","-0.39999253","null","null","null","-0.4181606","0.17735413","1247448559","0.24674045","0.30821043","-0.18468884","null","2016","null","null","null","null","null","null","null","null","null","null","null","null","null","null","-4.107757","11.835168","2.8329046","22.87438","0.40466154","0.6616708","0.32002935","0.371543","1636148068921376800","3403770206377539328","4157.8706","4188.3057","null","null","null","17","Gaia DR3 3403770206377539328","83.72098828332084","21.97365659450042","0.06690371095837767","0.21254732","1.1414081862040129","0.23632063","-3.143493015083621","0.14348671","18.476212","19.20434","17.726875","NOT_AVAILABLE","1.4774647","0.72812843","0.74933624","null","null","0.9949162","0","false","false","false","false","true","false","4173.5425","4.7943","-2.6307","808.1047","0.0078","0.0058","0.0032"
"null","null","249.99251","0","1.2813496e-15","-0.6391983","29","1","252","0","253","95","false","2.5115674","null","null","-5.745626948305666","6.8847883e-10","8.5454905e-9","0.9999957","1.0474893","-0.48251674","-0.8819523","0.30896997","0.034372177","null","null","false","null","null","-1.3303301167516657","84.16277862412264","null","null","null","false","false","false","false","0","0","0.07994672","9.772148","184.62138228836199","null","null","null","30","0","null","null","22","null","-0.5662147","0.3660692","0.34904486","-0.40412998","64.29311583701715","9.757469","6.589118","1","0","19","1.7063459","102.42197580024386","0.784848","130.49913","250","0","110.4741982677535","7.5161104","14.69832","0","0","27","4.3286905","0.12391102","-0.4415575","-0.15975353","1.2684894","0.19979219","-0.6587755","1.4283203","1372632886","0.20620283","0.56819594","-0.46734837","-0.15147471","2016","null","null","null","null","null","null","null","null","null","null","null","null","null","null","-10.471211","10.812074","-4.319272","15.933178","0.44102585","0.7554763","0.35275427","0.36599588","1636148068921376800","3403770966585326848","null","null","null","null","null","12","Gaia DR3 3403770966585326848","83.70508095428868","21.98148908219301","-0.9580512513158224","1.6920284","0.7679726548814776","1.5560167","-4.26002095180518","0.963999","20.661385","20.81813","19.639744","NOT_AVAILABLE","1.1783867","0.15674591","1.0216408","null","null","0.96997994","0","false","false","false","false","false","false","null","null","null","null","null","null","null"
"0.2852","0.4331","374.8768","0","0","-0.31890225","44","2","374","0","376","31","false","0.15443113","0.3536","0.5326","-5.740106516976495","5.098873e-13","1.0206045e-13","0.9999966","0.06626281","-0.5611982","-0.8111662","0.16682625","null","1037.9791","1139.263","false","0.1571","0.2385","-1.3321417452296576","84.17018315607245","null","null","null","false","false","false","false","0","0","0.046371724","1.3763597","184.62666277413084","MARCS","4.7774","4.8153","46","0","-3.1269","-2.4435","30","1.4880978","5.477867","0.5430413","0.08389308","null","1248.3406688648843","9.593449","130.12428","1","0","42","1.2343355","2650.341418892607","1.7305521","1531.5005","371","0","2023.069836006708","11.300441","179.02574","3","0","44","1.0008371","null","-0.37131733","null","null","null","-0.4455564","0.082637","1526245359","0.3626855","0.32685524","-0.14008564","null","2016","null","null","null","null","null","null","null","null","null","null","null","null","null","null","-9.477516","12.090204","-0.014302388","23.315643","0.4079956","0.6616378","0.25660998","0.37756062","1636148068921376800","3403770210673102336","5162.8066","5374.636","null","null","null","17","Gaia DR3 3403770210673102336","83.71314134560946","21.98000191622732","0.5634195060369418","0.10285381","-0.9902651751755308","0.10481116","0.14508540382351048","0.066309035","17.129112","17.59771","16.482868","NOT_AVAILABLE","1.1148415","0.4685974","0.64624405","null","null","0.9873844","0","true","false","false","false","true","true","5221.9165","4.7978","-2.8105","1068.6688","0.4055","0.328","0.1807"
"null","null","348.42276","0","2.199338e-15","-0.101349466","39","3","340","0","343","95","false","0.72570354","null","null","-5.736563158187385","5.12522e-13","1.0254345e-10","0.99998575","0.338829","-0.57770735","-0.8155421","-0.2179078","0.13532634","null","null","false","null","null","-1.330101609987394","84.17309865708113","null","null","null","false","false","false","false","0","0","0.061418194","178.39366","184.6263412892144","null","null","null","41","0","null","null","28","null","1.5935504","0.46964952","0.27983773","-0.30341145","112.22387426886249","8.529889","13.156546","0","0","40","1.2681608","294.01234521347675","0.8335294","352.73184","340","0","260.6310688651602","8.946087","29.133528","1","0","38","3.2853255","0.045056727","-0.025311003","-0.10703872","1.3688176","0.072562106","-0.33624664","0.40310055","25237880","0.42421302","0.16099153","-0.06287827","-0.2614732","2016","null","null","null","null","null","null","null","null","null","null","null","null","null","null","-2.750143","12.716098","5.9803457","21.847075","0.45240742","0.6718705","0.2872838","0.4534833","1636148068921376800","3403770206374392320","null","null","null","null","null","15","Gaia DR3 3403770206374392320","83.71618572826604","21.98216708064219","0.7882906395399726","0.49467567","-0.19046504798771774","0.51297474","-3.279799743792944","0.30177224","19.516453","20.21333","18.70783","NOT_AVAILABLE","1.5054989","0.6968765","0.80862236","null","null","0.9950847","0","false","false","false","false","false","false","null","null","null","null","null","null","null"
"0.1516","0.4876","393.86728","0","0","-0.058951847","44","1","384","0","385","31","false","0.22440335","0.2045","0.6494","-5.743779122748275","5.099356e-13","1.0208374e-13","0.999994","0.0998625","-0.5381212","-0.83433926","0.085503966","null","803.4784","1449.0082","false","0.0811","0.2603","-1.3268023840752987","84.16288577500725","null","null","null","false","false","false","false","0","0","0.041228827","178.54115","184.6183601329213","PHOENIX","4.4588","4.769","46","0","-1.0701","-0.632","31","1.4032284","2.8523834","0.5330347","0.077171974","null","520.3157939857361","7.164667","72.62247","0","0","44","1.2721467","1418.6602175392018","1.4250536","995.5136","373","0","1284.428066910299","10.709436","119.934235","0","0","44","7.732725","null","-0.26026446","null","null","null","-0.35152912","0.12237226","965379586","0.34991044","0.26747373","-0.21110494","null","2016","null","null","null","null","null","null","null","null","null","null","null","null","null","null","-6.189574","9.769117","1.7694495","21.8454","0.4338095","0.6564094","0.27726826","0.32771882","1636148068921376800","3403770962288638464","4137.0625","4422.929","null","null","null","17","Gaia DR3 3403770962288638464","83.70503039573842","21.985018129514483","0.42635422312217597","0.14947298","2.242175782898997","0.15555559","-7.400519250918693","0.09809517","17.80767","18.547874","16.976122","NOT_AVAILABLE","1.5717525","0.74020386","0.8315487","null","null","0.9969808","0","false","false","false","false","true","true","4311.5205","4.5897","-0.7504","1144.1925","0.4776","0.3571","0.1906"
"null","null","364.5608","0.13173945","0.013066953","0.43823946","39","3","339","0","342","95","false","1.0539796","null","null","-5.740592839011114","6.3226244e-11","2.2558297e-11","0.99999386","0.5550923","-0.66726357","-0.826699","-0.08609053","0.25734758","null","null","false","null","null","-1.3241470837873117","84.1650366722081","null","null","null","false","false","false","false","0","0","0.04465099","168.42719","184.61712017733382","null","null","null","41","0","null","null","27","null","0.64241266","0.54686224","0.23022214","-0.36017597","51.31340499622828","5.4999804","9.329743","0","0","32","1.4168684","172.3238218315175","0.76563907","225.07187","337","0","192.84677750240226","6.566676","29.367487","0","0","36","0.8059264","-0.03799906","-0.10828836","-0.056289688","1.3022368","0.11449337","-0.5056118","0.6665299","65685273","0.5330786","0.33774254","-0.09331415","-0.34771612","2016","null","null","null","null","null","null","null","null","null","null","null","null","null","null","-6.3779","13.455507","1.6302118","21.660755","0.5039401","0.6943475","0.3078848","0.40370053","1636148068921376800","3403770962288640640","null","null","null","null","null","15","Gaia DR3 3403770962288640640","83.70722225699527","21.98776469762105","0.5375131601522637","0.8367101","-0.22979370619950915","0.74961257","-0.77247149553908","0.4924489","20.096504","21.062965","19.034864","NOT_AVAILABLE","2.028101","0.9664612","1.0616398","null","null","1.0160229","0","false","false","false","false","false","false","null","null","null","null","null","null","null"
"0.232","0.5511","383.6573","0","0","-1.0386517","47","1","402","9","403","31","false","0.1780382","0.2961","0.6947","-5.734619420734567","5.098712e-13","1.0206266e-13","0.999996","0.072464265","-0.46601716","-0.8060795","0.15006673","null","869.656","1244.152","false","0.1257","0.298","-1.3261873519726346","84.17309470563565","null","null","null","false","false","false","false","0","0","0.020713897","5.4250827","184.62292664883546","PHOENIX","4.721","4.8752","49","0","-1.7799","-0.9658","32","1.4568084","4.173533","0.45597365","0.16348873","null","893.0930182148742","6.25112","142.86928","1","0","46","1.2412463","2039.036884723159","1.4986013","1360.6266","391","0","1637.8540892896615","9.493275","172.52783","0","0","45","2.195801","null","-0.34406134","null","null","null","-0.35037312","0.09132132","322785690","0.24862517","0.2472316","-0.16279754","null","2016","null","null","null","null","null","null","null","null","null","null","null","null","null","null","null","null","null","null","null","null","null","null","1636148068921376800","3403794429989944960","4754.728","5161.9253","null","null","null","18","Gaia DR3 3403794429989944960","83.71599763788873","21.986077452901974","0.4658595293769207","0.11162235","1.731261682920769","0.123360634","-1.3506571028939836","0.07257519","17.413805","17.9613","16.712208","NOT_AVAILABLE","1.2490921","0.5474949","0.7015972","null","null","0.9625379","0","true","false","false","false","true","true","4856.7163","4.814","-1.5135","975.8386","0.4228","0.3327","0.1801"
"null","null","368.05615","0","0","0.398556","40","0","349","0","349","95","false","0.7653914","null","null","-5.7372510790620845","6.714549e-11","1.10439956e-10","0.9999955","0.35233372","-0.56316316","-0.79057527","-0.22573917","0.15414187","null","null","false","null","null","-1.3232196569385195","84.16835796003892","null","null","null","false","false","false","false","0","0","0.017556641","19.625645","184.61797169215203","null","null","null","42","0","null","null","29","null","-1.1686125","0.44907653","0.24886516","-0.31418416","101.99191217161606","5.553504","18.365326","1","0","34","1.3087437","276.12452164834286","0.86049026","320.8921","348","0","259.38431433718614","8.031604","32.295456","2","0","37","4.2573843","0.050804928","-0.059030503","-0.10761807","1.433047","0.075105645","-0.33906743","0.4250863","423231332","0.4220262","0.13306455","-0.04057901","-0.2614579","2016","null","null","null","null","null","null","null","null","null","null","null","null","null","null","-1.783655","12.596739","6.642913","21.38357","0.4645263","0.67964834","0.29682165","0.46013334","1636148068921376800","3403794429989947008","null","null","null","null","null","15","Gaia DR3 3403794429989947008","83.71075611789011","21.988836009699323","-0.5958969797498707","0.5099184","1.8357674629386498","0.54363626","-3.841260077913422","0.31356356","19.584604","20.317127","18.713036","NOT_AVAILABLE","1.6040916","0.73252296","0.8715687","null","null","1.0142789","0","false","false","false","false","false","false","null","null","null","null","null","null","null"
"null","null","262.0766","1.3879284","0.51673603","0.87105125","27","2","235","0","237","95","false","2.9945118","null","null","-5.732763599457556","5.796437e-10","1.5342762e-9","0.9999908","1.0930016","-0.3946259","-0.76936793","0.33994073","0.008583403","null","null","false","null","null","-1.323420391412418","84.17364745260181","null","null","null","false","false","false","false","0","0","0.060342167","14.089337","184.6207905527947","null","null","null","28","0","null","null","18","null","-1.6160085","0.38080958","0.010374984","-0.42766","43.57514804484676","6.8625555","6.349697","1","0","24","1.4125133","105.64920844357228","0.83022624","127.25352","236","0","105.65575966644002","5.042049","20.954926","1","0","24","4.747736","0.13786212","-0.67134655","-0.13919409","0.8873411","0.21423618","-0.6778187","1.5619125","1120540932","0.04707778","0.35502496","-0.13982983","-0.015802508","2016","null","null","null","null","null","null","null","null","null","null","null","null","null","null","-6.1741686","17.163025","0.23072927","20.291996","0.4128358","0.80289984","0.41835117","0.46159318","1636148068921376800","3403794434286621696","null","null","null","null","null","12","Gaia DR3 3403794434286621696","83.7164630661739","21.988865853705903","-2.5262170367986765","1.5632448","1.9920014574505076","1.9507229","-4.309631667074239","1.0988493","20.6277","21.240444","19.688162","NOT_AVAILABLE","1.5522823","0.6127434","0.93953896","null","null","1.0395015","0","false","false","false","false","false","false","null","null","null","null","null","null","null"
"0.5928","0.6583","405.30716","0","0","0.8059285","44","0","372","0","372","31","false","0.0904504","0.7348","0.8135","-5.728791374083766","5.0984304e-13","1.0207138e-13","0.9999951","0.034858417","-0.47098166","-0.7663946","0.11893606","null","823.7055","892.2302","false","0.3215","0.3567","-1.3341904589501004","84.18440526377796","null","null","null","false","false","false","false","0","0","0.036889542","179.38118","184.63555734917944","MARCS","4.5975","4.6444","46","0","-0.7259","-0.5652","29","1.4753771","11.378184","0.42998424","0.19438244","null","3251.969595690741","13.460593","241.59184","3","0","42","1.2403214","7229.942167252983","2.7902768","2591.12","370","0","5715.482573674304","13.2177725","432.4089","2","0","40","4.260602","null","-0.37276262","null","null","null","-0.36981052","0.04543129","1623495690","0.27046725","0.21189505","-0.023805479","null","2016","null","null","null","null","null","null","null","null","null","null","null","null","null","null","-8.973217","11.605287","-0.3849527","23.482649","0.39589167","0.6478685","0.28470406","0.37413365","1636148068921376800","3403793678374404480","5408.1523","5529.548","null","null","null","18","Gaia DR3 3403793678374404480","83.72855560997347","21.97857388761893","0.6332048280101028","0.05565078","0.5191454797422074","0.06328625","-4.22885526817424","0.034998477","16.03953","16.558176","15.355264","NOT_AVAILABLE","1.2029123","0.51864624","0.6842661","null","null","1.0289773","0","true","false","false","false","true","true","5459.4424","4.6168","-0.6538","852.1387","0.768","0.6204","0.3364"
"0.0009","0.0078","449.05026","0.44628954","1.0043362","2.0612526","44","0","377","0","377","31","false","0.45576754","0.0012","0.0098","-5.730313889214789","9.0952676e-11","5.049494e-10","0.99998945","0.1865179","-0.461757","-0.82017833","0.23693551","null","1479.0363","1547.3492","false","0.0005","0.0042","-1.326802855035096","84.17841229469181","null","null","null","false","false","false","false","0","0","0.032232836","166.55818","184.62612112079492","MARCS","4.944","4.9743","45","0","-2.8305","-2.5739","29","1.5048857","0.6881493","0.45899752","0.127737","null","276.67464303076844","9.811912","28.197832","3","0","37","1.2607877","552.9225250627253","0.97626466","566.3654","374","0","420.4432843628118","8.741221","48.09892","1","0","39","1.7589458","null","-0.41289276","null","null","null","-0.43477318","0.2310286","1797152003","0.26354635","0.3358257","-0.230998","null","2016","null","null","null","null","null","null","null","null","null","null","null","null","null","null","-2.6595633","12.509199","4.5054674","23.2435","0.4233281","0.66216695","0.33992842","0.4020669","1636148068921376800","3403793674075700096","4650.4067","4685.3013","null","null","null","17","Gaia DR3 3403793674075700096","83.7217541953381","21.985693951685587","0.1864974335024542","0.27101305","0.6861376823054585","0.3067562","-1.619600437410719","0.1857298","18.830706","19.23362","18.188627","NOT_AVAILABLE","1.0449924","0.40291405","0.6420784","null","null","1.0755949","0","false","false","false","false","true","false","4667.841","4.9646","-2.7098","1514.3701","0.0042","0.0033","0.0018"
"null","null","353.5799","0","0","-0.12171156","38","1","332","0","333","95","false","1.166929","null","null","-5.731712869811355","9.2858593e-10","7.858058e-9","0.9999927","0.5799639","-0.6789602","-0.81097126","0.019526623","0.2082753","null","null","false","null","null","-1.3257300538909915","84.17618383168764","null","null","null","false","false","false","false","0","0","0.016576417","151.16351","184.6240719712666","null","null","null","39","0","null","null","24","null","0.7989241","0.55716306","0.19815667","-0.35270026","72.98962054068214","4.9926977","14.619275","1","0","30","1.348384","144.9346475352868","0.73186034","198.03593","327","0","122.43794813550656","7.03472","17.404808","1","0","36","1.6741836","-0.012170764","-0.22389457","-0.068419494","1.2556336","0.1280991","-0.53495336","0.7335831","1725037374","0.5299435","0.3650374","-0.01266708","-0.35588735","2016","null","null","null","null","null","null","null","null","null","null","null","null","null","null","-11.632786","10.535081","-4.6004906","21.04184","0.499472","0.6661559","0.30485904","0.33737263","1636148068921376800","3403793674075700736","null","null","null","null","null","15","Gaia DR3 3403793674075700736","83.71930352511026","21.986668780426882","0.7695182816591063","0.96319324","-0.2847182206730371","0.82593906","-1.6497957953783127","0.52145433","20.284437","20.68039","19.528105","NOT_AVAILABLE","1.1522846","0.39595222","0.7563324","null","null","0.9942165","0","false","false","false","false","false","false","null","null","null","null","null","null","null"
"null","null","83.89958","2.9965596","0.70053613","1.5772141","8","0","70","0","70","3","false","11.070965","null","null","-5.728214179098131","0.000049968774","0.0014779314","0.9979193","2.501212","null","null","null","null","null","null","false","null","null","-1.3251277178263803","84.1798725357449","null","null","null","false","false","false","false","1","0","0.13675083","16.26662","184.62539051576303","null","null","null","8","0","null","null","3","null","null","null","null","null","77.41189363887881","11.2019005","6.9106035","0","0","7","2.4236977","71.08874822133038","1.3818814","51.44345","70","0","94.88573468884019","12.977187","7.3117337","0","0","7","null","null","null","null","null","null","-0.78125906","4.8247557","196964941","null","null","null","null","2016","null","null","null","null","null","null","null","null","null","null","null","null","null","null","-31.781603","20.57315","-10.397864","28.50533","0.28274077","0.72778493","0.3499571","0.5077851","1636148068921376800","3403793678372375040","null","null","null","null","null","6","Gaia DR3 3403793678372375040","83.72324845987133","21.987431015124663","null","null","null","null","null","null","21.057865","20.616524","19.804893","NOT_AVAILABLE","0.81163025","-0.4413414","1.2529716","null","null","null","0","false","false","false","false","false","false","null","null","null","null","null","null","null"
"0.3777","0.4665","368.9821","0","0","-1.0376966","45","2","387","0","389","31","false","0.1949946","0.4867","0.5994","-5.727877846313588","5.100653e-13","1.02069774e-13","0.99999535","0.07887166","-0.519871","-0.7781807","0.05492706","null","753.1092","839.9875","false","0.2055","0.2543","-1.3270467557649317","84.18136109587284","null","null","null","false","false","false","false","0","0","0.036600597","1.1494981","184.62780762353222","MARCS","4.8641","4.9303","47","0","-2.2186","-1.7217","30","1.4387667","5.864726","0.45780095","0.23312235","null","749.3520406418846","9.29539","80.61545","0","0","37","1.2446663","1824.707973120113","1.4926353","1222.4741","385","0","1521.8005720439883","9.326166","163.17537","0","0","36","2.8086991","null","-0.32991102","null","null","null","-0.4168247","0.10188746","859993291","0.3326937","0.24418214","-0.013186761","null","2016","null","null","null","null","null","null","null","null","null","null","null","null","null","null","-7.1054363","12.230934","1.1411024","23.009958","0.42828092","0.6612082","0.29098573","0.40142092","1636148068921376800","3403793674075700480","4681.0205","4777.7935","null","null","null","18","Gaia DR3 3403793674075700480","83.72494183751331","21.985578520942465","0.7394140281180286","0.12607819","-0.9177747983463367","0.13717687","-2.6545208323219893","0.07678895","17.534384","18.151827","16.792002","NOT_AVAILABLE","1.3598251","0.6174431","0.74238205","null","null","0.96183187","0","true","false","false","false","true","true","4741.64","4.8975","-1.9287","802.5038","0.5584","0.4341","0.2363"
"0.2137","0.4736","474.31625","0.23635583","1.2373091","1.6322893","48","3","412","0","415","31","false","0.17723162","0.2709","0.5924","-5.723440085457614","5.5573428e-11","1.02035086e-13","0.99999887","0.078736335","-0.496916","-0.7793416","0.02111675","null","961.6693","1207.523","false","0.1169","0.26","-1.329829267099941","84.18807409904291","null","null","null","false","false","false","false","0","0","0.0319455","2.6834493","184.63358875549036","MARCS","4.7877","4.8919","50","0","-2.755","-2.2806","32","1.4647117","1.9521065","0.4660331","0.24523443","null","745.2943686021495","7.9061427","94.26776","0","0","44","1.2341267","1685.3985498286374","1.5163815","1111.4608","412","0","1334.7009719882492","6.92276","192.79897","0","0","45","0.76925725","null","-0.20299247","null","null","null","-0.3276499","0.10110514","11944650","0.30683604","0.22979873","-0.122033946","null","2016","null","null","null","null","null","null","null","null","null","null","null","null","null","null","-8.9492655","9.1157255","0.10571314","24.90252","0.42206332","0.61030394","0.24862875","0.35603395","1636148068921376800","3403793678374403072","4812.668","5147.965","null","null","null","18","Gaia DR3 3403793678374403072","83.73230288216858","21.98309033357382","0.24864354640435357","0.12737192","-0.16644420552927788","0.12543151","-0.7510346475870031","0.07575121","17.620611","18.157722","16.934435","NOT_AVAILABLE","1.2232876","0.5371113","0.6861763","null","null","1.0569195","0","true","false","false","false","true","true","4937.3545","4.8501","-2.5525","1055.9463","0.395","0.3131","0.1716"
"null","null","357.89264","0","0","-0.79467523","40","2","348","0","350","95","false","0.5635368","null","null","-5.718961157154329","5.1014076e-13","1.0755992e-13","0.9999958","0.27906704","-0.5829001","-0.81321096","-0.23722364","0.20672062","null","null","false","null","null","-1.3263682259631104","84.19125335152977","null","null","null","false","false","false","false","0","0","0.025078487","173.14508","184.63216029429455","null","null","null","43","0","null","null","30","null","1.3608891","0.4600042","0.34719688","-0.27273315","92.85610432410922","6.488766","14.3102865","10","0","41","1.4354112","379.35682054211577","0.9167601","413.80164","348","0","451.67694661883377","9.080554","49.741123","10","0","41","4.0863843","-0.008982489","0.043305386","-0.050983593","1.2213715","0.05745647","-0.36645484","0.3369163","1475023614","0.4520713","0.1911663","-0.12129465","-0.33115795","2016","null","null","null","null","null","null","null","null","null","null","null","null","null","null","-3.1535056","12.579575","7.7424016","22.716528","0.46192533","0.6520752","0.2650378","0.48252332","1636148068921376800","3403793708435439488","null","null","null","null","null","15","Gaia DR3 3403793708435439488","83.73556520651105","21.98668613840168","0.5419163313887186","0.39820755","0.2272015216697784","0.3897607","4.080063163712001","0.23969468","19.239748","20.419016","18.110826","NOT_AVAILABLE","2.3081894","1.1792679","1.1289215","null","null","0.96880466","0","false","false","false","false","false","false","null","null","null","null","null","null","null"
"null","null","335.9403","0","0","-0.2733042","39","1","334","0","335","31","false","0.6586385","null","null","-5.719292704827217","4.0835063e-10","4.6363077e-10","0.9999943","0.30888963","-0.57920176","-0.82964486","-0.24084532","null","null","null","false","null","null","-1.3236475166751613","84.18931048696508","null","null","null","false","false","false","false","0","0","0.056851823","169.57254","184.62881723834508","null","null","null","42","0","null","null","29","1.4055381","1.7030934","0.51704997","0.2660653","null","138.92161787397166","7.109104","19.541368","2","0","39","1.2333709","330.07485825917","0.87237304","378.36435","334","0","268.18309173284507","8.134139","32.970066","1","0","40","0.21186838","null","0.017815745","null","null","null","-0.29105943","0.35801372","13972234","0.37490565","0.15361528","-0.0797014","null","2016","null","null","null","null","null","null","null","null","null","null","null","null","null","null","-4.0507197","12.005299","5.123914","21.45144","0.45912337","0.66736454","0.27956042","0.44962013","1636148068921376800","3403793708435441536","null","null","null","null","null","15","Gaia DR3 3403793708435441536","83.73334506255219","21.989319937931803","0.750989950423212","0.4409564","0.029070480609411097","0.46412465","-0.20986451301659467","0.2744134","19.390835","19.981617","18.676817","NOT_AVAILABLE","1.3048","0.59078217","0.71401787","null","null","0.98835504","0","false","false","false","false","false","false","null","null","null","null","null","null","null"
"null","null","79.5634","0","0","0.2580353","10","0","82","0","82","3","false","6.509181","null","null","-5.866644582124552","0.000008462563","0.00004635149","0.99945843","2.465599","null","null","null","null","null","null","false","null","null","-1.3015484051552708","84.00672249318657","null","null","null","false","false","false","false","0","0","0.09170845","14.015317","184.51826775161888","null","null","null","10","0","null","null","5","null","null","null","null","null","31.992047814767528","11.928124","2.6820686","0","0","5","1.4236094","81.28585350473911","1.3766557","59.045883","82","1","83.7272601557108","16.138723","5.187973","0","0","9","null","null","null","null","null","null","-0.8364371","3.2826538","1232694093","null","null","null","null","2016","null","null","null","null","null","null","null","null","null","null","null","null","null","null","-1.0519923","27.133978","4.0063286","32.47682","0.3437287","0.80710375","0.32902035","0.51554596","1636148068921376800","3403818692261996032","null","null","null","null","null","9","Gaia DR3 3403818692261996032","83.53561456813644","22.003345088362305","null","null","null","null","null","null","20.912329","21.575937","19.94073","NOT_AVAILABLE","1.6352081","0.66360855","0.9715996","null","null","null","0","false","false","false","false","false","false","null","null","null","null","null","null","null"
"0.003","0.0361","240.80421","0","1.1925485e-15","-2.3601167","34","3","289","0","292","31","false","0.46426377","0.0041","0.0481","-5.875674920505533","7.41173e-11","9.664037e-11","0.9999906","0.17075834","-0.26746088","-0.6132235","0.30184346","null","839.7495","1055.7295","false","0.0016","0.0196","-1.2938402515537115","83.9918866696964","null","null","null","false","false","false","false","0","0","0.020379964","7.1692266","184.50412739845828","MARCS","4.7556","4.8907","35","0","-2.9306","-2.5619","18","1.3990109","0.8155293","0.212344","0.093731105","null","203.20907301763523","8.249262","24.633606","0","0","32","1.2818252","483.0368596314566","1.1140668","433.57977","285","0","415.95976465613495","11.313489","36.76671","2","0","31","0.85875094","null","-0.3682397","null","null","null","-0.2672671","0.22118337","973378799","0.08877351","0.2806198","-0.2609088","null","2016","null","null","null","null","null","null","null","null","null","null","null","null","null","null","-42.801907","9.278259","-16.991045","38.42587","0.13074416","0.4796366","0.1302077","0.3770037","1636148068921376800","3403818898422094208","4113.049","4183.519","null","null","null","17","Gaia DR3 3403818898422094208","83.51926015211541","22.010380242681116","0.1914813264998468","0.23479392","0.06649334726768014","0.31463927","0.856172779971224","0.20072003","18.977417","19.568684","18.200268","NOT_AVAILABLE","1.3684158","0.59126663","0.7771492","null","null","0.9014905","0","false","false","false","false","true","false","4150.6523","4.8292","-2.7333","922.937","0.0186","0.0139","0.0075"
"null","null","263.31403","1.0277461","0.9559844","0.6019959","27","0","229","0","229","95","false","0.9671488","null","null","-5.87354740397156","5.1508515e-13","1.586336e-13","0.9999782","0.36196136","-0.28714466","-0.555089","0.0754928","0.1613972","null","null","false","null","null","-1.291982128696715","83.99327384537673","null","null","null","false","false","false","false","0","0","0.033900056","176.45314","184.5032008107031","null","null","null","28","0","null","null","14","null","3.5165033","0.10464366","0.32394803","-0.103479885","56.444146522216","6.0629754","9.309645","0","0","21","1.4599978","218.3406976526289","1.004191","217.42944","227","0","262.3327870513723","7.610374","34.47042","1","0","26","4.990738","0.055105984","-0.25575405","0.02152763","1.1845902","0.09889106","-0.2874483","0.47286335","1782580090","0.24859661","0.14890042","-0.06490651","-0.15181696","2016","null","null","null","null","null","null","null","null","null","null","null","null","null","null","-25.539099","16.10552","-23.587812","32.060364","0.22130643","0.5493738","0.105137974","0.4401547","1636148068921376800","3403818894125841920","null","null","null","null","null","14","Gaia DR3 3403818894125841920","83.52066450363596","22.01229876417441","1.8583818065765019","0.52847433","0.32069797887074947","0.6819525","4.98042332798193","0.39945602","19.83953","20.959496","18.700764","NOT_AVAILABLE","2.2587318","1.1199646","1.1387672","null","null","1.0271318","0","false","false","false","false","false","false","null","null","null","null","null","null","null"
"null","null","85.0524","1.9329051","0.28590506","1.5782745","8","1","71","0","72","3","false","17.819786","null","null","-5.871985135591073","0.000016406775","0.000063721636","0.9994062","6.2787943","null","null","null","null","null","null","false","null","null","-1.2868745616243513","83.99214473311388","null","null","null","false","false","false","false","0","0","0.19964033","124.417435","184.49818239738","null","null","null","8","0","null","null","3","null","null","null","null","null","22.56151590822759","12.509763","1.8035127","0","0","4","1.4988543","75.04918633652882","1.5453026","48.566013","71","1","89.9262800275303","4.4144597","20.370846","0","0","5","null","null","null","null","null","null","-0.95134944","9.116296","576731186","null","null","null","null","2016","null","null","null","null","null","null","null","null","null","null","null","null","null","null","-161.21472","27.36104","-41.592728","28.2318","0.2347431","0.8834538","0.1995921","0.56994283","1636148068921376800","3403818898421509888","null","null","null","null","null","6","Gaia DR3 3403818898421509888","83.5192007413073","22.017350491271536","null","null","null","null","null","null","20.999002","21.955122","19.863178","NOT_AVAILABLE","2.0919437","0.95611954","1.1358242","null","null","null","0","false","false","false","false","false","false","null","null","null","null","null","null","null"
"0.3144","0.5063","340.9794","0.023724617","0.4690827","2.500271","33","0","280","0","280","31","false","0.03287535","0.3886","0.6209","-5.868470465514982","5.1128817e-13","1.02361025e-13","0.99996644","0.012666897","-0.28901497","-0.7278997","0.1915604","null","412.4306","538.9762","false","0.1706","0.2741","-1.296553317422923","84.00175105033996","12.417927","0.046960797","13","false","false","false","false","10","0","0.041130558","175.92285","184.5114260571602","MARCS","4.2196","4.2975","34","0","-0.9714","-0.5197","20","1.4929867","101.47239","0.2627394","0.07291814","null","39847.094438304324","22.105942","1802.5513","1","0","34","1.2422496","84299.91190571843","16.297943","5172.4263","276","0","64874.43797198176","38.067307","1704.2035","0","0","32","15.259098","null","-0.27985504","null","null","null","-0.16748819","0.01670063","408953424","0.06489124","0.16751936","-0.37919047","null","2016","null","111","null","13.701388","2","1","14","null","null","-0.75","1","5500","685.31055","9","-38.303017","4.618587","-13.899477","36.692314","0.16310857","0.50732213","0.17430484","0.28847003","1636148068921376800","3403818692263662080","5188.683","5524.875","null","null","null","17","Gaia DR3 3403818692263662080","83.53001779836853","22.0081124212813","1.7877056244009235","0.017617656","4.852678944746452","0.022511015","-14.466913214058293","0.013852249","13.372799","13.83755","12.717711","NOT_AVAILABLE","1.1198387","0.46475124","0.6550875","-15.58627","2.4769957","1.1072302","0","true","true","false","false","true","true","5399.9404","4.2345","-0.6755","503.5989","0.5395","0.4384","0.2377"
"null","null","298.73822","2.4435122","3.02255","2.2410812","26","0","224","0","224","95","false","2.22952","null","null","-5.868339889303391","2.2567626e-9","8.383347e-9","0.999993","0.60578763","-0.1554559","-0.7210213","0.48645598","-0.055856016","null","null","false","null","null","-1.2951388281013185","84.00109003957454","null","null","null","false","false","false","false","0","0","0.037462268","5.344194","184.50986208405507","null","null","null","27","0","null","null","16","null","0.3303408","0.12132999","-0.0043717776","-0.14979158","68.82439680196435","7.786219","8.839257","0","0","19","1.4350864","152.27210125337197","0.91217405","166.93317","223","0","149.69921661091","15.245878","9.818996","0","0","18","1.2124034","0.22012295","-0.6702968","0.012725809","1.1905128","0.16379915","-0.36134452","0.7658082","1049333155","0.054443642","0.25887683","-0.31705195","-0.1827548","2016","null","null","null","null","null","null","null","null","null","null","null","null","null","null","-16.47649","15.259819","-6.210089","29.581554","0.14231023","0.6065416","0.11021438","0.39218184","1636148068921376800","3403818692261994880","null","null","null","null","null","14","Gaia DR3 3403818692261994880","83.529237324271","22.009495858188437","0.2502995520262544","0.757701","-0.11529380597164603","1.4613168","-1.2069090084745075","0.8296833","20.230816","20.744186","19.309847","NOT_AVAILABLE","1.4343395","0.5133705","0.920969","null","null","1.1076435","0","false","false","false","false","false","false","null","null","null","null","null","null","null"
"1.4691","1.4809","326.3347","0","0","0.41799456","36","0","308","0","308","31","false","0.059979208","1.6302","1.6425","-5.867035603728048","5.100593e-13","9.53793e-11","0.999991","0.021737354","-0.23553827","-0.6920413","0.34302735","null","3087.9993","3286.816","false","0.7924","0.7988","-1.2906351977472126","84.00001001080052","null","null","null","false","false","false","false","0","0","0.049023367","176.3456","184.50539487470937","A","3.9626","4.0042","37","0","-1.3512","-1.1987","20","1.5603634","4.4839106","0.22186281","0.016611962","null","9325.25807775247","25.143003","370.8888","1","0","37","1.201962","17120.39865671386","5.3879695","3177.5232","303","0","11252.810527686484","13.472697","835.2307","1","0","34","0.26679495","null","-0.42185557","null","null","null","-0.33974633","0.028317867","984402483","0.12541692","0.31308046","-0.3235147","null","2016","null","null","null","null","null","null","null","null","null","null","null","null","null","null","-29.6267","10.081102","-12.621208","37.179226","0.15731834","0.5015485","0.13543491","0.3585281","1636148068921376800","3403818898422090624","9428.818","9501.179","null","null","null","17","Gaia DR3 3403818898422090624","83.5278560077353","22.013946537384175","0.128428481592785","0.02864207","-0.1021006520866739","0.040029325","-0.24648529662334512","0.024786724","15.103582","15.41439","14.619743","NOT_AVAILABLE","0.79464626","0.31080723","0.48383904","null","null","1.0159217","0","true","false","false","false","true","true","9475.213","3.9838","-1.2799","3197.0667","1.6379","1.4765","0.7963"
"null","null","271.37198","0","0","-0.33618268","32","3","276","0","279","95","false","0.36502087","null","null","-5.865086486404995","1.3788223e-9","4.6531012e-10","0.9999896","0.12441774","-0.12877911","-0.75010896","0.5404119","0.028452698","null","null","false","null","null","-1.2825114750297837","83.99759636535573","null","null","null","false","false","false","false","3","0","0.085934766","177.49443","184.4971041239242","null","null","null","32","0","null","null","17","null","2.3557615","0.10872467","0.18207096","-0.018841416","532.7274433094719","23.756754","22.424252","0","0","8","1.4307967","1037.0387478882785","1.452046","714.1914","274","0","951.0641633164258","19.06769","49.87831","0","0","9","0.23462045","0.13820599","-0.534746","0.101912536","1.4532896","0.030788116","-0.48044115","0.1557266","1380251358","0.04527368","0.48731515","-0.44882402","-0.06455043","2016","null","null","null","null","null","null","null","null","null","null","null","null","null","null","-24.550991","8.983008","-9.159434","36.019043","0.12301026","0.514199","0.11848955","0.31846997","1636148068921376800","3403818932778741888","null","null","null","null","null","16","Gaia DR3 3403818932778741888","83.524862662467","22.021953835733427","0.3461538495707924","0.14693926","-0.15575674472624101","0.23351356","-0.17546107777948927","0.14388278","18.147879","18.52228","17.30237","NOT_AVAILABLE","1.2199097","0.3744011","0.8455086","null","null","0.9843396","0","false","false","false","false","false","true","null","null","null","null","null","null","null"
"1.0161","1.0713","308.5206","0","0","0.4824553","34","1","290","0","291","31","false","0.10042901","1.267","1.3329","-5.8650249544634745","5.099577e-13","1.0205149e-13","0.99999714","0.03645269","-0.25171745","-0.67446643","0.3592815","null","802.1787","867.8423","false","0.5572","0.5873","-1.2830168217121012","83.99795728338064","null","null","null","false","false","false","false","0","0","0.0377262","173.15744","184.49772526342656","MARCS","4.5575","4.6043","34","0","-1.061","-0.911","17","1.4489322","13.919797","0.24707605","0.060932208","null","2718.757431958447","23.928482","113.62014","6","0","32","1.2904086","6300.6954628374915","3.1517","1999.1418","287","0","5411.7141977203055","21.786398","248.39876","5","0","33","3.3741918","null","-0.38030624","null","null","null","-0.3147243","0.047960185","269278465","0.13685465","0.3322054","-0.2615976","null","2016","null","null","null","null","null","null","null","null","null","null","null","null","null","null","-29.982727","6.9676795","-16.189962","37.963108","0.16236928","0.4963796","0.13741013","0.3196558","1636148068921376800","3403818928485597312","5631.025","5735.517","null","null","null","17","Gaia DR3 3403818928485597312","83.52527595342305","22.021465187524683","0.7013442220927271","0.05038466","-1.7918150561505264","0.06788905","-2.85912026153194","0.04162812","16.188896","16.752617","15.414558","NOT_AVAILABLE","1.3380585","0.5637207","0.77433777","null","null","1.0190985","0","true","false","false","false","true","true","5671.568","4.5847","-0.9987","824.9785","1.2922","1.0375","0.5688"
"null","null","266.68207","0.7667694","0.56431","1.3973687","27","1","229","0","230","95","false","0.9277651","null","null","-5.865755578199968","4.702528e-10","1.4922257e-9","0.99999356","0.35256255","-0.27425587","-0.5810509","0.088819996","0.18675925","null","null","false","null","null","-1.2818573855479463","83.99644949594743","null","null","null","false","false","false","false","0","0","0.056762073","178.54063","184.49596024250826","null","null","null","27","0","null","null","13","null","0.36033756","0.12997082","0.32770488","-0.04555898","101.27216350480725","9.65298","10.491285","1","0","26","1.3054689","220.6771829511711","0.9545395","231.18707","228","0","186.8150339925783","6.9679174","26.810741","0","0","27","0.8052356","0.06982193","-0.19342105","0.09121662","1.3501207","0.09876556","-0.25605053","0.45466763","1328800508","0.23878182","0.15767112","-0.097110204","-0.12566398","2016","null","null","null","null","null","null","null","null","null","null","null","null","null","null","-20.498","14.815104","-16.034767","33.04494","0.28596234","0.5321711","0.13824235","0.4102587","1636148068921376800","3403818932778742144","null","null","null","null","null","14","Gaia DR3 3403818932778742144","83.52359542392955","22.022555815024596","0.1850757664608876","0.51361775","0.3565871072260244","0.65775424","-0.7219764965883725","0.3790047","19.827972","20.324818","19.069366","NOT_AVAILABLE","1.2554512","0.49684525","0.75860596","null","null","1.0653647","0","false","false","false","false","false","false","null","null","null","null","null","null","null"
"null","null","294.44754","0.8078381","1.0176836","2.0283403","27","1","233","0","234","95","false","0.7851935","null","null","-5.856777925872962","3.6258985e-10","1.3909404e-10","0.9999977","0.3027454","-0.26428807","-0.64031506","0.18893868","0.1710985","null","null","false","null","null","-1.2848831496635367","84.00853812792124","null","null","null","false","false","false","false","0","0","0.034520835","164.39386","184.50464385274762","null","null","null","29","0","null","null","16","null","2.5398126","0.08384987","0.26133996","-0.089444935","98.79694475098249","7.946426","12.4328785","0","0","25","1.1528888","298.0414296246608","1.1895694","250.54565","235","0","244.81166666017089","16.732311","14.631073","0","0","24","2.662938","0.022231776","-0.36058664","0.048830222","1.2701626","0.0770359","-0.3565409","0.37720242","699749245","0.1586918","0.23185016","-0.22773598","-0.18276045","2016","null","null","null","null","null","null","null","null","null","null","null","null","null","null","-35.40205","17.667822","-18.559933","31.364305","0.19488384","0.5688484","0.1250764","0.4617599","1636148068921376800","3403818722327163264","null","null","null","null","null","14","Gaia DR3 3403818722327163264","83.5367653434406","22.02007492195681","0.9966128716353075","0.3923962","2.360779385881172","0.5380779","-1.232055283212953","0.32865316","19.501675","20.351683","18.775816","NOT_AVAILABLE","1.5758667","0.850008","0.7258587","null","null","1.0951755","0","false","false","false","false","false","false","null","null","null","null","null","null","null"
"0.0028","0.1635","263.2227","0","0","-1.223589","33","3","286","0","289","31","false","0.3597442","0.0035","0.2029","-5.858985036416188","7.432169e-11","9.69164e-11","0.9999926","0.12305894","-0.18021661","-0.78030765","0.55651134","null","1371.0513","1638.3169","false","0.0015","0.0896","-1.280966377138154","84.00374563969008","null","null","null","false","false","false","false","0","0","0.03416187","171.3755","184.49883196412566","MARCS","4.8159","4.899","34","0","-2.7034","-2.2182","19","1.491107","2.0811186","0.15091233","0.10137751","null","485.93577120554943","9.185603","52.90189","1","0","29","1.1795348","1070.75438719495","1.6156826","662.7257","288","0","777.0562810864955","7.186091","108.13338","2","0","28","1.0882603","null","-0.61445147","null","null","null","-0.5319627","0.15254611","1121385508","0.038403925","0.52587074","-0.5242106","null","2016","null","null","null","null","null","null","null","null","null","null","null","null","null","null","-35.592022","13.264968","-7.652885","35.619377","0.10464037","0.5230613","0.10973885","0.39063594","1636148068921376800","3403818928485600512","4842.425","5056.603","null","null","null","16","Gaia DR3 3403818928485600512","83.53141286015864","22.023773084440677","0.28176924714811796","0.13539317","0.1198124280994882","0.222374","-1.081644812136609","0.14345531","18.113142","18.622095","17.521765","NOT_AVAILABLE","1.1003304","0.5089531","0.59137726","null","null","0.9476672","0","false","false","false","false","true","true","4876.4863","4.8799","-2.4885","1424.8832","0.0253","0.0202","0.011"
"null","null","312.1355","1.1010011","1.5350027","2.9653463","28","0","237","0","237","95","false","0.8779137","null","null","-5.86332656808037","1.3225883e-9","3.4673096e-9","0.99998856","0.3210175","-0.24799395","-0.59620667","0.11578579","0.16161066","null","null","false","null","null","-1.2804284936848318","83.99843060349164","null","null","null","false","false","false","false","0","0","0.03179653","170.8131","184.4957050032784","null","null","null","29","0","null","null","15","null","-1.4740298","0.11150373","0.30592877","-0.023464346","110.8385756266562","9.07018","12.220108","0","0","26","1.2584419","263.0493677954223","1.0001794","263.0022","237","0","220.1937750322787","4.671153","47.13906","0","0","27","0.43370387","0.059888434","-0.25604716","0.06305226","1.5309575","0.087739184","-0.29635596","0.42522046","281989359","0.24140775","0.17258507","-0.06826443","-0.12122498","2016","null","null","null","null","null","null","null","null","null","null","null","null","null","null","-22.702362","14.987315","-19.286224","31.37024","0.23882747","0.56437564","0.1280275","0.38694432","1636148068921376800","3403818932781826560","null","null","null","null","null","14","Gaia DR3 3403818932781826560","83.52566062035298","22.02407213947709","-0.6894931625254443","0.46776065","-0.11084525750789839","0.62004775","-0.4192998539943809","0.3506411","19.637274","20.226814","18.890882","NOT_AVAILABLE","1.3359318","0.5895405","0.7463913","null","null","1.139578","0","false","false","false","false","false","false","null","null","null","null","null","null","null"
"null","null","134.40182","3.6962314","1.516796","3.420115","10","0","88","0","88","3","false","5.646533","null","null","-5.85795715331971","0.000007277193","0.000021922415","0.99978244","1.2815858","null","null","null","null","null","null","false","null","null","-1.2794502925279632","84.00406101894153","null","null","null","false","false","false","false","0","0","0.02061579","34.20801","184.49766770222288","null","null","null","10","0","null","null","2","null","null","null","null","null","25.412933299539354","11.321538","2.2446537","0","0","6","1.8050079","87.8278494107116","1.373158","63.960484","88","1","133.11702810019762","20.885841","6.3735538","0","0","8","null","null","null","null","null","null","-0.43064302","2.6347804","714926768","null","null","null","null","2016","null","null","null","null","null","null","null","null","null","null","null","null","null","null","-22.207905","16.031477","-20.914982","39.735992","0.38159913","0.5775984","0.32710886","0.39306292","1636148068921376800","3403818932780151296","null","null","null","null","null","8","Gaia DR3 3403818932780151296","83.53167933458033","22.02530177804356","null","null","null","null","null","null","20.828287","21.825905","19.437311","NOT_AVAILABLE","2.3885937","0.9976177","1.390976","null","null","null","0","false","false","false","false","false","false","null","null","null","null","null","null","null"
"null","null","200.26756","0","0","-1.8441514","27","1","228","0","229","95","false","1.953495","null","null","-5.858186478940438","1.9709427e-9","2.0698696e-8","0.9999868","0.7508757","-0.51794475","-0.73936814","0.5024781","0.16861434","null","null","false","null","null","-1.272069572021919","83.9995615130667","null","null","null","false","false","false","false","0","0","0.058509596","10.047444","184.4889818588611","null","null","null","28","0","null","null","14","null","1.8823304","0.30844396","-0.011783441","-0.22732644","64.42560446814403","7.7920485","8.268122","0","0","21","1.3043689","129.5498222264474","0.85585827","151.36832","228","0","104.55514959255503","7.0643287","14.800437","0","0","23","2.7799137","0.12752979","-0.51592004","0.1870524","1.2801821","0.1783923","-0.6713555","0.9740137","21408927","0.48288321","0.56404257","-0.4877886","-0.23073319","2016","null","null","null","null","null","null","null","null","null","null","null","null","null","null","-30.943188","16.495594","-22.746141","34.45713","0.31715953","0.5707489","0.24225208","0.36964333","1636148068921376800","3403819001499625472","null","null","null","null","null","14","Gaia DR3 3403819001499625472","83.52647453989378","22.032473366728215","1.729380760851045","0.91874456","0.3456080502512965","1.192205","-2.75834632614817","0.78646797","20.406275","20.815895","19.699532","NOT_AVAILABLE","1.1163635","0.40962029","0.70674324","null","null","0.9123131","0","false","false","false","false","false","false","null","null","null","null","null","null","null"
"null","null","218.7995","0","0","-1.3712465","29","1","245","0","246","95","false","0.8528883","null","null","-5.858218745727258","1.4405016e-10","4.8972135e-11","0.9999889","0.32464632","-0.28159997","-0.60561556","0.08939862","0.16500497","null","null","false","null","null","-1.2734579176132983","84.00032094734075","null","null","null","false","false","false","false","0","0","0.05463955","1.0435334","184.49057222586686","null","null","null","30","0","null","null","16","null","0.40732062","0.112989105","0.2602712","-0.07447372","80.53111932210565","7.3252397","10.9936495","0","0","26","1.3643811","234.58928508944726","0.97410285","240.82599","240","0","239.53804800356454","6.9519453","34.45626","0","0","26","2.0211823","0.048912346","-0.28270045","0.059283465","1.5044913","0.08727443","-0.2712383","0.41276953","548160442","0.16754569","0.13150251","-0.15963027","-0.15324387","2016","null","null","null","null","null","null","null","null","null","null","null","null","null","null","-28.183378","17.952118","-18.457638","31.8457","0.20950875","0.5683469","0.10200947","0.47091427","1636148068921376800","3403818932781824896","null","null","null","null","null","14","Gaia DR3 3403818932781824896","83.52735995334561","22.031120474447395","0.1816242658757183","0.44590002","0.01714145197540226","0.5984573","-2.0211096355271785","0.35460842","19.761597","20.573633","18.79946","NOT_AVAILABLE","1.7741737","0.8120365","0.9621372","null","null","0.936576","0","false","false","false","false","false","false","null","null","null","null","null","null","null"
"null","null","167.64919","0.10069467","0.002233265","0.4006215","18","0","156","0","156","95","false","3.44726","null","null","-5.857316964882404","7.069284e-11","3.7675202e-10","0.9999977","0.8315204","0.2309985","-0.65378904","0.30173394","-0.067769065","null","null","false","null","null","-1.2737125695447034","84.00150695314501","null","null","null","false","false","false","false","0","0","0.020023882","32.654594","184.49138737925054","null","null","null","18","1","null","null","8","null","1.363951","-0.26217285","0.20338883","-0.22400324","32.34231376230516","7.3328495","4.4106064","0","0","11","1.4732807","104.72212183833126","0.8325302","125.78777","156","0","121.94275907028596","11.460737","10.640045","0","0","16","3.6884","0.2854739","-0.602225","-0.063427396","1.4618149","0.22288835","-0.33160308","1.1201346","139482393","-0.16650566","0.10469789","-0.036797807","-0.05275605","2016","null","null","null","null","null","null","null","null","null","null","null","null","null","null","5.690117","19.047514","-1.6604911","32.377785","0.2039508","0.6580937","0.15636592","0.33658403","1636148068921376800","3403818932780148864","null","null","null","null","null","11","Gaia DR3 3403818932780148864","83.52865009889595","22.03091925490185","1.5802372893755685","1.1585734","-3.0009417524584023","2.3511455","2.144444792160607","1.2036895","20.63727","21.564114","19.532505","NOT_AVAILABLE","2.0316086","0.92684364","1.1047649","null","null","1.0209804","0","false","false","false","false","false","false","null","null","null","null","null","null","null"
"0.0288","0.1466","300.67487","0","0","0.71884733","32","2","277","0","279","31","false","0.49387968","0.0383","0.1933","-5.856086695219311","6.026805e-11","5.9062616e-11","0.9999986","0.16649276","-0.13511987","-0.74512804","0.50787616","null","651.1501","1158.1545","false","0.0155","0.079","-1.271166488609589","84.00146467632106","null","null","null","false","false","false","false","0","0","0.020164771","5.6427374","184.48914616243687","PHOENIX","4.9073","5.115","33","0","-2.2934","-1.4681","18","1.414783","0.50120366","0.09047","0.17804058","null","257.5056596479695","12.266181","20.993141","0","0","25","1.2652423","635.9786047352499","1.2394924","513.096","277","0","547.1613950649562","9.5106535","57.531418","0","0","30","1.9842443","null","-0.5832961","null","null","null","-0.47640383","0.20836575","1585652895","0.020587435","0.47054914","-0.4571424","null","2016","null","null","null","null","null","null","null","null","null","null","null","null","null","null","-31.339842","14.501997","-11.439452","34.723446","0.13371645","0.5343469","0.11316847","0.4019258","1636148068921376800","3403818928485619712","4241.627","4348.393","null","null","null","16","Gaia DR3 3403818928485619712","83.52848137865028","22.033460879162295","0.09784964479128895","0.1952293","0.7311674115837926","0.3131625","-1.8446191186830547","0.19633302","18.67876","19.311575","17.902607","NOT_AVAILABLE","1.408968","0.6328144","0.77615356","null","null","1.0297403","0","false","false","false","false","true","false","4287.014","4.9752","-1.7257","988.9491","0.1049","0.0793","0.0428"
"null","null","43.546207","4.2824755","0.7993874","0.7975511","5","1","42","0","43","3","false","30.606955","null","null","-5.853982100105585","0.000008517595","0.00041987625","0.9991147","5.585341","null","null","null","null","null","null","false","null","null","-1.2726099421753772","84.0047198462259","null","null","null","false","false","false","false","1","0","0.07997295","7.8036284","184.4920326573319","null","null","null","5","0","null","null","2","null","null","null","null","null","14.901145275371766","2.6820903","5.5557957","0","0","3","1.0232859","66.50280623683966","1.7146786","38.784412","42","0","53.150239498442055","17.234663","3.0839152","0","0","4","null","null","null","null","null","null","-0.87372565","7.270636","431941893","null","null","null","null","2016","null","null","null","null","null","null","null","null","null","null","null","null","null","null","-130.54263","17.677902","-31.74138","26.730883","0.32135543","0.7685572","0.5041346","0.47361252","1636148068921376800","3403819035859362432","null","null","null","null","null","5","Gaia DR3 3403819035859362432","83.53205842143116","22.032164775983766","null","null","null","null","null","null","21.130266","22.405493","20.434132","NOT_AVAILABLE","1.9713612","1.2752266","0.69613457","null","null","null","0","false","false","false","false","false","false","null","null","null","null","null","null","null"
"null","null","115.714905","2.2692957","0.77412295","0.8981966","13","2","108","0","110","3","false","6.5138335","null","null","-5.8530080889046","0.0000146763805","0.0001205791","0.999319","1.9540703","null","null","null","null","null","null","false","null","null","-1.2743425613572685","84.00683720237886","null","null","null","false","false","false","false","0","0","0.10290056","9.372067","184.494602274226","null","null","null","13","0","null","null","5","null","null","null","null","null","53.56818828938301","10.730747","4.9920278","0","0","9","1.4506667","88.52588915364102","1.3309115","66.51523","108","0","74.8533638154017","13.7985","5.4247465","0","0","8","null","null","null","null","null","null","-0.80839306","2.3324609","1639109238","null","null","null","null","2016","null","null","null","null","null","null","null","null","null","null","null","null","null","null","1.7900848","26.491037","15.737126","34.925396","0.24603213","0.66997385","0.11964998","0.65004706","1636148068921376800","3403819035859362560","null","null","null","null","null","10","Gaia DR3 3403819035859362560","83.534423467688","22.030528755308502","null","null","null","null","null","null","20.81969","21.016275","20.062366","NOT_AVAILABLE","0.9539089","0.1965847","0.7573242","null","null","null","0","false","false","false","false","false","false","null","null","null","null","null","null","null"
"null","null","241.87428","0","0.01005854","0.88301754","26","3","219","0","222","95","false","1.1292386","null","null","-5.8531782000510555","2.8185174e-10","2.3390292e-10","0.99999416","0.34614295","-0.2596391","-0.5566927","0.1800921","0.19067535","null","null","false","null","null","-1.2698922660300787","84.00408743930235","null","null","null","false","false","false","false","0","0","0.059232205","137.83784","184.48934671471315","null","null","null","27","0","null","null","14","null","-0.9973031","0.16371098","0.03691834","-0.045043845","91.44566889671722","7.729376","11.830925","0","0","21","1.408194","221.0216251381848","0.9596044","230.32578","219","0","219.79563518283723","7.6561284","28.708458","0","0","21","3.4080775","0.06262611","-0.43877047","0.033817433","1.4085531","0.09640448","-0.2120982","0.44586194","235503186","0.048338253","0.038139634","0.0228274","-0.14486301","2016","null","null","null","null","null","null","null","null","null","null","null","null","null","null","-46.572212","18.425549","-18.084608","32.426632","0.13672973","0.58289486","0.14688466","0.42650554","1636148068921376800","3403819035857950592","null","null","null","null","null","14","Gaia DR3 3403819035857950592","83.53124563083628","22.03485138190224","-0.46824543845907596","0.46951166","0.8136643742579973","0.7875515","-3.309522981283763","0.41947648","19.82628","20.435635","18.892847","NOT_AVAILABLE","1.5427876","0.609354","0.93343353","null","null","1.0414993","0","false","false","false","false","false","false","null","null","null","null","null","null","null"
"null","null","300.17255","0.17428586","1.2868006","1.2215598","31","0","264","0","264","31","false","0.17664574","null","null","-5.8527200871355305","5.099434e-13","1.0207586e-13","0.9999949","0.052278675","-0.31878152","-0.6092377","0.312952","null","null","null","false","null","null","-1.2702070062708124","84.0047963117499","null","null","null","false","false","false","false","0","0","0.03971583","0.67909855","184.48997565088354","null","null","null","33","0","null","null","16","1.4492695","3.4875062","0.27327436","-0.081943","null","1528.3219065039782","10.06458","151.85153","2","0","33","1.2461326","3611.319583510354","2.3427274","1541.5022","263","0","2971.8611556670025","11.354169","261.74185","1","0","29","0.20205137","null","-0.56537145","null","null","null","-0.29994383","0.06897677","1807731908","0.08165082","0.15113664","-0.044056255","null","2016","null","null","null","null","null","null","null","null","null","null","null","null","null","null","-39.29782","14.768448","-17.658669","35.50218","0.17364588","0.5446055","0.19406274","0.3772458","1636148068921376800","3403819031564836224","null","null","null","null","null","16","Gaia DR3 3403819031564836224","83.53202462449548","22.034568723482845","0.2561814720799921","0.07345692","-0.014215964120718811","0.11975604","0.20155064686997393","0.066132024","16.793201","17.378006","16.065325","NOT_AVAILABLE","1.3126812","0.58480453","0.72787666","null","null","1.05284","0","true","false","false","false","false","true","null","null","null","null","null","null","null"
"0.0009","0.0092","286.56137","0","0","0.056217436","32","1","279","0","280","31","false","0.39365244","0.0012","0.0119","-5.855988858643775","5.1002274e-13","1.02080826e-13","0.9999949","0.13223197","-0.13621916","-0.7530625","0.51424235","null","729.348","760.437","false","0.0005","0.005","-1.2687229363719115","84.00017535741947","null","null","null","false","false","false","false","0","0","0.027569199","174.66666","184.48637071810722","MARCS","5.0657","5.0793","33","0","-3.4825","-3.3992","18","1.4576917","0.8970261","0.09030838","0.16607487","null","375.6871872427882","8.069966","46.55375","0","0","28","1.2257591","896.1606842409662","1.3548343","661.4541","279","0","722.7899435222603","14.434425","50.074036","0","0","29","1.3211609","null","-0.5941741","null","null","null","-0.49143463","0.16555971","600036604","0.007911422","0.47601187","-0.46219","null","2016","null","null","null","null","null","null","null","null","null","null","null","null","null","null","-30.26685","14.7781725","-10.041508","34.447617","0.13342097","0.54185045","0.119369656","0.39934373","1636148068921376800","3403819001501300224","4381.5454","4402.4253","null","null","null","16","Gaia DR3 3403819001501300224","83.52697397697536","22.035844161796224","0.13742574838326133","0.1532015","-0.8623625757838737","0.24916601","-1.0008980535170402","0.15536712","18.306402","18.901476","17.600365","NOT_AVAILABLE","1.3011112","0.5950737","0.7060375","null","null","1.0011852","0","false","false","false","false","true","false","4392.084","5.0743","-3.4419","744.3142","0.0049","0.0038","0.0021"
"0.0432","0.4424","281.5004","0","0","-0.28437898","33","0","282","0","282","31","false","0.27132407","0.0555","0.5556","-5.854101815904587","5.1022023e-13","1.0848502e-13","0.9999971","0.0835492","-0.292938","-0.63936627","0.34066707","null","847.7065","1246.7303","false","0.0236","0.2415","-1.2664267995746727","84.00103383993827","null","null","null","false","false","false","false","0","0","0.037880093","179.76036","184.48479792193413","MARCS","4.8136","4.9704","35","0","-2.9966","-1.952","18","1.46332","2.0866406","0.31138992","-0.088787526","null","606.0409768612203","12.181825","49.749607","1","0","31","1.2229598","1418.7765217468989","1.4810249","957.9694","282","0","1129.0655665549557","11.313553","99.797615","1","0","31","0.22277248","null","-0.5549365","null","null","null","-0.28011888","0.10845359","120384639","0.051880285","0.17925444","-0.12939417","null","2016","null","null","null","null","null","null","null","null","null","null","null","null","null","null","-31.321081","14.007587","-12.258175","35.39621","0.14133675","0.543161","0.1430224","0.3811929","1636148068921376800","3403819104580513792","4589.23","5049.72","null","null","null","16","Gaia DR3 3403819104580513792","83.52778786124126","22.038176482813526","0.24534439715084327","0.117578655","-0.004368987152545793","0.1819301","0.22272962548471387","0.10664064","17.80758","18.382288","17.116098","NOT_AVAILABLE","1.2661896","0.57470703","0.69148254","null","null","0.986744","0","false","false","false","false","true","true","4770.879","4.9158","-2.6895","997.5085","0.2581","0.2032","0.111"
"null","null","276.70227","0.9362888","0.86967796","1.3063784","29","2","242","0","244","95","false","1.0946068","null","null","-5.853326490212591","8.292499e-11","1.0123215e-10","0.9999825","0.34981918","-0.24603285","-0.5857289","0.1596468","0.16048901","null","null","false","null","null","-1.2665363451186946","84.00199076611528","null","null","null","false","false","false","false","0","0","0.018344654","9.039128","184.48537199392416","null","null","null","31","0","null","null","17","null","-1.8986223","0.23186623","0.046910748","-0.050556555","62.031057120318486","6.9359674","8.943389","2","0","23","1.4676824","218.13945686547012","0.963393","226.42833","239","0","258.128370019056","14.891042","17.334473","2","0","26","8.659535","0.06854878","-0.43843415","-0.013012981","1.4279566","0.101085074","-0.22415937","0.4512819","1370955405","0.069897175","0.05397515","-0.03508897","-0.11477004","2016","null","null","null","null","null","null","null","null","null","null","null","null","null","null","-23.442934","18.087355","-8.0101385","31.924978","0.15317495","0.5916055","0.0966786","0.45040432","1636148068921376800","3403819104577426432","null","null","null","null","null","14","Gaia DR3 3403819104577426432","83.52882422655668","22.03810995056484","-0.916860475113561","0.4829083","6.979941027091989","0.75916314","-5.125228676716401","0.42912593","19.84053","20.85702","18.718306","NOT_AVAILABLE","2.1387138","1.016489","1.1222248","null","null","1.0592895","0","false","false","false","false","false","false","null","null","null","null","null","null","null"
"null","null","208.9863","0","0","-0.085628025","23","0","196","0","196","95","false","3.9509456","null","null","-5.853203523308367","1.7710583e-10","1.2458984e-10","0.9999986","1.072787","-0.59570265","-0.83806145","0.766391","0.097657226","null","null","false","null","null","-1.2643584278362827","84.00088283382682","null","null","null","false","false","false","false","0","0","0.021078106","111.61519","184.48291889320518","null","null","null","24","0","null","null","12","null","1.0041507","0.5271505","-0.4161333","-0.14033851","39.93372972729398","9.883225","4.0405564","0","0","10","1.4102509","113.48749496896455","0.90553594","125.326324","195","1","120.11210587085199","9.433487","12.732525","0","0","19","0.91587096","0.11426073","-0.8309981","0.09304683","1.0249509","0.21842885","-0.7459232","1.2323604","433997826","0.518102","0.67397076","-0.6543437","-0.18518077","2016","null","null","null","null","null","null","null","null","null","null","null","null","null","null","-44.009872","21.221714","-26.057936","34.96269","0.17381515","0.61216974","0.17072551","0.47148848","1636148068921376800","3403819104578835200","null","null","null","null","null","13","Gaia DR3 3403819104578835200","83.52752507558388","22.040236002320064","1.067532718006981","1.0631199","0.8926885839569025","2.3601694","0.2047600433393727","1.4993964","20.549997","21.335192","19.54893","NOT_AVAILABLE","1.7862625","0.7851944","1.0010681","null","null","0.9938593","0","false","false","false","false","false","false","null","null","null","null","null","null","null"
"null","null","272.2007","0.9645345","0.7533819","1.4305967","28","0","233","0","233","95","false","1.0981798","null","null","-5.850345155881601","3.5125444e-10","2.1316526e-10","0.99999815","0.3726181","-0.2723351","-0.5366485","0.026387732","0.1817823","null","null","false","null","null","-1.2640778999285223","84.00401799091937","null","null","null","false","false","false","false","0","0","0.059846252","159.33395","184.48424216905775","null","null","null","29","0","null","null","15","null","0.6793331","0.12191395","0.3094453","-0.038901977","61.554873233293044","7.325361","8.402982","0","0","28","1.162656","203.46404704180378","1.0375333","196.10362","227","0","175.00380571476694","9.11077","19.208454","0","0","28","3.3736386","0.09657315","-0.305832","-0.01687423","1.3328494","0.105394565","-0.23271954","0.49559954","1318884516","0.25348958","0.043383747","0.035933472","-0.15147415","2016","null","null","null","null","null","null","null","null","null","null","null","null","null","null","-17.57883","17.453629","-14.962803","30.97905","0.21787393","0.5871755","0.071567364","0.45828292","1636148068921376800","3403819104577424640","null","null","null","null","null","14","Gaia DR3 3403819104577424640","83.53088962228861","22.040656791067846","0.3772218934562875","0.55528265","3.0261853795244322","0.7750357","-1.491187488222678","0.4246722","19.916147","20.865387","19.140276","NOT_AVAILABLE","1.725111","0.94923973","0.7758713","null","null","1.0663865","0","false","false","false","false","false","false","null","null","null","null","null","null","null"
"null","null","200.39561","0","0","-1.1577935","26","0","220","0","220","95","false","2.5904646","null","null","-5.8417504197909516","1.0730851e-9","1.0144139e-9","0.99999493","0.8032171","-0.6221721","-0.7967893","0.54716766","0.18705733","null","null","false","null","null","-1.2512019997201993","84.00654045027157","null","null","null","false","false","false","false","0","0","0.019911729","45.650368","184.474276761397","null","null","null","26","0","null","null","13","null","-0.7064465","0.43401107","-0.1760089","-0.3164573","66.12045410279333","9.869233","6.6996546","0","0","17","1.2814867","138.45784794669163","0.9178154","150.85588","217","0","111.31143807601542","6.2064633","17.934761","0","0","22","3.250088","0.053730927","-0.7293423","0.03763215","1.6049504","0.16751009","-0.6598704","0.9379211","24463272","0.48455942","0.5201115","-0.4273024","-0.24330914","2016","null","null","null","null","null","null","null","null","null","null","null","null","null","null","-39.218693","17.324429","-21.263308","29.199278","0.23852666","0.6506728","0.2248974","0.37726226","1636148068921376800","3403819138938557312","null","null","null","null","null","13","Gaia DR3 3403819138938557312","83.53298507070242","22.05363278143916","-0.7049023795731872","0.99781424","3.0679211537978928","1.6308475","-1.0728147460523236","0.9537195","20.334072","20.787703","19.631546","NOT_AVAILABLE","1.1561565","0.45363045","0.7025261","null","null","0.94303334","0","false","false","false","false","false","false","null","null","null","null","null","null","null"
"null","null","262.10648","0.9253666","0.7206017","0.8618072","28","0","234","0","234","95","false","1.0454271","null","null","-5.838960777603846","5.1047296e-13","1.11139646e-10","0.99999243","0.43848416","-0.47075745","-0.708965","0.2337905","0.16747965","null","null","false","null","null","-1.2519841930438433","84.01020619883522","null","null","null","false","false","false","false","0","0","0.03172914","12.7436285","184.47679202126974","null","null","null","29","0","null","null","16","null","1.229405","0.35804278","0.08636024","-0.090154655","61.79114364875117","9.7175255","6.358732","1","0","24","1.336887","214.91284520220844","0.98712516","217.71591","233","0","225.5230389352582","6.9628854","32.38931","1","0","27","4.7744675","0.020841602","-0.36412492","0.05242926","1.2850318","0.09957292","-0.521087","0.5767567","1373768721","0.46874797","0.38995162","-0.2111221","-0.16460733","2016","null","null","null","null","null","null","null","null","null","null","null","null","null","null","-18.844244","16.8859","-19.933876","31.175716","0.2232766","0.58999044","0.044830367","0.43790844","1636148068921376800","3403819134644084736","null","null","null","null","null","14","Gaia DR3 3403819134644084736","83.53697309091075","22.053015555835312","0.7378989287863639","0.60020816","1.539454345406108","0.6976721","-4.5194712533595185","0.4592816","19.85671","20.861227","18.864918","NOT_AVAILABLE","1.9963093","1.0045166","0.9917927","null","null","1.0391469","0","false","false","false","false","false","false","null","null","null","null","null","null","null"
"null","null","252.76329","0.9813948","0.735927","1.376425","26","1","219","0","220","95","false","2.0126824","null","null","-5.837567380789219","2.4816027e-10","2.5377406e-10","0.99999726","0.62978524","-0.5721453","-0.8248892","0.59874165","0.10831511","null","null","false","null","null","-1.247595499974784","84.00929458427163","null","null","null","false","false","false","false","0","0","0.050643157","4.426956","184.47250955955627","null","null","null","28","0","null","null","16","null","0.905324","0.46358684","-0.22678581","-0.23581935","68.07542360255688","8.140227","8.362841","1","0","24","1.1757739","194.4177626969926","0.9151246","212.44951","217","0","160.51590853903951","6.8966002","23.274643","0","0","25","1.9248053","0.08928472","-0.73512423","0.025635852","1.5292772","0.12694348","-0.67017967","0.73555887","102319407","0.4393824","0.5698611","-0.5125889","-0.16322264","2016","null","null","null","null","null","null","null","null","null","null","null","null","null","null","-26.813177","18.531662","-8.939774","30.888042","0.20200293","0.63713175","0.16061643","0.43057382","1636148068921376800","3403819134644091648","null","null","null","null","null","14","Gaia DR3 3403819134644091648","83.53577863431482","22.057359023839666","0.6519655852836126","0.7201462","1.8299645980549797","1.2399708","0.5967453928393068","0.75603974","19.965527","20.756067","19.2341","NOT_AVAILABLE","1.5219669","0.7905407","0.73142624","null","null","1.0658249","0","false","false","false","false","false","false","null","null","null","null","null","null","null"
"null","null","433.44028","0.047369868","3.2102344","1.1953723","34","0","290","290","290","31","false","0.027619818","null","null","-5.862830382995504","5.0961454e-13","1.0202596e-13","0.99999964","0.010031642","-0.22120167","-0.6676397","0.3013504","null","null","null","false","null","null","-1.3038000637447535","84.01241262753396","11.007703","0.008246281","11","false","false","false","false","0","0","0.03632974","174.61903","184.52307651256578","null","null","null","35","0","null","null","19","1.3712269","56.17063","0.19738567","-0.021299176","null","72350.07892517111","33.439156","2163.6335","0","0","34","1.30224","222455.99285417006","37.711685","5898.8613","288","0","217341.01831946115","73.498566","2957.0784","0","0","33","5.1050262","null","-0.40965056","null","null","null","-0.27465189","0.013235222","1622128286","0.17179665","0.24738653","-0.27863345","null","2016","3.6266212","111","0.337982","36.021687","1","1","12","0.6190763","null","-0.5","1","4250","471.78418","8","null","null","null","null","null","null","null","null","1636148068921376800","3403818623544184064","null","null","7.0611825","3.2190666","11","17","Gaia DR3 3403818623544184064","83.54185267303242","22.001350391569233","0.7651666007030832","0.013622183","0.3623791040393647","0.018633453","-5.0921483374036205","0.011441493","12.319257","13.189944","11.405042","NOT_AVAILABLE","1.7849026","0.8706875","0.9142151","53.334507","0.39757326","1.0492954","0","true","true","false","false","false","true","null","null","null","null","null","null","null"
"null","null","228.64088","0","0","-1.3426044","29","0","250","0","250","95","false","1.5730927","null","null","-5.856983247009656","4.2603188e-9","1.35146365e-8","0.99999416","0.4679817","-0.29481828","-0.63626033","0.28926542","0.067238025","null","null","false","null","null","-1.3036475795923135","84.01906761474145","null","null","null","false","false","false","false","0","0","0.01404985","6.929158","184.52627128487535","null","null","null","29","0","null","null","15","null","0.15292186","0.26210228","0.014795725","-0.11002173","73.51224967743538","9.1318","8.050138","2","0","23","1.4789889","135.2760366537885","0.7332402","184.49075","249","0","126.5595004964025","7.2620473","17.427523","0","0","26","2.029423","0.13779044","-0.44912702","0.1549752","1.5376794","0.14444397","-0.17192234","0.6433545","86362277","0.09961377","0.06759716","-0.14323534","-0.29633152","2016","null","null","null","null","null","null","null","null","null","null","null","null","null","null","-15.187056","11.549483","-10.110567","30.27709","0.23102406","0.5842222","0.1432341","0.33185995","1636148068921376800","3403818657902252800","null","null","null","null","null","15","Gaia DR3 3403818657902252800","83.54901399215184","22.001800308319805","0.10817654465852479","0.7073975","0.49179994345482375","1.0882664","-1.9689312207842053","0.58689654","20.359314","20.672644","19.492159","NOT_AVAILABLE","1.1804848","0.3133297","0.8671551","null","null","0.9385052","0","false","false","false","false","false","false","null","null","null","null","null","null","null"
"0.7846","0.9468","306.6213","0.32964247","1.427858","1.0422598","33","1","274","0","275","31","false","0.26107275","1.0742","1.2879","-5.8501935014193736","5.102113e-13","1.0210958e-13","0.99999774","0.096698865","-0.3171013","-0.6416541","0.24805985","null","651.0171","763.188","false","0.4279","0.5148","-1.3055124875469426","84.0279669727853","null","null","null","false","false","false","false","0","0","0.043203626","177.14635","184.53234736591486","PHOENIX","4.5314","4.7239","35","0","-2.0402","-1.5253","19","1.370031","0.8676265","0.20814124","0.16281648","null","412.7660520718853","8.818112","46.80889","0","0","34","1.2991301","1333.5662598619322","1.6248114","820.7514","275","0","1319.7100290760468","10.914059","120.91836","2","0","33","1.2946845","null","-0.44008967","null","null","null","-0.30556858","0.12592897","1249546283","0.12613636","0.2315283","-0.17743278","null","2016","null","null","null","null","null","null","null","null","null","null","null","null","null","null","-37.69415","12.883957","-16.366985","33.587143","0.21280232","0.53584045","0.19472533","0.37250152","1636148068921376800","3403817897691257728","4226.365","4370.96","null","null","null","17","Gaia DR3 3403817897691257728","83.55869011256593","22.00033468979529","0.12000038086428333","0.13830881","0.39690579409475407","0.1771605","-1.2323448209996437","0.107499495","17.87483","18.799282","16.9467","NOT_AVAILABLE","1.8525829","0.9244518","0.9281311","null","null","1.0440125","0","false","false","false","false","true","true","4312.157","4.6569","-1.729","703.7143","1.1981","0.879","0.4785"
"null","null","248.94086","0","0","0.0050085043","29","1","244","0","245","31","false","0.5622373","null","null","-5.853659186820829","5.276016e-10","4.216197e-10","0.9999959","0.21556567","-0.32694843","-0.6051573","0.11087373","null","null","null","false","null","null","-1.302041522210041","84.02197920867927","null","null","null","false","false","false","false","0","0","0.018575488","15.681354","184.52632671832086","null","null","null","30","0","null","null","17","1.4152906","0.47680235","0.15497825","0.24964835","null","145.39720215108196","6.9842834","20.81777","1","0","30","1.3027636","389.87601155471884","1.8604162","209.56387","244","0","362.5190610376846","15.628594","23.195885","1","0","28","1.5713598","null","-0.33532307","null","null","null","-0.26426655","0.2765743","1733412412","0.15314043","0.16150743","-0.14072032","null","2016","null","null","null","null","null","null","null","null","null","null","null","null","null","null","-33.0165","16.643906","-14.181769","31.132593","0.22777286","0.5656968","0.15582532","0.44414568","1636148068921376800","3403818653605503232","null","null","null","null","null","15","Gaia DR3 3403818653605503232","83.55207294044706","22.003534853461815","0.14689242130593375","0.30807823","0.20149863859132708","0.39226186","-1.5583869493997518","0.22748767","19.21005","19.932152","18.34957","VARIABLE","1.5825825","0.7221012","0.86048126","null","null","0.9988346","0","false","false","false","true","false","false","null","null","null","null","null","null","null"
"null","null","239.68236","0","0","-0.2504221","29","2","236","0","238","95","false","0.58826643","null","null","-5.848573558283083","9.770456e-11","1.5637623e-13","0.9999706","0.22536874","-0.27966046","-0.6319368","0.037902117","0.057824407","null","null","false","null","null","-1.30132223133615","84.0274308763341","null","null","null","false","false","false","false","0","0","0.021312388","8.60846","184.52842549954343","null","null","null","30","0","null","null","17","null","3.293707","0.110312514","0.17012683","-0.12608097","80.34747006602846","6.6190386","12.138843","0","0","22","1.3817546","412.3142753904498","1.1476698","359.26212","237","0","489.3697057652288","9.026247","54.216297","0","0","26","6.9368715","0.16302797","-0.20359056","0.13862702","1.3347247","0.059113428","-0.26899016","0.29933426","1199893002","0.15928046","0.081486806","-0.23502792","-0.22239788","2016","null","null","null","null","null","null","null","null","null","null","null","null","null","null","-29.5813","17.401821","-13.018435","29.927553","0.2105148","0.6029985","0.14646156","0.43900552","1636148068921376800","3403818653605503488","null","null","null","null","null","14","Gaia DR3 3403818653605503488","83.55791088820992","22.0044968445395","1.00834614485312","0.30614325","-0.1148343391049591","0.4161011","-6.935921158463827","0.24189262","19.149296","20.57611","18.023804","NOT_AVAILABLE","2.5523071","1.426815","1.1254921","null","null","0.9869035","0","false","false","false","false","false","false","null","null","null","null","null","null","null"
"null","null","235.787","0","0","0.6942814","26","0","218","0","218","95","false","1.7486408","null","null","-5.842779924151312","2.4515188e-9","1.053053e-7","0.9999928","0.60046464","-0.17220339","-0.63332427","0.33141086","-0.062423363","null","null","false","null","null","-1.3135112443126873","84.04110469886142","null","null","null","false","false","false","false","0","0","0.01713022","87.486946","184.5458910731076","null","null","null","26","0","null","null","14","null","-2.0319235","-0.11511342","0.3339552","-0.20394607","70.64170654591558","10.969747","6.4396844","0","0","22","1.5110992","117.90345190135612","0.8684346","135.76549","216","0","107.52210677966671","10.900753","9.863732","0","0","22","2.2439144","0.28138542","-0.47016564","0.002498531","1.354928","0.17475057","-0.30756655","0.81425095","107206608","-0.1744945","0.30173874","-0.37790477","-0.15316877","2016","null","null","null","null","null","null","null","null","null","null","null","null","null","null","-49.48314","13.981291","-16.79661","30.384323","0.21229859","0.58683723","0.29567248","0.3160771","1636148068921376800","3403817833268527488","null","null","null","null","null","14","Gaia DR3 3403817833268527488","83.57322611553563","21.992929495357068","-1.768940304071238","0.8705743","-1.0290751278428933","1.1538433","-1.9940300660109442","0.69123","20.50855","20.715889","19.669151","NOT_AVAILABLE","1.0467377","0.20733833","0.83939934","null","null","1.0323166","0","false","false","false","false","false","false","null","null","null","null","null","null","null"
"0.6178","0.7366","300.0701","0","0","0.12291979","34","3","290","0","293","31","false","0.1837813","0.8021","0.9514","-5.838861509528993","5.0976486e-13","1.0205362e-13","0.99999696","0.065462574","-0.30256435","-0.7180566","0.34358975","null","703.2493","799.3973","false","0.3348","0.3985","-1.313374372020819","84.04554453636622","null","null","null","false","false","false","false","0","0","0.058750805","173.42438","184.54799160989757","PHOENIX","4.7639","4.8231","36","0","-1.4738","-1.2095","20","1.4229381","6.937986","0.21050006","0.1264127","null","1018.5304732955093","14.205017","71.70216","2","0","34","1.261142","2611.083711414336","2.109574","1237.7302","292","0","2274.4169793371493","8.328586","273.08563","1","0","32","4.4049263","null","-0.53072584","null","null","null","-0.40424627","0.08176932","1673090429","0.09901981","0.3172411","-0.27996257","null","2016","null","null","null","null","null","null","null","null","null","null","null","null","null","null","-38.190273","15.006591","-13.516854","32.420197","0.20938908","0.56288487","0.20575806","0.38803473","1636148068921376800","3403817936349410688","4749.075","4891.5146","null","null","null","17","Gaia DR3 3403817936349410688","83.57800182538108","21.99326383983677","0.5849939833995637","0.08431755","0.1821703751848333","0.12138501","-4.401157694925826","0.07323111","17.145315","17.818607","16.35572","NOT_AVAILABLE","1.4628868","0.67329216","0.78959465","null","null","1.0039816","0","true","false","false","false","true","true","4780.141","4.804","-1.3938","726.2444","0.8365","0.6452","0.3497"
"null","null","263.4908","0","0","0.5923601","29","1","243","0","244","95","false","1.564567","null","null","-5.836459630505222","2.4124938e-10","9.792057e-10","0.9999992","0.52007276","-0.21461152","-0.6443669","0.34444484","-0.026308665","null","null","false","null","null","-1.3201169225729228","84.05218232004347","null","null","null","false","false","false","false","0","0","0.014470339","128.96034","184.5571897133934","null","null","null","30","0","null","null","30","null","0.15850341","-0.017189676","0.36727014","-0.1962204","44.520522951304706","5.6794796","7.8388386","0","0","18","1.0893207","133.73477481672649","0.8347076","160.21751","243","0","101.15953214469575","9.23312","10.95616","0","0","23","0.9388616","0.27195537","-0.40758297","-0.05259532","1.6871253","0.14624801","-0.32457507","0.69935304","1130303683","0.117679976","0.29311097","-0.21259253","-0.2159839","2016","null","null","null","null","null","null","null","null","null","null","null","null","null","null","-36.84646","11.780198","-19.869541","29.768942","0.2437982","0.5736124","0.25434166","0.3104308","1636148068921376800","3403817936350651136","null","null","null","null","null","15","Gaia DR3 3403817936350651136","83.58547485087381","21.98682311520493","0.12566989395257472","0.7928529","-0.6734209997737804","1.0684263","0.654190520823623","0.58552486","20.371756","21.217142","19.735378","NOT_AVAILABLE","1.4817638","0.8453865","0.63637733","null","null","1.0259122","0","false","false","false","false","false","false","null","null","null","null","null","null","null"
"null","null","112.35087","1.9306681","0.5015584","0.6791768","13","0","108","0","108","3","false","11.831797","null","null","-5.831414043502689","0.00006425391","0.0014546609","0.9980489","4.334967","null","null","null","null","null","null","false","null","null","-1.3179928495347806","84.05678184919668","null","null","null","false","false","false","false","0","0","0.07744684","8.136736","184.5576372231244","null","null","null","13","0","null","null","5","null","null","null","null","null","34.8985660954004","7.7833037","4.4837728","0","0","5","1.2622569","84.80855337747481","1.3046217","65.00624","108","0","72.15161496541444","12.672106","5.693735","0","0","8","null","null","null","null","null","null","-0.95374715","5.4944177","1527146113","null","null","null","null","2016","null","null","null","null","null","null","null","null","null","null","null","null","null","null","-1.044189","25.730433","-1.1538558","35.3703","0.3569838","0.7609042","0.2608261","0.45488936","1636148068921376800","3403817730189307136","null","null","null","null","null","8","Gaia DR3 3403817730189307136","83.59032718346117","21.989149415798835","null","null","null","null","null","null","20.866268","21.481524","20.10228","NOT_AVAILABLE","1.3792439","0.61525536","0.7639885","null","null","null","0","false","false","false","false","false","false","null","null","null","null","null","null","null"
"null","null","134.0224","1.0116261","0.18105307","0.35021344","16","1","134","0","135","3","false","16.937803","null","null","-5.830830555490005","0.000022670303","0.0003192961","0.99916226","4.883409","null","null","null","null","null","null","false","null","null","-1.3179093345308692","84.05740675933605","null","null","null","false","false","false","false","0","0","0.061796024","5.7098503","184.5578768378555","null","null","null","16","1","null","null","11","null","null","null","null","null","38.276533172727994","10.039243","3.8126912","1","0","9","1.3041979","89.78190583076405","1.042606","86.112976","134","0","78.81683998589298","11.989692","6.573717","0","0","10","null","null","null","null","null","null","-0.9596803","6.313978","416139736","null","null","null","null","2016","null","null","null","null","null","null","null","null","null","null","null","null","null","null","-12.305317","15.387909","-5.2007947","14.02976","0.25643677","0.8196118","0.31349367","0.40263337","1636148068921376800","3403817730189307008","null","null","null","null","null","7","Gaia DR3 3403817730189307008","83.59099627586706","21.989260596954544","null","null","null","null","null","null","20.804396","21.38121","20.006348","NOT_AVAILABLE","1.3748627","0.57681465","0.798048","null","null","null","0","false","false","false","false","false","false","null","null","null","null","null","null","null"
"0.0011","0.0119","308.31915","0","0","-0.077956736","35","2","303","0","305","31","false","0.37115985","0.0014","0.0154","-5.837980200438562","5.097572e-13","1.9315792e-11","0.9999986","0.12733613","-0.20865574","-0.7698584","0.50385183","null","768.7141","809.4087","false","0.0006","0.0065","-1.3162882846940231","84.04823248957054","null","null","null","false","false","false","false","0","0","0.05126714","178.20201","184.55187640494538","MARCS","5.0494","5.0626","37","0","-3.1849","-3.0006","21","1.4552556","1.5454022","0.11099354","0.2312786","null","407.86822640598905","6.930848","58.848244","1","0","34","1.2199038","967.4035352237233","1.3435324","720.0448","303","0","772.2710234261651","10.192185","75.7709","1","0","35","1.8873886","null","-0.62822515","null","null","null","-0.51450664","0.15792681","1144027306","-0.0013355558","0.4795554","-0.41607052","null","2016","null","null","null","null","null","null","null","null","null","null","null","null","null","null","-42.865005","15.443758","-12.041535","31.523895","0.19074266","0.5855898","0.24886355","0.36313838","1636148068921376800","3403817936349410944","4426.998","4453.8594","null","null","null","16","Gaia DR3 3403817936349410944","83.58103689848393","21.990472375543177","0.23958438519875594","0.15503044","1.6149550367711778","0.23586091","-0.9768090787078626","0.14060907","18.223349","18.812243","17.528471","NOT_AVAILABLE","1.2837715","0.5888939","0.6948776","null","null","0.9956913","0","false","false","false","false","true","true","4441.765","5.0567","-3.1148","789.3394","0.0058","0.0045","0.0025"
"null","null","229.89099","0","0","0.39033535","26","6","216","0","222","95","false","2.2528896","null","null","-5.8326468915166245","1.0760553e-8","1.816492e-8","0.9999966","0.48774594","-0.16184823","-0.6474417","0.38758448","-0.042600803","null","null","false","null","null","-1.314386187957722","84.05329113649401","null","null","null","false","false","false","false","2","0","0.07793982","75.69573","184.55274706460963","null","null","null","27","0","null","null","15","null","1.3672467","-0.10794761","0.39176416","-0.31350678","77.86024817810987","12.590024","6.1842813","1","0","17","1.6110721","160.3679881970024","1.2157668","131.90686","218","0","180.50414189299474","15.167629","11.900617","0","0","19","3.0653293","0.3522141","-0.7508388","-0.2613076","1.4726365","0.14566438","-0.31778333","0.6321381","1625341217","0.054575138","0.08409122","-0.044071507","-0.19328502","2016","null","null","null","null","null","null","null","null","null","null","null","null","null","null","-33.84278","16.989035","-10.039185","26.59278","0.16255784","0.6637057","0.18790501","0.45909327","1636148068921376800","3403817936347737088","null","null","null","null","null","13","Gaia DR3 3403817936347737088","83.58639445672058","21.99259745816913","1.037703487233716","0.7589731","2.729522793916329","1.5096561","-1.394972912969076","0.7332779","20.174572","20.610252","19.106678","NOT_AVAILABLE","1.5035744","0.4356804","1.067894","null","null","1.0175098","0","false","false","false","false","false","false","null","null","null","null","null","null","null"
"1.4307","1.4471","284.63107","0","0","-0.12243924","35","0","289","0","289","31","false","0.057137214","1.5942","1.6115","-5.831447830949635","5.1014884e-13","2.3759123e-11","0.9999891","0.019978026","-0.3256343","-0.8204423","0.5625525","null","2270.059","2396.3274","false","0.7707","0.7796","-1.3142642008573953","84.05460379665521","null","null","null","false","false","false","false","0","0","0.06937286","176.92964","184.5532969985807","A","3.9389","3.9749","37","0","-0.3882","-0.2591","20","1.556717","15.717708","0.28648987","0.05816723","null","21657.618221098102","20.069405","1079.1361","0","0","32","1.2000779","40103.78853914055","12.872935","3115.357","283","0","26470.052504830765","19.033804","1390.6864","0","0","31","2.7515082","null","-0.6779397","null","null","null","-0.60139954","0.024872115","658266584","0.2431427","0.532122","-0.37381235","null","2016","null","null","null","null","null","null","null","null","null","null","null","null","null","null","-32.73902","15.415835","-11.57103","30.107782","0.22080313","0.6164195","0.24042703","0.3442635","1636148068921376800","3403817936349408000","9013.3545","9098.6455","null","null","null","17","Gaia DR3 3403817936349408000","83.58780251600116","21.99277764450909","0.37353110075343043","0.023764987","1.5885655416162243","0.035600856","-2.246610164068701","0.02167706","14.179403","14.499516","13.691009","NOT_AVAILABLE","0.80850697","0.32011223","0.48839474","null","null","0.9936955","0","true","true","false","false","true","true","9049.528","3.9556","-0.3208","2333.977","1.6013","1.4375","0.7743"
"null","null","337.12732","2.4974875","13.220269","2.994776","30","1","254","0","255","95","false","2.176994","null","null","-5.831926791074282","1.1371983e-10","4.0360177e-11","0.9999981","0.8183617","-0.52248836","-0.84218717","0.62707645","0.022782363","null","null","false","null","null","-1.3117397470964969","84.05260323042799","null","null","null","false","false","false","false","0","0","0.028269377","13.733273","184.55009552363947","null","null","null","31","0","null","null","17","null","1.5633695","0.37244916","-0.048284583","-0.11799405","29.635847098225707","4.2379627","6.9929466","0","0","19","1.2809678","169.49485826700294","0.8892091","190.61305","249","1","187.48162283863545","11.021212","17.01098","0","0","27","6.5512824","0.18662123","-0.7202378","-0.065917805","1.4467349","0.14067678","-0.732972","0.9545778","786435326","0.38668266","0.65663666","-0.5102133","-0.11103699","2016","null","null","null","null","null","null","null","null","null","null","null","null","null","null","-45.9226","17.21321","-18.730843","29.189869","0.2553392","0.64317125","0.29640052","0.3436018","1636148068921376800","3403817932050993536","null","null","null","null","null","14","Gaia DR3 3403817932050993536","83.5855266237715","21.995210715368103","1.3397952599101584","0.85699207","6.48331067647845","1.2624667","0.9412657599278668","0.8569891","20.114475","21.658998","19.065498","NOT_AVAILABLE","2.5935001","1.5445232","1.0489769","null","null","1.1360368","0","false","false","false","false","false","false","null","null","null","null","null","null","null"
"0.0165","0.118","285.86105","0","0","0.5272732","32","0","269","0","269","95","false","0.63620186","0.022","0.1558","-5.828296510148949","6.640413e-11","2.1737194e-11","0.99999404","0.23976335","-0.5237091","-0.8494613","0.5701707","0.04725986","604.4924","1009.0882","false","0.0089","0.0639","-1.3109172173611257","84.0563174478883","null","null","null","false","false","false","false","0","0","0.043085326","177.25742","184.55123535151017","PHOENIX","4.9454","5.1226","34","0","-2.3412","-1.5803","19","null","2.4105077","0.37859824","0.054753955","-0.16062325","276.87307655614217","9.002549","30.754965","0","0","31","1.2953546","685.1383547314671","1.2361468","554.25323","269","0","610.6240405353096","8.570262","71.24917","0","0","31","3.3803246","0.17439015","-0.70100963","-0.115698144","1.4342482","0.04119292","-0.74682677","0.28681517","241154144","0.44273385","0.65161854","-0.44460028","-0.13196096","2016","null","null","null","null","null","null","null","null","null","null","null","null","null","null","-36.707085","17.726416","-14.975228","28.072166","0.26727462","0.6617294","0.2660052","0.3795735","1636148068921376800","3403817932051940224","4239.0337","4344.365","null","null","null","14","Gaia DR3 3403817932051940224","83.58948798938391","21.996197439884","0.6564106093990905","0.2723122","1.451933868514804","0.37461197","-3.052619048792001","0.2518235","18.597921","19.23284","17.78346","NOT_AVAILABLE","1.449379","0.6349182","0.81446075","null","null","1.0218012","0","false","false","false","false","true","false","4278.5947","5.0585","-2.0416","779.1282","0.0709","0.0536","0.0289"
"null","null","78.67416","2.1595592","0.34458128","0.84452564","9","2","74","0","76","3","false","18.089296","null","null","-5.843694432512135","null","null","null","6.824009","null","null","null","null","null","null","false","null","null","-1.305964521346965","84.0357205075334","null","null","null","false","false","false","false","0","77","0.060843337","35.372017","184.53661841165612","null","null","null","9","0","null","null","4","null","null","null","null","null","null","null","null","null","null","0","null","88.22625819510536","1.6318247","54.066013","59","2","null","null","null","null","null","0","null","null","null","null","null","null","-0.97587115","10.266009","372187653","null","null","null","null","2016","null","null","null","null","null","null","null","null","null","null","null","null","null","null","15.119436","28.46778","14.8775625","28.828497","0.3226244","0.93100977","0.31109563","0.74134153","1636148068921376800","3403818005065801472","null","null","null","null","null","7","Gaia DR3 3403818005065801472","83.56706384010184","22.000228880896884","null","null","null","null","null","null","20.823372","null","null","NOT_AVAILABLE","null","null","null","null","null","null","0","false","false","false","false","false","false","null","null","null","null","null","null","null"
"0.0858","0.1615","430.06384","0.6944452","3.4386022","5.069074","33","0","285","0","285","95","false","0.5197871","0.1138","0.2129","-5.843515877436618","5.563215e-10","1.9419793e-13","0.9999959","0.1762946","-0.20448905","-0.752018","0.5020753","-0.014951149","804.1177","963.2265","false","0.0466","0.088","-1.3058172969854833","84.03584193636318","null","null","null","false","false","false","false","3","0","0.028185109","158.53055","184.5365507518168","MARCS","4.7176","4.8199","35","0","-3.394","-2.9605","20","null","0.1573214","0.09503817","0.19620238","-0.069031425","328.15879681258065","10.856163","30.22788","31","0","31","1.3591224","782.6932344041348","1.4669374","533.55597","285","0","735.6170651950624","12.873196","57.143314","32","0","32","1.3297417","0.22862981","-0.6361701","-0.0351214","1.4676914","0.0413112","-0.5208637","0.21638572","203249692","0.028086396","0.4278605","-0.39874715","-0.10201493","2016","null","null","null","null","null","null","null","null","null","null","null","null","null","null","-40.513664","15.836449","-11.205075","31.810377","0.17992485","0.5761878","0.2092467","0.3878178","1636148068921376800","3403818000770472704","4219.9805","4296.08","null","null","null","16","Gaia DR3 3403818000770472704","83.56718756300985","22.000381370557736","0.03241636482783117","0.20605184","0.31321472952226226","0.32889742","-1.2923272419863705","0.20398396","18.453388","19.048332","17.581266","NOT_AVAILABLE","1.4670658","0.594944","0.8721218","null","null","1.220815","0","false","false","false","false","true","false","4257.358","4.7891","-3.1966","839.408","0.1639","0.1241","0.0676"
"0.0009","0.0084","320.5891","0.4286611","1.0057254","1.9082837","32","0","267","0","267","31","false","0.5748756","0.0012","0.0115","-5.837721057167808","5.123518e-13","1.0243077e-13","0.9999955","0.17616527","-0.24158368","-0.7580682","0.5077958","null","533.7997","570.1271","false","0.0005","0.0045","-1.300578666334664","84.03951850335945","null","null","null","false","false","false","false","0","0","0.058844924","178.9979","184.53382117006913","MARCS","5.0772","5.1146","34","0","-1.7231","-1.6432","19","1.3919713","3.0060196","0.17372184","0.119482785","null","259.6828165948013","7.841213","33.117683","0","0","29","1.2523926","697.3510071678437","1.2747374","547.0546","267","0","613.6744714839141","11.735478","52.29224","0","0","28","2.5130014","null","-0.69207776","null","null","null","-0.45666918","0.21073794","680145170","-0.0177997","0.37399706","-0.3214613","null","2016","null","null","null","null","null","null","null","null","null","null","null","null","null","null","-33.812416","16.952332","-7.3674355","32.26161","0.18739207","0.59317815","0.25840375","0.38831323","1636148068921376800","3403818000770475776","3994.5586","4013.718","null","null","null","16","Gaia DR3 3403818000770475776","83.57089619160405","22.00577859962696","0.6394054040916811","0.21270834","1.118770369888682","0.37099823","-2.2502285925616943","0.21423912","18.57874","19.302435","17.77805","NOT_AVAILABLE","1.5243855","0.72369576","0.8006897","null","null","1.0832046","0","false","false","false","false","true","false","4005.6306","5.1007","-1.6875","545.5191","0.0046","0.0034","0.0018"
"0.0045","0.0342","375.79138","0.80195326","2.2578902","2.6189551","35","1","298","0","299","31","false","0.62735885","0.006","0.0455","-5.835546744741","3.067515e-10","1.0076123e-10","0.9999961","0.19208086","-0.391012","-0.63632166","0.27110085","null","685.1774","1091.3809","false","0.0024","0.0185","-1.3085799218690235","84.0466162175132","null","null","null","false","false","false","false","0","0","0.062823616","3.2710483","184.54434683402766","PHOENIX","4.7809","5.1446","37","0","-2.3509","-2.074","19","1.4182844","1.698388","0.28204316","0.081265226","null","196.7281433565428","7.1227665","27.619625","0","0","30","1.2217469","494.4866341557684","1.0986153","450.0999","299","0","407.4093853800534","10.921684","37.3028","0","0","31","3.197204","null","-0.5858106","null","null","null","-0.2997547","0.25535393","157774959","0.07485739","0.09973079","0.05916191","null","2016","null","null","null","null","null","null","null","null","null","null","null","null","null","null","-40.669292","16.318947","-14.604728","31.283068","0.23288408","0.6111568","0.2913136","0.3527432","1636148068921376800","3403817932050994944","4190.937","4241.8926","null","null","null","15","Gaia DR3 3403817932050994944","83.57892608722305","21.998101217771506","0.48646716059902245","0.28642878","1.4352282312269253","0.42644656","-2.856962287418875","0.22858214","18.95198","19.603876","18.222818","NOT_AVAILABLE","1.3810577","0.6518955","0.7291622","null","null","1.1089382","0","false","false","false","false","true","false","4216.3677","4.8961","-2.2109","973.7558","0.0221","0.0166","0.009"
"null","null","241.82483","0","0","0.21676734","27","1","229","0","230","95","false","2.7534335","null","null","-5.830538078201542","1.5912431e-9","2.4791875e-9","0.99999636","0.8556096","-0.59055793","-0.8120383","0.5689562","-0.07113165","null","null","false","null","null","-1.3083030518219583","84.05223292056108","null","null","null","false","false","false","false","0","0","0.030755134","15.395132","184.54691371432958","null","null","null","28","0","null","null","14","null","-0.6314819","0.43661457","-0.19846003","-0.04467686","41.375847647566545","5.982697","6.915919","1","0","16","1.0214853","125.21581821127188","0.8393535","149.18126","230","0","86.53027810629173","9.658679","8.958811","0","0","23","0.7609371","0.27517176","-0.7516109","-0.29859996","1.4298062","0.16764805","-0.58192354","0.9346766","836191284","0.38138723","0.44090307","-0.30822322","-0.15153605","2016","null","null","null","null","null","null","null","null","null","null","null","null","null","null","-49.535324","18.550385","-20.627106","30.520298","0.22953734","0.6465617","0.26586628","0.37247086","1636148068921376800","3403817936346319360","null","null","null","null","null","14","Gaia DR3 3403817936346319360","83.58496297345306","21.99862755626193","-0.6141268496598735","0.97251695","-0.2566307610987941","1.7260027","-0.7163560018290562","1.0492046","20.443218","21.296675","19.904976","NOT_AVAILABLE","1.3916988","0.8534565","0.53824234","null","null","1.0087823","0","false","false","false","false","false","false","null","null","null","null","null","null","null"
"null","null","273.0681","0","0","0.49380478","31","1","259","0","260","95","false","0.75448537","null","null","-5.826439642600678","5.106573e-13","1.027915e-13","0.99999374","0.2896099","-0.48686934","-0.8372336","0.567115","-0.010295967","null","null","false","null","null","-1.3098807019175003","84.05786396523567","null","null","null","false","false","false","false","0","0","0.062908694","177.0691","184.55110478352776","null","null","null","33","0","null","null","19","null","1.0850697","0.3831216","0.009565233","-0.118247576","152.68913604536968","6.642389","22.987082","0","0","32","1.3790857","469.9292039766473","1.086931","432.345","259","0","495.38346756504103","10.445023","47.427708","1","0","33","3.9014962","0.19588411","-0.65879196","-0.097849265","1.4753855","0.055107597","-0.6942781","0.3472946","692535062","0.37826413","0.6192889","-0.45611867","-0.09264376","2016","null","null","null","null","null","null","null","null","null","null","null","null","null","null","-35.4173","16.407356","-14.109124","29.689999","0.22338818","0.62227386","0.20115818","0.36667264","1636148068921376800","3403817932051940096","null","null","null","null","null","16","Gaia DR3 3403817932051940096","83.59110418705302","21.997301607918036","0.35341722477477605","0.32570922","1.3074004383985545","0.44299477","-3.675918370701264","0.3067751","19.007286","19.879023","18.010542","NOT_AVAILABLE","1.8684807","0.8717365","0.99674416","null","null","1.0207056","0","false","false","false","false","false","false","null","null","null","null","null","null","null"
"null","null","184.38136","0","0","-1.6506258","26","2","214","0","216","31","false","0.69219285","null","null","-5.854699226169941","6.204644e-10","4.4949355e-10","0.9999934","0.26260337","-0.2922782","-0.6571283","0.14855988","null","null","null","false","null","null","-1.2949445474545351","84.01670804472931","null","null","null","false","false","false","false","0","0","0.05759842","179.44891","184.51750252748403","null","null","null","27","0","null","null","15","1.4165908","0.764585","0.116907","0.34321645","null","144.88209751686847","8.623434","16.800974","0","0","25","1.2295063","336.7811422640047","1.0204902","330.01898","209","0","269.19240859355375","6.9828916","38.550278","0","0","25","1.5705017","null","-0.3192149","null","null","null","-0.28515938","0.32779783","1541596926","0.13562496","0.22244439","-0.17218809","null","2016","null","null","null","null","null","null","null","null","null","null","null","null","null","null","-39.230095","14.624427","-20.016323","29.923325","0.20677094","0.5577087","0.15515707","0.43202034","1636148068921376800","3403818726623395456","null","null","null","null","null","13","Gaia DR3 3403818726623395456","83.54605248470338","22.010389159643406","0.28463353394622665","0.37227193","0.8076798608305423","0.48029315","-1.3468960201403737","0.28232837","19.368998","19.936005","18.672739","NOT_AVAILABLE","1.2632656","0.56700706","0.69625854","null","null","0.9188106","0","false","false","false","false","false","false","null","null","null","null","null","null","null"
"null","null","1811.0554","7.1748977","57.16345","32.09875","28","11","225","0","236","3","false","2.7986405","null","null","-5.849763449082274","0.000010218846","0.000023987604","0.99928385","1.0453568","null","null","null","null","null","null","false","null","null","-1.2880215037758416","84.01842746735656","null","null","null","false","false","false","false","0","0","0.3794187","26.490162","184.51232563859728","null","null","null","29","0","null","null","16","null","null","null","null","null","111.40801037707584","9.498162","11.729428","1","0","25","1.5121148","256.60676091413626","3.7698119","68.06885","229","0","276.6108510394377","14.262367","19.394455","3","0","26","null","null","null","null","null","null","-0.6119456","1.3704449","1598027574","null","null","null","null","2016","null","null","null","null","null","null","null","null","null","null","null","null","null","null","-38.026016","19.103786","-17.817875","30.788776","0.19298926","0.6075434","0.14230159","0.4642424","1636148068921376800","3403818726623393792","null","null","null","null","null","14","Gaia DR3 3403818726623393792","83.54757086714447","22.017382147421966","null","null","null","null","null","null","19.664196","20.22125","18.643223","NOT_AVAILABLE","1.5780277","0.5570545","1.0209732","null","null","null","0","false","false","false","false","false","false","null","null","null","null","null","null","null"
"null","null","178.34935","0","0","-2.6264992","26","0","224","0","224","31","false","1.4492307","null","null","-5.848107443148094","3.171493e-9","3.202649e-8","0.99999356","0.4424517","-0.14171292","-0.6346799","0.3263704","null","null","null","false","null","null","-1.2876554693641191","84.02012704251786","null","null","null","false","false","false","false","0","0","0.012622155","91.74231","184.51285634286603","null","null","null","27","0","null","null","14","1.4097228","4.0977507","-0.028138747","0.4119858","null","68.21663884843113","8.47525","8.0489235","0","0","23","1.2417825","167.40646101835037","0.90466875","185.04724","224","0","139.66577907302474","5.7860827","24.138227","0","0","22","3.017166","null","-0.52493376","null","null","null","-0.3682679","0.5697174","982340362","0.092132665","0.32965815","-0.2852171","null","2016","null","null","null","null","null","null","null","null","null","null","null","null","null","null","-17.482328","15.673325","-10.1916685","30.46974","0.27146107","0.5786833","0.13638797","0.44929257","1636148068921376800","3403818825406854656","null","null","null","null","null","14","Gaia DR3 3403818825406854656","83.5493841986386","22.017823778574698","2.6097293089737597","0.6368688","1.975734957417608","0.9743669","-2.280298633182615","0.5327006","20.127935","20.753817","19.38517","NOT_AVAILABLE","1.3686466","0.6258812","0.7427654","null","null","0.8757072","0","false","false","false","false","false","false","null","null","null","null","null","null","null"
"0.6261","0.7756","271.05798","0.14534049","0.14144726","0.085479274","31","1","263","0","264","31","false","0.44344282","0.9062","1.1157","-5.848542843298689","5.2272954e-13","1.0495401e-13","0.9999309","0.15161806","-0.16659844","-0.7568369","0.48691824","null","407.5249","498.591","false","0.3465","0.4295","-1.2979330291858047","84.02552177302123","null","null","null","false","false","false","false","0","0","0.046133026","170.4629","184.52451560392302","MARCS","4.6347","4.9934","34","0","-1.383","-0.9665","19","1.3099371","6.9657803","0.072121","0.24092437","null","216.6395838617732","9.935605","21.804367","1","0","32","1.3451935","836.604237344727","1.3450943","621.967","263","0","908.7550332367978","11.032899","82.367744","1","0","26","14.226193","null","-0.6284179","null","null","null","-0.47478813","0.18260743","1503518065","0.014023238","0.43546373","-0.3908857","null","2016","null","null","null","null","null","null","null","null","null","null","null","null","null","null","-38.487175","15.954253","-9.869998","32.997276","0.17830981","0.55909127","0.1961673","0.39252803","1636148068921376800","3403818657903917696","3693.1514","3844.318","null","null","null","16","Gaia DR3 3403818657903917696","83.55569113089925","22.007797448755383","1.2521701724198584","0.17976022","4.795864839371572","0.28212246","-13.393440604014476","0.17276026","18.381067","19.499197","17.351778","NOT_AVAILABLE","2.147419","1.1181297","1.0292892","null","null","1.002472","0","false","false","false","false","true","false","3798.7722","4.8656","-1.1098","461.9147","1.0325","0.7164","0.3972"
"null","null","251.45364","0.60130614","0.7792463","0.8961507","27","0","227","0","227","31","false","0.8422868","null","null","-5.840766305383817","3.5069256e-10","8.913389e-11","0.9999868","0.23578736","-0.29239243","-0.58089006","-0.009748874","null","null","null","false","null","null","-1.2930887918326568","84.0317097265795","null","null","null","false","false","false","false","0","0","0.06640369","0.19902386","184.52338576897392","null","null","null","28","0","null","null","15","1.4682218","2.2990148","0.1925387","0.14852269","null","167.26067660008792","5.4072366","30.932747","0","0","26","1.2856083","394.2389057010534","1.1259204","350.1481","225","0","339.57613068802254","9.532818","35.6218","0","0","26","0.722284","null","-0.4120768","null","null","null","-0.20669818","0.31762093","776088561","0.16453698","-0.03699847","0.07925603","null","2016","null","null","null","null","null","null","null","null","null","null","null","null","null","null","-18.832296","16.321148","-8.131254","28.566116","0.22121286","0.61649644","0.12913768","0.4313604","1636148068921376800","3403818760983440256","null","null","null","null","null","13","Gaia DR3 3403818760983440256","83.56212396671427","22.01291298432828","0.7877789030933576","0.34265935","0.6902905732382907","0.5952713","-0.212586795636322","0.28028107","19.197968","19.780058","18.420553","NOT_AVAILABLE","1.3595047","0.5820904","0.7774143","null","null","1.0413072","0","false","false","false","false","false","false","null","null","null","null","null","null","null"
"0.2019","0.4602","259.82904","0","1.2536278e-15","-0.31691986","31","2","262","0","264","31","false","0.24916816","0.2544","0.5735","-5.846739368497738","5.0989806e-13","2.020381e-11","0.9999948","0.076408446","-0.38568124","-0.65270483","0.30793434","null","997.4943","1239.1508","false","0.1105","0.2526","-1.2878381676268056","84.02180943849459","null","null","null","false","false","false","false","0","0","0.037037276","171.48679","184.51385692703917","MARCS","4.7753","4.8786","33","0","-2.7578","-2.0646","18","1.4762266","2.3715527","0.33791575","-0.068245","null","829.9356243792603","12.89853","64.34343","1","0","31","1.2384751","1831.4252233051116","2.0643485","887.16864","253","0","1438.2388616493577","10.668808","134.80783","1","0","28","2.1539009","null","-0.58957285","null","null","null","-0.2335792","0.09881446","206738821","-0.00468145","0.07740165","-0.014651135","null","2016","null","null","null","null","null","null","null","null","null","null","null","null","null","null","-43.126823","13.310471","-13.988972","32.257294","0.1799708","0.57152075","0.23009214","0.34565222","1636148068921376800","3403818829702607360","4882.7817","5214.927","null","null","null","15","Gaia DR3 3403818829702607360","83.5512054852068","22.017716436673066","0.2636322405449668","0.1111644","2.1383586821592555","0.16773981","0.25828538938403767","0.09418585","17.530394","18.040932","16.853317","NOT_AVAILABLE","1.1876144","0.5105381","0.67707634","null","null","0.9847632","0","true","false","false","false","true","true","5129.121","4.8181","-2.4935","1169.7289","0.4849","0.3887","0.2133"
"null","null","377.7474","2.0867927","8.203137","5.374084","27","2","225","0","227","95","false","1.2119668","null","null","-5.842230690236459","7.344648e-13","1.2214401e-9","0.9999949","0.37775895","-0.304615","-0.55067927","0.061649103","0.19034432","null","null","false","null","null","-1.2915477278735583","84.02913691964147","null","null","null","false","false","false","false","0","0","0.14829917","160.06386","184.5207555437164","null","null","null","28","0","null","null","15","null","2.4592443","0.21729936","0.04373753","0.004976465","78.15454852901587","6.0858326","12.842047","0","0","25","1.4285319","299.7107505040158","1.905703","157.27045","226","0","349.9918074616543","6.371073","54.934517","0","0","25","2.9487648","0.13428104","-0.47248462","-0.10174469","1.287631","0.100499526","-0.19508891","0.4987223","712441560","0.099627756","-0.09110578","0.13750157","-0.21254382","2016","null","null","null","null","null","null","null","null","null","null","null","null","null","null","-32.46606","17.740788","-10.675814","31.035692","0.20472766","0.59269387","0.18420103","0.40860656","1636148068921376800","3403818760983129344","null","null","null","null","null","13","Gaia DR3 3403818760983129344","83.5592781345172","22.01433773833108","1.2807386117964676","0.52078545","2.7415787076477836","0.84410596","-1.0857995650770058","0.4353154","19.495611","20.606157","18.38775","NOT_AVAILABLE","2.2184067","1.1105461","1.1078606","null","null","1.2658315","0","false","false","false","false","false","false","null","null","null","null","null","null","null"
"0.7935","0.8807","272.08365","0","1.2813496e-15","0.60614693","30","3","251","0","254","31","false","0.51049644","1.1973","1.3267","-5.839228970720618","6.824602e-13","1.3115613e-12","0.9997813","0.16702388","-0.18490407","-0.7395887","0.47028506","null","350.6664","405.069","false","0.4746","0.5231","-1.291612165653875","84.03263525198311","null","null","null","false","false","false","false","0","0","0.021087635","174.9083","184.5225610077166","MARCS","4.8954","4.9617","32","0","-0.6233","-0.4902","18","1.2765735","9.128948","0.08735585","0.16313039","null","170.45220364316287","8.670941","19.657866","1","0","27","1.5009285","736.920070783305","1.3834461","532.66986","249","0","935.6121285282624","11.666861","80.19399","1","0","26","4.312134","null","-0.606478","null","null","null","-0.48355868","0.20930605","306281520","0.03063855","0.43811935","-0.4261956","null","2016","null","null","null","null","null","null","null","null","null","null","null","null","null","null","-43.898792","16.056923","-13.977798","33.043087","0.15646538","0.57195437","0.18884265","0.39067253","1636148068921376800","3403818756684723840","3560.393","3598.297","null","null","null","16","Gaia DR3 3403818756684723840","83.56304997577746","22.014429416932064","1.8006280029610628","0.19724376","3.8884168555256933","0.3282729","1.864057489395862","0.19612081","18.518816","19.759535","17.320156","NOT_AVAILABLE","2.4393787","1.2407188","1.1986599","null","null","1.0260843","0","false","false","false","false","true","false","3579.5366","4.9258","-0.5571","381.5972","1.2635","0.8379","0.499"
"null","null","300.25916","0.75215626","1.5366936","1.7435515","31","3","256","0","259","95","false","0.60653025","null","null","-5.838841085464455","null","null","null","0.21454044","-0.33452794","-0.5524866","0.14947806","0.097432084","null","null","false","null","null","-1.2909606996345422","84.03270875287721","null","null","null","false","false","false","false","0","0","0.12383048","177.40742","184.5220297129516","null","null","null","32","0","null","null","17","null","1.0363824","0.14718866","0.20264375","-0.10306616","null","null","null","null","null","0","null","430.3852525031556","1.205273","357.08527","257","2","null","null","null","null","null","0","0.8245195","0.22342843","-0.36152804","0.104937725","1.4901065","0.0630466","-0.31201234","0.28920612","1331437949","0.18383987","0.10143314","-0.13562752","-0.26065505","2016","null","null","null","null","null","null","null","null","null","null","null","null","null","null","-34.01165","16.464884","-15.647268","31.62178","0.2325489","0.5759257","0.193762","0.4275825","1636148068921376800","3403818760980662656","null","null","null","null","null","16","Gaia DR3 3403818760980662656","83.56309781372741","22.01508351225651","0.32273505720330536","0.31140536","0.12766429212865318","0.42299703","-0.8145761509330038","0.24100849","19.102724","null","null","NOT_AVAILABLE","null","null","null","null","null","1.0776114","0","false","false","false","false","false","false","null","null","null","null","null","null","null"
"0.0188","0.1516","263.80267","0.24711528","0.45371515","0.60583663","29","1","245","0","246","31","false","0.44083914","0.0248","0.1992","-5.849408273686752","6.171617e-11","1.0288608e-13","0.99999547","0.14905675","-0.22466752","-0.74998266","0.4201633","null","651.3474","1050.1635","false","0.0101","0.0816","-1.284691071536172","84.01692612871757","null","null","null","false","false","false","false","0","0","0.025168154","171.21039","184.50867088079133","PHOENIX","4.8912","5.0783","31","0","-2.1442","-1.4798","18","1.4316878","1.1290172","0.11042601","0.2918424","null","368.3961023483963","17.440485","21.123043","0","0","27","1.2636644","871.8458502926528","1.3864392","628.83813","245","0","733.3244005976451","5.261102","139.38608","0","0","27","0.61470944","null","-0.56745905","null","null","null","-0.4830754","0.18689325","32835612","-0.05950757","0.44554868","-0.45073408","null","2016","null","null","null","null","null","null","null","null","null","null","null","null","null","null","-58.77221","15.205083","-15.271016","31.590956","0.15318511","0.570722","0.19826041","0.40259695","1636148068921376800","3403818829702608000","4278.043","4395.077","null","null","null","16","Gaia DR3 3403818829702608000","83.5457927810629","22.02064212684064","0.21082616553362316","0.18673423","-0.2374954924536436","0.28431338","0.566977556446655","0.16935828","18.336267","18.922754","17.584656","NOT_AVAILABLE","1.3380985","0.5864868","0.7516117","null","null","1.0263783","0","false","false","false","false","true","false","4317.949","4.9667","-1.6986","883.1693","0.0776","0.0588","0.0316"
"null","null","238.38196","0.4556315","0.13696536","-0.48845825","27","2","229","0","231","95","false","1.5611691","null","null","-5.84496191874177","2.898001e-10","5.3794857e-11","0.99999106","0.4527375","-0.19877285","-0.6726823","0.3241689","-0.0018174092","null","null","false","null","null","-1.2750407040985174","84.0165161712762","null","null","null","false","false","false","false","0","0","0.07447292","176.69128","184.5000512161302","null","null","null","29","0","null","null","16","null","0.9235507","0.015033181","0.48957756","0.018340403","59.047113275829396","9.842693","5.9990807","0","0","22","1.506853","167.53344360140096","0.79369926","211.07924","229","0","193.40115852521467","8.22589","23.511274","2","0","24","5.233087","0.2027239","-0.5232038","0.041199416","1.1350702","0.12542866","-0.36562064","0.57784444","842135162","0.018003164","0.2982493","-0.2322999","-0.1270565","2016","null","null","null","null","null","null","null","null","null","null","null","null","null","null","-43.71525","15.052965","-17.80353","29.888937","0.19746922","0.5979582","0.2207828","0.3872473","1636148068921376800","3403819031564828160","null","null","null","null","null","15","Gaia DR3 3403819031564828160","83.54488547773408","22.0302645042708","0.6614553071926763","0.716209","-1.539378537670191","1.0551213","-5.001550923905817","0.554661","20.127113","20.910545","19.031748","NOT_AVAILABLE","1.8787975","0.783432","1.0953655","null","null","0.9754774","0","false","false","false","false","false","false","null","null","null","null","null","null","null"
"null","null","265.05176","0","0","0.21852379","30","0","258","0","258","95","false","0.5346442","null","null","-5.8416572377847045","1.12697656e-7","4.37715e-8","0.99999255","0.17712076","-0.22494715","-0.72912455","0.46657017","-0.008333852","null","null","false","null","null","-1.2837957860495357","84.02535041795933","null","null","null","false","false","false","false","42","0","0.049129408","175.81815","184.5121028119413","null","null","null","32","0","null","null","19","null","3.4485252","0.09374195","0.20109066","-0.06750549","398.8757647699232","8.587578","46.447994","28","0","28","1.7757977","619.3835554637799","1.3375404","463.0765","258","0","701.0241354614494","7.557134","92.76322","25","0","25","0.74385047","0.21974374","-0.6120728","-0.039728917","1.5696409","0.044413917","-0.42838207","0.21894738","854750397","-0.024852019","0.36467662","-0.36817154","-0.1162493","2016","null","null","null","null","null","null","null","null","null","null","null","null","null","null","-46.724068","14.513076","-12.738031","31.09098","0.16246973","0.5795895","0.21555406","0.3693773","1636148068921376800","3403818829699517440","null","null","null","null","null","15","Gaia DR3 3403818829699517440","83.55482551030957","22.021912935865018","0.7628933316217673","0.22122307","-0.26155722558216393","0.34413823","-0.6963485788189911","0.20921478","18.707468","18.836449","17.633564","NOT_AVAILABLE","1.2028847","0.12898064","1.073904","null","null","1.0084229","0","false","false","false","false","false","false","null","null","null","null","null","null","null"
"null","null","44.888504","0.37738228","0.14317827","-0.15236805","7","1","52","0","53","3","false","6.5493193","null","null","-5.841640118587445","null","null","null","2.3284514","null","null","null","null","null","null","false","null","null","-1.283650820934286","84.0252869820082","null","null","null","false","false","false","false","1","100","0.037123397","44.067066","184.51194468881008","null","null","null","10","1","null","null","4","null","null","null","null","null","null","null","null","null","null","0","null","307.65095984316724","2.234037","137.71077","47","2","null","null","null","null","null","0","null","null","null","null","null","null","0.96009386","2.533698","1395117185","null","null","null","null","2016","null","null","null","null","null","null","null","null","null","null","null","null","null","null","-23.749928","-20.559505","-25.359055","-44.88756","0.36629912","0.6768542","0.24787758","0.11950074","1636148068921376800","3403818825404206208","null","null","null","null","null","6","Gaia DR3 3403818825404206208","83.55475018315282","22.02205492380654","null","null","null","null","null","null","19.46722","null","null","NOT_AVAILABLE","null","null","null","null","null","null","0","false","false","false","false","false","false","null","null","null","null","null","null","null"
"0.0031","0.0378","278.83566","0.30516428","0.48383608","0.70549047","30","0","257","0","257","31","false","0.67386746","0.0042","0.0512","-5.838553386183339","7.500626e-11","7.3636534e-11","0.9999902","0.23867506","-0.4703464","-0.86072123","0.6533207","null","555.4794","703.2579","false","0.0016","0.0203","-1.2837179824185663","84.02888492658562","null","null","null","false","false","false","false","0","0","0.046247285","175.31566","184.51380238429408","PHOENIX","5.0035","5.1005","32","0","-1.7403","-1.5267","19","1.4209937","0.37353188","0.38685825","-0.10098964","null","229.98846956693527","13.23792","17.37346","0","0","30","1.2532203","671.3246267294033","1.2847768","522.5224","256","0","611.3292322587466","9.168382","66.677986","1","0","29","3.5891645","null","-0.7442598","null","null","null","-0.7209069","0.27994514","1004450290","0.33709848","0.67707366","-0.58496827","null","2016","null","null","null","null","null","null","null","null","null","null","null","null","null","null","-38.690975","16.767002","-15.392071","30.58965","0.20623332","0.61605614","0.18982616","0.38065258","1636148068921376800","3403818825404206464","4013.2002","4052.5776","null","null","null","15","Gaia DR3 3403818825404206464","83.55862968761234","22.022148436023727","0.08847539069406457","0.23686169","0.288712075030645","0.3907311","-3.5775336680088596","0.26345003","18.620035","19.434277","17.782207","NOT_AVAILABLE","1.6520691","0.8142414","0.8378277","null","null","1.0302528","0","false","false","false","false","true","false","4026.2642","5.0636","-1.6452","612.0294","0.0188","0.0138","0.0074"
"0.0022","0.0238","303.7349","0.473966","1.3319786","1.6964041","30","0","257","0","257","31","false","0.65909165","0.0029","0.0317","-5.837149622818718","5.1100904e-13","4.8458345e-11","0.99999577","0.23181406","-0.4658085","-0.86372316","0.66543806","null","545.2984","581.7526","false","0.0012","0.0129","-1.278538863299006","84.02753201377791","null","null","null","false","false","false","false","0","0","0.045476723","179.60924","184.5086099752812","PHOENIX","5.1168","5.1481","32","0","-2.4375","-2.1972","19","1.4425992","1.6458913","0.38703135","-0.12374383","null","275.1765852982729","10.350784","26.585094","0","0","30","1.210729","749.4234042565189","1.3954046","537.0653","256","0","632.1720921075532","10.336301","61.16038","1","0","28","3.340069","null","-0.754486","null","null","null","-0.72751504","0.271828","1811391980","0.3321705","0.6812601","-0.5976276","null","2016","null","null","null","null","null","null","null","null","null","null","null","null","null","null","-38.691635","16.766348","-15.392703","30.589","0.20623344","0.616056","0.18982656","0.38065207","1636148068921376800","3403818825404209152","4216.4463","4239.632","null","null","null","15","Gaia DR3 3403818825404209152","83.55692268103161","22.02726200997283","0.36956009421846736","0.22453493","1.4687187783852913","0.3817376","-2.999821147230964","0.25568908","18.50055","19.239513","17.745808","NOT_AVAILABLE","1.4937057","0.7389641","0.75474167","null","null","1.0751523","0","false","false","false","false","true","false","4227.2236","5.1391","-2.3091","559.4957","0.0122","0.0092","0.005"
"null","null","263.03418","4.30588","3.9334228","4.346492","20","0","170","0","170","95","false","3.687757","null","null","-5.837465521337804","5.059335e-10","2.9397204e-10","0.9999966","1.0715243","-0.56478167","-0.5855389","0.29260942","0.17922682","null","null","false","null","null","-1.2944866493383582","84.03631795426503","null","null","null","false","false","false","false","0","0","0.116883814","78.46275","184.5269088690986","null","null","null","21","0","null","null","10","null","1.2125169","0.366168","-0.10357581","-0.23596004","45.35378635474523","9.493318","4.7774434","0","0","12","1.723777","95.28813109199918","0.9349813","101.91448","166","0","118.90170265108672","12.751548","9.3244915","0","0","18","12.113487","-0.058635797","-0.6580918","0.19822857","1.8639499","0.27364978","-0.5506126","1.575459","798980041","0.5312107","0.2599146","-0.13372597","-0.38952807","2016","null","null","null","null","null","null","null","null","null","null","null","null","null","null","-25.943804","18.694315","-34.652225","32.24924","0.25772813","0.60090274","0.14316984","0.48808926","1636148068921376800","3403818760981453440","null","null","null","null","null","13","Gaia DR3 3403818760981453440","83.56715556026752","22.01172196895948","1.9710327324999997","1.6255713","0.830608043677666","2.4385493","-12.084976724782706","1.391974","20.739769","21.197008","19.559925","NOT_AVAILABLE","1.637083","0.45723915","1.1798439","null","null","1.2471642","0","false","false","false","false","false","false","null","null","null","null","null","null","null"
"null","null","253.6216","0.5602837","0.38468704","0.44341657","29","1","238","0","239","31","false","0.86852264","null","null","-5.835483693933244","4.001938e-10","1.9777067e-10","0.9999973","0.39057764","-0.537689","-0.7423686","0.16154128","null","null","null","false","null","null","-1.295123395752028","84.0389685710689","null","null","null","false","false","false","false","0","0","0.062436983","176.97801","184.52878944319139","null","null","null","30","0","null","null","18","1.3704984","-0.2539533","0.3848906","0.10314573","null","102.30877704143104","8.324236","12.290471","0","0","25","1.2678576","260.80468477780033","0.96441174","270.42877","238","0","228.35441541232217","7.4008703","30.855076","0","0","24","2.7374895","null","-0.35898474","null","null","null","-0.4947864","0.48597333","1475382958","0.43147495","0.35467497","-0.20147578","null","2016","null","null","null","null","null","null","null","null","null","null","null","null","null","null","-24.827436","17.684267","-12.536848","28.12644","0.2944641","0.63595754","0.15174326","0.4276183","1636148068921376800","3403818000770478080","null","null","null","null","null","13","Gaia DR3 3403818000770478080","83.57004161311336","22.011203956941763","-0.13467563978657315","0.5303166","0.853364235274042","0.58251005","-2.60108009392086","0.3820186","19.646578","20.31376","18.851372","NOT_AVAILABLE","1.462389","0.6671829","0.79520607","null","null","1.019171","0","false","false","false","false","false","false","null","null","null","null","null","null","null"
"null","null","129.55127","0","8.713234e-16","-0.17243338","17","1","138","0","139","3","false","3.5125763","null","null","-5.831163429324946","null","null","null","1.1903543","null","null","null","null","null","null","false","null","null","-1.2964437814684615","84.04470790939786","null","null","null","false","false","false","false","0","23","0.005255509","146.58203","184.5328105016276","null","null","null","17","4","null","null","12","null","null","null","null","null","null","null","null","null","null","0","null","187.31683937103844","1.3893166","134.82661","137","2","null","null","null","null","null","0","null","null","null","null","null","null","-0.3944664","1.3420777","1692811981","null","null","null","null","2016","null","null","null","null","null","null","null","null","null","null","null","null","null","null","-20.006683","4.322754","-11.876633","8.277919","0.44876477","0.7539731","0.413852","0.35322872","1636148068921376800","3403818005065794176","null","null","null","null","null","8","Gaia DR3 3403818005065794176","83.57628785891808","22.01014042429048","null","null","null","null","null","null","20.005924","null","null","NOT_AVAILABLE","null","null","null","null","null","null","0","false","false","false","false","false","false","null","null","null","null","null","null","null"
"1.3271","1.3471","408.70306","0.14715618","5.0326686","5.2325315","33","1","270","0","271","31","true","0.10830851","1.7136","1.7378","-5.830971420248552","5.1277304e-13","1.02081016e-13","0.9999942","0.039413303","-0.47354785","-0.8442194","0.5951651","null","1948.5186","1981.2439","false","0.7192","0.7304","-1.296815915597252","84.04514282449027","13.655302","0.14526138","8","false","false","false","false","0","0","0.03836696","3.1055346","184.53335244453072","MARCS","3.46","3.4766","35","0","-0.2502","-0.2493","20","1.3975197","3.502695","0.38987982","-0.12856676","null","6644.274500488461","14.348601","463.0608","33","0","33","1.3014349","18380.9675682858","7.3060403","2515.8591","270","0","17277.357470674207","16.778217","1029.7493","9","0","32","0.29975164","null","-0.70775145","null","null","null","-0.6595103","0.046244387","1568806733","0.32965642","0.58616865","-0.45268154","null","2016","null","0","null","4.2283807","2","5","13","null","null","0","4.5","5500","880.0389","10","-40.677135","15.938043","-16.252768","29.785452","0.25986767","0.6209362","0.27772552","0.32110476","1636148068921376800","3403818005068883456","5318.2915","5347.6797","null","null","null","16","Gaia DR3 3403818005068883456","83.5767742449195","22.00978801342966","0.14666148356144362","0.041871037","0.265663704109593","0.065269314","-0.13883027708376333","0.041483387","15.026446","15.782423","14.154202","NOT_AVAILABLE","1.6282206","0.7559767","0.8722439","-5.412086","10.285752","1.234341","0","true","false","false","false","true","true","5329.939","3.4682","-0.2498","1963.9681","1.7236","1.3353","0.7238"
"null","null","246.24059","0","0","-0.7837332","32","2","259","0","261","31","false","0.5223828","null","null","-5.837608132023922","3.6684936e-10","1.2138525e-10","0.9999855","0.20225835","-0.43574643","-0.67665434","0.22800581","null","null","null","false","null","null","-1.291058826762262","84.0341868035797","null","null","null","false","false","false","false","0","0","0.02434799","20.007929","184.52285434362855","null","null","null","34","0","null","null","19","1.4519093","-0.5381139","0.3236521","0.09002836","null","199.47481687648857","9.067155","21.999714","1","0","31","1.2427906","471.0342201071474","1.1139835","422.8377","257","0","385.9220930347577","8.235151","46.86278","0","0","27","0.92553294","null","-0.40076017","null","null","null","-0.37521055","0.25447682","523190585","0.21427351","0.2892456","-0.24113831","null","2016","null","null","null","null","null","null","null","null","null","null","null","null","null","null","-38.587337","15.162658","-15.32002","32.33768","0.21373062","0.5674639","0.1902791","0.39866924","1636148068921376800","3403818760983438720","null","null","null","null","null","17","Gaia DR3 3403818760983438720","83.56469484214328","22.015051387205904","-0.1513595310200654","0.28127787","0.8362791768395138","0.3545496","0.396545546427713","0.21629108","19.004736","19.588821","18.281647","NOT_AVAILABLE","1.3071747","0.58408546","0.7230892","null","null","0.964133","0","false","false","false","false","false","false","null","null","null","null","null","null","null"
"0.6181","0.7814","276.4831","0","0","0.8434103","30","0","251","0","251","31","false","0.20064774","0.7896","0.9912","-5.83391511753454","5.10299e-13","1.0215535e-13","0.9999868","0.06989074","-0.4479413","-0.8346446","0.58442765","null","719.8912","869.9426","false","0.3344","0.4219","-1.2890303489112902","84.03728146969303","null","null","null","false","false","false","false","0","0","0.038844764","2.450881","184.52263303648357","PHOENIX","4.6965","4.7614","32","0","-1.1943","-0.7666","19","1.4400957","8.694419","0.38542238","-0.15642498","null","1649.3007996714282","10.093349","163.40471","1","0","30","1.260188","4012.8837380831424","2.6454177","1516.9188","251","0","3407.6870048365486","10.166693","335.18146","2","0","30","7.4232883","null","-0.6975849","null","null","null","-0.64365214","0.08682605","622462313","0.36322027","0.5829734","-0.5342","null","2016","null","null","null","null","null","null","null","null","null","null","null","null","null","null","-28.222425","14.963385","-14.963653","30.145578","0.23708919","0.6047568","0.16056387","0.36142159","1636148068921376800","3403818760983438080","4967.007","5225.9546","null","null","null","16","Gaia DR3 3403818760983438080","83.56793121265544","22.017215783772123","0.6686169886787392","0.07690186","1.6157607544279298","0.12038715","-7.245310750460362","0.077207565","16.678726","17.295292","15.916746","NOT_AVAILABLE","1.3785458","0.6165657","0.76198006","null","null","1.036892","0","true","false","false","false","true","true","5027.241","4.7348","-1.0407","760.9406","0.8445","0.6622","0.3583"
"null","null","174.05867","4.7794547","4.487462","2.929204","15","2","128","0","130","3","false","10.321167","null","null","-5.826590200821517","0.000022359489","0.000150302","0.99946165","3.3980021","null","null","null","null","null","null","false","null","null","-1.2885335640391216","84.04544297826166","null","null","null","false","false","false","false","0","0","0.21625486","14.725883","184.5262808057676","null","null","null","16","0","null","null","11","null","null","null","null","null","64.84681742154177","8.8112","7.3595896","0","0","10","1.6735666","83.0001790557864","1.083843","76.57952","128","0","74.05950932610375","9.887753","7.4900246","0","0","13","null","null","null","null","null","null","-0.78823245","4.7505803","805363362","null","null","null","null","2016","null","null","null","null","null","null","null","null","null","null","null","null","null","null","-60.26511","15.124884","-14.053629","17.435896","0.21500316","0.80342066","0.4511576","0.3950571","1636148068921376800","3403818795341179520","null","null","null","null","null","9","Gaia DR3 3403818795341179520","83.57669994830432","22.018075513012395","null","null","null","null","null","null","20.88967","20.80882","20.073944","NOT_AVAILABLE","0.73487663","-0.080848694","0.8157253","null","null","null","0","false","false","false","false","false","false","null","null","null","null","null","null","null"
"null","null","227.22365","0","2.6164304e-15","-0.84389865","29","3","242","0","245","95","false","1.5657614","null","null","-5.822608088520058","5.668633e-10","6.2048495e-9","0.99998915","0.617405","-0.5354874","-0.8495578","0.548275","0.07091281","null","null","false","null","null","-1.2945918737366393","84.05351072554996","null","null","null","false","false","false","false","0","0","0.01825279","162.67688","184.53559720368716","null","null","null","30","0","null","null","18","null","-1.0694543","0.3905348","0.063970275","-0.17205691","89.13164197762492","10.975235","8.1211605","0","0","21","1.3517895","200.82164025493796","0.9195242","218.39734","233","0","182.33693048870114","12.200522","14.94501","0","0","24","1.1475245","0.16372547","-0.65970165","-0.07410671","1.5284529","0.10533658","-0.7558631","0.7529514","1727517433","0.47042677","0.6586159","-0.4625591","-0.17750679","2016","null","null","null","null","null","null","null","null","null","null","null","null","null","null","-21.533993","17.510725","-9.647603","25.740776","0.29143673","0.68469405","0.19994524","0.4077879","1636148068921376800","3403818039425527424","null","null","null","null","null","14","Gaia DR3 3403818039425527424","83.5856820796938","22.012381967741163","-0.7482152898109208","0.69962347","-0.34167350320233786","0.90727085","-1.0954778037621145","0.6292051","19.93034","20.463463","19.095709","NOT_AVAILABLE","1.367754","0.533123","0.83463097","null","null","0.9600153","0","false","false","false","false","false","false","null","null","null","null","null","null","null"
"null","null","219.11284","0.64627576","0.11562454","0.7144984","24","0","210","0","210","3","false","4.420382","null","null","-5.814635686965301","0.00003538272","0.00012873835","0.9990191","1.387957","null","null","null","null","null","null","false","null","null","-1.2878527342835575","84.05883735776888","null","null","null","false","false","false","false","0","0","0.043336146","3.780857","184.53238449456012","null","null","null","25","0","null","null","15","null","null","null","null","null","67.954641923141","11.152395","6.093278","0","0","21","1.7916176","114.78112247056553","0.9463597","121.286995","209","0","137.68923944037164","16.295849","8.449345","0","0","21","null","null","null","null","null","null","-0.8085053","1.5588211","160299073","null","null","null","null","2016","null","null","null","null","null","null","null","null","null","null","null","null","null","null","-31.72001","20.5138","-10.782195","26.319204","0.19773804","0.74466735","0.22939476","0.4003652","1636148068921376800","3403818417384048896","null","null","null","null","null","12","Gaia DR3 3403818417384048896","83.59109757045522","22.019351059762098","null","null","null","null","null","null","20.537691","20.757994","19.400646","NOT_AVAILABLE","1.3573475","0.22030258","1.1370449","null","null","null","0","false","false","false","false","false","false","null","null","null","null","null","null","null"
"null","null","246.85812","0","1.3398123e-15","0.5604739","28","2","230","0","232","31","false","0.91649425","null","null","-5.8296082060109455","1.4691418e-10","1.9627555e-10","0.9999963","0.37749204","-0.5081272","-0.8399041","0.46671337","null","null","null","false","null","null","-1.2830463742281168","84.03881453492696","null","null","null","false","false","false","false","0","0","0.059412025","177.19763","184.51818195634883","null","null","null","29","0","null","null","17","1.4175769","1.790064","0.38541615","0.013354674","null","159.36270355592458","11.776965","13.53173","0","0","29","1.2751276","371.9245562838313","1.1294174","329.30655","225","0","314.8885738850925","9.291642","33.889442","0","0","24","1.0303181","null","-0.6004482","null","null","null","-0.7022633","0.4418039","267679683","0.39142984","0.6125114","-0.46865988","null","2016","null","null","null","null","null","null","null","null","null","null","null","null","null","null","-41.76248","21.146576","-14.575187","28.797407","0.21268556","0.675328","0.17235333","0.4741815","1636148068921376800","3403818791044468992","null","null","null","null","null","13","Gaia DR3 3403818791044468992","83.56929517765339","22.023262120222856","0.6947900266908882","0.38813698","-0.9846809483445225","0.5386131","-0.30324715924312934","0.3787106","19.26123","19.832575","18.502502","NOT_AVAILABLE","1.3300724","0.5713444","0.758728","null","null","1.0250429","0","false","false","false","false","false","false","null","null","null","null","null","null","null"
"null","null","95.17637","1.5159754","0.25875938","1.1837401","10","0","85","0","85","3","false","8.695854","null","null","-5.824883000492486","0.000013463629","0.000030972282","0.9994926","2.5738213","null","null","null","null","null","null","false","null","null","-1.2865296687709213","84.04626185690235","null","null","null","false","false","false","false","0","0","0.080561034","178.91766","184.5249429992376","null","null","null","10","1","null","null","5","null","null","null","null","null","37.390659099252986","12.979336","2.8807838","0","0","6","1.8227834","84.18314453911516","1.31251","64.13905","85","0","116.0569745244411","15.623182","7.4285107","0","0","7","null","null","null","null","null","null","-0.80419964","3.220351","1667764261","null","null","null","null","2016","null","null","null","null","null","null","null","null","null","null","null","null","null","null","0.37851322","19.611847","-0.9916212","26.755821","0.34303305","0.75702256","0.19915316","0.32300848","1636148068921376800","3403818791044466048","null","null","null","null","null","9","Gaia DR3 3403818791044466048","83.57748594934938","22.02011386061481","null","null","null","null","null","null","20.874304","21.406635","19.586218","NOT_AVAILABLE","1.8204174","0.53233147","1.2880859","null","null","null","0","false","false","false","false","false","false","null","null","null","null","null","null","null"
"0.2794","0.3582","255.09106","0","0","-0.45629784","31","1","260","0","261","31","false","0.49697334","0.3684","0.4705","-5.823039617565494","5.099103e-13","1.02068114e-13","0.99999577","0.17978545","-0.36931565","-0.89843196","0.71975875","null","791.1015","851.0126","false","0.1507","0.1939","-1.2849959989819144","84.0475075599022","null","null","null","false","false","false","false","0","0","0.06036822","179.43408","184.52422862416478","PHOENIX","4.9044","4.9371","33","0","-1.7539","-1.5877","21","1.4154421","2.2150586","0.32533446","-0.07738182","null","466.5027629555397","8.335633","55.964886","1","0","30","1.2574158","1198.666676657752","1.6451296","728.61536","259","0","1040.7196713350436","8.733201","119.16818","0","0","31","1.0642693","null","-0.7854489","null","null","null","-0.78217083","0.22256665","427386984","0.24810867","0.7379457","-0.6622034","null","2016","null","null","null","null","null","null","null","null","null","null","null","null","null","null","-28.36209","16.671665","-9.712971","27.781418","0.22336689","0.6676764","0.24074383","0.3258483","1636148068921376800","3403818791044467712","4403.9556","4484.2124","null","null","null","15","Gaia DR3 3403818791044467712","83.57875439023702","22.021701433102425","0.3552118659371989","0.16036229","-0.49553067720532795","0.27667066","-0.9418696839109324","0.18765594","17.990622","18.666407","17.204561","NOT_AVAILABLE","1.4618454","0.67578506","0.78606033","null","null","0.9785649","0","false","false","false","false","true","true","4445.683","4.9262","-1.6866","808.2377","0.4192","0.3185","0.1723"
"null","null","100.76543","3.2998502","1.163478","2.189654","9","0","77","0","77","3","false","28.704803","null","null","-5.820388102979252","0.0000025591764","0.0000042051674","0.999268","8.941667","null","null","null","null","null","null","false","null","null","-1.2860964060664482","84.05119644323305","null","null","null","false","false","false","false","0","0","0.53054094","21.945343","184.52703259808743","null","null","null","9","0","null","null","5","null","null","null","null","null","33.13606335483557","9.082249","3.6484427","0","0","5","1.9719849","84.79153992529056","1.5724739","53.922382","77","0","134.0715681414195","15.794873","8.4882965","0","0","8","null","null","null","null","null","null","-0.9779667","11.879301","1705823545","null","null","null","null","2016","null","null","null","null","null","null","null","null","null","null","null","null","null","null","-26.727436","24.58591","1.1397796","24.53887","0.15018624","0.8966837","0.34286642","0.6121638","1636148068921376800","3403818039426930176","null","null","null","null","null","6","Gaia DR3 3403818039426930176","83.58278143786305","22.02076616862038","null","null","null","null","null","null","20.866486","21.53779","19.429554","NOT_AVAILABLE","2.1082363","0.6713047","1.4369316","null","null","null","0","false","false","false","false","false","false","null","null","null","null","null","null","null"
"0.0424","0.1851","283.7441","0","0","0.23466499","32","2","272","0","274","31","false","0.4985063","0.0563","0.2438","-5.819022952505373","1.1733749e-10","3.8529836e-11","0.99999785","0.18071015","-0.46205023","-0.88281673","0.67288357","null","670.6723","935.7678","false","0.0228","0.0998","-1.2824037095929162","84.05065193753073","null","null","null","false","false","false","false","0","0","0.04085697","165.33884","184.523540595191","PHOENIX","4.9048","5.0389","34","0","-1.9115","-1.4756","21","1.4326503","0.94158566","0.39803404","-0.12146874","null","396.4080998152791","7.6329865","51.93355","1","0","28","1.2464293","1018.5172945420106","1.4314103","711.5481","272","0","873.1017194262932","9.078431","96.173195","0","0","28","2.56315","null","-0.7513575","null","null","null","-0.72331923","0.21296157","1199819549","0.33804506","0.68468606","-0.60126287","null","2016","null","null","null","null","null","null","null","null","null","null","null","null","null","null","-28.642094","15.393204","-11.258647","28.411077","0.25319144","0.6335179","0.22854857","0.32588902","1636148068921376800","3403818791045270272","4248.9473","4373","null","null","null","15","Gaia DR3 3403818791045270272","83.5820176564054","22.024431002289457","0.16770640614190327","0.17811063","0.33644721700268215","0.28592557","-2.5409724978858637","0.19190527","18.167446","18.843185","17.395233","NOT_AVAILABLE","1.4479523","0.6757393","0.772213","null","null","1.0089197","0","false","false","false","false","true","true","4298.307","4.9584","-1.6314","812.5429","0.1268","0.0958","0.0516"
"0.0014","0.014","608.41144","1.134564","12.2990055","10.536314","32","2","270","8","272","95","false","0.7423492","0.0018","0.018","-5.813829522416288","1.0820245e-9","1.7904722e-10","0.9999972","0.26562703","-0.4420244","-0.86761147","0.684906","-0.014058873","882.3381","910.7137","false","0.0007","0.0077","-1.2825329540552537","84.05671475993213","null","null","null","false","false","false","false","0","0","0.06798589","145.74144","184.52668478346598","MARCS","4.9821","4.9983","34","0","-3.1533","-3.0099","20","null","2.1773472","0.37009788","-0.11249582","-0.037807964","451.2597149728417","15.856647","28.45871","1","1","32","1.2260369","1020.1593459137601","3.0176823","338.06055","270","0","799.4932635094589","21.756184","36.747864","0","0","32","2.2730024","0.18808998","-0.7574674","-0.05524065","1.4529797","0.04427967","-0.72728175","0.30733654","416572194","0.3047988","0.65913665","-0.5905187","-0.083843865","2016","null","null","null","null","null","null","null","null","null","null","null","null","null","null","null","null","null","null","null","null","null","null","1636148068921376800","3403818417382645504","4504.8447","4529.6113","null","null","null","15","Gaia DR3 3403818417382645504","83.58855584755315","22.02457132456113","0.5461170940844449","0.25081763","1.6549650218016398","0.42547712","-1.5580855051990923","0.29246578","18.165697","18.702477","17.490858","NOT_AVAILABLE","1.2116184","0.5367794","0.674839","null","null","1.4905267","0","false","false","false","false","true","true","4516.7017","4.993","-3.0897","896.4702","0.007","0.0055","0.003"
"null","null","279.74454","0.9388532","0.91316885","1.7383409","28","4","236","0","240","95","false","1.3354495","null","null","-5.818517468091251","2.611679e-10","4.0357487e-10","0.99999183","0.4789028","-0.54366696","-0.7734795","0.35316187","-0.07571043","null","null","false","null","null","-1.2799514510546461","84.0498278207612","null","null","null","false","false","false","false","0","0","0.033477567","0.1820512","184.5209903532329","null","null","null","29","0","null","null","18","null","0.05686668","0.41282347","-0.09079373","-0.042409107","90.57526537606243","10.006733","9.051433","1","0","25","1.292813","240.91953282571936","0.98022497","245.77983","235","0","220.88862351599974","12.259525","18.017714","0","0","25","2.208155","0.3418876","-0.5993437","-0.23345703","1.4649868","0.10208105","-0.53405607","0.5789191","1456498909","0.40482017","0.33571106","-0.20818692","-0.10576579","2016","null","null","null","null","null","null","null","null","null","null","null","null","null","null","-21.246468","17.375593","-9.314831","25.818382","0.29014266","0.67921555","0.1888274","0.39111695","1636148068921376800","3403818791045400704","null","null","null","null","null","12","Gaia DR3 3403818791045400704","83.58101209925789","22.026844187783137","0.034283668092272124","0.602878","1.4470754829888148","0.8642831","-1.6679089624574797","0.5383365","19.732687","20.446018","18.887463","NOT_AVAILABLE","1.5585556","0.7133312","0.8452244","null","null","1.0806482","0","false","false","false","false","false","false","null","null","null","null","null","null","null"
"0.4312","0.5739","482.45844","0.69816643","5.091663","6.9739","32","1","272","0","273","31","false","0.5910971","0.6128","0.8103","-5.816708892284152","8.291868e-13","1.647585e-13","0.9999927","0.21219899","-0.4423771","-0.8838024","0.70155716","null","437.759","595.9368","false","0.2333","0.3105","-1.2793669137789756","84.05157795266177","null","null","null","false","false","false","false","0","0","0.022455912","28.815973","184.5213557892719","PHOENIX","4.6631","4.9167","34","0","-1.2118","-0.7907","21","1.3371177","3.3922956","0.38968584","-0.14858888","null","336.776130067493","9.986433","33.723366","1","0","31","1.3742394","1156.2301555443994","2.3444922","493.1687","270","0","1252.1609799013638","13.603208","92.04895","1","0","26","5.5449014","null","-0.7818988","null","null","null","-0.74530834","0.24782217","932547914","0.33798993","0.696697","-0.601494","null","2016","null","null","null","null","null","null","null","null","null","null","null","null","null","null","-29.268023","15.390775","-11.986624","28.914757","0.25277436","0.6267528","0.22268596","0.32726076","1636148068921376800","3403819173299983744","3764.0383","3895.6975","null","null","null","15","Gaia DR3 3403819173299983744","83.58286965618724","22.02750596497281","0.6694327906313255","0.19733918","2.1245723625809725","0.33679897","-5.1217307156674226","0.2269479","18.029757","19.02019","17.003746","NOT_AVAILABLE","2.0164433","0.99043274","1.0260105","null","null","1.3151276","0","false","false","false","false","true","true","3822.2346","4.8019","-0.9993","488.8162","0.6989","0.4932","0.2669"
"0.5992","0.8756","278.46408","0","0","-0.27948207","33","0","281","0","281","95","false","0.19323024","0.7418","1.0685","-5.809477927107809","5.1149547e-13","1.02051715e-13","0.99999774","0.07272143","-0.4858304","-0.775285","0.4769177","-0.044649206","1046.5295","1301.6718","false","0.3319","0.4852","-1.2765311210116606","84.05828909870864","null","null","null","false","false","false","false","0","0","0.06166826","1.3318168","184.52223893285782","MARCS","4.6134","4.7137","35","0","-3.4081","-2.2066","20","null","1.9138687","0.37098685","-0.059805777","-0.05554639","1381.4673201517196","14.015037","98.570366","0","0","31","1.267346","3003.6581499031527","2.5373206","1183.7914","281","0","2425.2070303000582","24.11495","100.56861","0","0","32","1.5810022","0.28440443","-0.59490967","-0.08581115","1.4690218","0.015781214","-0.54986507","0.087537356","400535951","0.29755884","0.44374332","-0.32585907","-0.06641976","2016","null","null","null","null","null","null","null","null","null","null","null","null","null","null","-40.368263","14.740383","-16.570414","31.194294","0.26044258","0.5972775","0.27033958","0.31453332","1636148068921376800","3403819173299982080","5403.962","5893.889","null","null","null","16","Gaia DR3 3403819173299982080","83.58996443137887","22.030637154485525","0.17171776535635042","0.08972286","0.7473885091595082","0.12066516","-1.3931899791163027","0.079418525","16.99324","17.48769","16.286024","NOT_AVAILABLE","1.2016659","0.49444962","0.70721626","null","null","0.9868995","0","true","false","false","false","true","true","5544.223","4.6837","-2.8601","1109.5131","0.8435","0.6848","0.3794"
"null","null","291.42807","0.07847813","0.21851332","0.21144947","32","1","272","0","273","95","false","0.26113048","null","null","-5.820795832976318","5.101224e-13","1.020627e-13","0.999996","0.09258154","-0.45293528","-0.86469936","0.67847556","-0.0101814745","null","null","false","null","null","-1.321108960907495","84.07081335315894","null","null","null","false","false","false","false","0","0","0.041030783","173.27856","184.56736956338563","null","null","null","34","0","null","null","19","null","1.6055753","0.3807269","-0.0633438","-0.058025118","1082.0533781511974","14.411043","75.085014","1","0","32","1.3302153","3065.795182806707","2.4162905","1268.8024","272","0","2996.114322107974","18.898146","158.54012","1","0","30","0.66777587","0.1885054","-0.75643915","-0.08086908","1.3789277","0.015892996","-0.7336057","0.10937827","1187517812","0.36519372","0.6655193","-0.53454924","-0.08406463","2016","null","null","null","null","null","null","null","null","null","null","null","null","null","null","-39.096355","16.392893","-15.3873415","30.224558","0.22317421","0.62445223","0.23266512","0.3524222","1636148068921376800","3403817760253246976","null","null","null","null","null","15","Gaia DR3 3403817760253246976","83.60558954145091","21.986658722555095","0.1516750996613313","0.09446775","0.09761878610996375","0.15151256","-0.6606021382047569","0.101757824","16.971008","17.75292","16.0565","NOT_AVAILABLE","1.6964207","0.78191185","0.9145088","null","null","1.0079248","0","true","false","false","false","false","true","null","null","null","null","null","null","null"
"null","null","279.96368","2.7007613","2.8951042","1.5101376","27","2","226","0","228","95","false","2.7655046","null","null","-5.818262966347696","3.266453e-10","1.4682873e-7","0.99999803","1.0139403","-0.5916865","-0.7938905","0.3722195","-0.08660422","null","null","false","null","null","-1.3168387674074524","84.0712842885884","null","null","null","false","false","false","false","0","0","0.0788307","11.261857","184.56388160129072","null","null","null","28","0","null","null","16","null","0.92328006","0.4619904","0.013408736","-0.07398755","60.17871954823128","14.51757","4.1452336","0","0","18","1.2845677","115.45753107462563","0.88406134","130.59901","225","1","88.13429724520992","11.086392","7.9497724","0","0","23","0.6288185","0.32498425","-0.58969086","-0.140428","1.2356669","0.2152278","-0.59104794","1.283733","1050203554","0.33290663","0.37556413","-0.18514967","-0.19396797","2016","null","null","null","null","null","null","null","null","null","null","null","null","null","null","-30.253485","15.86403","-15.096881","24.853827","0.2595994","0.70420724","0.2585874","0.35868248","1636148068921376800","3403817764549037056","null","null","null","null","null","13","Gaia DR3 3403817764549037056","83.60589272408104","21.990945584124425","1.316549389748345","1.425948","0.4957980155870127","1.7843432","0.3867778165994612","1.1177127","20.531311","20.889935","19.885033","NOT_AVAILABLE","1.0049019","0.3586235","0.6462784","null","null","1.0712993","0","false","false","false","false","false","false","null","null","null","null","null","null","null"
"null","null","245.14934","0","0","-0.86035585","29","0","239","0","239","95","false","1.3202229","null","null","-5.827430903435475","5.6821638e-11","6.039177e-11","0.9999987","0.55157274","-0.5134076","-0.866277","0.49702144","-0.012836292","null","null","false","null","null","-1.3152077441683652","84.05977703740588","null","null","null","false","false","false","false","0","0","0.054380342","1.5022352","184.55670622112842","null","null","null","30","0","null","null","18","null","0.44886774","0.38042116","0.08021468","-0.15464523","60.98904716901341","6.733466","9.057601","0","0","26","1.2393597","251.52175163380957","1.0730771","234.39299","239","0","250.73687649635136","8.71872","28.75845","0","0","27","6.744756","0.22106983","-0.6128882","-0.17667422","1.1536126","0.08986053","-0.74593776","0.65108967","1140812398","0.43710664","0.6584895","-0.46105066","-0.050909735","2016","null","null","null","null","null","null","null","null","null","null","null","null","null","null","-22.448278","18.71668","-8.007837","25.941792","0.26917624","0.6913606","0.18363751","0.4239106","1636148068921376800","3403817730187888896","null","null","null","null","null","13","Gaia DR3 3403817730187888896","83.59341996180409","21.992064747250282","0.2603878888808219","0.58009934","-1.6693388704260987","0.7558415","-6.5349097363587285","0.54785717","19.685928","20.875412","18.74985","NOT_AVAILABLE","2.1255627","1.1894836","0.936079","null","null","0.9589996","0","false","false","false","false","false","false","null","null","null","null","null","null","null"
"null","null","96.260506","9.299009","4.2907357","4.084727","6","0","51","0","51","3","false","339.0698","null","null","-5.820089262059669","0.000023881646","0.001608908","0.99773014","19.846773","null","null","null","null","null","null","false","null","null","-1.3146204137986597","84.06790575597715","null","null","null","false","false","false","false","0","0","0.6221757","111.72744","184.5602581821774","null","null","null","6","0","null","null","4","null","null","null","null","null","46.88247398947952","15.267095","3.0708184","0","0","5","1.4045397","65.69273351648253","1.3545774","48.496845","47","0","45.38557608380651","14.305426","3.1726127","0","0","4","null","null","null","null","null","null","-0.98507464","33.834267","1604291119","null","null","null","null","2016","null","null","null","null","null","null","null","null","null","null","null","null","null","null","2.5984776","20.06303","6.115887","19.856703","0.39073002","0.9493217","0.5001544","0.8057045","1636148068921376800","3403817764549037312","null","null","null","null","null","4","Gaia DR3 3403817764549037312","83.60214756453277","21.993012048277183","null","null","null","null","null","null","21.143574","21.161016","20.6056","NOT_AVAILABLE","0.5554161","0.017442703","0.5379734","null","null","null","0","false","false","false","false","false","false","null","null","null","null","null","null","null"
"0.2124","0.5011","315.32645","0.27588978","0.7445549","1.3303396","32","2","276","0","278","31","false","0.5167808","0.2661","0.6178","-5.813452482237802","6.889532e-11","4.0404405e-10","0.9999975","0.19264999","-0.43040463","-0.89930564","0.6533388","null","1442.586","1764.2267","false","0.1168","0.2776","-1.3219399173998","84.07975762681858","null","null","null","false","false","false","false","0","0","0.06299412","167.90215","184.57256576706737","MARCS","4.7554","4.8355","34","0","-3.7526","-3.3343","21","1.509903","0.66157067","0.38595465","0.028065545","null","506.3892173511936","12.093514","41.87279","0","0","28","1.2721989","1047.1747169146195","1.516805","690.3819","271","0","825.8252686629664","17.388876","47.491585","1","0","26","2.2693553","null","-0.73364794","null","null","null","-0.7609352","0.22417599","799160677","0.3271959","0.71645415","-0.57556117","null","2016","null","null","null","null","null","null","null","null","null","null","null","null","null","null","-23.21711","17.13254","-5.0731072","27.09833","0.25052735","0.6650512","0.2253311","0.38857964","1636148068921376800","3403817691533788032","4968.905","5367.0967","null","null","null","15","Gaia DR3 3403817691533788032","83.61526298570872","21.986224523825918","0.12760082448135668","0.19287558","-1.273160888226458","0.29684314","-1.878572514380095","0.19906133","18.13732","18.577332","17.455675","NOT_AVAILABLE","1.1216564","0.44001198","0.68164444","null","null","1.0564308","0","false","false","false","false","true","true","5219.893","4.7835","-3.5289","1646.5834","0.5121","0.4131","0.2285"
"1.0757","1.0941","260.6079","0","0","-0.11844243","30","1","258","0","259","31","false","0.13718486","1.2618","1.2825","-5.812950262831725","5.0973147e-13","1.8698878e-11","0.99999774","0.055451635","-0.5188658","-0.8246996","0.43118808","null","1592.6743","1612.4886","false","0.5893","0.5993","-1.3178649228769794","84.07799903450514","null","null","null","false","false","false","false","0","0","0.05313344","1.2551607","184.56813339698152","MARCS","4.5793","4.5863","32","0","-2.1636","-1.9419","19","1.5135869","4.37301","0.46949795","0.04957723","null","2673.8980476717825","17.174604","155.68906","0","0","31","1.2364979","5432.584362109668","3.0512424","1780.45","255","0","4043.4812043744896","32.908928","122.86882","0","0","29","2.4612896","null","-0.5540277","null","null","null","-0.55072373","0.0650042","584511396","0.31787214","0.48920444","-0.2849105","null","2016","null","null","null","null","null","null","null","null","null","null","null","null","null","null","-30.595644","13.849995","-9.852456","28.885368","0.30457973","0.60720426","0.2926919","0.32837492","1636148068921376800","3403817695831235712","7113.5996","7161.0728","null","null","null","16","Gaia DR3 3403817695831235712","83.6131743227879","21.990217723362672","0.32327345644935684","0.0739247","1.2117942854005828","0.086407706","-2.142312180184141","0.055886257","16.349852","16.77068","15.731007","NOT_AVAILABLE","1.0396729","0.42082787","0.618845","null","null","0.9934243","0","true","false","false","false","true","true","7139.1504","4.5831","-2.0704","1603.8701","1.2734","1.0859","0.5949"
"0.1435","0.3019","257.73938","0","0","-1.4664757","33","1","282","0","283","95","false","0.24497771","0.1931","0.4034","-5.8125794434908435","5.5892227e-13","1.022077e-13","0.99998474","0.0962098","-0.42495042","-0.81299114","0.49648598","-0.09536812","589.4157","742.8207","false","0.077","0.1622","-1.3115342513375663","84.07479484446186","null","null","null","false","false","false","false","0","0","0.059809357","3.5996804","184.561011488046","PHOENIX","4.724","4.8557","35","0","-1.4249","-1.1542","21","null","7.293558","0.3632755","0.045939635","-0.06593592","741.1781962363704","15.07959","49.151085","1","0","32","1.2750843","2019.0587570415705","1.8046126","1118.8322","282","0","1833.291898838389","25.944904","70.660965","1","0","33","16.517405","0.28647465","-0.60041815","-0.12939583","1.3866316","0.019954946","-0.63660765","0.123409815","1477003830","0.2655497","0.53752995","-0.33527246","0.006223303","2016","null","null","null","null","null","null","null","null","null","null","null","null","null","null","-31.247656","16.278036","-11.149078","28.116125","0.2377106","0.66029286","0.26851818","0.32550117","1636148068921376800","3403817760255436160","4149.3223","4282.813","null","null","null","16","Gaia DR3 3403817760255436160","83.6094206750599","21.99640036440388","0.8780143872935097","0.120382175","6.575207894255899","0.14896369","-15.152270264682382","0.10021017","17.424494","18.163736","16.589817","NOT_AVAILABLE","1.5739193","0.73924255","0.83467674","null","null","0.93705446","0","true","false","false","false","true","true","4215.849","4.7923","-1.3209","651.6078","0.2969","0.2213","0.119"
"null","null","234.68993","0","0","-1.4336518","29","0","247","0","247","95","false","2.3785753","null","null","-5.8147553711724935","5.6028154e-10","3.6274779e-9","0.9999994","0.89554626","-0.45663038","-0.89856046","0.6808958","0.009054957","null","null","false","null","null","-1.3091150908181326","84.07089792875222","null","null","null","false","false","false","false","0","0","0.016643776","9.23826","184.55695382605182","null","null","null","30","0","null","null","18","null","0.16016084","0.3473371","-0.014171071","-0.1991167","48.023958372261475","5.566581","8.627192","1","0","23","0.8975557","150.37098833623466","0.87077796","172.6858","246","1","86.94237937606007","10.087763","8.618599","0","0","25","3.7046866","0.1394489","-0.72348946","-0.0474897","1.1659238","0.13931397","-0.8016443","1.177487","1369456396","0.36932844","0.747554","-0.6168544","-0.1474446","2016","null","null","null","null","null","null","null","null","null","null","null","null","null","null","-22.050364","15.196718","-12.598577","23.078999","0.29817662","0.70444673","0.2716417","0.3107637","1636148068921376800","3403817764549029120","null","null","null","null","null","13","Gaia DR3 3403817764549029120","83.6051074275179","21.99864455719018","0.1459042527000674","0.9109858","-3.4998217567419108","1.3239201","1.2148872300866107","0.8785164","20.244457","21.134897","19.899817","NOT_AVAILABLE","1.2350807","0.89044","0.34464073","null","null","0.93406254","0","false","false","false","false","false","false","null","null","null","null","null","null","null"
"null","null","217.46837","0","0","-1.421053","29","3","244","0","247","95","false","0.768742","null","null","-5.820407180358287","6.515878e-11","4.3356575e-11","0.9999981","0.31680432","-0.5212317","-0.76968247","0.33371025","-0.020963706","null","null","false","null","null","-1.302821245568841","84.06076999274325","null","null","null","false","false","false","false","0","0","0.059730962","96.17001","184.5464022753209","null","null","null","30","0","null","null","18","null","-1.3185191","0.35185754","0.032618307","-0.115671344","141.81949362309237","9.098367","15.5873575","0","0","29","1.2147228","373.2142395433521","1.1996785","311.09518","244","0","311.5323244465352","11.377134","27.382318","1","0","27","2.053727","0.2599332","-0.5217232","-0.18341541","1.4010823","0.06648739","-0.5881753","0.3754756","678320058","0.37329364","0.43259832","-0.29780522","-0.09562476","2016","null","null","null","null","null","null","null","null","null","null","null","null","null","null","-35.89256","19.223146","-15.267923","29.097696","0.24928948","0.6513476","0.19919977","0.41614762","1636148068921376800","3403817970706051328","null","null","null","null","null","13","Gaia DR3 3403817970706051328","83.59389647286075","22.004483104207235","-0.49261203190290703","0.37361008","1.7932693048527626","0.48587498","-1.0009892221216787","0.32956514","19.257471","19.959202","18.514137","NOT_AVAILABLE","1.4450645","0.7017307","0.7433338","null","null","0.9342089","0","false","false","false","false","false","false","null","null","null","null","null","null","null"
"null","null","282.41147","0","0","-0.4609855","34","0","285","0","285","95","false","0.70193225","null","null","-5.8123090739317025","9.691335e-11","1.4909191e-13","0.99999946","0.2583062","-0.45686454","-0.8769298","0.6645747","-0.0034140341","null","null","false","null","null","-1.2997930869369219","84.06837070536345","null","null","null","false","false","false","false","1","0","0.03594219","177.45674","184.54756213295232","null","null","null","36","0","null","null","21","null","1.390259","0.3854084","-0.019650515","-0.06644063","164.5240024713625","25.648752","6.414503","0","0","22","0.9861271","609.7942271924657","1.2590244","484.33868","285","1","436.8106056254162","46.59387","9.374852","1","0","34","3.2912853","0.16315445","-0.72910535","-0.04999805","1.3845353","0.0430573","-0.74383956","0.3090533","862743295","0.35333842","0.6903376","-0.5493075","-0.07818557","2016","null","null","null","null","null","null","null","null","null","null","null","null","null","null","-33.020905","15.651279","-13.08159","28.934372","0.24425092","0.63690674","0.25209138","0.32371807","1636148068921376800","3403818344370998528","null","null","null","null","null","15","Gaia DR3 3403818344370998528","83.60193937482394","22.00784540349037","0.37549544047690875","0.27009028","2.8820061925330878","0.40290275","-1.589527911976144","0.27449438","18.72441","19.79797","18.147163","NOT_AVAILABLE","1.6508064","1.0735607","0.5772457","null","null","0.97936183","0","false","false","false","false","false","false","null","null","null","null","null","null","null"
"null","null","288.99442","0","0","-0.6052265","34","0","291","0","291","95","false","0.7355393","null","null","-5.811317281196188","5.156864e-13","3.6582723e-11","0.99999964","0.27281982","-0.4734959","-0.8764603","0.6586772","0.0061029224","null","null","false","null","null","-1.2997482851909845","84.06948864725307","null","null","null","false","false","false","false","0","0","0.033688564","175.48436","184.5480820144367","null","null","null","36","0","null","null","21","null","2.4295833","0.3986591","-0.029597439","-0.07643874","172.9634289544397","26.706457","6.4764647","1","0","28","1.1467216","554.8488494374201","1.1749287","472.24048","291","1","463.2937293746129","50.47019","9.179552","0","0","34","4.9070673","0.15315399","-0.7180887","-0.03552581","1.3374615","0.046167307","-0.73561925","0.3242464","882868423","0.38029137","0.6856579","-0.53440875","-0.09001779","2016","null","null","null","null","null","null","null","null","null","null","null","null","null","null","-31.371645","15.027896","-12.738619","28.449902","0.25770244","0.6353942","0.26100382","0.30981153","1636148068921376800","3403818344370999936","null","null","null","null","null","15","Gaia DR3 3403818344370999936","83.60314154327001","22.007939710766806","0.7024398441471974","0.28911945","2.5124871530603707","0.42421174","-4.215058384015234","0.2870974","18.826931","19.743656","18.083254","NOT_AVAILABLE","1.6604023","0.91672516","0.74367714","null","null","0.9735978","0","false","false","false","false","false","false","null","null","null","null","null","null","null"
"null","null","226.6927","0","0","-0.31803742","27","0","227","0","227","95","false","1.9377686","null","null","-5.814422195137703","8.9884983e-10","1.7164322e-9","0.99999875","0.85346806","-0.6275039","-0.8460796","0.16984564","-0.10346444","null","null","false","null","null","-1.3104098249645342","84.07202489406794","null","null","null","false","false","false","false","0","0","0.07394407","21.687717","184.5586461953142","null","null","null","28","0","null","null","16","null","0.48637453","0.5351044","0.34711525","0.011182757","53.48696769045917","6.340513","8.435747","0","0","21","1.3374367","130.65508271723695","0.86029154","151.87303","228","1","121.25592987509425","10.51093","11.536175","0","0","26","3.2050025","0.28403533","-0.24246825","0.06612286","1.3838079","0.17059824","-0.6757051","1.1208239","555027864","0.50739926","0.59489137","-0.14718047","-0.07161594","2016","null","null","null","null","null","null","null","null","null","null","null","null","null","null","-20.145624","12.237629","-13.722036","24.656832","0.3736436","0.6664584","0.28510424","0.28597143","1636148068921376800","3403817764549029632","null","null","null","null","null","13","Gaia DR3 3403817764549029632","83.60638324726446","21.9974010193847","0.6998023551005422","1.4388137","-3.1947318317199387","1.3212361","0.2563772145103743","0.86543834","20.39705","21.017921","19.538637","NOT_AVAILABLE","1.4792843","0.6208706","0.8584137","null","null","0.9834104","0","false","false","false","false","false","false","null","null","null","null","null","null","null"
"null","null","227.96353","0","1.2918959e-15","-0.98362213","29","1","248","0","249","95","false","0.8034947","null","null","-5.808523140710413","2.3584366e-9","5.9214916e-10","0.9999898","0.34773338","-0.53575546","-0.8223717","0.31949565","-0.010069395","null","null","false","null","null","-1.3078423236356271","84.07735415171192","null","null","null","false","false","false","false","0","0","0.0677285","1.1306283","184.5590719192","null","null","null","30","0","null","null","18","null","1.7693613","0.39949554","0.11575284","-0.12883098","183.54893272791642","9.552276","19.215204","0","0","27","1.5587125","371.2796939000628","1.1454865","324.12402","248","0","395.16934950802516","16.428988","24.053177","1","0","26","1.5116665","0.18554275","-0.4619288","-0.11291725","1.5728556","0.067841396","-0.62476635","0.42243224","472430549","0.44838142","0.5128357","-0.2857857","-0.08117228","2016","null","null","null","null","null","null","null","null","null","null","null","null","null","null","-23.76662","16.96454","-11.805758","26.950377","0.30011752","0.6500417","0.17995404","0.39558914","1636148068921376800","3403818142504740480","null","null","null","null","null","13","Gaia DR3 3403818142504740480","83.61200121173725","22.000201961061393","0.7692209359257396","0.43474498","1.4936195751055759","0.5072942","-0.2328870008701982","0.34343657","19.263113","19.679163","18.255938","NOT_AVAILABLE","1.4232254","0.41604996","1.0071754","null","null","0.95426834","0","false","false","false","false","false","false","null","null","null","null","null","null","null"
"null","null","227.72308","0","0","-0.5502406","28","1","237","0","238","95","false","0.9951414","null","null","-5.812611382196665","8.351516e-10","6.6400974e-10","0.9999901","0.43528277","-0.47582513","-0.8380828","0.3684024","-0.048503824","null","null","false","null","null","-1.3073977887289745","84.07238496213097","null","null","null","false","false","false","false","0","0","0.079678565","7.7754183","184.55619991277956","null","null","null","29","0","null","null","18","null","0.063828126","0.35623205","0.13571422","-0.15026148","114.29452661894095","9.695825","11.788015","0","0","26","1.0886558","287.8876339920791","0.9614772","299.4222","236","0","199.11602205488228","14.318889","13.905829","0","0","25","3.2218957","0.21683419","-0.46887055","-0.16751227","1.4486818","0.082408436","-0.666643","0.5460191","163792811","0.3554213","0.57344735","-0.33832297","-0.030756265","2016","null","null","null","null","null","null","null","null","null","null","null","null","null","null","-24.6086","17.434296","-11.449059","26.272816","0.2807544","0.6818453","0.22999339","0.34714028","1636148068921376800","3403817764547619456","null","null","null","null","null","13","Gaia DR3 3403817764547619456","83.60662717574628","22.000426046913965","0.03316816220461771","0.5196481","2.6204750113617488","0.60633206","-1.874492684752593","0.42350978","19.539309","20.19348","19.00013","NOT_AVAILABLE","1.1933498","0.654171","0.53917885","null","null","0.97307974","0","false","false","false","false","false","false","null","null","null","null","null","null","null"
"0.0052","0.0697","305.80072","0.071518734","0.015557813","0.36046013","34","1","290","0","291","95","false","0.65015996","0.0069","0.0921","-5.807346712274184","4.0168316e-10","3.952452e-10","0.99998724","0.25728118","-0.49905062","-0.8150088","0.49000615","-0.058389325","700.4408","1137.9246","false","0.0028","0.0378","-1.3091563661755135","84.07946454603253","null","null","null","false","false","false","false","0","0","0.0537441","4.140941","184.561272775164","PHOENIX","4.9796","5.1344","36","0","-2.3443","-1.6817","21","null","0.5717243","0.41922033","0.02722046","-0.067394644","212.28341066451554","11.878953","17.870548","0","0","31","1.3543968","478.2026368763822","1.130363","423.05228","289","0","435.39272657649013","16.487858","26.40687","1","0","30","1.1725237","0.26138902","-0.58705986","-0.10058881","1.4076824","0.053952202","-0.6199232","0.31147835","1794894057","0.34973356","0.5377924","-0.3388002","-0.037837584","2016","null","null","null","null","null","null","null","null","null","null","null","null","null","null","-24.436678","15.477007","-9.021588","29.336613","0.30353564","0.6259062","0.27083576","0.33876008","1636148068921376800","3403818142504739968","4240.791","4329.2163","null","null","null","16","Gaia DR3 3403818142504739968","83.61433724268173","21.99898258868322","0.1859679188986349","0.3252755","1.1212465094373945","0.397297","0.34295499361285975","0.26814407","18.988337","19.521252","18.150692","NOT_AVAILABLE","1.3705597","0.5329151","0.8376446","null","null","1.0139832","0","false","false","false","false","true","false","4265.635","5.1027","-2.2061","784.4919","0.033","0.0249","0.0134"
"0.0046","0.0259","304.24194","0","0","0.057060756","35","1","299","0","300","95","false","0.302796","0.0061","0.0337","-5.806615852929544","7.0991484e-11","2.3286095e-11","0.99999124","0.11704826","-0.4749299","-0.8080727","0.4773324","-0.04378133","850.473","884.0726","false","0.0025","0.014","-1.3066786580009129","84.07888586246366","null","null","null","false","false","false","false","0","0","0.052278228","178.48416","184.55882307837774","PHOENIX","4.9162","4.9372","37","0","-1.7731","-1.6762","21","null","3.550311","0.39585993","0.039388828","-0.05744591","586.116271915762","18.39452","31.863636","0","0","33","1.2330387","1385.4770385195568","1.648682","840.3543","295","0","1122.230503029901","32.20295","34.848686","1","0","32","2.6027472","0.23106652","-0.5804005","-0.07862055","1.4754511","0.025155578","-0.601464","0.14688297","1281233006","0.33029038","0.51621526","-0.32045388","-0.05634793","2016","null","null","null","null","null","null","null","null","null","null","null","null","null","null","-31.641607","14.258059","-13.999323","29.60156","0.27192694","0.6207699","0.26590538","0.30019918","1636148068921376800","3403818138212571520","4439.5786","4459.491","null","null","null","16","Gaia DR3 3403818138212571520","83.61359562322654","22.001432266507056","0.5411545851132759","0.15242456","2.200854519921466","0.18750995","-1.389435861405122","0.1240967","17.833368","18.418583","17.12269","NOT_AVAILABLE","1.2958927","0.5852146","0.7106781","null","null","1.0012197","0","false","false","false","false","true","true","4450.305","4.9276","-1.7338","860.7933","0.019","0.0146","0.0079"
"0.0177","0.1427","304.29913","0.33498806","0.691874","0.6790085","33","0","278","0","278","95","false","0.6192326","0.0234","0.1868","-5.804676394512859","7.1139744e-10","7.0426487e-10","0.9999977","0.22731729","-0.4567252","-0.8787318","0.6770291","-0.0126571655","583.4919","933.8433","false","0.0096","0.078","-1.2996114792992888","84.07706781810333","null","null","null","false","false","false","false","0","0","0.03291593","173.43503","184.5517521033257","MARCS","4.796","5.125","35","0","-3.3108","-2.838","20","null","-0.06387153","0.38627493","-0.045784324","-0.07455745","429.7781454152397","34.760605","12.363943","0","0","30","1.5535899","778.7452288175832","1.6356813","476.0984","275","0","780.0725840104222","83.64184","9.3263445","1","0","30","3.4846034","0.14312562","-0.7366406","-0.045836024","1.380642","0.0380769","-0.74288213","0.26957607","1744019965","0.34942758","0.69596416","-0.55578125","-0.07753417","2016","null","null","null","null","null","null","null","null","null","null","null","null","null","null","-38.67922","15.960966","-14.825487","29.836288","0.23021972","0.6297968","0.2576151","0.32439485","1636148068921376800","3403818138212571264","4253.758","4383.605","null","null","null","15","Gaia DR3 3403818138212571264","83.61129974974249","22.008412062706597","-0.01477021635477703","0.23124881","1.9490832155350652","0.3550106","-2.888517823031119","0.24113935","18.458878","18.755432","17.517557","NOT_AVAILABLE","1.237875","0.29655457","0.9413204","null","null","1.028016","0","false","false","false","false","true","false","4335.845","5.0852","-2.9706","690.1803","0.1092","0.0834","0.0454"
"0.1878","0.5372","284.30548","0","0","-0.8012994","35","1","299","0","300","95","false","0.17853653","0.2371","0.6675","-5.7996453062449795","5.108784e-13","1.9750248e-11","0.9999967","0.06750845","-0.47288248","-0.8056095","0.48634255","-0.042577453","795.494","906.9856","false","0.1034","0.297","-1.29974411808203","84.08294528949727","null","null","null","false","false","false","false","0","0","0.054699574","1.2603779","184.5548062764617","MARCS","4.7155","4.7771","37","0","-3.9885","-3.0698","21","null","4.2621036","0.40650707","0.0062859277","-0.0478876","1659.1048482846384","78.18689","21.219732","0","0","35","1.3385398","3453.485729725257","2.6657457","1295.5045","298","0","2963.5234358665384","129.09804","22.955605","1","0","34","1.531694","0.25354275","-0.5996847","-0.07599821","1.4629925","0.014490678","-0.5879547","0.083985","1375347554","0.3540054","0.4943201","-0.3117489","-0.043072116","2016","null","null","null","null","null","null","null","null","null","null","null","null","null","null","-23.308136","13.845546","-10.38715","29.53126","0.3256434","0.6150939","0.27087098","0.30831596","1636148068921376800","3403818138212572032","4827.8867","5288.0776","null","null","null","16","Gaia DR3 3403818138212572032","83.61763767736883","22.00853957227888","0.37503496715687473","0.08799293","1.3793218024882645","0.111052774","-0.6660014841746905","0.07249704","16.841722","17.288858","16.068375","NOT_AVAILABLE","1.2204838","0.44713593","0.77334785","null","null","0.9659571","0","true","false","false","false","true","true","5004.7544","4.7498","-3.648","837.1222","0.4168","0.3316","0.1831"
"null","null","196.58592","3.5335662","4.1262703","2.8784373","18","2","148","0","150","3","false","6.0570836","null","null","-5.800022195517916","0.000012110916","0.00006965112","0.9997797","1.8041694","null","null","null","null","null","null","false","null","null","-1.3175764480524004","84.09274081932669","null","null","null","false","false","false","false","0","0","0.09963653","169.32402","184.57525183945668","null","null","null","18","0","null","null","11","null","null","null","null","null","130.57831303430717","47.08089","2.7734885","0","0","9","2.5356686","98.18864276281829","1.0243111","95.85822","146","1","118.39554629230491","20.415524","5.79929","0","0","13","null","null","null","null","null","null","-0.7511536","1.9351702","1365577838","null","null","null","null","2016","null","null","null","null","null","null","null","null","null","null","null","null","null","null","-11.498565","18.59663","1.9573915","25.529316","0.35446116","0.68748677","0.1890796","0.5078722","1636148068921376800","3403818073786667648","null","null","null","null","null","11","Gaia DR3 3403818073786667648","83.629039311346","21.99115741530467","null","null","null","null","null","null","20.707214","20.048864","19.564558","NOT_AVAILABLE","0.48430634","-0.65835","1.1426563","null","null","null","0","false","false","false","false","false","false","null","null","null","null","null","null","null"
"null","null","158.94801","0","1.6519783e-15","0.66001374","18","2","153","0","155","3","false","5.4656177","null","null","-5.801190167234016","0.0000170762","0.0001763717","0.99956","1.6425334","null","null","null","null","null","null","false","null","null","-1.31328349736261","84.08893130339204","null","null","null","false","false","false","false","0","0","0.027561469","56.161877","184.56960420001155","null","null","null","18","0","null","null","9","null","null","null","null","null","90.29330527170043","12.043167","7.497472","0","0","10","2.5228028","96.48462591428229","0.9323213","103.488594","152","0","153.11838279537292","31.827425","4.8108945","0","0","12","null","null","null","null","null","null","-0.7645375","1.9178499","131845402","null","null","null","null","2016","null","null","null","null","null","null","null","null","null","null","null","null","null","null","-23.842045","19.425545","-9.252447","25.610157","0.2303603","0.740934","0.20441727","0.45398656","1636148068921376800","3403818073786666368","null","null","null","null","null","11","Gaia DR3 3403818073786666368","83.62473142101076","21.99527797095609","null","null","null","null","null","null","20.726221","20.449404","19.285328","NOT_AVAILABLE","1.1640759","-0.27681732","1.4408932","null","null","null","0","false","false","false","false","false","false","null","null","null","null","null","null","null"
"null","null","347.92123","0.36394385","1.9101747","-0.5171031","36","3","306","0","309","95","false","0.32301062","null","null","-5.795803468981431","0.000014692676","1.9328678e-10","0.9999803","0.124887235","-0.47183824","-0.81166565","0.3897778","0.028156055","null","null","false","null","null","-1.3148013029015087","84.09601339163414","null","null","null","false","false","false","false","1","0","0.036825877","167.49394","184.57446817939055","null","null","null","38","0","null","null","23","null","15.065754","0.37723395","0.14318742","-0.20123757","617.0221560767135","32.260475","19.126257","0","0","36","2.0446033","1453.1622076369592","3.0498948","476.46304","285","0","2354.1182052360186","31.949636","73.68216","0","0","35","40.70426","0.18048227","-0.5668114","-0.1669496","1.2454783","0.028115645","-0.5784538","0.15281373","497936666","0.3309586","0.47036234","-0.27526525","-0.054984316","2016","null","null","null","null","null","null","null","null","null","null","null","null","null","null","-17.199574","14.032574","-4.908721","26.533081","0.33624366","0.6432654","0.25091663","0.3344394","1636148068921376800","3403818069493082112","null","null","null","null","null","16","Gaia DR3 3403818069493082112","83.6324322345365","21.99407426656096","2.5824230947543776","0.17141014","25.258275751748137","0.20635168","-31.91953229031048","0.13036804","17.781582","18.362791","16.318325","NOT_AVAILABLE","2.044466","0.5812092","1.4632568","null","null","0.97786075","0","false","false","false","false","false","true","null","null","null","null","null","null","null"
"null","null","278.3594","1.2785622","0.7411254","-0.5355484","32","5","267","0","272","95","false","2.2216651","null","null","-5.795236639570092","0.000046366284","1.5516371e-11","0.9999537","0.78050494","-0.5729826","-0.8262329","0.36524957","0.07241212","null","null","false","null","null","-1.317920853688427","84.09845657100944","null","null","null","false","false","false","false","1","0","0.08030258","173.87186","184.57840958505375","null","null","null","33","0","null","null","20","null","-0.54598826","0.41618168","0.07348534","-0.32064888","135.48519863688344","11.209262","12.086898","1","0","28","2.9664097","143.97757902060485","0.9492914","151.66847","265","0","291.6112904196766","22.10743","13.190646","1","0","29","4.9630585","0.14331657","-0.6064411","-0.16318622","1.1727059","0.16543989","-0.5995728","0.96920246","1052800555","0.46432382","0.42960283","-0.2230533","-0.24846606","2016","null","null","null","null","null","null","null","null","null","null","null","null","null","null","-10.326812","13.746926","-3.3798099","21.781626","0.40403542","0.7032854","0.24510776","0.37002465","1636148068921376800","3403818073786664704","null","null","null","null","null","13","Gaia DR3 3403818073786664704","83.63521231912769","21.99106551282738","-0.6107860714241353","1.1186799","4.073585572697492","1.4582785","-2.835109931819271","0.8317854","20.29163","20.008812","18.585884","NOT_AVAILABLE","1.4229279","-0.28281784","1.7057457","null","null","0.97538465","0","false","false","false","false","false","false","null","null","null","null","null","null","null"
"null","null","307.2089","0.7263774","1.0614383","1.2272587","32","1","273","0","274","95","false","0.86892354","null","null","-5.79426593153305","7.2614886e-10","1.4439921e-10","0.9999629","0.40237734","-0.5962936","-0.8607546","0.08862893","0.08161445","null","null","false","null","null","-1.3197360327759613","84.10061717534168","null","null","null","false","false","false","false","0","0","0.09542127","1.5644152","184.58107240700457","null","null","null","33","0","null","null","21","null","0.34817854","0.47345915","0.38671917","-0.21578886","137.06026867451087","8.645124","15.8540535","0","0","25","1.2093189","354.94169813354944","1.1335939","313.11185","270","0","292.1774370880832","34.631794","8.436682","0","0","27","1.0514412","0.11236895","-0.26992422","-0.18899748","1.4547576","0.07642971","-0.66331494","0.5064009","888959850","0.5704522","0.56085175","-0.07058081","-0.08157123","2016","null","null","null","null","null","null","null","null","null","null","null","null","null","null","-9.517933","13.917977","-0.7624058","21.834011","0.41658202","0.68810445","0.22635175","0.3955958","1636148068921376800","3403771138382649088","null","null","null","null","null","12","Gaia DR3 3403771138382649088","83.63762589174347","21.98934735727535","0.21339682710240543","0.6128949","1.0286091668438178","0.60146487","0.21792600962604255","0.3749421","19.311974","19.996264","18.583778","NOT_AVAILABLE","1.4124851","0.68428993","0.7281952","null","null","1.0523059","0","false","false","false","false","false","false","null","null","null","null","null","null","null"
"0.0023","0.0272","363.70483","0.0641055","0.14250748","0.77595055","39","1","334","0","335","31","false","0.19898823","0.003","0.0353","-5.788561804652274","4.4970586e-10","4.2572865e-13","0.9999982","0.080473796","-0.49631482","-0.85523766","0.41274884","null","749.4945","818.1111","false","0.0012","0.0149","-1.3194289435521558","84.10701836631684","null","null","null","false","false","false","false","0","0","0.17518009","11.754102","184.58400469379242","MARCS","4.6262","4.7033","41","0","-2.7004","-2.4492","25","1.4727364","1.360394","0.47078976","0.1251134","null","1075.2616074095845","32.393536","33.19371","1","0","38","1.1668713","2647.4650848928923","16.962538","156.07718","331","0","2013.9895152293554","34.60984","58.19124","0","0","36","2.5976164","null","-0.5476468","null","null","null","-0.6156456","0.09832545","1340209809","0.3021979","0.5208286","-0.27270967","null","2016","null","null","null","null","null","null","null","null","null","null","null","null","null","null","-15.881303","13.351903","-4.7224245","24.62509","0.37819755","0.66068053","0.32338843","0.31851298","1636148068921376800","3403771172742383872","4439.5347","4466.4644","null","null","null","16","Gaia DR3 3403771172742383872","83.64450616448069","21.98993616117988","0.15035353005400537","0.11052205","1.123028569881672","0.12631132","-2.3423103789003257","0.07891095","17.130291","17.759756","16.487753","NOT_AVAILABLE","1.2720032","0.6294651","0.6425381","null","null","1.0293785","0","true","false","false","false","true","true","4450.1245","4.6642","-2.5689","783.8186","0.0136","0.0105","0.0057"
"0.8015","0.8715","354.6886","0.122742645","1.5308849","1.1918858","36","1","311","0","312","95","false","0.12397269","0.9993","1.0833","-5.789997935825313","1.2075196e-10","1.0206524e-13","0.99999577","0.048336353","-0.41063926","-0.8335207","0.43234596","0.016153373","790.0239","853.7931","false","0.4429","0.4813","-1.3114683547684358","84.10079569747401","null","null","null","false","false","false","false","0","0","0.07775859","179.39691","184.57395294076053","PHOENIX","4.5074","4.5546","38","0","-2.4003","-2.0459","24","null","8.580394","0.3399978","0.15758818","-0.24050915","3493.225034656055","41.79475","83.580475","0","0","37","1.3431289","7604.785829993772","5.1272793","1483.2009","309","0","6720.982944028456","89.1948","75.35173","0","0","35","8.664001","0.17775196","-0.58140296","-0.17380665","1.453665","0.010493031","-0.60904276","0.061075047","1344309399","0.25221077","0.50610685","-0.32782456","-0.025369197","2016","null","null","null","null","null","null","null","null","null","null","null","null","null","null","-14.80695","13.943044","-4.3932066","24.37833","0.33851066","0.67642516","0.2930757","0.29962224","1636148068921376800","3403818108148091008","5497.0806","5610.0435","null","null","null","16","Gaia DR3 3403818108148091008","83.63742503449913","21.997614864009122","0.5610253303883651","0.06538457","1.2371117740304516","0.077830195","-8.575224974028306","0.049185183","15.98465","16.480476","15.179314","NOT_AVAILABLE","1.3011627","0.49582672","0.805336","null","null","1.047534","0","true","false","false","false","true","true","5539.562","4.53","-2.2576","827.2574","1.0337","0.8301","0.4589"
"null","null","316.10062","1.2181621","1.5709724","2.1941547","30","3","258","0","261","95","false","1.1981747","null","null","-5.78706063722208","2.4434688e-9","2.3640116e-11","0.9999924","0.56087005","-0.5546259","-0.83900446","0.09657921","0.088470615","null","null","false","null","null","-1.3153973894400761","84.10643661828135","null","null","null","false","false","false","false","4","0","0.051860817","0.34411463","184.5801987130978","null","null","null","31","0","null","null","20","null","0.9269497","0.45794377","0.4089466","-0.1621624","132.0130234691575","20.311756","6.4993405","0","0","19","2.2068188","248.4532564979941","1.6667768","149.0621","231","0","416.2783152267466","37.839073","11.001282","0","0","23","7.233533","0.17899175","-0.26945582","-0.17686254","1.448147","0.11619702","-0.6773369","0.7290668","723902923","0.51152176","0.58173513","-0.07346347","0.012857446","2016","null","null","null","null","null","null","null","null","null","null","null","null","null","null","-3.985833","15.175624","2.4101145","21.491966","0.51173735","0.7213209","0.3603489","0.39204234","1636148068921376800","3403771172742382464","null","null","null","null","null","12","Gaia DR3 3403771172742382464","83.6436880259931","21.993938184976695","0.7898403372220111","0.8520855","5.421322124959416","0.82556653","-4.788868481657221","0.5138863","19.699255","20.037","18.199436","NOT_AVAILABLE","1.8375645","0.33774567","1.4998188","null","null","1.0979457","0","false","false","false","false","false","false","null","null","null","null","null","null","null"
"null","null","393.77472","0.2109322","1.7897768","1.8522536","37","0","323","0","323","95","false","0.20106183","null","null","-5.787440687272393","2.9138434e-9","1.9956405e-11","0.999999","0.07821484","-0.45137107","-0.84125966","0.38438207","-0.0019406609","null","null","false","null","null","-1.31431648900542","84.1053783163031","null","null","null","false","false","false","false","0","0","0.08376527","177.07486","184.57872720451357","null","null","null","39","0","null","null","24","null","7.3240213","0.39809227","0.23763883","-0.11767617","1377.0336953723802","45.914562","29.991219","0","0","35","1.6176424","3339.539921015825","4.8144355","693.6514","320","0","4025.1477987344597","53.467236","75.28251","2","0","34","1.1561979","0.20215823","-0.5160781","-0.11558919","1.3815086","0.016547859","-0.6338847","0.10240134","94164785","0.35580343","0.5422526","-0.23629849","0.020741092","2016","null","null","null","null","null","null","null","null","null","null","null","null","null","null","-12.989308","13.170767","-4.30425","22.520071","0.3505802","0.69017524","0.2903335","0.31966734","1636148068921376800","3403771172745479680","null","null","null","null","null","15","Gaia DR3 3403771172745479680","83.64249670791096","21.99497142591387","0.8616964748701985","0.11765346","1.1320392288920613","0.12994626","-0.23511839018580857","0.07991854","16.87815","17.49118","15.735941","NOT_AVAILABLE","1.7552395","0.6130295","1.14221","null","null","1.0733802","0","true","false","false","false","false","true","null","null","null","null","null","null","null"
"null","null","305.42673","0.87879664","0.88531256","0.4034455","33","2","278","0","280","95","false","1.2551358","null","null","-5.785511978093618","0.7806177","3.4926975e-7","0.21938193","0.56936264","-0.5811745","-0.871312","0.13758497","0.07693029","null","null","false","null","null","-1.311765732857318","84.10613901319796","null","null","null","false","false","true","false","0","0","0.12188085","0.6027245","184.57688347242512","null","null","null","34","0","null","null","22","null","1.304825","0.46842653","0.36008","-0.18639982","912.9789289061816","62.171143","14.684931","0","0","30","9.52519","289.3521963879444","1.6903924","171.17458","260","0","1843.1557210805374","56.3646","32.700592","0","0","28","0.9162249","0.13399948","-0.3212329","-0.20150943","1.299703","0.10162994","-0.6831345","0.7163079","250367607","0.538926","0.57775235","-0.10811179","-0.074968055","2016","null","null","null","null","null","null","null","null","null","null","null","null","null","null","-7.398544","14.089755","0.29749525","20.22711","0.4227117","0.71727926","0.26145512","0.40502143","1636148068921376800","3403771168450211456","null","null","null","null","null","12","Gaia DR3 3403771168450211456","83.64319491523605","21.997553209656168","1.0865200397968098","0.83269405","0.5371352420728548","0.8563351","0.7422625852040666","0.5287977","19.5338","17.937391","16.58399","NOT_AVAILABLE","1.3534012","-1.5964088","2.94981","null","null","1.0161151","0","false","false","false","false","false","false","null","null","null","null","null","null","null"
"0.041","0.2769","339.98126","0.5198122","1.9576523","2.7787967","31","1","265","0","266","95","false","0.63885134","0.0532","0.354","-5.798841870363554","4.888753e-9","1.767113e-10","0.99999684","0.2310605","-0.43449184","-0.88291454","0.70160383","-0.058286794","877.1801","1200.8572","false","0.0221","0.1515","-1.3046937753691994","84.08671133952186","null","null","null","false","false","false","false","0","0","0.051168766","172.53925","184.56100479888568","MARCS","4.8709","4.9973","33","0","-3.0016","-1.6554","19","null","-0.051331084","0.36843854","-0.05653329","-0.05068899","564.8159513336343","78.15069","7.2272677","0","0","27","1.6424648","941.1431100501678","1.7249864","545.59454","264","0","980.9784611653813","134.19455","7.3101215","1","0","29","2.1291418","0.19570696","-0.7675621","-0.0951875","1.4352959","0.03797575","-0.7294665","0.2644228","1634136759","0.34766197","0.6765158","-0.5373478","-0.052437913","2016","null","null","null","null","null","null","null","null","null","null","null","null","null","null","-33.832996","15.442651","-12.946483","29.574915","0.24522823","0.619542","0.2394182","0.31966832","1636148068921376800","3403818138212573056","4481.3086","4756.023","null","null","null","15","Gaia DR3 3403818138212573056","83.6219306933019","22.003761226830182","-0.011687249936429937","0.22768368","1.825675548728246","0.36868563","-1.0955150835185612","0.24725217","18.253227","18.458775","17.268747","NOT_AVAILABLE","1.1900272","0.20554733","0.9844799","null","null","1.123207","0","false","false","false","false","false","false","4574.666","4.9317","-2.5157","1057.2062","0.1686","0.131","0.0709"
"0.0062","0.0424","278.21027","0.12113481","0.09632845","0.3912548","31","1","266","6","267","95","false","0.6913032","0.0079","0.0537","-5.794613825814297","1.343734e-10","9.567743e-9","0.99999636","0.25318736","-0.3514394","-0.90924186","0.7496961","-0.08437525","1365.5985","1447.144","false","0.0033","0.0231","-1.299750314873848","84.08875066299962","null","null","null","false","false","false","false","0","0","0.045904376","165.7221","184.55771411588321","PHOENIX","4.898","4.9285","33","0","-2.4859","-2.336","20","null","1.2003502","0.30506995","-0.019756924","-0.07654138","416.8230697551222","23.13802","18.014639","0","0","31","1.2150263","861.7595237083505","1.452139","593.44147","265","0","630.2373351143852","29.763533","21.174816","0","0","31","0.35130075","0.20754334","-0.7951021","-0.1174351","1.4569798","0.03789143","-0.78379256","0.30075103","1396660059","0.23015371","0.7396652","-0.63414687","-0.01249372","2016","null","null","null","null","null","null","null","null","null","null","null","null","null","null","null","null","null","null","null","null","null","null","1636148068921376800","3403818172572311552","4775.0664","4817.6274","null","null","null","15","Gaia DR3 3403818172572311552","83.62389192135099","22.008789958188263","0.27297179279716755","0.22741014","-0.09099751083068784","0.38546658","-0.3393105736262131","0.2615935","18.348902","18.788662","17.749136","NOT_AVAILABLE","1.039526","0.4397602","0.5997658","null","null","1.0159175","0","false","false","false","false","true","false","4791.4834","4.9126","-2.4341","1407.9423","0.0235","0.0186","0.0101"
"null","null","80.68019","3.7957366","0.8135199","1.5924746","8","0","67","0","67","3","false","72.11294","null","null","-5.7918533666759915","0.000014691757","0.000093882","0.99938244","14.964397","null","null","null","null","null","null","false","null","null","-1.3015664378987855","84.09297565595841","null","null","null","false","false","false","false","0","0","0.3135151","120.34549","184.56140988373815","null","null","null","8","0","null","null","5","null","null","null","null","null","37.23190566780346","11.650787","3.1956558","0","0","6","3.5680537","80.98991454494819","1.8320663","44.206867","67","1","251.74446874739525","96.8709","2.5987625","0","0","6","null","null","null","null","null","null","-0.9896605","24.054722","1326588184","null","null","null","null","2016","null","null","null","null","null","null","null","null","null","null","null","null","null","null","11.210913","20.577358","10.961732","20.286524","0.5205283","0.9293369","0.50886285","0.73212445","1636148068921376800","3403818176868110080","null","null","null","null","null","5","Gaia DR3 3403818176868110080","83.62852988215734","22.007162178408752","null","null","null","null","null","null","20.91629","21.411255","18.745495","NOT_AVAILABLE","2.66576","0.4949646","2.1707954","null","null","null","0","false","false","false","false","false","false","null","null","null","null","null","null","null"
"null","null","249.70656","0","0","-0.65267116","30","1","258","0","259","95","false","0.9257061","null","null","-5.791122493054601","4.370569e-10","1.6408931e-9","0.99999833","0.407272","-0.44460452","-0.85166985","0.35533735","-0.06159717","null","null","false","null","null","-1.2994563054198043","84.09260785360136","null","null","null","false","false","false","false","0","0","0.06661725","2.325807","184.55938617596365","null","null","null","31","0","null","null","21","null","0.81199014","0.34631008","0.12783803","-0.13393694","121.00131072143841","38.571503","3.137065","0","0","13","0.8989759","348.4090708672233","1.1749432","296.53268","255","1","192.21005155935956","27.70045","6.938878","0","0","18","5.02036","0.23631242","-0.500962","-0.14181116","1.3830762","0.07678214","-0.6386065","0.50522095","510712549","0.37675077","0.51790875","-0.31250787","-0.04055634","2016","null","null","null","null","null","null","null","null","null","null","null","null","null","null","-11.210651","16.177742","-1.7223185","22.927372","0.36975104","0.7027653","0.25195166","0.36501023","1636148068921376800","3403818176864468224","null","null","null","null","null","13","Gaia DR3 3403818176864468224","83.62803316247636","22.00925401630669","0.39033985718032127","0.48071992","3.474394693272952","0.5685727","-3.6238925020645167","0.3899654","19.332144","20.131567","19.038456","NOT_AVAILABLE","1.093111","0.7994232","0.29368782","null","null","0.96975946","0","false","false","false","false","false","false","null","null","null","null","null","null","null"
"null","null","382.23306","0.24127184","2.0261352","1.4027218","39","1","332","0","333","95","false","0.206903","null","null","-5.784729711553204","0.0000044536155","2.113005e-10","0.99999446","0.08027504","-0.50191855","-0.8182307","0.38877732","0.023276748","null","null","false","null","null","-1.3099552358037274","84.10600241309933","null","null","null","false","false","false","false","1","0","0.059515353","99.161194","184.57523660732414","null","null","null","41","0","null","null","25","null","4.035885","0.4013679","0.1273325","-0.19155206","1549.687803890378","38.57671","40.171593","7","0","36","1.5913585","2944.6441014266393","11.23991","261.9811","329","0","3136.2967411667064","83.57087","37.528587","7","0","37","2.7926972","0.18215905","-0.5517647","-0.15062466","1.4201736","0.017960455","-0.57601875","0.09723588","1189151628","0.35108602","0.4756769","-0.25850618","-0.05993921","2016","null","null","null","null","null","null","null","null","null","null","null","null","null","null","-18.645554","13.0849695","-6.6448493","24.76556","0.35081753","0.6525289","0.28065923","0.31360543","1636148068921376800","3403818108148088704","null","null","null","null","null","16","Gaia DR3 3403818108148088704","83.64296174787893","21.99935593278973","0.4484274665961046","0.11111007","0.9402719937838817","0.13297592","-2.629647556256568","0.08328075","17.014786","17.362932","16.006853","NOT_AVAILABLE","1.3560791","0.34814644","1.0079327","null","null","1.0543939","0","true","false","false","false","false","true","null","null","null","null","null","null","null"
"null","null","39.00905","0","0","0.6606765","5","1","39","0","40","3","false","108.40664","null","null","-5.784837336926887","null","null","null","3.0776947","null","null","null","null","null","null","false","null","null","-1.3095095690347023","84.10562264533426","null","null","null","false","false","false","false","0","33","0.16623801","64.58761","184.5746581759145","null","null","null","6","1","null","null","2","null","null","null","null","null","null","null","null","null","null","0","null","70.11391941601836","3.3901243","20.681814","41","2","null","null","null","null","null","0","null","null","null","null","null","null","-0.341175","16.123533","792106556","null","null","null","null","2016","null","null","null","null","null","null","null","null","null","null","null","null","null","null","-112.82914","12.613003","-29.593325","29.925823","0.384779","0.61334336","0.5585615","0.33959755","1636148068921376800","3403818108146390272","null","null","null","null","null","5","Gaia DR3 3403818108146390272","83.64253148466435","21.99978444006774","null","null","null","null","null","null","21.072857","null","null","NOT_AVAILABLE","null","null","null","null","null","null","0","false","false","false","false","false","false","null","null","null","null","null","null","null"
"null","null","90.0126","12.02304","16.821693","1.9359807","9","8","71","0","79","3","false","44.29681","null","null","-5.782020431717089","0.00003499964","0.00029713725","0.9982457","12.693981","null","null","null","null","null","null","false","null","null","-1.3061986861288981","84.10697143205086","null","null","null","false","false","false","false","0","0","0.4399743","93.79825","184.57244571719872","null","null","null","9","1","null","null","6","null","null","null","null","null","65.01579479841067","15.383461","4.2263436","1","0","5","2.2598293","70.70473294652476","2.208872","32.009426","77","0","94.76482884669399","26.734528","3.5446606","1","0","7","null","null","null","null","null","null","-0.938716","17.242197","1636048002","null","null","null","null","2016","null","null","null","null","null","null","null","null","null","null","null","null","null","null","-24.76722","14.356851","-6.551986","14.485224","0.38169497","0.82474214","0.655804","0.4135479","1636148068921376800","3403818108146386816","null","null","null","null","null","5","Gaia DR3 3403818108146386816","83.64382711077927","22.00315151165086","null","null","null","null","null","null","21.063745","20.805996","19.806278","NOT_AVAILABLE","0.9997177","-0.25774956","1.2574673","null","null","null","0","false","false","false","false","false","false","null","null","null","null","null","null","null"
"null","null","321.67596","0","0","-0.26908904","37","1","316","0","317","95","false","0.48838168","null","null","-5.780391364841567","1.397749e-9","3.9918898e-11","0.9999996","0.18198815","-0.4295206","-0.8916375","0.6454118","0.05599889","null","null","false","null","null","-1.3055432728690748","84.10847390306554","null","null","null","false","false","false","false","0","0","0.054491498","169.96706","184.57262538887414","null","null","null","39","0","null","null","24","null","3.5513868","0.36554223","0.039816502","-0.18340014","561.4335383952853","42.859856","13.099287","0","0","37","1.6149379","1126.4077359469352","1.9342172","582.35846","312","0","1257.6450555984093","55.83473","22.524424","0","0","34","3.913493","0.13203706","-0.7280558","-0.0839144","1.3828864","0.032072455","-0.74025506","0.20970628","270496405","0.3186064","0.6841003","-0.5636641","-0.064379856","2016","null","null","null","null","null","null","null","null","null","null","null","null","null","null","-15.138247","14.445981","-3.5248594","25.157291","0.36777115","0.66269505","0.3214479","0.32887682","1636148068921376800","3403818103852842240","null","null","null","null","null","15","Gaia DR3 3403818103852842240","83.64541449080998","22.00387244542764","0.6786262842467803","0.1910877","3.0666544843398","0.28496045","-2.431266652778674","0.18513416","18.058128","18.465296","16.999","NOT_AVAILABLE","1.4662952","0.40716743","1.0591278","null","null","0.9881414","0","false","false","false","false","false","true","null","null","null","null","null","null","null"
"null","null","387.98083","3.1964629","4.8349533","4.6676884","33","7","271","0","278","3","false","2.9744356","null","null","-5.788524780657061","0.0027336793","0.000024280569","0.9972421","1.1300277","null","null","null","null","null","null","false","null","null","-1.303189910150853","84.09774521607136","null","null","null","false","false","false","false","0","0","0.2824869","2.1263378","184.56520989688437","null","null","null","34","0","null","null","21","null","null","null","null","null","214.52768218864628","20.51287","10.458199","0","1","27","4.8492484","153.22679083340066","1.2166837","125.938065","249","0","528.5070553099762","40.822247","12.946545","0","0","28","null","null","null","null","null","null","-0.7614101","1.3356768","678161234","null","null","null","null","2016","null","null","null","null","null","null","null","null","null","null","null","null","null","null","-16.048563","14.559647","-6.1985765","22.612854","0.3819641","0.69218206","0.3017632","0.3300648","1636148068921376800","3403818108148089344","null","null","null","null","null","14","Gaia DR3 3403818108148089344","83.63374519675303","22.005750744262752","null","null","null","null","null","null","20.22403","19.509834","17.94027","NOT_AVAILABLE","1.5695648","-0.71419525","2.28376","null","null","null","0","false","false","false","false","false","false","null","null","null","null","null","null","null"
"null","null","119.20076","4.0390863","1.3086352","1.1207135","14","3","108","0","111","3","false","14.649572","null","null","-5.779393124345382","0.00084172597","0.000361734","0.99878985","4.1325436","null","null","null","null","null","null","false","null","null","-1.303567542539383","84.1084915347418","null","null","null","false","false","false","false","0","0","0.019780101","14.170314","184.57091158460466","null","null","null","14","0","null","null","7","null","null","null","null","null","187.43854655503725","37.35762","5.017411","0","0","12","7.2351303","77.32773926862352","1.7347298","44.576244","101","0","372.0377186819717","51.466095","7.2287927","0","0","12","null","null","null","null","null","null","-0.8255524","4.424513","946569569","null","null","null","null","2016","null","null","null","null","null","null","null","null","null","null","null","null","null","null","-25.781475","21.938921","-6.878838","29.253466","0.2527821","0.75308865","0.34747973","0.36679754","1636148068921376800","3403818103852842112","null","null","null","null","null","8","Gaia DR3 3403818103852842112","83.64533964093931","22.005847035278055","null","null","null","null","null","null","20.966528","19.656395","18.321428","NOT_AVAILABLE","1.3349667","-1.310133","2.6450996","null","null","null","0","false","false","false","false","false","false","null","null","null","null","null","null","null"
"null","null","296.0533","0","0","-0.28128296","34","6","290","0","296","95","false","0.99382895","null","null","-5.778730746946446","2.615914e-9","8.136396e-8","0.9999906","0.51813996","-0.6434227","-0.80320615","-0.13691626","0.20584333","null","null","false","null","null","-1.300251196129352","84.10735278676226","null","null","null","false","false","false","false","3","0","0.049071487","177.35695","184.56745081568184","null","null","null","35","0","null","null","23","null","0.2503131","0.51451117","0.270245","-0.2853982","36.94611486737028","2.0559106","17.970682","0","0","2","0.8824422","206.891800850824","0.93644553","220.93309","283","2","145.62394133898732","5.695942","25.566261","0","0","2","2.6086662","0.034903347","-0.056231596","-0.129886","1.3000883","0.113499776","-0.45630196","0.6055589","291298029","0.5117408","0.292595","0.01548439","-0.23093289","2016","null","null","null","null","null","null","null","null","null","null","null","null","null","null","-11.447799","12.362296","-1.9312991","22.725985","0.4531004","0.64776784","0.2275591","0.35853708","1636148068921376800","3403818108144984704","null","null","null","null","null","14","Gaia DR3 3403818108144984704","83.64395536444566","22.009110022705904","0.19207299346962278","0.767331","-1.0022782165733601","0.6910623","-2.4084389059377873","0.46227553","19.898008","21.41962","19.339813","NOT_AVAILABLE","2.0798073","1.5216122","0.5581951","null","null","0.987052","0","false","false","false","false","false","false","null","null","null","null","null","null","null"
"0.0121","0.1004","312.45828","0","0","-0.9426714","38","1","328","0","329","95","false","0.50116146","0.0163","0.1346","-5.779042368976182","1.2886752e-9","3.6938375e-10","0.99998707","0.21699801","-0.5587293","-0.8252971","0.34563565","0.15711196","542.372","771.6311","false","0.0064","0.0544","-1.3011172063356438","84.10749027430285","null","null","null","false","false","false","false","0","0","0.05207916","172.78015","184.5682746110394","PHOENIX","5.0364","5.1675","40","0","-2.4147","-1.6131","25","null","2.15016","0.48210597","0.085074216","-0.21364588","319.5913335395109","47.788895","6.687565","0","0","33","1.8027369","584.6813785881272","1.077898","542.42737","323","0","734.4353423904009","108.56011","6.765241","1","0","32","2.218869","0.040010635","-0.481218","-0.012423601","1.4135596","0.046668783","-0.574565","0.25932196","697127574","0.4004714","0.47067326","-0.23595701","-0.18528219","2016","null","null","null","null","null","null","null","null","null","null","null","null","null","null","-16.768627","13.110088","-4.6584177","24.42466","0.35708228","0.6505815","0.27968866","0.319394","1636148068921376800","3403818108144985216","4085.0508","4200.819","null","null","null","16","Gaia DR3 3403818108144985216","83.64414461999347","22.008250907367135","0.6469577801387213","0.30088818","0.8343740075271768","0.31749296","-2.056015456371145","0.2128956","18.77007","19.077055","17.583012","NOT_AVAILABLE","1.4940434","0.30698586","1.1870575","null","null","0.96206236","0","false","false","false","false","true","false","4171.811","5.1208","-2.0801","603.303","0.0613","0.0458","0.0247"
"null","null","119.34847","4.835445","1.9501488","2.6121383","10","0","87","0","87","3","false","36.68618","null","null","-5.817322461138915","0.000019384435","0.000031851963","0.9991285","8.547664","null","null","null","null","null","null","false","null","null","-1.2968761814927092","84.06091623201151","null","null","null","false","false","false","false","0","0","0.21035959","99.92572","184.54129168541309","null","null","null","10","0","null","null","7","null","null","null","null","null","65.59000791078887","19.940306","3.289318","0","0","6","2.5653417","80.95850639029545","1.2925","62.637142","86","0","142.09622415502974","14.085576","10.088066","0","0","7","null","null","null","null","null","null","-0.97261727","13.998872","217816918","null","null","null","null","2016","null","null","null","null","null","null","null","null","null","null","null","null","null","null","18.14128","17.779087","18.318586","17.71984","0.5826587","0.8798203","0.3987993","0.59160846","1636148068921376800","3403817970708633728","null","null","null","null","null","7","Gaia DR3 3403817970708633728","83.59376934408613","22.010428797564632","null","null","null","null","null","null","20.91671","20.796448","19.36644","NOT_AVAILABLE","1.4300079","-0.120262146","1.5502701","null","null","null","0","false","false","false","false","false","false","null","null","null","null","null","null","null"
"null","null","244.50357","0","0","-0.77771825","30","6","251","0","257","95","false","1.5971986","null","null","-5.80812298671548","1.8245699e-9","9.51283e-9","0.99999887","0.653006","-0.57254833","-0.7723306","0.3377859","-0.0010528761","null","null","false","null","null","-1.2953464179979992","84.07064660037196","null","null","null","false","false","false","false","0","0","0.077895045","9.234961","184.54482288523857","null","null","null","31","0","null","null","17","null","-0.43471026","0.3964366","0.16612558","-0.14579394","92.0689638265624","13.953715","6.5981684","0","0","25","1.6712681","156.1233667090146","0.9452182","165.17177","249","1","168.8550331603984","20.077915","8.409988","0","0","26","2.2705288","0.2020643","-0.52130103","-0.0797462","1.25714","0.14007494","-0.6540826","0.8211724","1386142942","0.4669898","0.5233903","-0.21229327","-0.109808885","2016","null","null","null","null","null","null","null","null","null","null","null","null","null","null","-32.111027","17.422924","-17.111977","28.290518","0.27178937","0.644857","0.19859755","0.427488","1636148068921376800","3403818348663168128","null","null","null","null","null","15","Gaia DR3 3403818348663168128","83.60417852323289","22.01238856551324","-0.3985128127441089","0.916732","0.043727628885566625","1.018886","-2.2701076020936823","0.6699734","20.203697","20.428259","19.17911","NOT_AVAILABLE","1.2491493","0.22456169","1.0245876","null","null","0.9637286","0","false","false","false","false","false","false","null","null","null","null","null","null","null"
"null","null","245.83339","0","0","-0.87698096","31","2","262","0","264","95","false","0.9808724","null","null","-5.804814683730208","2.9428554e-8","9.37411e-10","0.9999993","0.42102337","-0.51319456","-0.81750757","0.35432336","-0.014195616","null","null","false","null","null","-1.2887159708011433","84.07065739241877","null","null","null","false","false","false","false","9","0","0.026203897","31.30205","184.5390471155543","null","null","null","32","0","null","null","20","null","1.1559628","0.37407166","0.052433122","-0.11685483","171.91922114170822","14.934329","11.511681","9","4","30","1.8063807","282.4122679902714","1.1139864","253.51501","263","0","338.2248547097771","14.250765","23.733803","7","0","29","0.9465099","0.22405848","-0.47200447","-0.1144372","1.4367335","0.08290439","-0.6080467","0.5059343","1498475391","0.3943036","0.49942592","-0.35324597","-0.07302394","2016","null","null","null","null","null","null","null","null","null","null","null","null","null","null","-26.422537","16.62612","-12.250092","27.1408","0.30495524","0.6471855","0.22309034","0.35830483","1636148068921376800","3403818348663166080","null","null","null","null","null","13","Gaia DR3 3403818348663166080","83.60387315223811","22.019012974825454","0.5767501470288452","0.49893486","0.5778177651770929","0.610601","0.7496716680714359","0.41818213","19.560158","19.75023","18.424881","NOT_AVAILABLE","1.3253498","0.19007301","1.1352768","null","null","0.96020913","0","false","false","false","false","false","false","null","null","null","null","null","null","null"
"1.2223","1.2922","286.06308","0","0","0.09399996","35","1","299","0","300","31","false","0.047647282","1.5955","1.6802","-5.80078039241597","5.098207e-13","1.9749525e-11","0.9999955","0.018008508","-0.44891846","-0.8139183","0.48592177","null","2692.5356","3034.39","false","0.6595","0.6989","-1.2948583780613023","84.07883342119217","12.475365","0.03026313","12","false","false","false","false","0","0","0.0053196494","9.763877","184.54849056489155","MARCS","2.7639","2.8798","37","0","-0.4089","-0.4006","21","1.401676","15.165684","0.4021207","-0.011516515","null","17491.381705676064","96.64935","180.97774","0","0","37","1.3169773","48530.62972983901","63.003944","770.27924","297","0","46422.35500255194","145.48572","319.0853","0","0","37","2.7134733","null","-0.59890515","null","null","null","-0.5889901","0.023236498","1189155058","0.37357643","0.51684576","-0.29528856","null","2016","null","222","null","13.774804","2","4","16","null","null","-0.25","3","5250","917.0709","13","-31.419844","13.9170265","-14.304352","29.773844","0.2771616","0.61531997","0.26512218","0.29490325","1636148068921376800","3403818348666260608","5094.931","5196.542","null","null","null","16","Gaia DR3 3403818348666260608","83.61297485653773","22.01323864300031","0.3558951064476044","0.023467133","0.42051588378370314","0.029845621","-2.6806910234226073","0.018752366","13.972327","14.731482","13.081078","VARIABLE","1.650404","0.7591543","0.89124966","32.563377","1.6615269","1.002744","0","true","true","false","true","true","true","5117.4097","2.7926","-0.4032","2945.0771","1.6145","1.2381","0.6684"
"null","null","258.03247","0","0","-0.7866799","32","0","274","0","274","95","false","0.51465374","null","null","-5.79892603329324","1.1009319e-8","9.3187476e-9","0.9999954","0.1929619","-0.4938896","-0.8678501","0.61783195","0.024357494","null","null","false","null","null","-1.2966894068253976","84.08202218009193","null","null","null","false","false","false","false","0","0","0.038250584","173.95894","184.55168132793156","null","null","null","34","0","null","null","19","null","0.86749995","0.38971618","0.014216591","-0.10472712","624.4065522884097","87.52962","7.1336603","0","0","34","1.6741612","1038.3830486786808","1.8831677","551.40234","273","0","1114.0140832079232","179.3594","6.2110715","0","0","31","2.0465846","0.16501176","-0.71383595","-0.07290336","1.5475595","0.03268133","-0.75309515","0.23091201","388254585","0.42506748","0.6727806","-0.4763511","-0.10599711","2016","null","null","null","null","null","null","null","null","null","null","null","null","null","null","-27.431978","16.82299","-12.083366","28.596678","0.3272516","0.6500174","0.2989734","0.33632633","1636148068921376800","3403818138212571776","null","null","null","null","null","14","Gaia DR3 3403818138212571776","83.61649748933105","22.011550472010285","0.18019189462865198","0.20771402","1.6288275558175602","0.30087817","-1.2391245261338417","0.19979405","18.146473","18.349874","17.130669","NOT_AVAILABLE","1.2192059","0.20340157","1.0158043","null","null","0.9649844","0","false","false","false","false","false","true","null","null","null","null","null","null","null"
"null","null","337.63632","0.05700591","0.033574898","-0.44742703","35","0","300","0","300","95","false","0.4822728","null","null","-5.799434725156098","1.7026892e-8","8.719247e-11","0.9998262","0.17631623","-0.4664561","-0.8801179","0.69498533","-0.0146945305","null","null","false","null","null","-1.2878077301773931","84.07634001331562","null","null","null","false","false","false","false","0","0","0.024630371","171.31839","184.5410964386133","null","null","null","37","0","null","null","22","null","29.420609","0.39306796","-0.11381359","-0.060318798","289.92682400329403","43.63047","6.645054","2","0","32","1.5444494","1100.4401751598323","1.889492","582.4","299","0","1409.6473383643809","32.674377","43.142284","1","0","29","28.222954","0.16922301","-0.7579869","-0.048422452","1.2283483","0.029292839","-0.7404377","0.20405176","1296563958","0.32307944","0.68669987","-0.5943802","-0.06061113","2016","null","null","null","null","null","null","null","null","null","null","null","null","null","null","-37.884125","16.239054","-13.121896","29.537407","0.24224707","0.6354808","0.28018007","0.32056305","1636148068921376800","3403818344371001344","null","null","null","null","null","15","Gaia DR3 3403818344371001344","83.6099519330557","22.020172018200174","4.993596977127726","0.16973126","-17.46461832574516","0.2748799","-22.170300221268903","0.18686795","18.08345","19.182821","16.87512","NOT_AVAILABLE","2.307701","1.099371","1.2083302","null","null","0.9804787","0","false","false","false","false","false","true","null","null","null","null","null","null","null"
"null","null","290.00607","0.07513899","0.03186642","0.49237582","32","0","276","0","276","95","false","0.70582086","null","null","-5.794180384627199","2.2533651e-8","4.126106e-9","0.99999994","0.2588874","-0.36857572","-0.89886135","0.72698975","-0.03221381","null","null","false","null","null","-1.2906383960811938","84.08402287448483","null","null","null","false","false","false","false","0","0","0.06363747","177.07697","184.54740572780486","null","null","null","34","0","null","null","20","null","-0.7169353","0.32481086","-0.010685519","-0.08160905","226.7843073603217","32.004593","7.0859923","1","0","29","0.80865264","777.759261222228","1.5106899","514.83716","274","1","402.15274946503155","66.65298","6.03353","1","0","27","1.9716806","0.17859943","-0.7715235","-0.057936285","1.491058","0.040166367","-0.7943102","0.31800905","499303580","0.2583734","0.74331254","-0.6366795","-0.035154082","2016","null","null","null","null","null","null","null","null","null","null","null","null","null","null","-24.829039","16.397188","-8.835022","28.441069","0.26925382","0.66340333","0.2984508","0.3075648","1636148068921376800","3403818383025996544","null","null","null","null","null","15","Gaia DR3 3403818383025996544","83.61836417958911","22.017684030422224","-0.17241563627433554","0.24048981","1.3144212887208053","0.39348242","-1.4696330558357982","0.26716256","18.460255","19.44951","18.236917","NOT_AVAILABLE","1.2125931","0.9892559","0.22333717","null","null","1.0200201","0","false","false","false","false","false","false","null","null","null","null","null","null","null"
"null","null","278.0845","0","0","0.019400084","32","1","272","0","273","31","false","0.107278794","null","null","-5.805531779912844","5.099618e-13","4.1502014e-11","0.99999386","0.039921664","-0.4712805","-0.8018525","0.5172725","null","null","null","false","null","null","-1.2810398021651177","84.06542637152732","null","null","null","false","false","false","false","0","0","0.043539815","4.0576267","184.52973875426844","null","null","null","34","0","null","null","20","1.4671003","12.765319","0.4108701","-0.10176897","null","4326.730041737751","23.027447","187.89447","3","0","34","1.3183361","9541.698765862993","4.762568","2003.4777","273","0","8252.435816946068","42.86517","192.52078","3","0","31","7.1212063","null","-0.6490678","null","null","null","-0.6151159","0.04878392","1532413667","0.29051456","0.5257234","-0.39324877","null","2016","null","null","null","null","null","null","null","null","null","null","null","null","null","null","-42.26401","16.798323","-16.338997","30.951073","0.22280966","0.61213815","0.22730403","0.3792939","1636148068921376800","3403818417385737216","null","null","null","null","null","16","Gaia DR3 3403818417385737216","83.59787018760368","22.026449682019877","0.5976301564024659","0.046816707","-1.130447718721971","0.0657531","-7.030908211425801","0.04221238","15.738302","16.248142","14.95644","NOT_AVAILABLE","1.2917023","0.50984","0.78186226","null","null","0.9995911","0","true","false","false","false","false","true","null","null","null","null","null","null","null"
"null","null","311.70474","0.48903075","1.5557525","0.17729527","33","3","279","0","282","95","false","0.6775329","null","null","-5.806364917340313","6.5772187e-13","2.0788513e-13","0.9999062","0.25379732","-0.44902626","-0.8867149","0.6764713","-0.005203909","null","null","false","null","null","-1.286446472478089","84.06756770434005","null","null","null","false","false","false","false","0","0","0.020941976","3.3465977","184.53552351100137","null","null","null","35","0","null","null","22","null","5.576165","0.37997866","-0.121031746","-0.06031379","204.27019315295905","35.171535","5.807827","1","0","28","1.2416394","750.3935291830176","1.4058124","533.7793","278","0","727.4479366154994","55.929302","13.006562","1","0","30","3.817698","0.16254203","-0.7395499","-0.065844536","1.2585129","0.04019051","-0.7431567","0.29163826","391439392","0.32500848","0.6875445","-0.6186962","-0.049408425","2016","null","null","null","null","null","null","null","null","null","null","null","null","null","null","-32.926754","16.751448","-10.596637","28.528969","0.2366503","0.6417952","0.24565443","0.3392073","1636148068921376800","3403818413090476544","null","null","null","null","null","15","Gaia DR3 3403818413090476544","83.60043592409859","22.021143291673425","1.2811326832220369","0.22975156","2.648908008422557","0.3834045","-2.749200602504161","0.26432532","18.499144","19.56303","17.593391","NOT_AVAILABLE","1.9696388","1.0638866","0.9057522","null","null","1.0063733","0","false","false","false","false","false","false","null","null","null","null","null","null","null"
"null","null","263.8987","0","0","0.68050534","28","0","242","0","242","95","false","1.0054934","null","null","-5.808838849302159","1.4422965e-12","1.1720788e-10","0.99999964","0.3666109","-0.54858047","-0.7689886","0.35321248","-0.040708743","null","null","false","null","null","-1.280757863588458","84.06145115632069","null","null","null","false","false","false","false","0","0","0.059586037","177.24435","184.52750530648004","null","null","null","29","0","null","null","17","null","0.9144917","0.4104123","-0.041659005","-0.07675805","41.589706185959955","7.8218045","5.3171496","0","0","7","0.76237786","324.35779938135767","1.0037475","323.1468","242","1","205.69350549988198","18.256199","11.26705","0","0","19","4.14529","0.3043414","-0.60351783","-0.2543514","1.3682253","0.07667203","-0.56337523","0.4335014","231178877","0.36952904","0.36404344","-0.1671472","-0.10020862","2016","null","null","null","null","null","null","null","null","null","null","null","null","null","null","-34.390095","19.36688","-13.665174","28.480103","0.24324106","0.671937","0.21379633","0.39962584","1636148068921376800","3403818417382643328","null","null","null","null","null","12","Gaia DR3 3403818417382643328","83.59357377596002","22.026554965745365","0.41246220001461475","0.45102888","3.0215637675069074","0.65041137","-2.8378833745998095","0.40817097","19.409805","21.291077","18.964844","NOT_AVAILABLE","2.326233","1.8812714","0.44496155","null","null","1.030059","0","false","false","false","false","false","false","null","null","null","null","null","null","null"
"null","null","388.73163","1.8644589","6.6620855","5.170034","29","1","243","0","244","95","false","1.0639291","null","null","-5.807806964692835","1.532122e-10","3.5084742e-9","0.99999636","0.44254434","-0.4932634","-0.77819437","0.35129812","-0.024921447","null","null","false","null","null","-1.2803965142259208","84.06243372052928","null","null","null","false","false","false","false","0","0","0.15459533","5.8043694","184.52768153307537","null","null","null","30","0","null","null","18","null","0.7874534","0.34641466","0.03887533","-0.08921309","103.94088974737083","12.710908","8.177299","0","0","26","1.2826924","357.465313107878","1.6621904","215.05678","241","0","354.57715840223887","18.65089","19.011272","0","0","27","1.3475271","0.2723637","-0.53227234","-0.17074417","1.3659328","0.08973517","-0.6131805","0.53586435","1303428498","0.36178955","0.4587754","-0.29028487","-0.058404114","2016","null","null","null","null","null","null","null","null","null","null","null","null","null","null","-36.026188","18.438536","-16.60229","29.41208","0.26158944","0.63367","0.20425047","0.3989501","1636148068921376800","3403818417382642304","null","null","null","null","null","13","Gaia DR3 3403818417382642304","83.59461509249874","22.026959565500214","0.4061908919071827","0.5158285","0.92868946401278","0.66674304","0.9764042516509142","0.45301077","19.304281","20.296576","18.37362","NOT_AVAILABLE","1.9229565","0.9922943","0.93066216","null","null","1.2451183","0","false","false","false","false","false","false","null","null","null","null","null","null","null"
"null","null","186.81891","1.6475648","0.6409354","-0.24745832","21","3","177","0","180","95","false","2.8824248","null","null","-5.8039357856769245","2.5819044e-10","1.5416248e-9","0.99999887","0.9545714","-0.5119435","-0.6973501","0.40690383","0.0028342102","null","null","false","null","null","-1.2760163630848258","84.064384532155","null","null","null","false","false","false","false","1","0","0.07739195","26.708277","184.52483790590264","null","null","null","22","0","null","null","11","null","-0.0058236984","0.32843357","-0.078787714","-0.28169876","62.31242431994849","12.748832","4.8876967","0","0","11","1.7978982","105.41412561719375","0.9923215","106.22981","178","0","127.21143798801693","17.223782","7.385802","0","0","15","3.0019498","0.24827382","-0.6434349","-0.11901819","1.1350899","0.22613958","-0.5839955","1.3714023","887315297","0.4210537","0.33167803","-0.09358519","-0.21426652","2016","null","null","null","null","null","null","null","null","null","null","null","null","null","null","-30.71668","18.556704","-21.950468","30.090162","0.2316924","0.67129815","0.21270269","0.3926184","1636148068921376800","3403818417384034304","null","null","null","null","null","13","Gaia DR3 3403818417384034304","83.59650724025406","22.03142195880311","-0.008258891798818557","1.4181523","1.268075626460998","1.8850645","-2.7209717235742565","1.0978445","20.63012","20.852106","19.48658","NOT_AVAILABLE","1.3655262","0.22198677","1.1435394","null","null","0.9847089","0","false","false","false","false","false","false","null","null","null","null","null","null","null"
"1.199","1.2411","346.20428","0.12091109","1.5144902","-0.23425624","35","1","299","0","300","95","false","0.11831779","1.5746","1.6269","-5.788956239993922","5.0974237e-13","1.0204125e-13","0.99999815","0.045154035","-0.48745456","-0.8014894","0.46926472","-0.046993714","1515.2375","1600.4795","false","0.6408","0.664","-1.2808967045806456","84.08445781950276","null","null","null","false","false","false","false","0","0","0.038416654","0.14915226","184.53912953159556","PHOENIX","3.7644","3.8168","37","0","-0.1858","-0.1471","21","null","1.9625678","0.40569577","0.028007107","-0.057114072","2662.9586818227854","23.538767","113.13077","0","0","34","1.2681578","7911.997046987839","3.4479868","2294.6716","292","0","7370.70274316353","55.66611","132.40915","0","0","35","1.1150854","0.24117866","-0.5891379","-0.09903235","1.3829043","0.009842875","-0.57899165","0.056207262","553334315","0.3586583","0.48144507","-0.26773897","-0.077433765","2016","null","null","null","null","null","null","null","null","null","null","null","null","null","null","-32.73403","13.736446","-14.8838005","29.863588","0.28792265","0.6097202","0.27569535","0.29810646","1636148068921376800","3403818383025993984","5103.48","5167.9194","null","null","null","16","Gaia DR3 3403818383025993984","83.61836805498196","22.027435421210242","0.11729606417027855","0.05976663","0.959791479704918","0.074168354","-0.5676405521389646","0.048307955","15.941651","16.775131","15.0791235","NOT_AVAILABLE","1.6960077","0.8334799","0.86252785","null","null","0.9892048","0","true","false","false","false","true","true","5138.732","3.7945","-0.1602","1548.4835","1.604","1.2231","0.6542"
"null","null","276.54282","1.5167083","1.5863905","0.23480394","29","2","235","0","237","95","false","1.5342292","null","null","-5.792091902940874","0.0000038180315","2.0587445e-9","0.9999962","0.6595136","-0.4433902","-0.8154079","0.38607433","-0.059360523","null","null","false","null","null","-1.2945734242331397","84.08868869899034","null","null","null","false","false","false","false","0","0","0.033997495","13.505838","184.55316940597945","null","null","null","30","0","null","null","18","null","0.3591948","0.3243953","0.14607537","-0.14488359","236.44541961013292","36.598118","6.4605894","17","0","23","3.422016","217.3879132354862","1.7679003","122.9639","228","0","507.4594758960673","48.815598","10.395437","21","0","26","3.411776","0.2612179","-0.521088","-0.2035075","1.1582425","0.13010487","-0.6990343","0.8714998","1372038875","0.31821045","0.5771127","-0.30305693","-0.0043399925","2016","null","null","null","null","null","null","null","null","null","null","null","null","null","null","-34.45326","18.447405","-14.421788","26.743242","0.23102407","0.69962007","0.24468401","0.36226568","1636148068921376800","3403818176864467200","null","null","null","null","null","14","Gaia DR3 3403818176864467200","83.6235784307461","22.013959055073048","0.2846440779323186","0.7924505","1.073907809671763","0.9275208","-3.23835413338231","0.64092875","19.844278","19.404215","17.984392","NOT_AVAILABLE","1.4198227","-0.44006348","1.8598862","null","null","1.0095311","0","false","false","false","false","false","false","null","null","null","null","null","null","null"
"null","null","119.21947","7.18868","2.3932106","3.734904","9","1","72","0","73","3","false","32.778004","null","null","-5.791880233063391","null","null","null","11.949106","null","null","null","null","null","null","false","null","null","-1.294096136468787","84.08865895229928","null","null","null","false","false","false","false","0","0","0.10651474","168.25906","184.55273838871904","null","null","null","9","1","null","null","6","null","null","null","null","null","null","null","null","null","null","0","null","73.94605851002066","1.9175537","38.562706","72","2","null","null","null","null","null","0","null","null","null","null","null","null","-0.97639275","15.404491","439575926","null","null","null","null","2016","null","null","null","null","null","null","null","null","null","null","null","null","null","null","-76.6485","21.970499","-17.908432","31.080608","0.23319092","0.66660833","0.36683777","0.37019825","1636148068921376800","3403818176865864960","null","null","null","null","null","8","Gaia DR3 3403818176865864960","83.62352363497976","22.014434562503972","null","null","null","null","null","null","21.01508","null","null","NOT_AVAILABLE","null","null","null","null","null","null","0","false","false","false","false","false","false","null","null","null","null","null","null","null"
"null","null","187.04208","3.0810478","1.3426677","3.2762682","16","1","133","0","134","3","false","10.10999","null","null","-5.790238727216461","0.000010467566","0.00019952016","0.99909705","3.150447","null","null","null","null","null","null","false","null","null","-1.2985251522211516","84.0930927246864","null","null","null","false","false","false","false","0","0","0.20058307","0.061494403","184.55881671614307","null","null","null","16","0","null","null","10","null","null","null","null","null","35.05394477627781","8.262271","4.2426524","0","0","11","1.682366","95.34739229019465","1.1888367","80.20226","129","0","125.3552690283828","23.083218","5.4305806","0","0","9","null","null","null","null","null","null","-0.8382828","3.4803145","403779001","null","null","null","null","2016","null","null","null","null","null","null","null","null","null","null","null","null","null","null","-13.700152","20.509878","-3.5079284","23.534744","0.23741443","0.78898835","0.280408","0.36245593","1636148068921376800","3403818176865866240","null","null","null","null","null","9","Gaia DR3 3403818176865866240","83.6285111562769","22.01020566574923","null","null","null","null","null","null","20.739096","21.4767","19.502539","NOT_AVAILABLE","1.9741611","0.73760414","1.236557","null","null","null","0","false","false","false","false","false","false","null","null","null","null","null","null","null"
"null","null","333.95618","0","0","1.1475136","35","2","300","9","302","95","false","0.52572536","null","null","-5.785962641376149","1.6793013e-8","1.179219e-7","0.9999842","0.18506595","-0.4442694","-0.9024157","0.681544","0.010275026","null","null","false","null","null","-1.2979434640917695","84.09768977208401","null","null","null","false","false","false","false","1","0","0.043069825","161.61993","184.56060782644502","null","null","null","37","0","null","null","23","null","-0.28897575","0.39059588","-0.0386135","-0.1831065","812.9003684956261","207.33754","3.9206617","0","0","6","1.8344983","1183.6144831358304","1.7367263","681.52045","292","0","1358.4384024836916","625.54443","2.1716099","0","0","6","0.9743482","0.14606923","-0.77029437","-0.09983465","1.4558474","0.030964935","-0.73504937","0.20748885","1810562310","0.33427778","0.6714149","-0.5611115","-0.052327037","2016","null","null","null","null","null","null","null","null","null","null","null","null","null","null","null","null","null","null","null","null","null","null","1636148068921376800","3403818176867564672","null","null","null","null","null","15","Gaia DR3 3403818176867564672","83.6334358060297","22.010989636184103","-0.05485900939225903","0.18983948","0.808604716596975","0.30973312","-0.543610917212629","0.19742334","18.004341","18.06345","16.915297","NOT_AVAILABLE","1.1481533","0.059108734","1.0890446","null","null","1.0465426","0","false","false","false","false","false","true","null","null","null","null","null","null","null"
"null","null","328.96683","0","0","0.2140335","35","3","301","0","304","95","false","0.6704347","null","null","-5.785330168307746","2.6226079e-12","4.1508277e-12","0.9999998","0.25720978","-0.4734048","-0.9037884","0.629904","0.040548377","null","null","false","null","null","-1.296053013817033","84.09733452862804","null","null","null","false","false","false","false","0","0","0.056251924","174.09189","184.5587819591126","null","null","null","37","0","null","null","24","null","4.010509","0.40305597","0.02495796","-0.19086474","155.9522816876324","21.750055","7.170202","0","0","28","1.1485038","734.6104476051789","1.530693","479.92017","298","1","687.7505987089683","56.498375","12.172927","0","0","30","3.6659768","0.10806189","-0.7140771","-0.08875258","1.3075657","0.0430477","-0.7137715","0.28633285","722508867","0.32756466","0.66988826","-0.5540445","-0.06405038","2016","null","null","null","null","null","null","null","null","null","null","null","null","null","null","-19.256952","13.069764","-5.2572303","23.972715","0.3455752","0.65728104","0.31468737","0.30569968","1636148068921376800","3403818172572314496","null","null","null","null","null","15","Gaia DR3 3403818172572314496","83.63296313415506","22.01286257544558","1.1124183764777298","0.27737585","0.8521118257645262","0.38867024","3.5655701468150887","0.2601483","18.522224","19.856062","17.654318","NOT_AVAILABLE","2.201744","1.3338375","0.8679066","null","null","1.0076915","0","false","false","false","false","false","false","null","null","null","null","null","null","null"
"0.7383","0.7812","354.25302","0.09526001","0.53111273","0.81446975","37","0","322","0","322","95","false","0.15752861","0.8894","0.9398","-5.78437975804155","4.449756e-8","5.465088e-9","0.99999994","0.060638472","-0.4714992","-0.83597744","0.48219967","-0.052419793","1256.8948","1367.5251","false","0.4099","0.4338","-1.2944237456289722","84.09749573452757","null","null","null","false","false","false","false","0","0","0.040708825","3.491163","184.55744201518942","MARCS","4.4894","4.5488","39","0","-4.1446","-4.0761","24","null","6.488461","0.41041702","0.03085768","-0.05983969","2563.7155151588877","28.086973","91.27774","4","0","33","1.4352964","4601.677634604902","5.548318","829.38245","318","0","4041.0560167903386","59.870823","67.49625","4","1","28","11.741103","0.23115888","-0.611183","-0.1066673","1.5334013","0.012478804","-0.57155395","0.073242806","1096684111","0.3499937","0.47848636","-0.30415034","-0.052754134","2016","null","null","null","null","null","null","null","null","null","null","null","null","null","null","-18.94744","12.754565","-7.112118","25.913534","0.348234","0.6367052","0.27308285","0.29104736","1636148068921376800","3403818172572314624","6010.1274","6095.8687","null","null","null","16","Gaia DR3 3403818172572314624","83.63305926163925","22.014497367986387","0.5110426215408798","0.07876176","-11.513289248747304","0.09795866","2.3016691973172407","0.0635081","16.530077","16.816368","15.731658","NOT_AVAILABLE","1.0847101","0.28629112","0.798419","null","null","1.0315062","0","true","false","false","false","true","true","6071.9683","4.5221","-4.1254","1305.1428","0.9264","0.7699","0.4275"
"null","null","343.22845","0.10941251","0.35550636","0.4032834","38","3","326","0","329","95","false","0.16847049","null","null","-5.780984450501923","8.582365e-9","1.2272654e-10","1","0.07155885","-0.5330527","-0.75887614","0.26860312","0.016393192","null","null","false","null","null","-1.287762807231576","84.0975894361737","null","null","null","false","false","false","false","0","0","0.059688665","179.6083","184.55168131618734","null","null","null","40","0","null","null","24","null","4.24428","0.47440198","0.047345906","-0.0427276","1550.0287880018986","26.126795","59.32717","1","0","37","1.6895851","2605.3083660800057","3.5435207","735.23157","317","0","2851.861305011573","28.195852","101.14471","0","0","36","1.8798524","0.20989673","-0.43529573","-0.029541774","1.4572116","0.017412517","-0.45028633","0.09199151","30857593","0.39877242","0.31178623","-0.05371091","-0.12268331","2016","null","null","null","null","null","null","null","null","null","null","null","null","null","null","-19.599482","11.870637","-8.6116495","27.926907","0.3668049","0.6032684","0.24395831","0.29546088","1636148068921376800","3403818275651529472","null","null","null","null","null","17","Gaia DR3 3403818275651529472","83.63284318511974","22.0211559525798","0.46175598054565","0.1087949","0.9150321599391833","0.1118575","-1.642120982177662","0.07353749","17.147718","17.362692","16.110075","NOT_AVAILABLE","1.2526169","0.21497345","1.0376434","null","null","1.0149364","0","true","false","false","false","false","true","null","null","null","null","null","null","null"
"0.4121","0.5048","319.57883","0","0","0.14940968","36","3","310","0","313","95","false","0.19942096","0.5306","0.6475","-5.785404842547969","6.504875e-13","1.02043984e-13","0.99999976","0.07694392","-0.52935356","-0.8415846","0.44977203","-0.0046233498","1094.5157","1287.6073","false","0.2194","0.2675","-1.2974454166341864","84.09804724194538","null","null","null","false","false","false","false","0","0","0.044355366","1.6960075","184.56035229868897","PHOENIX","4.5125","4.5978","38","0","-0.446","-0.1449","24","null","4.080099","0.4453406","0.050016925","-0.15607548","1221.0770654423206","30.58159","39.9285","9","0","35","1.1910548","3135.385106767275","2.3250647","1348.5153","306","0","2513.338515587667","64.89144","38.731434","8","0","36","2.5735867","0.21086171","-0.6058871","-0.18547995","1.4603089","0.016251348","-0.5483011","0.08882416","1128247244","0.31608236","0.45527333","-0.28719229","-0.062876","2016","null","null","null","null","null","null","null","null","null","null","null","null","null","null","-21.139572","11.846371","-7.5309696","24.310486","0.3460883","0.6467247","0.3009479","0.28542927","1636148068921376800","3403818172572315136","4799.239","4997.235","null","null","null","16","Gaia DR3 3403818172572315136","83.63379720510918","22.011502965868782","0.42808979193953467","0.104921415","-1.301885393001223","0.12527291","-2.2200096427129097","0.08060457","16.94664","17.621685","16.247269","NOT_AVAILABLE","1.3744164","0.675045","0.69937134","null","null","1.004967","0","true","false","false","false","true","true","4897.6113","4.5566","-0.3056","1223.7292","0.5935","0.4617","0.2455"
"0.7041","0.8408","4267.5527","0.9543575","125.09036","35.37236","37","0","318","0","318","95","false","0.31917405","0.8632","1.0245","-5.783003966465305","2.0764418e-11","1.0212088e-13","0.9999902","0.12424647","-0.48208302","-0.81308556","0.440996","0.000073960626","618.5807","737.7889","false","0.388","0.4632","-1.2934310922881007","84.09851267467157","null","null","null","false","false","false","false","0","0","0.04444214","160.82172","184.5570849538119","MARCS","4.5761","4.675","39","0","-1.839","-1.3981","24","null","0.19779667","0.4062946","0.07355562","-0.12117213","5171.043589624322","40.226376","128.54858","22","0","33","1.3228716","10680.19415017168","15.1318655","705.80817","312","0","8957.481799516354","57.80079","154.97162","23","0","32","5.8491173","0.20083596","-0.6030057","-0.16401584","1.3021291","0.026822945","-0.54335415","0.14925055","1048507129","0.33327773","0.43715048","-0.20373474","-0.05308738","2016","null","null","null","null","null","null","null","null","null","null","null","null","null","null","-18.665201","12.6126995","-7.067058","26.089394","0.35116997","0.633451","0.2701491","0.28619087","1636148068921376800","3403818176867563264","5654.941","5912.6953","null","null","null","16","Gaia DR3 3403818176867563264","83.63410759604245","22.015533909911742","0.03328149762588889","0.16826116","2.291193876155135","0.20172192","-5.381691264826657","0.13022466","15.615919","16.054596","14.867431","NOT_AVAILABLE","1.1871653","0.43867683","0.7484884","null","null","2.7090178","0","true","false","false","false","true","true","5755.4546","4.6352","-1.6532","659.2952","0.9282","0.7591","0.4183"
"0.6293","0.7168","315.4811","0","0","-0.68019193","38","1","328","0","329","95","false","0.100864336","0.7943","0.9014","-5.7785899300490176","5.102355e-13","1.02135904e-13","0.99998873","0.04429354","-0.5735363","-0.7704457","0.20812099","0.13121916","758.953","844.084","false","0.3399","0.3864","-1.2929514012945058","84.10332731056744","null","null","null","false","false","false","false","0","0","0.065362014","178.22115","184.5590737791206","MARCS","4.6194","4.6622","40","0","-0.6577","-0.4408","24","null","9.867309","0.49024957","0.10732911","-0.19611552","2542.9824065777434","44.024788","57.762512","2","0","38","1.272277","5961.351638589473","3.0745034","1938.964","321","0","5041.508030691832","87.95202","57.321117","3","0","37","5.2872825","0.10332578","-0.38920686","-0.057931617","1.4538078","0.010920508","-0.46383613","0.054752834","1102841969","0.39019543","0.333907","-0.06191199","-0.13453227","2016","null","null","null","null","null","null","null","null","null","null","null","null","null","null","-21.615618","11.542711","-9.227678","27.313282","0.36026004","0.60800564","0.2576635","0.29278195","1636148068921376800","3403818275651532800","5150.781","5295.6807","null","null","null","17","Gaia DR3 3403818275651532800","83.63927173930551","22.016225394861394","0.6776832619472173","0.068679646","-1.9509247168638446","0.06806129","-4.914188748610171","0.044188377","16.249004","16.825184","15.491494","NOT_AVAILABLE","1.3336897","0.5761795","0.7575102","null","null","0.97229105","0","true","false","false","false","true","true","5204.022","4.6405","-0.5562","791.1467","0.8369","0.6638","0.3584"
"null","null","113.14632","2.654579","0.6265972","1.2889163","12","0","100","0","100","3","false","8.866476","null","null","-5.7771856772899275","0.000019192697","0.00013560869","0.9992094","2.7977715","null","null","null","null","null","null","false","null","null","-1.289467110569992","84.10294760112787","null","null","null","false","false","false","false","0","0","0.09024119","102.729744","184.55584607898533","null","null","null","14","1","null","null","7","null","null","null","null","null","71.65829199870099","14.3320055","4.999879","0","0","8","1.9500569","81.38790509006523","1.4116639","57.65388","98","0","87.0527503679883","33.129395","2.6276588","0","0","7","null","null","null","null","null","null","-0.613618","2.6343455","1234475403","null","null","null","null","2016","null","null","null","null","null","null","null","null","null","null","null","null","null","null","-36.825066","16.617867","-13.837961","35.80143","0.38413137","0.59202987","0.47133827","0.30727884","1636148068921376800","3403818279945064960","null","null","null","null","null","8","Gaia DR3 3403818279945064960","83.63869698205963","22.01968956452037","null","null","null","null","null","null","20.910967","20.700377","19.89844","NOT_AVAILABLE","0.8019371","-0.21059036","1.0125275","null","null","null","0","false","false","false","false","false","false","null","null","null","null","null","null","null"
"null","null","346.23123","1.3756512","2.0753617","2.0386295","31","1","268","0","269","95","false","0.93136156","null","null","-5.776021049739161","1.9292725e-11","2.7952745e-9","0.99999577","0.4661926","-0.6187502","-0.77436674","-0.1125567","0.23393941","null","null","false","null","null","-1.292742059551092","84.10616939043689","null","null","null","false","false","false","false","2","0","0.035509516","1.5392785","184.56031213406337","null","null","null","32","0","null","null","21","null","3.9164424","0.48855034","0.25241607","-0.27319187","102.95730467947149","13.118155","7.8484597","0","0","18","1.6721722","255.44769023629456","1.0050582","254.1621","264","1","324.19520916286774","20.31657","15.957182","0","0","28","7.7916336","0.014031301","-0.11627678","-0.17499942","1.2259287","0.108876586","-0.45444837","0.5857061","1721674843","0.54737616","0.28575015","0.07989264","-0.18871304","2016","null","null","null","null","null","null","null","null","null","null","null","null","null","null","-12.721072","11.451979","-3.6197355","22.770441","0.45376292","0.63366646","0.21221176","0.34532186","1636148068921376800","3403818206932056704","null","null","null","null","null","14","Gaia DR3 3403818206932056704","83.64232366643529","22.016559750105287","2.860640777701983","0.7304182","7.767856786387039","0.651271","0.6082414059574225","0.41677943","19.669111","20.3069","18.470879","NOT_AVAILABLE","1.8360214","0.6377888","1.1982327","null","null","1.0890578","0","false","false","false","false","false","false","null","null","null","null","null","null","null"
"null","null","277.19846","0","0","0.63932914","29","1","251","0","252","95","false","1.0613738","null","null","-5.789366898384111","1.8081836e-9","8.704222e-11","0.99998695","0.45211962","-0.5056866","-0.8151952","0.3552368","-0.010769021","null","null","false","null","null","-1.2843130595370122","84.08594435897014","null","null","null","false","false","false","false","0","0","0.023998283","17.931591","184.54285142271553","null","null","null","30","0","null","null","18","null","3.0129035","0.3755233","0.09951986","-0.13738248","122.05599898419696","17.792501","6.8599687","1","0","26","1.7202646","294.2454523926683","1.1435031","257.31934","248","0","384.1240057593669","28.201643","13.6206255","2","0","27","6.806638","0.23052244","-0.48363855","-0.13155127","1.332275","0.09111658","-0.6301339","0.5577721","373889305","0.45118225","0.51838076","-0.28162712","-0.0643622","2016","null","null","null","null","null","null","null","null","null","null","null","null","null","null","-20.548023","15.98446","-9.705045","27.72075","0.3608138","0.6323295","0.23230983","0.35221416","1636148068921376800","3403818378730741120","null","null","null","null","null","13","Gaia DR3 3403818378730741120","83.62013261865015","22.024088122994844","1.6862511627950514","0.55967647","-0.3507047688373023","0.66634166","-6.797596678419813","0.44946","19.515593","20.122145","18.286716","NOT_AVAILABLE","1.8354282","0.6065521","1.2288761","null","null","1.0276473","0","false","false","false","false","false","false","null","null","null","null","null","null","null"
"null","null","232.76749","3.2875922","1.2080667","3.6086602","20","0","165","0","165","3","false","7.7069235","null","null","-5.785951878350434","0.0001405753","0.00035864144","0.99864274","2.2255144","null","null","null","null","null","null","false","null","null","-1.286142011005033","84.09093157305172","null","null","null","false","false","false","false","0","0","0.1171872","99.91084","184.54693950830008","null","null","null","21","0","null","null","12","null","null","null","null","null","88.25525600283515","8.731407","10.107793","0","0","17","2.6496165","92.28809437318826","1.6329148","56.517395","163","0","156.27279493044392","22.90064","6.823949","0","0","18","null","null","null","null","null","null","-0.80527306","2.6350894","1691806249","null","null","null","null","2016","null","null","null","null","null","null","null","null","null","null","null","null","null","null","-31.345057","19.526207","-10.9001875","24.949825","0.20882663","0.75658494","0.22807798","0.48297828","1636148068921376800","3403818383024285312","null","null","null","null","null","12","Gaia DR3 3403818383024285312","83.62559296699527","22.022481303140115","null","null","null","null","null","null","20.774502","20.474192","19.263187","NOT_AVAILABLE","1.2110043","-0.30031013","1.5113144","null","null","null","0","false","false","false","false","false","false","null","null","null","null","null","null","null"
"null","null","279.35077","1.9631048","1.5021969","2.184692","29","4","235","0","239","3","false","2.6622882","null","null","-5.785191384179561","0.000012640095","0.00013292705","0.99928856","0.9684352","null","null","null","null","null","null","false","null","null","-1.283994062626491","84.09057617544453","null","null","null","false","false","false","false","0","0","0.070875525","84.08059","184.54488906980407","null","null","null","30","0","null","null","17","null","null","null","null","null","78.15585354656365","9.637523","8.109538","1","0","21","1.4929066","158.7128855794884","1.0138372","156.5467","229","0","158.7876568825348","19.79188","8.022869","1","0","25","null","null","null","null","null","null","-0.7574487","1.197146","90496139","null","null","null","null","2016","null","null","null","null","null","null","null","null","null","null","null","null","null","null","-23.620464","16.004707","-14.578831","28.270332","0.3272513","0.6366862","0.2191112","0.37222353","1636148068921376800","3403818383024283136","null","null","null","null","null","13","Gaia DR3 3403818383024283136","83.62510770875367","22.024611458572952","null","null","null","null","null","null","20.185837","20.606138","19.245853","NOT_AVAILABLE","1.3602848","0.42030144","0.93998337","null","null","null","0","false","false","false","false","false","false","null","null","null","null","null","null","null"
"null","null","327.3307","1.0578263","1.5413884","0.52765095","32","4","275","0","279","95","false","0.78534263","null","null","-5.777309442190588","5.163117e-13","1.1059607e-13","0.99998283","0.38325152","-0.56838864","-0.77331144","0.07068091","0.017039785","null","null","false","null","null","-1.2814749501614175","84.0982196430159","null","null","null","false","false","false","false","0","0","0.0080000665","56.856243","184.54651419584823","null","null","null","33","0","null","null","21","null","1.8833611","0.45376766","0.11087268","-0.08765007","101.64108458671856","19.218693","5.2886577","0","0","23","1.3461018","305.25057214795544","1.1492195","265.61554","265","0","309.2572632229346","13.529169","22.858555","0","0","30","3.855665","0.16842026","-0.25344193","-0.08819125","1.1917502","0.08677207","-0.43244672","0.48883215","1123406207","0.47989532","0.26608816","0.029072456","-0.18594201","2016","null","null","null","null","null","null","null","null","null","null","null","null","null","null","-16.495258","12.570942","-6.6940665","23.99795","0.4144239","0.6265942","0.21909466","0.33467528","1636148068921376800","3403818275651529856","null","null","null","null","null","14","Gaia DR3 3403818275651529856","83.63322289089727","22.027465485519553","1.0612163549009392","0.5634694","1.145258952808431","0.55205846","3.6816481950553834","0.35793817","19.475725","20.32087","18.522097","NOT_AVAILABLE","1.7987728","0.8451443","0.95362854","null","null","1.0215864","0","false","false","false","false","false","false","null","null","null","null","null","null","null"
"1.1258","1.1833","737.8964","0.56993186","13.633892","12.126322","35","0","298","0","298","95","false","0.20839581","1.4862","1.5584","-5.78525879004421","1.3809899e-12","1.0220714e-13","0.99999946","0.08646359","-0.5466143","-0.716835","0.2770014","0.030322779","906.6584","972.0547","false","0.5994","0.63","-1.278010419777903","84.08706543283701","null","null","null","false","false","false","false","1","0","0.07893913","1.0204766","184.53791680161663","MARCS","4.5187","4.5572","37","0","0.0473","0.185","20","null","0.19065133","0.48467487","0.05004994","-0.02233129","1156.260328117876","45.965023","25.155222","11","0","34","1.2649201","3458.8326237056112","3.9490166","875.8719","296","0","3218.8867938641624","48.092556","66.93108","10","0","34","0.66064084","0.21776207","-0.43154168","-0.024758061","1.402084","0.021183616","-0.46884716","0.11196353","782133782","0.37021664","0.3333028","-0.011839619","-0.09494238","2016","null","null","null","null","null","null","null","null","null","null","null","null","null","null","-31.155693","12.694209","-14.576803","31.87798","0.321913","0.5782621","0.28623322","0.30365616","1636148068921376800","3403818378730741376","4924.4424","5005.153","null","null","null","17","Gaia DR3 3403818378730741376","83.6210399124917","22.030434149592832","0.025293900855784285","0.132671","0.0018500232526793975","0.13913402","-0.6606382316784835","0.091341734","16.840042","17.680902","15.978631","NOT_AVAILABLE","1.7022715","0.84086037","0.8614111","null","null","1.5403504","0","true","false","false","false","true","true","4965.2373","4.5383","0.1108","936.2419","1.5235","1.1553","0.6149"
"null","null","259.31683","0","0","-0.9744627","33","3","279","0","282","95","false","0.34250683","null","null","-5.784950805461318","null","null","null","0.14800297","-0.5448919","-0.7514222","0.3496506","0.07428628","null","null","false","null","null","-1.2774192439599235","84.08708139313939","null","null","null","false","false","false","false","0","0","0.058742594","162.47374","184.53740935186997","null","null","null","35","0","null","null","19","null","0.30503294","0.47685808","0.020981137","-0.074029095","null","null","null","null","null","0","null","925.7266432234602","1.5027596","616.0178","277","2","null","null","null","null","null","0","4.109713","0.13226281","-0.43952578","0.031307057","1.4593788","0.035010006","-0.51928383","0.18482031","454100882","0.39134994","0.4255851","-0.15807989","-0.1624104","2016","null","null","null","null","null","null","null","null","null","null","null","null","null","null","-32.11341","14.895541","-13.998645","32.19338","0.2940292","0.5788545","0.25616318","0.34365022","1636148068921376800","3403818486105207552","null","null","null","null","null","16","Gaia DR3 3403818486105207552","83.62102891713299","22.031025452869606","0.06372429839133709","0.20890957","3.19466346113018","0.21937941","-2.5853179125084815","0.15154582","18.27116","null","null","NOT_AVAILABLE","null","null","null","null","null","0.9573844","0","false","false","false","false","false","false","null","null","null","null","null","null","null"
"1.4089","1.5227","361.28583","0.13807754","2.0469115","1.5486475","35","1","302","0","303","95","false","0.10226305","1.6972","1.8235","-5.781801837781332","5.0985756e-13","1.02073704e-13","0.9999949","0.041164692","-0.5322862","-0.7550843","0.3453125","0.07399705","1617.0024","1659.9159","false","0.7624","0.8255","-1.276389204367108","84.09012154094356","null","null","null","false","false","false","false","0","0","0.045068637","3.083869","184.53803130111254","PHOENIX","4.3399","4.3507","37","0","-0.2071","-0.1011","21","null","8.356533","0.4506206","-0.024615409","-0.113395795","3729.1680061145776","62.925255","59.263454","1","1","32","1.2371885","8521.439559033526","3.7517552","2271.3208","288","0","6813.4582217475845","26.552908","256.59933","0","0","29","7.1403384","0.17449078","-0.49660373","0.007722364","1.4485981","0.009662058","-0.51688606","0.052893206","401899224","0.4021199","0.36370787","-0.16852203","-0.18972082","2016","null","null","null","null","null","null","null","null","null","null","null","null","null","null","-26.411901","12.016071","-15.240239","29.10305","0.31138837","0.59162873","0.20887427","0.33039832","1636148068921376800","3403818486105206400","6874.652","7163.3335","null","null","null","17","Gaia DR3 3403818486105206400","83.62425542760883","22.03218881028813","0.4919045269297574","0.058864668","4.165807058876947","0.06619069","-5.799179850450379","0.043212764","15.861084","16.409512","15.164476","NOT_AVAILABLE","1.2450352","0.5484276","0.6966076","null","null","1.06317","0","true","false","false","false","true","true","7121.1367","4.3448","-0.173","1648.3073","1.8071","1.5078","0.8173"
"null","null","222.73872","2.3103273","0.9526275","2.3851714","21","0","180","0","180","3","false","6.9759173","null","null","-5.7734267413916065","0.0002674059","0.00025373453","0.99855524","2.3246222","null","null","null","null","null","null","false","null","null","-1.283684965945547","84.10396475382763","null","null","null","false","false","false","false","0","0","0.05320789","98.12264","184.55131334038683","null","null","null","22","1","null","null","15","null","null","null","null","null","68.70588484011336","9.715551","7.071743","0","0","18","1.9754673","107.5973247241944","1.0988321","97.91971","178","0","143.84911297488776","20.93225","6.872129","0","0","20","null","null","null","null","null","null","-0.87896615","3.0842247","1130724084","null","null","null","null","2016","null","null","null","null","null","null","null","null","null","null","null","null","null","null","-10.756099","18.195454","-3.2320483","20.111328","0.23431475","0.8239869","0.25389704","0.45000625","1636148068921376800","3403818279945058560","null","null","null","null","null","11","Gaia DR3 3403818279945058560","83.63951790520014","22.025510914445373","null","null","null","null","null","null","20.607862","20.746058","19.353128","NOT_AVAILABLE","1.3929291","0.13819504","1.254734","null","null","null","0","false","false","false","false","false","false","null","null","null","null","null","null","null"
"0.5454","0.5549","314.71817","0","2.2399445e-15","-0.34224594","38","2","327","0","329","31","false","0.03791073","0.6646","0.6759","-5.766255792034035","5.115425e-13","1.0241194e-13","0.99996144","0.016030028","-0.51730365","-0.7903271","0.27203596","null","492.9359","504.1705","false","0.2949","0.3001","-1.2756356481090447","84.10761554272332","12.653738","0.04753329","12","false","false","false","false","0","0","0.05870407","178.63855","184.54612073735092","MARCS","4.4157","4.4302","40","0","-0.3882","-0.364","24","1.5005744","73.10558","0.47821555","0.04266041","null","23016.62086225688","38.835846","592.6643","0","0","39","1.2346048","48116.81483379303","9.538929","5044.258","324","0","36388.6318452836","72.28433","503.40967","0","0","40","5.0191345","null","-0.4491351","null","null","null","-0.4676792","0.020967921","590558555","0.4172396","0.35555333","-0.07533115","null","2016","null","111","null","10.766836","2","2","14","null","null","-0.5","1","5500","917.0709","12","-20.1279","12.349293","-8.494641","26.969536","0.36073104","0.61718816","0.25475988","0.29956406","1636148068921376800","3403818314306510848","5702.764","5721.158","null","null","null","17","Gaia DR3 3403818314306510848","83.64306878849608","22.03371324808822","1.7793738049994385","0.02433978","1.6283238121867623","0.025189256","-4.7476599537514295","0.015937585","13.981625","14.433438","13.345481","NOT_AVAILABLE","1.0879574","0.4518137","0.6361437","-27.907375","3.8462055","0.9855136","0","true","true","false","false","true","true","5711.474","4.423","-0.3771","498.4916","0.6701","0.55","0.2974"
"null","null","258.02505","1.824755","1.7314985","0.65283275","26","1","222","0","223","95","false","1.6862657","null","null","-5.843596291256215","8.9426766e-10","4.4809548e-10","0.99999136","0.6626233","-0.5685192","-0.6873093","0.28888693","0.21877722","null","null","false","null","null","-1.2742765519984949","84.01765246686504","null","null","null","false","false","false","false","0","0","0.05631138","15.836745","184.4999531423558","null","null","null","28","0","null","null","14","null","0.34706396","0.3642844","0.07159943","-0.236605","49.139354435826064","6.353158","7.7346344","0","0","19","1.3084399","137.19293668628995","0.9796217","140.04686","217","0","130.36935360537308","8.372584","15.570981","0","0","21","2.44296","-0.0060314466","-0.42270464","0.15004921","1.1642082","0.15915371","-0.5916693","0.9428429","854304069","0.54246384","0.4256698","-0.2297124","-0.3560435","2016","null","null","null","null","null","null","null","null","null","null","null","null","null","null","-31.500319","14.888674","-28.693134","31.801756","0.28686318","0.5835844","0.20631883","0.3804757","1636148068921376800","3403819035861570944","null","null","null","null","null","14","Gaia DR3 3403819035861570944","83.54607287727654","22.031078702017474","0.3470752330624278","1.0000324","-2.260122352632036","1.1153741","-0.9273081550136897","0.69131124","20.344038","21.109968","19.459957","NOT_AVAILABLE","1.6500111","0.7659302","0.8840809","null","null","1.0300144","0","false","false","false","false","false","false","null","null","null","null","null","null","null"
"null","null","71.42815","0","6.330018e-16","0.77903414","8","0","68","0","68","3","false","21.14429","null","null","-5.841807128365237","0.000010054215","0.000014455705","0.999629","6.3927617","null","null","null","null","null","null","false","null","null","-1.274019501290847","84.01956812868956","null","null","null","false","false","false","false","0","0","0.036775656","86.72457","184.50068696607786","null","null","null","9","0","null","null","5","null","null","null","null","null","30.810430002596398","12.14476","2.536932","0","0","5","1.8002602","74.04250451261451","1.2376206","59.826496","66","0","102.48534411718835","16.633429","6.1614084","0","0","7","null","null","null","null","null","null","-0.97796094","8.973204","68107418","null","null","null","null","2016","null","null","null","null","null","null","null","null","null","null","null","null","null","null","-147.00114","30.306837","-43.11572","34.929497","0.34523696","0.7300383","0.36593413","0.6365714","1636148068921376800","3403818829700922624","null","null","null","null","null","7","Gaia DR3 3403818829700922624","83.54812446364879","22.031421134565885","null","null","null","null","null","null","21.013664","21.616798","19.721241","NOT_AVAILABLE","1.8955574","0.60313416","1.2924232","null","null","null","0","false","false","false","false","false","false","null","null","null","null","null","null","null"
"null","null","63.19336","0","0","0.07659945","8","1","68","0","69","3","false","4.100453","null","null","-5.839826994324599","0.000021737","0.000087920314","0.99948126","1.3798391","null","null","null","null","null","null","false","null","null","-1.2735943232077553","84.02160753622628","null","null","null","false","false","false","false","0","0","0.17027721","0.44426998","184.50133607060505","null","null","null","8","0","null","null","5","null","null","null","null","null","34.747562599375186","11.2151165","3.0982792","0","0","6","1.5570627","77.59809555315248","1.2325658","62.956554","67","0","86.07753798323948","11.579121","7.433858","0","0","7","null","null","null","null","null","null","-0.44686437","2.1232338","845515449","null","null","null","null","2016","null","null","null","null","null","null","null","null","null","null","null","null","null","null","-33.764797","18.094711","-18.431448","31.24484","0.24024764","0.6695279","0.22570924","0.36223567","1636148068921376800","3403818829700920576","null","null","null","null","null","8","Gaia DR3 3403818829700920576","83.55030128188855","22.03193702886039","null","null","null","null","null","null","20.96274","21.48623","19.910671","NOT_AVAILABLE","1.5755596","0.5234909","1.0520687","null","null","null","0","false","false","false","false","false","false","null","null","null","null","null","null","null"
"null","null","68.806786","1.2471552","0.17432658","0.7389752","8","1","66","0","67","3","false","24.761824","null","null","-5.837084794088894","0.0000129613345","0.000025557243","0.9996925","8.884756","null","null","null","null","null","null","false","null","null","-1.2708963807031577","84.02322161605441","null","null","null","false","false","false","false","0","0","0.047283437","37.17336","184.49979078404405","null","null","null","9","0","null","null","5","null","null","null","null","null","21.45278454022261","6.9230213","3.0987604","0","0","6","1.6010832","86.77259313825583","1.5895815","54.588326","67","0","117.477356855172","18.593958","6.3180394","0","0","6","null","null","null","null","null","null","-0.9887791","12.138015","1461047399","null","null","null","null","2016","null","null","null","null","null","null","null","null","null","null","null","null","null","null","-3.2781382","25.794573","29.288618","29.62653","0.20466675","0.75396645","0.09407383","0.67289543","1636148068921376800","3403818864060655488","null","null","null","null","null","7","Gaia DR3 3403818864060655488","83.5519102993009","22.03470438832367","null","null","null","null","null","null","20.84141","22.009832","19.57301","NOT_AVAILABLE","2.436823","1.1684227","1.2684002","null","null","null","0","false","false","false","false","false","false","null","null","null","null","null","null","null"
"null","null","212.59888","0","0","-0.24837087","24","2","206","0","208","95","false","3.401526","null","null","-5.829864736246036","4.523791e-10","6.2679345e-10","0.9999989","1.0643002","-0.65725327","-0.8796163","0.65831923","-0.078701384","null","null","false","null","null","-1.2706256854643783","84.03139202480247","null","null","null","false","false","false","false","0","0","0.022750078","20.696154","184.5036404437461","null","null","null","25","0","null","null","15","null","-1.4185512","0.5385401","-0.25771636","-0.015965182","37.598542851513265","7.3748474","5.098213","0","0","18","1.3580887","129.36042259796614","0.83051676","155.75896","205","1","138.08438746960397","8.191705","16.856611","0","0","21","2.6397276","0.2056729","-0.77869296","-0.033255626","1.2555375","0.18104163","-0.68637574","1.1416","442994944","0.44457626","0.59235644","-0.5405056","-0.19867522","2016","null","null","null","null","null","null","null","null","null","null","null","null","null","null","-47.312275","18.116346","-17.51296","26.025805","0.21282735","0.6921811","0.23357554","0.4242277","1636148068921376800","3403818864060650752","null","null","null","null","null","12","Gaia DR3 3403818864060650752","83.56070055083114","22.035339549745142","-1.6172989930126742","1.1401062","2.4927804438375434","2.0779974","-0.8684509492514534","1.2543339","20.407864","21.400614","19.397533","NOT_AVAILABLE","2.0030804","0.99275017","1.0103302","null","null","0.9859479","0","false","false","false","false","false","false","null","null","null","null","null","null","null"
"null","null","234.84683","0.9147971","1.348941","0.54360944","25","0","205","0","205","95","false","1.22358","null","null","-5.829972839276069","5.119463e-13","2.477036e-13","0.99995905","0.49768838","-0.42707488","-0.8461335","0.5203159","-0.0056714453","null","null","false","null","null","-1.2672152492544275","84.02931047934511","null","null","null","false","false","false","false","0","0","0.029024616","2.6573088","184.49962592278447","null","null","null","26","0","null","null","17","null","2.787462","0.29989797","0.015669774","-0.15120216","60.00245566819329","9.1985445","6.523038","0","0","22","1.4908979","322.8477247090093","1.272419","253.72754","204","0","421.33054904723116","16.148306","26.091316","0","0","24","0.9637822","0.18887514","-0.6490918","-0.14485148","1.2038164","0.08016142","-0.74665046","0.62861466","1629097362","0.36283386","0.6402901","-0.52880204","-0.004102868","2016","null","null","null","null","null","null","null","null","null","null","null","null","null","null","-19.794127","19.793259","-5.975513","25.42845","0.22787613","0.72603786","0.1347542","0.4720723","1636148068921376800","3403818859763956864","null","null","null","null","null","13","Gaia DR3 3403818859763956864","83.55829352872652","22.038653711055694","1.3594254452238053","0.4876929","-0.7370942700714692","0.69016117","-0.6209412959270969","0.4924538","19.414873","20.89312","18.186338","NOT_AVAILABLE","2.7067814","1.4782467","1.2285347","null","null","1.0256823","0","false","false","false","false","false","false","null","null","null","null","null","null","null"
"null","null","142.30693","1.3704089","0.5930279","0.11490104","17","4","138","0","142","95","false","3.5304444","null","null","-5.82378849399085","1.2655907e-9","2.933401e-8","0.9999965","1.410336","-0.62909","-0.87066233","0.42661783","0.16619083","null","null","false","null","null","-1.2631219314380797","84.03409315582984","null","null","null","false","false","false","false","0","0","0.065061964","76.99981","184.49844852935558","null","null","null","18","0","null","null","11","null","0.26918423","0.46529242","0.16841061","-0.33239034","53.061873999380836","8.80423","6.0268617","0","0","13","1.2065511","112.85312939220613","1.0757909","104.90248","140","0","83.10119614892493","9.3742485","8.864839","0","0","18","2.0823295","-0.017266616","-0.54906803","-0.007586393","1.5290546","0.2669282","-0.7813575","1.8931048","484164213","0.4861373","0.71273583","-0.4894307","-0.34744555","2016","null","null","null","null","null","null","null","null","null","null","null","null","null","null","-90.33257","14.601931","-29.629673","26.35445","0.23261766","0.65732443","0.36962909","0.3705197","1636148068921376800","3403818864060644224","null","null","null","null","null","12","Gaia DR3 3403818864060644224","83.56324985190558","22.042956308502706","0.5223418178179884","1.9404622","-1.142153577611547","2.0523999","-1.7411438316343897","1.407045","20.556084","21.026587","19.948877","NOT_AVAILABLE","1.0777092","0.47050285","0.60720634","null","null","1.0045499","0","false","false","false","false","false","false","null","null","null","null","null","null","null"
"0.7457","0.7577","277.11325","0.010045592","0.089822344","0.64730626","29","2","242","0","244","31","false","0.045302834","0.8853","0.899","-5.837123147438682","5.1028035e-13","1.02159255e-13","0.99998647","0.015633604","-0.38172817","-0.81386214","0.5796188","null","659.0078","683.141","false","0.4085","0.4151","-1.2603272680401407","84.01711276048455","12.227278","0.09377571","11","false","false","false","false","0","0","0.057236932","176.98767","184.48752041960253","A","4.0631","4.0864","31","0","-1.0841","-1.0569","16","1.516482","79.19231","0.33961135","-0.10751866","null","54711.284091756184","38.434536","1423.4928","0","0","31","1.2229977","110356.3100109716","29.99745","3678.8564","243","0","80254.22301789635","38.990658","2058.2937","0","0","31","15.714193","null","-0.674125","null","null","null","-0.64909625","0.020496435","409038537","0.45946854","0.5888912","-0.46935865","null","2016","null","222","null","16.659298","2","4","15","null","null","-0.5","4","6250","722.3426","11","-20.390862","16.912334","-12.697062","33.40805","0.27117884","0.5826946","0.14366205","0.41069484","1636148068921376800","3403819070220771328","6339.1226","6366.143","null","null","null","16","Gaia DR3 3403819070220771328","83.54481826536104","22.04498989267393","1.414395095650272","0.01786026","3.1798802360813068","0.027492905","-15.389095033671476","0.017440397","13.080374","13.49335","12.486726","NOT_AVAILABLE","1.0066242","0.41297626","0.59364796","-1.4582458","2.0515432","1.0284586","0","true","true","false","false","true","true","6350.7563","4.0731","-1.0705","672.2446","0.8914","0.751","0.4114"
"null","null","188.59325","2.025535","0.9960274","0.06839324","19","0","160","0","160","95","false","3.6201575","null","null","-5.830401571108775","6.2355268e-9","3.0270854e-8","0.99999636","1.2645833","-0.3332049","-0.852508","0.5317965","0.053079367","null","null","false","null","null","-1.2556993823848739","84.02220816191445","null","null","null","false","false","false","false","0","0","0.094927184","177.94588","184.48603341499108","null","null","null","19","0","null","null","12","null","0.18798506","0.17862044","-0.17384456","-0.26171055","68.68037238798175","21.7729","3.1543972","1","0","8","2.1460214","101.32708679553168","0.8921855","113.57177","158","0","148.76972387980823","11.316095","13.146736","0","0","15","2.301969","0.14060752","-0.55532384","0.1092376","1.0555065","0.2389502","-0.5895707","2.1618538","645302063","0.67591214","0.4664933","-0.6105556","-0.22932379","2016","null","null","null","null","null","null","null","null","null","null","null","null","null","null","0.71402824","13.531066","11.13988","26.516104","0.474674","0.64318997","0.06342984","0.31362152","1636148068921376800","3403819070219075072","null","null","null","null","null","11","Gaia DR3 3403819070219075072","83.55008559880241","22.049840925488592","0.3383745868610841","1.8000078","-1.8399159072265152","2.0658793","-1.3833910624562473","1.3544633","20.673054","20.74646","19.316608","NOT_AVAILABLE","1.4298515","0.07340622","1.3564453","null","null","1.0017331","0","false","false","false","false","false","false","null","null","null","null","null","null","null"
"0.616","0.6949","317.65076","0.13439414","0.64086574","2.2898238","31","3","255","0","258","31","false","0.24015032","0.777","0.8732","-5.828719741066504","5.506462e-13","1.0273718e-13","0.99999696","0.08345652","-0.41818196","-0.82140154","0.5986986","null","877.6964","945.6282","false","0.338","0.3814","-1.2521761686974338","84.02212585058616","null","null","null","false","false","false","false","0","0","0.0724189","2.8357725","184.48292034050925","MARCS","4.6824","4.7319","33","0","-2.1369","-1.8505","18","1.4462831","4.3192534","0.34206817","-0.10476161","null","1337.83978390156","15.194572","88.04722","0","0","29","1.2655083","3102.965425857334","3.2100418","966.6433","252","0","2588.9888283955897","11.024523","234.83908","0","0","30","0.23161271","null","-0.70841515","null","null","null","-0.6910016","0.103324406","1347875178","0.31401923","0.61473495","-0.5164532","null","2016","null","null","null","null","null","null","null","null","null","null","null","null","null","null","-35.78855","17.656223","-20.42861","32.651337","0.20534553","0.5988804","0.15633906","0.40355462","1636148068921376800","3403819070220769152","5116.168","5228.546","null","null","null","16","Gaia DR3 3403819070220769152","83.54982699967005","22.053356940182415","0.3733725591226019","0.086443774","-0.10781830813120438","0.14333226","-0.20498697910121044","0.09364986","16.957924","17.522532","16.21507","NOT_AVAILABLE","1.3074608","0.5646076","0.74285316","null","null","1.1027546","0","true","false","false","false","true","true","5175.8833","4.7066","-1.9838","911.8632","0.829","0.6587","0.3616"
"null","null","195.41733","1.2021858","0.39100128","1.7978235","19","0","157","0","157","95","false","3.5954158","null","null","-5.828138102634718","1.1530588e-9","2.6268115e-8","0.99997735","1.2784297","-0.41648144","-0.857187","0.4645397","-0.056622885","null","null","false","null","null","-1.2627711132278998","84.02887613708563","null","null","null","false","false","false","false","0","0","0.039825626","9.13322","184.49553381214776","null","null","null","19","0","null","null","12","null","-0.011332879","0.33403543","0.19551724","-0.19621395","68.62219107638127","12.484421","5.496626","0","0","14","1.6443706","112.77750010111848","0.92965394","121.31127","156","0","116.8258150963015","9.022814","12.947825","0","0","18","3.2343857","0.22034079","-0.61301696","-0.023617921","1.4316978","0.23416841","-0.70866925","1.7064072","785809241","0.090454586","0.5766872","-0.47271168","-0.007529386","2016","null","null","null","null","null","null","null","null","null","null","null","null","null","null","-20.168976","18.231707","-5.347704","22.61358","0.25660723","0.79103243","0.31150633","0.41379237","1636148068921376800","3403819070219076608","null","null","null","null","null","11","Gaia DR3 3403819070219076608","83.55761149037139","22.04307403217902","-0.01951224427452527","1.7217377","2.2016397973776356","2.228442","2.369395195337419","1.3679732","20.55681","20.747381","19.579048","NOT_AVAILABLE","1.168333","0.19057083","0.9777622","null","null","1.1029353","0","false","false","false","false","false","false","null","null","null","null","null","null","null"
"0.9183","0.993","204.1016","0","0","-1.5128747","28","0","232","0","232","31","false","0.16740172","1.1378","1.226","-5.829424894002603","6.306442e-11","1.02086295e-13","0.9999937","0.06111628","-0.3843166","-0.8205389","0.5295266","null","829.3919","907.0165","false","0.5028","0.5431","-1.2570680116332567","84.0241197652334","null","null","null","false","false","false","false","0","0","0.060495563","2.8562322","184.48818268912328","MARCS","4.6554","4.6882","30","0","-1.0068","-0.812","16","1.4572989","7.4072","0.28983524","0.043226726","null","2557.6878629774924","15.798561","161.89372","0","0","30","1.2523134","5961.460158607972","3.2088711","1857.806","231","0","4907.928400061693","13.628474","360.1231","2","0","29","2.102656","null","-0.67939305","null","null","null","-0.74453497","0.08184018","835430395","0.3732565","0.6214992","-0.42065457","null","2016","null","null","null","null","null","null","null","null","null","null","null","null","null","null","-21.890606","19.725725","-16.739647","29.395678","0.23664394","0.68760043","0.1438145","0.41010264","1636148068921376800","3403819070220769792","5670.883","5819.222","null","null","null","15","Gaia DR3 3403819070220769792","83.55221147668887","22.04855906759075","0.48455332148750485","0.06541653","-1.741033971882039","0.10045819","-1.1789667508905373","0.06491759","16.248985","16.818924","15.52065","NOT_AVAILABLE","1.298274","0.56993866","0.7283354","null","null","0.92841136","0","true","false","false","false","true","true","5744.1133","4.673","-0.909","860.4422","1.1816","0.9552","0.5229"
"null","null","144.88104","3.0738504","1.4534249","1.6749562","15","2","123","0","125","3","false","8.678661","null","null","-5.825571899965098","0.00005061584","0.00061999855","0.99816656","2.808311","null","null","null","null","null","null","false","null","null","-1.257895952229009","84.02903792093618","null","null","null","false","false","false","false","0","0","0.012461995","131.32942","184.49136401998564","null","null","null","15","0","null","null","9","null","null","null","null","null","70.40192893333214","12.408616","5.6736326","1","0","14","1.6254947","92.83537547154953","1.199476","77.396614","124","0","80.50148637470372","11.414996","7.052257","1","0","14","null","null","null","null","null","null","-0.86040115","4.0344434","1319967583","null","null","null","null","2016","null","null","null","null","null","null","null","null","null","null","null","null","null","null","11.337929","17.591358","20.53299","20.219723","0.25367185","0.813436","0.05926788","0.4401505","1636148068921376800","3403819070219072768","null","null","null","null","null","9","Gaia DR3 3403819070219072768","83.55755100944197","22.04795155342587","null","null","null","null","null","null","20.768084","20.719582","19.983385","NOT_AVAILABLE","0.7361965","-0.04850197","0.7846985","null","null","null","0","false","false","false","false","false","false","null","null","null","null","null","null","null"
"null","null","177.92418","4.2538795","3.7830615","3.0040834","15","1","130","0","131","3","false","7.941349","null","null","-5.823435489195533","0.0000045835463","0.000009414445","0.99980885","2.4053128","null","null","null","null","null","null","false","null","null","-1.2600177711507743","84.03271903680616","null","null","null","false","false","false","false","0","0","0.09091878","105.6806","184.49505485003579","null","null","null","15","0","null","null","7","null","null","null","null","null","47.34656371748364","11.651498","4.0635605","0","0","9","1.9636092","89.18159301849632","1.1495081","77.58239","121","0","127.77123125418733","10.982615","11.633953","0","0","11","null","null","null","null","null","null","-0.8460492","3.144454","1640576081","null","null","null","null","2016","null","null","null","null","null","null","null","null","null","null","null","null","null","null","-8.491246","19.759712","-5.148675","27.167686","0.30550987","0.76193","0.25151542","0.3725689","1636148068921376800","3403819448176194432","null","null","null","null","null","10","Gaia DR3 3403819448176194432","83.56161978870595","22.04599609447662","null","null","null","null","null","null","20.811678","21.150322","19.481813","NOT_AVAILABLE","1.6685085","0.33864403","1.3298645","null","null","null","0","false","false","false","false","false","false","null","null","null","null","null","null","null"
"0.4195","0.5459","264.2978","0","0","0.057314202","30","0","257","0","257","31","false","0.21127701","0.567","0.7335","-5.8216167911097365","5.192495e-13","1.02240956e-13","0.99997866","0.07475452","-0.4545052","-0.76711184","0.44246015","null","625.1895","680.2866","false","0.2241","0.2912","-1.2572742153195513","84.03324197560963","null","null","null","false","false","false","false","0","0","0.025536546","16.440636","184.4929242427459","PHOENIX","4.7052","4.7463","33","0","-0.7","-0.5476","19","1.3891554","14.037822","0.37308168","-0.12858151","null","961.4061997902577","18.557423","51.8071","0","0","29","1.2793338","2712.6384095409376","2.1814618","1243.4957","257","0","2508.9639383799436","10.929145","229.56636","0","0","30","10.510245","null","-0.5845135","null","null","null","-0.55019295","0.095790036","1048356879","0.334675","0.45892614","-0.40265408","null","2016","null","null","null","null","null","null","null","null","null","null","null","null","null","null","-28.207106","14.301266","-18.023973","31.151056","0.2592715","0.5894363","0.1694934","0.36016694","1636148068921376800","3403819448178430080","4262.3223","4372.054","null","null","null","15","Gaia DR3 3403819448178430080","83.56205123020504","22.048760243203805","1.3070248603848482","0.09310739","8.170961088946536","0.13413218","-6.610646388078363","0.08222269","17.103888","17.881275","16.249159","NOT_AVAILABLE","1.6321163","0.7773876","0.8547287","null","null","1.0012305","0","true","false","false","false","true","true","4312.086","4.725","-0.6232","652.5314","0.6418","0.4763","0.2541"
"1.7716","1.8087","249.63303","0","0","-1.2209516","32","1","272","0","273","31","false","0.09855308","2.0105","2.0498","-5.823939389298204","5.096368e-13","1.02031454e-13","0.9999993","0.03428484","-0.4267901","-0.77594924","0.47566894","null","2241.1985","2327.964","false","0.9568","0.9769","-1.2550965845375552","84.02931411927005","null","null","null","false","false","false","false","0","0","0.048183225","2.7118661","184.4890613634352","A","4.2745","4.32","34","0","-0.5922","-0.5289","19","1.5133265","5.117623","0.36631206","-0.11646787","null","5644.416961016465","18.835762","299.66492","1","0","28","1.2204645","11427.27729943975","3.8144226","2995.8079","272","0","8302.1691375042","12.684193","654.5288","1","0","30","0.11924351","null","-0.6316399","null","null","null","-0.5879116","0.043590046","838516143","0.33559948","0.48347118","-0.39054102","null","2016","null","null","null","null","null","null","null","null","null","null","null","null","null","null","-27.875467","17.004616","-16.336271","31.883263","0.23549104","0.60529757","0.15214017","0.39364114","1636148068921376800","3403819448177890304","9060.007","9229.598","null","null","null","16","Gaia DR3 3403819448177890304","83.55771380119633","22.050760457471352","0.2094968202875924","0.040936355","-0.0014367815042450618","0.061893247","0.1192348541022674","0.03848804","15.54251","15.959495","14.949917","NOT_AVAILABLE","1.0095778","0.41698456","0.5925932","null","null","0.9464063","0","true","false","false","false","true","true","9125.232","4.2955","-0.5673","2283.0127","2.0264","1.7864","0.9648"
"0.2447","0.4994","227.34247","0","0","-1.152025","29","1","248","0","249","31","false","0.5587486","0.3359","0.6752","-5.822631218079775","5.101801e-13","1.021234e-13","0.99999535","0.19469886","-0.42207175","-0.85258144","0.6406242","null","524.1032","836.5099","false","0.1323","0.2723","-1.2513164389300404","84.0286534983677","null","null","null","false","false","false","false","0","0","0.076628804","178.02199","184.48543510266535","MARCS","4.5573","4.6989","31","0","-2.9873","-2.6415","17","1.3844562","2.3628948","0.35224783","-0.030500725","null","299.08570911046206","11.837563","25.26582","0","0","30","1.2889401","863.424012292671","1.481049","582.98145","248","0","813.8161158571354","11.430374","71.19768","1","0","28","3.2652853","null","-0.72295654","null","null","null","-0.7337554","0.24170148","456486889","0.3929819","0.68662685","-0.5435979","null","2016","null","null","null","null","null","null","null","null","null","null","null","null","null","null","-25.773329","17.295464","-19.070953","31.627085","0.21413395","0.61002946","0.118852414","0.3994696","1636148068921376800","3403819443879521664","3930.0928","4193.625","null","null","null","15","Gaia DR3 3403819443879521664","83.55681982795888","22.054507347450624","0.4763192632475147","0.20158294","-2.31259653253253","0.3263988","-2.3052083266628447","0.21945202","18.346807","19.149054","17.47158","NOT_AVAILABLE","1.6774731","0.8022461","0.875227","null","null","0.9468536","0","false","false","false","false","true","false","4017.1833","4.6287","-2.9051","626.0292","0.4474","0.3273","0.1774"
"null","null","94.09489","3.5974731","1.0914664","1.5762185","9","0","79","0","79","3","false","17.935503","null","null","-5.822066129594868","0.000010594805","0.000079584395","0.99956775","6.2498317","null","null","null","null","null","null","false","null","null","-1.2513802412681243","84.02934174159022","null","null","null","false","false","false","false","1","0","0.015116285","27.787626","184.48583490700926","null","null","null","10","0","null","null","5","null","null","null","null","null","57.33280621885292","16.579973","3.4579554","0","0","4","2.1691914","74.44890943020945","1.4028202","53.070885","79","0","104.1611221090409","12.388444","8.407927","0","0","6","null","null","null","null","null","null","-0.96159196","9.755103","610792315","null","null","null","null","2016","null","null","null","null","null","null","null","null","null","null","null","null","null","null","-112.165054","21.491646","-19.10253","23.317074","0.18226226","0.8583241","0.3717886","0.5268242","1636148068921376800","3403819448176187904","null","null","null","null","null","7","Gaia DR3 3403819448176187904","83.55756456388497","22.054474328466767","null","null","null","null","null","null","21.00772","20.942533","19.70363","NOT_AVAILABLE","1.238903","-0.065187454","1.3040905","null","null","null","0","false","false","false","false","false","false","null","null","null","null","null","null","null"
"0.7553","0.8882","230.13205","0","0","-1.802241","31","1","264","0","265","95","false","0.21085212","0.9708","1.1348","-5.818851677274081","1.15432344e-10","1.0204998e-13","0.9999973","0.07668763","-0.45504844","-0.75370556","0.44902855","-0.020318933","711.9791","819.133","false","0.4138","0.4871","-1.2543179169643466","84.03473418454215","null","null","null","false","false","false","false","0","0","0.031726748","13.840434","184.49109286243353","MARCS","4.7621","4.8362","33","0","-2.0449","-1.6582","33","null","5.59369","0.34635025","-0.06972868","-0.08396603","1013.540142274192","12.484311","81.185104","1","0","30","1.2622036","2569.0399044431133","2.2010372","1167.1952","264","0","2229.111257181765","13.642967","163.38904","2","0","30","4.2480397","0.23265181","-0.59365433","-0.054829597","1.4096504","0.017459212","-0.5602666","0.096597455","821138194","0.31598744","0.43569994","-0.36233893","-0.085891925","2016","null","null","null","null","null","null","null","null","null","null","null","null","null","null","-32.82008","15.400876","-17.734224","31.458897","0.24109875","0.5963811","0.18449855","0.368505","1636148068921376800","3403819448178971136","4938.371","5111.275","null","null","null","16","Gaia DR3 3403819448178971136","83.56351693282157","22.051780146058803","0.5320014055355873","0.09510742","-3.327234060226734","0.13214608","-2.641089434995311","0.08636992","17.16294","17.82394","16.377565","NOT_AVAILABLE","1.4463749","0.6610012","0.7853737","null","null","0.92046225","0","true","false","false","false","true","true","5017.4585","4.7937","-1.851","770.4416","1.0532","0.8217","0.4502"
"null","null","90.83486","0","0","-1.552873","14","1","116","0","117","95","false","0.726285","null","null","-5.825106114492173","null","null","null","0.28985307","-0.45045814","-0.6320839","0.75121546","-0.0020120072","null","null","false","null","null","-1.270846423257377","84.0370060239863","null","null","null","false","false","false","false","0","20","0.027770333","152.83147","184.50664019320283","null","null","null","16","2","null","null","7","null","3.8065794","0.17458998","-0.14634292","0.018125527","null","null","null","null","null","0","null","805.9006260675391","2.4397125","330.32605","117","2","null","null","null","null","null","0","3.7830505","0.053085443","-0.5804682","-0.034684625","1.5072066","0.05480002","-0.48994306","0.32441533","1663523880","0.110041186","0.72010475","-0.42063707","-0.17902637","2016","null","null","null","null","null","null","null","null","null","null","null","null","null","null","-70.91015","14.181957","-21.847439","-42.26621","0.30923107","0.3687777","0.48185688","0.5850661","1636148068921376800","3403818864059246976","null","null","null","null","null","10","Gaia DR3 3403818864059246976","83.56676006116905","22.035369359246133","0.9939169599333085","0.261105","-2.1284374111168445","0.42756987","3.1274951867106617","0.30422726","18.421663","null","null","NOT_AVAILABLE","null","null","null","null","null","0.8942329","0","false","false","false","false","false","false","null","null","null","null","null","null","null"
"2.4447","2.4474","206.65022","0","0","-1.3675634","28","2","236","0","238","31","false","0.0987739","2.7395","2.7427","-5.8248357844959475","5.0994045e-13","1.0208662e-13","0.9999936","0.034667507","-0.39350003","-0.89726436","0.7344018","null","1631.0013","1706.0182","false","1.3324","1.3339","-1.2704841170374892","84.03710986490385","13.525606","0.15188216","6","false","false","false","false","0","0","0.054012895","175.24315","184.5063762180696","OB","4.522","4.5593","30","0","-0.9888","-0.8943","19","1.4930876","13.848715","0.35423863","-0.17748","null","13178.804132747573","24.60492","535.61664","30","0","30","1.2602633","27700.407310665385","9.722484","2849.1082","236","0","21731.003204428558","38.207798","568.7583","27","0","27","3.1285572","null","-0.80536044","null","null","null","-0.7793818","0.0422303","1582063182","0.25444075","0.7291805","-0.68011856","null","2016","null","111","null","5.4077344","2","7","13","null","null","-0.5","1","6500","722.3426","10","-45.045822","17.478031","-13.160744","28.774662","0.18250921","0.661662","0.23552081","0.365233","1636148068921376800","3403818864062339712","15002.04","15020.73","null","null","null","14","Gaia DR3 3403818864062339712","83.566854522121","22.03573593332487","0.4103908161490445","0.029633855","-0.9782026316157779","0.055563644","2.9716980361659378","0.036903247","14.581151","15.038852","13.905196","NOT_AVAILABLE","1.1336555","0.45770073","0.6759548","-1.2044915","10.666314","0.935643","0","true","true","false","false","true","true","15007.642","4.5408","-0.9558","1666.4204","2.741","2.4459","1.3331"
"null","null","256.05966","0.52906895","0.59844977","-0.013082458","28","0","235","0","235","95","false","0.8015892","null","null","-5.8167332546931485","5.110003e-13","1.1512137e-13","0.9999763","0.3424737","-0.45379913","-0.7944959","0.34216586","-0.044262867","null","null","false","null","null","-1.2692416958843247","84.0457402935456","null","null","null","false","false","false","false","1","0","0.037814725","7.7654686","184.50960852350107","null","null","null","29","0","null","null","19","null","1.7526114","0.31389642","0.08816766","-0.12545085","71.35504886169653","8.064994","8.847502","0","0","19","1.4568398","376.78161173483056","1.2034736","313.07843","235","0","477.5553906979173","10.418254","45.838333","1","0","25","9.560826","0.28509688","-0.49625388","-0.18865138","1.213439","0.06701326","-0.64391214","0.4345896","1792727337","0.3399694","0.50684667","-0.33137158","-0.004672716","2016","null","null","null","null","null","null","null","null","null","null","null","null","null","null","-20.431128","17.805218","-8.515962","25.294195","0.28044853","0.6971204","0.19979788","0.3917578","1636148068921376800","3403819237721078016","null","null","null","null","null","13","Gaia DR3 3403819237721078016","83.57609390476576","22.03736148992939","0.7024506799647621","0.4008023","0.41391235955967803","0.4969242","-9.551862569389941","0.33870503","19.247143","20.70498","18.050337","NOT_AVAILABLE","2.654644","1.457838","1.196806","null","null","0.9979338","0","false","false","false","false","false","false","null","null","null","null","null","null","null"
"null","null","210.57767","0","0","-0.96665365","25","0","215","0","215","95","false","1.7829156","null","null","-5.823224949825783","3.6960543e-10","1.8221205e-10","0.9999914","0.6900923","-0.5250082","-0.84403133","0.62110496","0.0438242","null","null","false","null","null","-1.2661804980806566","84.03649800204828","null","null","null","false","false","false","false","0","0","0.057208456","0.11795378","184.50231787708933","null","null","null","27","0","null","null","16","null","1.6056018","0.3691092","-0.05992516","-0.156809","65.08240761317505","5.8120766","11.197789","0","0","21","1.2726002","191.22686634090712","0.90395045","211.54575","213","0","178.27292816667384","8.265024","21.56956","0","0","23","3.3022318","0.13258536","-0.72439","-0.03744103","1.1823951","0.11207312","-0.78239757","0.8144637","1535630488","0.42767853","0.6972064","-0.55696386","-0.0971325","2016","null","null","null","null","null","null","null","null","null","null","null","null","null","null","-60.546917","21.906124","-21.959856","29.632597","0.18703693","0.67028964","0.19145134","0.4891748","1636148068921376800","3403818864059245184","null","null","null","null","null","13","Gaia DR3 3403818864059245184","83.56598825980731","22.04000800172565","1.064716546588588","0.6631262","-0.22007428372213855","1.0031748","-3.2948903689893414","0.70792574","19.983494","20.804884","19.120182","NOT_AVAILABLE","1.6847019","0.82139015","0.86331177","null","null","0.95152485","0","false","false","false","false","false","false","null","null","null","null","null","null","null"
"null","null","194.00008","0","0","-0.85492134","24","1","206","0","207","95","false","2.4865727","null","null","-5.8198179999697714","1.2670419e-10","5.080683e-11","0.9999966","0.8784521","-0.6012443","-0.7885871","0.45847058","-0.053222727","null","null","false","null","null","-1.267456275438683","84.04115871525786","null","null","null","false","false","false","false","0","0","0.01227002","9.412967","184.50576082409015","null","null","null","26","0","null","null","15","null","0.98618084","0.4503755","-0.15789767","-0.074397855","37.777699226105625","9.807513","3.8519142","0","0","14","1.6143444","107.96606604825058","0.8647426","124.85342","207","0","136.51670885656924","9.23973","14.774967","0","0","20","7.927128","0.27942482","-0.6176608","-0.085597955","0.9312813","0.19195098","-0.46152","1.054472","1707932317","0.4270828","0.31969005","-0.25453198","-0.21998283","2016","null","null","null","null","null","null","null","null","null","null","null","null","null","null","-28.879694","11.728941","-21.33161","29.548176","0.33011028","0.6032046","0.24880789","0.2534253","1636148068921376800","3403819242020000128","null","null","null","null","null","12","Gaia DR3 3403819242020000128","83.57107151875364","22.038941158412165","1.2053111893190418","1.222201","2.5357645228235466","1.5787698","-7.510609244342454","1.0011636","20.604149","21.395454","19.409931","NOT_AVAILABLE","1.9855232","0.79130554","1.1942177","null","null","0.95591766","0","false","false","false","false","false","false","null","null","null","null","null","null","null"
"0.8294","0.878","201.12213","0","0","-2.7832065","30","1","256","0","257","31","false","0.13867845","1.095","1.1569","-5.821756641130534","6.4622873e-13","1.02317026e-13","0.99997085","0.051463503","-0.50815743","-0.77802694","0.45380083","null","747.7113","785.0934","false","0.4493","0.4754","-1.2671727211396755","84.0387604956505","null","null","null","false","false","false","false","0","0","0.06185421","177.81245","184.50431436738697","PHOENIX","4.3599","4.3967","32","0","-1.286","-1.1511","19","1.3965257","14.983395","0.41924387","-0.10899944","null","2048.616607719747","15.864776","129.12988","0","0","29","1.3003533","5640.618983538532","6.2435985","903.4244","252","0","5286.18109964484","34.634567","152.62732","1","0","26","2.2461116","null","-0.611405","null","null","null","-0.5253946","0.06146352","1651961696","0.27469945","0.4409499","-0.36065304","null","2016","null","null","null","null","null","null","null","null","null","null","null","null","null","null","-45.966248","14.456251","-19.155235","31.334225","0.23682173","0.586121","0.23952095","0.3560634","1636148068921376800","3403819242019460608","4634.061","4688.844","null","null","null","15","Gaia DR3 3403819242019460608","83.56847381401614","22.039117594679862","0.9614688038457295","0.06416895","-0.4637492789980251","0.086697504","-2.197715722925424","0.056042776","16.30905","17.05989","15.440041","NOT_AVAILABLE","1.6198502","0.75084114","0.869009","null","null","0.8771163","0","true","false","false","false","true","true","4663.727","4.3825","-1.2228","764.7415","1.1308","0.8574","0.4644"
"null","null","208.47745","0","0","0.45135388","24","1","205","0","206","3","false","4.1114316","null","null","-5.816618731447884","0.000008219291","0.0000324137","0.9984622","1.3489368","null","null","null","null","null","null","false","null","null","-1.2658640125313927","84.04393428413077","null","null","null","false","false","false","false","0","0","0.048600644","100.90366","184.5057604338758","null","null","null","25","0","null","null","15","null","null","null","null","null","57.39820844142907","10.278814","5.5841274","0","0","22","1.4198714","129.86274353664552","0.96776","134.189","206","0","126.9901860913721","9.618948","13.202086","0","0","20","null","null","null","null","null","null","-0.8590802","1.6855116","723902178","null","null","null","null","2016","null","null","null","null","null","null","null","null","null","null","null","null","null","null","-6.6983542","19.699356","-1.2968028","24.737543","0.33200994","0.77505875","0.31011128","0.355559","1636148068921376800","3403819242020000000","null","null","null","null","null","11","Gaia DR3 3403819242020000000","83.57398569401488","22.040655435008684","null","null","null","null","null","null","20.403656","20.941296","19.48847","NOT_AVAILABLE","1.4528255","0.5376396","0.9151859","null","null","null","0","false","false","false","false","false","false","null","null","null","null","null","null","null"
"null","null","275.8926","0.43440607","0.13381612","-0.78510195","31","1","263","0","264","95","false","1.7984306","null","null","-5.810149293536852","8.17061e-9","5.16126e-11","0.999964","0.66518533","-0.5185671","-0.8466387","0.5967139","0.04423037","null","null","false","null","null","-1.2716892437261214","84.05473681746008","null","null","null","false","false","false","false","0","3","0.024616813","67.580734","184.51624108931517","null","null","null","34","0","null","null","20","null","6.127992","0.36986724","-0.06326505","-0.16179846","51.54413143495137","8.892062","5.7966456","2","0","21","1.847763","178.3440739176097","0.92545027","192.7106","255","0","277.9934448368628","13.995254","19.863409","3","0","27","12.619378","0.17031817","-0.67585796","0.018995019","1.0121639","0.118678994","-0.7304851","0.8283338","429915646","0.4331982","0.63060987","-0.5613483","-0.19646227","2016","null","null","null","null","null","null","null","null","null","null","null","null","null","null","-28.541763","16.69123","-13.870344","27.33056","0.29096338","0.65595156","0.23613358","0.35622478","1636148068921376800","3403819173300290304","null","null","null","null","null","14","Gaia DR3 3403819173300290304","83.5859049185978","22.035316446904638","4.3598266462844615","0.7114609","-7.050540744363924","1.0525934","-10.466068384573202","0.6952779","20.05922","21.058094","18.63781","NOT_AVAILABLE","2.4202843","0.99887466","1.4214096","null","null","0.9642896","0","false","false","false","false","false","false","null","null","null","null","null","null","null"
"0.0143","0.257","324.19943","0.11255758","0.179603","1.1667191","34","1","288","0","289","31","false","0.3004764","0.018","0.3192","-5.808186837936431","6.458608e-11","1.6428474e-10","0.9999936","0.11465943","-0.47894484","-0.8023827","0.46535006","null","1146.0922","1410.575","false","0.0078","0.141","-1.2668639356611575","84.05423113381295","null","null","null","false","false","false","false","0","0","0.07318606","179.76073","184.5117810737508","PHOENIX","4.8093","4.8975","36","0","-2.4912","-2.4142","21","1.494639","0.9631318","0.40182155","-0.041423537","null","677.6530202992307","10.894798","62.199684","3","0","31","1.2915902","1402.6480897115969","1.6801255","834.8472","290","0","1133.9934651276487","16.90421","67.083496","2","0","31","0.076229624","null","-0.596073","null","null","null","-0.5632072","0.13820966","63136287","0.3027535","0.4905384","-0.36619794","null","2016","null","null","null","null","null","null","null","null","null","null","null","null","null","null","-33.565586","14.896032","-14.239766","30.904392","0.26615664","0.6020881","0.24155645","0.3252368","1636148068921376800","3403819169004720000","4853.31","5157.917","null","null","null","16","Gaia DR3 3403819169004720000","83.58512865530543","22.040114513202607","0.13506515852064838","0.1402354","0.006657991530414771","0.18669838","-0.07593830572440252","0.12162131","17.819996","18.261024","17.111368","NOT_AVAILABLE","1.1496563","0.4410286","0.7086277","null","null","1.0482428","0","false","false","false","false","true","true","4931.579","4.871","-2.4605","1218.8062","0.0986","0.0786","0.0429"
"null","null","109.62582","1.2723305","2.0007858","1.7821201","11","2","90","0","92","3","false","6.801373","null","null","-5.803388515528385","null","null","null","0.9543501","null","null","null","null","null","null","false","null","null","-1.2670223762163373","84.05985514092434","null","null","null","false","false","false","false","0","41","0.0969618","152.51326","184.51473137318158","null","null","null","12","0","null","null","12","null","null","null","null","null","null","null","null","null","null","0","null","450.51279453215443","3.3773065","133.3941","91","2","null","null","null","null","null","0","null","null","null","null","null","null","-0.89354086","1.0348912","1593643206","null","null","null","null","2016","null","null","null","null","null","null","null","null","null","null","null","null","null","null","-44.08578","36.016907","-26.864378","37.622993","0.13179314","0.7769273","0.029440273","0.8922569","1636148068921376800","3403819207660899584","null","null","null","null","null","8","Gaia DR3 3403819207660899584","83.59119618302184","22.040206055053734","null","null","null","null","null","null","19.053099","null","null","NOT_AVAILABLE","null","null","null","null","null","null","0","false","false","false","false","false","false","null","null","null","null","null","null","null"
"1.1265","1.1455","237.10957","0","1.2634991e-15","-1.1918075","31","0","259","0","259","95","false","0.05598163","1.3605","1.3823","-5.803048981449231","5.100485e-13","1.0211284e-13","0.99999106","0.021335116","-0.3860086","-0.7923759","0.4833291","-0.057203423","1138.4075","1217.8732","false","0.6119","0.6221","-1.2669590297033801","84.06021032122851","12.9751","0.11499396","10","false","false","false","false","0","0","0.048104227","8.060364","184.51485374085811","PHOENIX","3.9866","4.0292","33","0","-0.3613","-0.3407","33","null","27.739738","0.30667388","-0.10562951","-0.11297758","17473.899986610326","19.704191","886.81134","27","0","31","1.2467456","38551.957551048035","11.527199","3344.4343","258","0","30590.584787398555","37.88309","807.4997","27","0","31","4.2045326","0.2797351","-0.5924884","-0.06507462","1.481758","0.004616647","-0.59500515","0.027340619","1627160243","0.26745924","0.4629636","-0.3887752","-0.072369896","2016","null","0","null","8.246882","2","3","13","null","null","0","4.5","5500","917.0709","11","-29.86136","16.109604","-11.079696","28.492018","0.23489578","0.6454563","0.23345341","0.33265415","1636148068921376800","3403819207660899456","6501.6997","6540.42","null","null","null","16","Gaia DR3 3403819207660899456","83.59157585950433","22.040285108754226","0.6901804389746645","0.024880568","2.4641850034125246","0.034565277","-3.406741413937013","0.022417665","14.222251","14.732568","13.533926","NOT_AVAILABLE","1.1986418","0.51031685","0.6883249","-22.133678","5.9554105","0.9461946","0","true","true","false","false","false","true","6521.962","4.0111","-0.3504","1170.6835","1.3722","1.1367","0.6173"
"0.1861","0.5763","236.36835","0","0","-0.6851261","29","1","247","0","248","31","false","0.6451487","0.247","0.7501","-5.816726486193885","6.01254e-11","3.9225984e-11","0.99999744","0.23189835","-0.4192497","-0.89519054","0.66840553","null","548.8143","1016.3937","false","0.1011","0.3164","-1.260761245053729","84.04088207943772","null","null","null","false","false","false","false","0","0","0.022284871","0.10603921","184.49978508679766","MARCS","4.9389","5.1205","31","0","-3.0791","-2.6034","20","1.4150621","2.1713476","0.36676732","-0.021021167","null","319.5807880027445","10.583744","30.195438","2","0","25","1.2740945","812.929533156307","1.2862073","632.03613","246","0","716.1682279415261","10.588695","67.63518","2","0","26","3.4606001","null","-0.7406856","null","null","null","-0.7512043","0.28160867","281800896","0.196045","0.7127707","-0.6606674","null","2016","null","null","null","null","null","null","null","null","null","null","null","null","null","null","-36.306957","15.976715","-11.623506","27.904325","0.21805812","0.66221464","0.2672177","0.32511246","1636148068921376800","3403819237721086208","4265.5015","4705.6006","null","null","null","15","Gaia DR3 3403819237721086208","83.57045163746447","22.04561721926626","0.48563353211363836","0.22365536","1.9564527126180555","0.36825854","-2.854478208187645","0.24559866","18.412235","19.077091","17.610357","NOT_AVAILABLE","1.4667339","0.66485596","0.801878","null","null","0.9676574","0","false","false","false","false","true","false","4433.0366","5.0296","-2.8864","741.6691","0.428","0.3258","0.1764"
"0.6302","0.665","279.18332","0.033769988","0.14365435","1.1972877","30","2","250","0","252","31","false","0.102649786","0.86","0.9061","-5.819764560151226","3.0381003e-10","1.04429594e-13","0.99976176","0.036533162","-0.4745065","-0.7646435","0.4186263","null","433.1512","458.2758","false","0.3349","0.353","-1.2594508674182736","84.03662684954637","null","null","null","false","false","false","false","0","0","0.020719","76.33057","184.49651471503566","MARCS","4.504","4.5555","32","0","-0.0543","0.0744","19","1.380035","52.318302","0.40484446","-0.12382157","null","3467.131337977049","33.87488","102.3511","1","0","30","1.310205","10378.279030522413","22.821753","454.7538","244","0","10130.54191987793","64.63513","156.7343","0","0","30","5.517241","null","-0.592828","null","null","null","-0.5044783","0.046506897","514166543","0.3356651","0.41106287","-0.3564624","null","2016","null","null","null","null","null","null","null","null","null","null","null","null","null","null","-29.538433","13.397574","-17.239882","30.237846","0.26071125","0.59439963","0.18021874","0.34481692","1636148068921376800","3403819242019459072","4321.466","4357.701","null","null","null","16","Gaia DR3 3403819242019459072","83.56580338791531","22.046736683541926","2.5134996835302963","0.048042454","-4.434246477255279","0.06525956","-3.282895741662907","0.040739622","15.647054","16.488617","14.733814","NOT_AVAILABLE","1.7548027","0.8415632","0.9132395","null","null","1.0531881","0","true","false","false","false","true","true","4336.79","4.5355","0.005","441.0253","0.8789","0.6446","0.3424"
"null","null","182.92322","2.0743313","0.8008683","1.6950529","18","2","148","0","150","95","false","3.2581146","null","null","-5.818164525326642","1.1781939e-9","9.782749e-7","0.9999949","1.1428968","-0.42031592","-0.7342474","0.35754898","-0.14418001","null","null","false","null","null","-1.2586115507830407","84.0379903118357","null","null","null","false","false","false","false","0","0","0.084212735","49.718067","184.496464729523","null","null","null","19","0","null","null","11","null","0.19266497","0.32082978","-0.024490014","-0.16336009","70.84203675269116","10.956334","6.4658523","0","0","13","1.6237937","97.46656414717336","0.9634829","101.16065","147","0","87.42355777454421","10.681591","8.184507","0","0","16","3.5251734","0.30119586","-0.59430856","-0.10044514","1.4367577","0.25270498","-0.59439135","1.7535369","578246661","0.3355553","0.34801033","-0.070289634","-0.10215545","2016","null","null","null","null","null","null","null","null","null","null","null","null","null","null","-12.161429","17.470081","-10.835057","26.58726","0.28661984","0.72157526","0.18838896","0.32880735","1636148068921376800","3403819242017758080","null","null","null","null","null","12","Gaia DR3 3403819242017758080","83.56723223198775","22.047635936110478","0.3269894035478843","1.6971918","-3.2608690703350964","2.1416936","1.3392462586515885","1.2739246","20.715227","20.712814","19.893824","NOT_AVAILABLE","0.8189907","-0.002412796","0.8214035","null","null","1.0998267","0","false","false","false","false","false","false","null","null","null","null","null","null","null"
"0.7963","0.8296","220.09738","0","0","-2.1366215","31","0","264","0","264","31","false","0.07625816","0.9728","1.0118","-5.815061150312507","5.103491e-13","1.0217283e-13","0.9999851","0.029284814","-0.51508397","-0.80423987","0.37868366","null","804.0264","852.4129","false","0.4328","0.4508","-1.2579889087770642","84.04121166840063","null","null","null","false","false","false","false","0","0","0.044839535","4.4692783","184.49753271610066","MARCS","4.3661","4.4241","33","0","-0.4591","-0.3908","20","1.480422","25.39376","0.44155592","-0.027099732","null","7956.321795668706","14.578864","545.7436","0","0","29","1.2384821","17416.56075446414","5.226571","3332.311","262","0","13613.776346805267","15.730123","865.459","1","0","32","9.148002","null","-0.51827765","null","null","null","-0.49486753","0.0353362","1661492895","0.26271737","0.43000844","-0.3975206","null","2016","null","null","null","null","null","null","null","null","null","null","null","null","null","null","-36.60973","12.732386","-16.652542","30.345957","0.27076355","0.59388983","0.2507146","0.31273997","1636148068921376800","3403819242019458304","5863.6104","5933.1055","null","null","null","16","Gaia DR3 3403819242019458304","83.57067352772393","22.048401483411876","0.9613921385386013","0.037859384","-9.00525569483629","0.048591822","1.609750412727831","0.031137612","15.084961","15.586761","14.412949","NOT_AVAILABLE","1.1738129","0.50180054","0.6720123","null","null","0.906361","0","true","false","false","false","true","true","5893.617","4.3939","-0.4326","826.6668","0.9899","0.8108","0.4407"
"null","null","212.99007","0","0","-0.40364227","25","0","211","0","211","95","false","1.8083729","null","null","-5.810579779239356","2.1032663e-10","1.2107444e-9","0.9999889","0.7129334","-0.51209086","-0.8726824","0.52082926","0.046403255","null","null","false","null","null","-1.2628185400590037","84.04915055413666","null","null","null","false","false","false","false","0","0","0.047859192","5.878867","184.50571345791542","null","null","null","26","0","null","null","17","null","0.9542279","0.37755245","-0.06747488","-0.20536241","68.14573532289398","6.291346","10.831662","0","0","20","1.0655571","195.861275895259","1.0913297","179.47032","211","0","140.555646906482","9.565841","14.693497","0","0","23","1.720132","0.18605855","-0.5737141","0.022104226","1.2341968","0.115476616","-0.7192367","0.9039664","1602000583","0.5173492","0.61077124","-0.5803081","-0.19936578","2016","null","null","null","null","null","null","null","null","null","null","null","null","null","null","-8.0674925","16.29399","0.5171078","24.284458","0.393634","0.67596847","0.1736949","0.4254256","1636148068921376800","3403819237721082752","null","null","null","null","null","11","Gaia DR3 3403819237721082752","83.5794601090202","22.043930014460773","0.7044386835489661","0.738229","1.416631597001661","1.0539931","-0.9757095462492009","0.7069232","19.957495","20.754946","19.378275","NOT_AVAILABLE","1.3766708","0.797451","0.5792198","null","null","0.9785172","0","false","false","false","false","false","false","null","null","null","null","null","null","null"
"null","null","203.02686","0","0","-0.27623507","24","1","205","0","206","95","false","1.315006","null","null","-5.808364897969957","7.060076e-11","7.578459e-11","0.9999894","0.5970046","-0.4759345","-0.80253226","0.3633894","0.053522963","null","null","false","null","null","-1.2574353543231227","84.0486157586351","null","null","null","false","false","false","false","0","0","0.020602252","86.21653","184.50075250909066","null","null","null","25","0","null","null","17","null","0.2942543","0.32148254","0.09914655","-0.1571857","53.56014139068573","7.369959","7.2673597","1","0","22","1.2758079","203.48950414143644","1.1094952","183.40729","198","0","206.05336900699857","10.799028","19.080732","0","0","23","3.4075706","0.23080705","-0.51886076","-0.21871415","1.3375081","0.11228488","-0.61936015","0.7013228","1026663570","0.27066404","0.53111154","-0.389453","0.020967718","2016","null","null","null","null","null","null","null","null","null","null","null","null","null","null","-24.65082","16.63916","-8.22089","25.82886","0.333736","0.6636448","0.29887316","0.33264875","1636148068921376800","3403819242016359040","null","null","null","null","null","12","Gaia DR3 3403819242016359040","83.57862541352773","22.049284078742975","0.19495490554774125","0.6625389","-0.9944365108124699","0.7842836","-3.2592380723743077","0.56429994","19.916012","21.016438","18.962946","NOT_AVAILABLE","2.0534916","1.1004257","0.9530659","null","null","0.98451877","0","false","false","false","false","false","false","null","null","null","null","null","null","null"
"null","null","264.42972","0.9312422","0.37880698","1.6870648","26","3","220","0","223","95","false","2.2517169","null","null","-5.801633269407573","1.37095535e-8","7.2157484e-9","0.999987","0.76722175","-0.5178227","-0.77784914","0.4061995","-0.052494954","null","null","false","null","null","-1.2625481100269211","84.05931191741793","null","null","null","false","false","false","false","0","0","0.08712613","22.521797","184.51055871468557","null","null","null","27","0","null","null","15","null","-0.07324441","0.37913465","-0.010973148","-0.16619676","72.50542578296736","7.7566648","9.3475","1","0","22","1.7331966","141.14360068450858","0.8739908","161.49324","221","0","172.12418422809967","14.558213","11.823167","1","0","23","0.4613355","0.25961927","-0.64136523","-0.13253173","1.502957","0.1595782","-0.61157566","1.0008901","115164457","0.3705528","0.39367378","-0.18719187","-0.16141082","2016","null","null","null","null","null","null","null","null","null","null","null","null","null","null","-25.428259","18.447664","-12.535583","26.564894","0.24146624","0.70812374","0.19516055","0.40128854","1636148068921376800","3403819207657235200","null","null","null","null","null","14","Gaia DR3 3403819207657235200","83.59039645241747","22.044651785245854","-0.07457192923713797","1.0181246","0.1252177362534948","1.456626","-0.444016865383161","0.87236303","20.313213","20.687616","19.15829","NOT_AVAILABLE","1.5293255","0.374403","1.1549225","null","null","1.0810468","0","false","false","false","false","false","false","null","null","null","null","null","null","null"
"null","null","234.36397","0","0","-0.91845995","28","1","234","0","235","95","false","1.8991618","null","null","-5.803946563585009","6.3126954e-10","2.6808986e-10","0.9999977","0.7482891","-0.47482517","-0.8708062","0.5956493","0.05956498","null","null","false","null","null","-1.2596868970374355","84.0550026405939","null","null","null","false","false","false","false","0","0","0.052166756","3.1648402","184.50590930024126","null","null","null","30","0","null","null","18","null","0.15419582","0.3530294","-0.041418586","-0.11550785","48.82784859781313","7.840799","6.2274075","0","0","22","1.2161806","180.31835888563427","0.88796526","203.06915","231","0","170.47183376098647","10.781676","15.811255","0","0","27","2.2930233","0.12381646","-0.6901796","-0.07093004","1.1284826","0.113730624","-0.768089","0.894143","1453793718","0.37639412","0.684229","-0.5893118","-0.11171378","2016","null","null","null","null","null","null","null","null","null","null","null","null","null","null","-25.085382","18.697645","-9.988365","26.406378","0.25973508","0.6883178","0.18865125","0.4113766","1636148068921376800","3403819276376093568","null","null","null","null","null","13","Gaia DR3 3403819276376093568","83.58561579369436","22.047318743886358","0.10539536736636201","0.6835164","0.5397406154302222","1.0653183","-2.2285950591339083","0.7535302","20.047268","21.116873","19.168764","NOT_AVAILABLE","1.9481087","1.0696049","0.8785038","null","null","0.95585847","0","false","false","false","false","false","false","null","null","null","null","null","null","null"
"null","null","226.24933","0","0","-1.442038","30","1","253","0","254","31","false","0.6685319","null","null","-5.807577458497959","5.1231225e-13","1.03049066e-13","0.9999791","0.26751557","-0.44789833","-0.8301779","0.5136849","null","null","null","false","null","null","-1.2561298303478412","84.04877467191281","null","null","null","false","false","false","false","0","0","0.057862356","2.9129016","184.4996937110894","null","null","null","31","0","null","null","20","1.3554845","0.8164888","0.37707484","-0.027430985","null","164.33050885780332","8.382295","19.604477","0","0","28","1.2572409","473.0376732713788","1.0640765","444.5523","254","0","430.39178229406343","9.814593","43.852226","0","0","27","2.1092916","null","-0.609976","null","null","null","-0.5860303","0.3238324","1004494173","0.21371126","0.5333358","-0.4229157","null","2016","null","null","null","null","null","null","null","null","null","null","null","null","null","null","-27.428843","13.60763","-10.705503","28.291473","0.27869353","0.62824625","0.2674967","0.27072257","1636148068921376800","3403819272080826752","null","null","null","null","null","15","Gaia DR3 3403819272080826752","83.57873397954775","22.050595379130193","0.2570983666043957","0.3148829","2.1017946027960868","0.40175837","0.17768143679300102","0.26994768","19.000128","19.799246","18.163235","NOT_AVAILABLE","1.6360111","0.79911804","0.8368931","null","null","0.93464","0","false","false","false","false","false","false","null","null","null","null","null","null","null"
"1.6864","1.7036","251.40636","0","0","-0.462402","31","1","262","0","263","31","false","0.061291415","1.8968","1.915","-5.805273840892988","5.0972545e-13","1.9105361e-11","0.9999975","0.023741214","-0.50761676","-0.8227075","0.37349737","null","1786.0555","1920.3516","false","0.9098","0.9192","-1.2522443506966496","84.04920154791039","null","null","null","false","false","false","false","0","0","0.045458034","0.7927237","184.49651950936817","A","4.151","4.2016","33","0","-0.3854","-0.2537","21","1.5280687","12.339038","0.45077196","-0.03344863","null","15397.463938749832","28.138409","547.2045","0","0","29","1.2157061","29978.3312402493","15.020458","1995.8334","260","0","21047.377350638977","35.737556","588.9428","0","0","28","2.6544168","null","-0.51924235","null","null","null","-0.46191484","0.027995158","271065598","0.24658306","0.39803553","-0.38129404","null","2016","null","null","null","null","null","null","null","null","null","null","null","null","null","null","-28.654167","12.124689","-12.08519","28.93803","0.3033137","0.6045894","0.26031673","0.27900195","1636148068921376800","3403819276379192960","9238.226","9331.432","null","null","null","16","Gaia DR3 3403819276379192960","83.57900744892224","22.05449600020684","0.3744105734015141","0.03034358","1.7349203227353702","0.039267536","-2.008974932010035","0.024891604","14.495348","14.869919","13.9399","NOT_AVAILABLE","0.9300184","0.37457085","0.5554476","null","null","0.9783859","0","true","true","false","false","true","true","9281.455","4.1806","-0.3104","1849.9955","1.9055","1.6947","0.9143"
"null","null","1356.0315","3.1557446","35.352467","24.04768","33","3","278","0","281","95","false","1.28416","null","null","-5.798470726989293","2.2887055e-10","4.32059e-11","0.9999896","0.4712913","-0.47070637","-0.7617303","0.46673468","-0.06807137","null","null","false","null","null","-1.2511915714692856","84.05644240676824","null","null","null","false","false","false","false","21","0","0.1447971","178.75641","184.49922240761902","null","null","null","35","0","null","null","21","null","1.5988594","0.37451684","-0.08374129","-0.012770054","178.017207721116","7.942272","22.413889","1","0","34","1.6308376","445.9290148929047","2.2082918","201.93393","278","0","549.2205686422475","9.544783","57.541443","1","0","32","1.9014031","0.30268508","-0.61995345","-0.12709041","1.4524759","0.10070521","-0.5502136","0.57136416","664847092","0.2908161","0.42479673","-0.32083812","-0.03908016","2016","null","null","null","null","null","null","null","null","null","null","null","null","null","null","-30.738895","13.897329","-14.890177","30.44473","0.27648908","0.5968104","0.22755153","0.32080302","1636148068921376800","3403819276379190912","null","null","null","null","null","16","Gaia DR3 3403819276379190912","83.58675990808848","22.05586965036929","0.9182200027698242","0.5742969","1.6074469155886166","0.8008064","-1.0156023016468851","0.52941144","19.064203","19.712387","17.89853","NOT_AVAILABLE","1.813858","0.6481838","1.1656742","null","null","2.1902568","0","false","false","false","false","false","false","null","null","null","null","null","null","null"
"null","null","257.6748","0.1771036","0.055381693","0.52018774","29","2","243","0","245","95","false","0.8943158","null","null","-5.797146913432357","7.5533524e-11","2.716308e-10","0.9999975","0.37456757","-0.5084674","-0.80477256","0.36095136","0.0032844644","null","null","false","null","null","-1.254045588491383","84.05960659870625","null","null","null","false","false","false","false","0","0","0.06375226","11.693403","184.50329295325255","null","null","null","30","0","null","null","19","null","0.797661","0.35092542","0.051975027","-0.14195246","131.3815812574273","7.134668","18.414534","0","0","27","1.2062252","327.643007830571","1.0695302","306.34293","244","0","263.82964915409167","7.4294133","35.511505","0","0","30","2.3290603","0.24960567","-0.5155425","-0.16668706","1.461818","0.070628926","-0.6245052","0.44895685","1455438707","0.39747426","0.50086164","-0.3734519","-0.057548776","2016","null","null","null","null","null","null","null","null","null","null","null","null","null","null","-24.099638","16.736296","-11.57203","26.647053","0.3024672","0.6472186","0.17829186","0.39919305","1636148068921376800","3403819272084461952","null","null","null","null","null","13","Gaia DR3 3403819272084461952","83.59030653997486","22.053159001163074","0.3444485134426365","0.43182316","0.6745255264357893","0.5539265","-2.229245822026007","0.3773127","19.398865","20.042206","18.694586","NOT_AVAILABLE","1.34762","0.64334106","0.70427895","null","null","1.0225706","0","false","false","false","false","false","false","null","null","null","null","null","null","null"
"null","null","271.1191","0.17395318","0.068056114","0.64094484","29","1","243","0","244","95","false","0.7634521","null","null","-5.795244153552104","5.11162e-13","1.3732387e-13","0.9999825","0.32777584","-0.5237071","-0.7857488","0.3147206","0.016736066","null","null","false","null","null","-1.2525657084074813","84.0609515850616","null","null","null","false","false","false","false","0","0","0.069609806","0.83733773","184.5026752443035","null","null","null","30","0","null","null","19","null","4.6843815","0.360225","0.07773426","-0.14032076","54.6183076804683","6.2730474","8.706822","0","0","25","1.3321064","385.20420007769883","1.2189691","316.00815","234","0","458.51466055905513","6.444959","71.14314","0","0","26","14.133479","0.2495585","-0.4849523","-0.19084775","1.2893422","0.0646853","-0.5949146","0.38548818","200567533","0.3713805","0.47005215","-0.33161366","-0.05274155","2016","null","null","null","null","null","null","null","null","null","null","null","null","null","null","-28.10927","16.539953","-13.027066","27.020992","0.29922995","0.6410692","0.20172118","0.39422804","1636148068921376800","3403819276379190272","null","null","null","null","null","13","Gaia DR3 3403819276379190272","83.59168501451043","22.054697140826942","1.8141960968232766","0.38728616","-5.056382395809789","0.48086992","-13.19803933889137","0.32770258","19.223139","20.995197","18.094513","NOT_AVAILABLE","2.9006844","1.7720585","1.1286259","null","null","1.0281637","0","false","false","false","false","false","false","null","null","null","null","null","null","null"
"0.0206","0.2638","230.60054","0","0","-0.25218832","27","0","232","0","232","31","false","0.5737202","0.0273","0.345","-5.828360209921373","5.1046233e-13","1.02220505e-13","0.99999076","0.19765578","-0.40041164","-0.83842444","0.66614115","null","523.0159","829.0269","false","0.0112","0.1439","-1.2491854563721734","84.02082427452117","null","null","null","false","false","false","false","0","0","0.028925642","177.42108","184.47966183000705","MARCS","4.9969","5.1322","30","0","-2.985","-2.6904","17","1.4397256","1.9545443","0.33069697","-0.09766501","null","350.5155018211783","12.678072","27.647383","4","0","27","1.2915978","877.9703698312209","1.5634732","561.5513","232","0","783.4691773031785","14.166342","55.304974","3","0","28","0.54745275","null","-0.76317656","null","null","null","-0.72437334","0.23331003","961176237","0.34633243","0.6720898","-0.59371305","null","2016","null","null","null","null","null","null","null","null","null","null","null","null","null","null","-21.852125","19.830061","-9.04311","33.94768","0.24595101","0.59170264","0.12297822","0.4580709","1636148068921376800","3403819134641877632","4221.908","4484.4097","null","null","null","15","Gaia DR3 3403819134641877632","83.54828015380576","22.05628649399288","0.3606521822494736","0.18451983","-0.4321530929550818","0.33214068","-0.3360776706596895","0.2262432","18.328667","18.976774","17.51284","NOT_AVAILABLE","1.463934","0.6481075","0.8158264","null","null","0.98672533","0","false","false","false","false","true","false","4275.1973","5.0968","-2.8837","574.8261","0.0996","0.0755","0.041"
"null","null","114.13735","0.61139816","0.062451594","0.5909419","13","1","111","0","112","3","false","13.782052","null","null","-5.829534740570911","0.0000069129997","0.00003862144","0.9997341","4.416811","null","null","null","null","null","null","false","null","null","-1.242249706754058","84.0154898135497","null","null","null","false","false","false","false","0","0","0.25588813","9.550723","184.47094681394125","null","null","null","13","0","null","null","8","null","null","null","null","null","43.19263070336462","10.643343","4.0581827","0","0","7","1.4991491","96.57157732120902","1.2764516","75.65627","110","1","101.58256322537865","10.534187","9.643132","0","0","12","null","null","null","null","null","null","-0.96657157","6.251844","481946656","null","null","null","null","2016","null","null","null","null","null","null","null","null","null","null","null","null","null","null","13.358783","22.448563","13.9148245","23.166449","0.21743011","0.88140166","0.1639979","0.5895815","1636148068921376800","3403819516895666304","null","null","null","null","null","9","Gaia DR3 3403819516895666304","83.54219672168728","22.062976758753493","null","null","null","null","null","null","20.725243","21.250017","19.730848","NOT_AVAILABLE","1.5191689","0.52477455","0.9943943","null","null","null","0","false","false","false","false","false","false","null","null","null","null","null","null","null"
"null","null","234.86105","0.16471827","0.02724968","0.64040154","26","0","217","0","217","95","false","1.2200074","null","null","-5.829602543939162","9.034802e-10","5.710241e-10","0.99999243","0.5115739","-0.5561882","-0.76552314","0.32274696","0.2745989","null","null","false","null","null","-1.2405894067406118","84.01445885439502","null","null","null","false","false","false","false","0","0","0.013270608","3.9171717","184.468983618186","null","null","null","27","0","null","null","15","null","1.269258","0.3475861","0.13592613","-0.30039662","112.88298826440351","7.8912754","14.304784","0","0","24","1.4021726","242.70207963122405","1.040668","233.21759","215","0","227.42720337254966","8.972127","25.348192","0","0","24","0.93687797","0.047035597","-0.50692916","-0.13795017","1.3806098","0.114847384","-0.64319587","0.58632696","1024988000","0.4094859","0.555486","-0.42923003","-0.12322545","2016","null","null","null","null","null","null","null","null","null","null","null","null","null","null","-30.600172","19.612448","-15.273619","30.911352","0.28106102","0.62848216","0.18215133","0.45231295","1636148068921376800","3403819516897367168","null","null","null","null","null","14","Gaia DR3 3403819516897367168","83.54100549577682","22.064589267531417","0.7446802509846865","0.58670515","0.6136195367073832","0.7562969","-0.7079628716980075","0.51943266","19.724684","20.20697","18.85579","NOT_AVAILABLE","1.351181","0.48228645","0.8688946","null","null","1.02974","0","false","false","false","false","false","false","null","null","null","null","null","null","null"
"null","null","224.0384","0","0","-0.29671538","27","1","228","0","229","95","false","1.0805459","null","null","-5.825061971405026","3.474336e-10","1.8519529e-10","0.99999535","0.4339345","-0.4807954","-0.79808205","0.4221263","0.049326424","null","null","false","null","null","-1.2482248882254874","84.02407644127233","null","null","null","false","false","false","false","0","0","0.08355956","2.7500753","184.48045068558662","null","null","null","28","0","null","null","16","null","1.8034844","0.32149535","0.024760341","-0.13306558","98.64439723257254","7.9485426","12.410376","0","0","25","1.2387985","278.63080183453786","1.0216348","272.73035","227","0","246.52303138471675","10.906734","22.602827","0","0","25","1.9164261","0.12893496","-0.56836015","-0.08847382","1.4440839","0.083727375","-0.67708594","0.5308279","1639089422","0.43018577","0.55446595","-0.4287253","-0.06897626","2016","null","null","null","null","null","null","null","null","null","null","null","null","null","null","-27.581392","21.23925","-20.224941","30.092344","0.2243427","0.65575683","0.09262465","0.48610467","1636148068921376800","3403819516897366272","null","null","null","null","null","13","Gaia DR3 3403819516897366272","83.55173847461832","22.057391423830044","0.8451865217844496","0.4686409","1.4232694898451514","0.6527551","-1.2833521943365538","0.4514231","19.574795","20.353361","18.768251","NOT_AVAILABLE","1.5851097","0.77856636","0.80654335","null","null","0.98445755","0","false","false","false","false","false","false","null","null","null","null","null","null","null"
"null","null","256.94547","2.4531841","2.994876","3.0806267","23","4","196","0","200","3","false","3.4195535","null","null","-5.821138538785674","0.0000042864763","0","0.99872035","1.0211887","null","null","null","null","null","null","false","null","null","-1.2477964684367162","84.02835491608407","null","null","null","false","false","false","false","1","0","0.046861675","79.8729","184.48221675147775","null","null","null","24","0","null","null","14","null","null","null","null","null","61.08663076129147","13.937174","4.383","7","0","13","1.8411537","164.2864354105063","1.000698","164.17186","192","0","241.38995421441805","15.755217","15.321272","12","0","18","null","null","null","null","null","null","-0.7581671","1.1990184","644179814","null","null","null","null","2016","null","null","null","null","null","null","null","null","null","null","null","null","null","null","-48.135796","17.70213","-18.098265","26.52188","0.208325","0.7045343","0.2814024","0.34908304","1636148068921376800","3403819448176184704","null","null","null","null","null","12","Gaia DR3 3403819448176184704","83.55632848982472","22.058010478972733","null","null","null","null","null","null","20.148363","20.873676","18.791098","NOT_AVAILABLE","2.0825787","0.7253132","1.3572655","null","null","null","0","false","false","false","false","false","false","null","null","null","null","null","null","null"
"null","null","164.40247","1.6741815","0.59362465","0.9991706","17","0","146","0","146","95","false","3.1239886","null","null","-5.820887271235467","3.5984974e-7","1.4979588e-9","0.999992","1.083726","-0.37602776","-0.71407974","0.28552467","-0.08287706","null","null","false","null","null","-1.2472680307056658","84.02834143004667","null","null","null","false","false","false","false","1","0","0.06510798","34.010014","184.4817492679952","null","null","null","18","0","null","null","9","null","1.6233016","0.25775707","0.15786536","-0.23777309","42.99082882815252","20.232218","2.1248698","2","0","3","3.2130182","103.06592876787104","1.2927015","79.7291","146","0","288.16187855728265","3.3869066","85.08114","1","0","2","16.031628","0.28388488","-0.5269612","-0.0464327","0.91057396","0.25103226","-0.65391135","1.8792939","403573877","0.53655136","0.4029361","0.057916336","-0.08279025","2016","null","null","null","null","null","null","null","null","null","null","null","null","null","null","5.3361497","18.786005","5.580821","29.59192","0.45489186","0.7109843","0.14118266","0.34080112","1636148068921376800","3403819443879524736","null","null","null","null","null","11","Gaia DR3 3403819443879524736","83.55628849745226","22.05853778761714","2.8087209221275176","1.730252","5.745443586889281","2.1166306","-14.966728453673955","1.2049059","20.65458","21.255102","18.598804","NOT_AVAILABLE","2.6562977","0.600523","2.0557747","null","null","1.0578753","0","false","false","false","false","false","false","null","null","null","null","null","null","null"
"null","null","103.91031","0","0","1.4055263","11","1","90","0","91","3","false","18.209574","null","null","-5.81343230203605","0.00002227514","0.00011543672","0.9994457","5.9661927","null","null","null","null","null","null","false","null","null","-1.2447791499785006","84.03550993615866","null","null","null","false","false","false","false","0","0","0.1124156","8.770139","184.4831640841787","null","null","null","11","0","null","null","7","null","null","null","null","null","30.950247706339532","9.5221615","3.2503386","0","0","5","1.6114773","84.47815332004411","1.4333079","58.939297","90","1","105.18437063392825","14.526069","7.241076","0","0","9","null","null","null","null","null","null","-0.96451706","7.659184","192359826","null","null","null","null","2016","null","null","null","null","null","null","null","null","null","null","null","null","null","null","-37.883324","18.523054","-10.952139","19.335846","0.13908339","0.8104406","0.24902403","0.3701946","1636148068921376800","3403819448176175872","null","null","null","null","null","7","Gaia DR3 3403819448176175872","83.56389388018783","22.061344011785128","null","null","null","null","null","null","20.870506","21.611881","19.693018","NOT_AVAILABLE","1.9188633","0.74137497","1.1774883","null","null","null","0","false","false","false","false","false","false","null","null","null","null","null","null","null"
"0.0021","0.0326","260.6534","0","0","-0.14539345","30","0","259","0","259","31","false","0.55254936","0.0028","0.0427","-5.812626065285554","6.255117e-11","1.06524734e-13","0.9999982","0.20818225","-0.41160858","-0.7851844","0.44952235","null","717.3112","1084.1794","false","0.0011","0.0176","-1.242223554572245","84.03497315414505","null","null","null","false","false","false","false","0","0","0.05692084","4.562895","184.48066748882653","MARCS","5.0021","5.1248","32","0","-2.8409","-1.8232","18","1.4421118","-1.5859802","0.35398462","0.073142625","null","236.493653575038","8.808784","26.84748","0","0","30","1.2299744","586.9696778160592","1.1862315","494.81882","259","0","485.46400060682515","10.61122","45.750065","0","0","31","0.68565094","null","-0.5720292","null","null","null","-0.6333048","0.27678487","1262354692","0.3362454","0.5452243","-0.34430006","null","2016","null","null","null","null","null","null","null","null","null","null","null","null","null","null","-18.724667","16.648926","-12.948818","30.710964","0.24218027","0.632317","0.13448232","0.37293315","1636148068921376800","3403819478239269760","4271.812","4362.486","null","null","null","16","Gaia DR3 3403819478239269760","83.5631924087944","22.063873128242438","-0.42161783658977847","0.26584053","0.6832488562437906","0.34350434","-0.05734331522517128","0.22459169","18.765827","19.403994","18.032503","NOT_AVAILABLE","1.3714905","0.6381664","0.73332405","null","null","0.9922469","0","false","false","false","false","true","false","4309.779","5.1052","-2.571","775.6471","0.0132","0.0101","0.0054"
"null","null","249.68639","0","0","0.7894099","28","3","230","0","233","95","false","0.8842314","null","null","-5.811275463813817","1.12532185e-10","2.0670828e-11","0.9999991","0.36979365","-0.48217338","-0.74455726","0.2888267","0.039903767","null","null","false","null","null","-1.239132762493467","84.03475697743859","null","null","null","false","false","false","false","0","0","0.05199968","24.821579","184.47786460789945","null","null","null","29","0","null","null","17","null","2.6249778","0.3055052","0.08325888","-0.13290739","96.29828752754833","7.348366","13.104722","1","0","26","1.2235041","318.92117860573575","1.2095679","263.66537","229","0","293.9030803187968","9.311595","31.56313","0","0","26","2.0958529","0.2195198","-0.49346298","-0.11997798","1.4678792","0.07608831","-0.63026994","0.46736243","1679849585","0.3910169","0.4502369","-0.3210069","-0.07598952","2016","null","null","null","null","null","null","null","null","null","null","null","null","null","null","-24.918543","20.798803","-12.818884","28.872498","0.23289579","0.6760184","0.102539405","0.49057075","1636148068921376800","3403819546958749696","null","null","null","null","null","13","Gaia DR3 3403819546958749696","83.56281067182265","22.06695120362511","1.1417943426274806","0.43497294","1.7741457428194183","0.5591599","-1.1157985625687878","0.37766019","19.428158","20.379496","18.577385","NOT_AVAILABLE","1.8021107","0.9513378","0.85077286","null","null","1.0360209","0","false","false","false","false","false","false","null","null","null","null","null","null","null"
"null","null","176.27396","0.7986979","0.15112734","0.91779846","19","0","165","0","165","3","false","5.552673","null","null","-5.82555152451974","0.000062121835","0.0003345853","0.99820507","1.8650485","null","null","null","null","null","null","false","null","null","-1.2335741000612088","84.01510451634299","null","null","null","false","false","false","false","0","0","0.025768362","25.91717","184.4631899574716","null","null","null","20","0","null","null","12","null","null","null","null","null","51.00029931256549","6.6268272","7.696036","0","0","16","1.3616","105.81772396911501","0.9935598","106.50363","165","0","93.08111441825963","11.687744","7.963993","0","0","16","null","null","null","null","null","null","-0.86524457","2.4780803","1091078086","null","null","null","null","2016","null","null","null","null","null","null","null","null","null","null","null","null","null","null","-59.860725","22.443218","-13.190502","27.47982","0.14932108","0.79642904","0.29973537","0.41639942","1636148068921376800","3403822471833158272","null","null","null","null","null","11","Gaia DR3 3403822471833158272","83.54136254225845","22.07162643497598","null","null","null","null","null","null","20.62597","21.06961","19.82574","NOT_AVAILABLE","1.2438698","0.44363976","0.80023","null","null","null","0","false","false","false","false","false","false","null","null","null","null","null","null","null"
"null","null","82.22827","0","0","0.22725444","10","0","85","0","85","3","false","8.625257","null","null","-5.822700170274498","0.000051805324","0.00020673231","0.998921","2.7380893","null","null","null","null","null","null","false","null","null","-1.2381628039545245","84.02102587797681","null","null","null","false","false","false","false","0","0","0.02198741","173.8642","184.47015209183374","null","null","null","10","0","null","null","4","null","null","null","null","null","39.20143760880928","4.7212996","8.303103","0","0","8","1.6327432","77.9277291678602","1.353426","57.578125","84","0","88.03453967917774","12.155248","7.242513","0","0","10","null","null","null","null","null","null","-0.8490926","3.68234","287969692","null","null","null","null","2016","null","null","null","null","null","null","null","null","null","null","null","null","null","null","-87.312386","24.815046","-18.317133","32.784687","0.2073174","0.7742372","0.45145684","0.4801088","1636148068921376800","3403819516895658752","null","null","null","null","null","9","Gaia DR3 3403819516895658752","83.54796568045184","22.067307135968132","null","null","null","null","null","null","20.958138","21.355288","19.886263","NOT_AVAILABLE","1.4690247","0.39715004","1.0718746","null","null","null","0","false","false","false","false","false","false","null","null","null","null","null","null","null"
"null","null","241.62674","0","1.2999787e-15","-0.3263752","29","2","244","0","246","31","false","0.2488612","null","null","-5.815878067810465","5.1009555e-13","1.02077255e-13","0.99999464","0.09307963","-0.40604794","-0.7496288","0.4410684","null","null","null","false","null","null","-1.2288564391809917","84.02355228056516","null","null","null","false","false","false","false","0","0","0.045014106","10.598424","184.4633015780105","null","null","null","31","0","null","null","17","1.4194331","1.3330586","0.34333664","-0.011216132","null","761.8576644335333","9.654071","78.91569","1","0","28","1.2666657","1983.855405602547","1.8521358","1071.1177","244","0","1751.0238754583647","9.583452","182.71327","1","0","28","3.147832","null","-0.5824946","null","null","null","-0.6016355","0.120146446","495061738","0.25731072","0.4944875","-0.37785783","null","2016","null","null","null","null","null","null","null","null","null","null","null","null","null","null","-30.061415","17.942408","-14.654041","33.43203","0.24437954","0.61080265","0.20659263","0.3952456","1636148068921376800","3403822506194600064","null","null","null","null","null","16","Gaia DR3 3403822506194600064","83.55023961917568","22.076717105099476","0.14997176077486196","0.112502","0.2675018442329756","0.15503168","-3.136445209513762","0.1012976","17.443592","18.133858","16.639666","NOT_AVAILABLE","1.4941921","0.69026566","0.80392647","null","null","0.98372173","0","true","false","false","false","false","true","null","null","null","null","null","null","null"
"null","null","220.67201","0","0","-0.6862567","27","0","231","0","231","95","false","1.726117","null","null","-5.818923956306352","5.5140743e-11","3.2074045e-11","0.9999993","0.63622785","-0.4938559","-0.8159313","0.58106446","0.080165975","null","null","false","null","null","-1.2369472788903053","84.02468291987306","null","null","null","false","false","false","false","0","0","0.026810046","179.27402","184.47092118886414","null","null","null","28","0","null","null","14","null","-0.75370353","0.32999372","0.015281065","-0.13733049","41.23776750490724","6.6047473","6.2436557","0","0","20","1.3452101","179.25492107319704","0.89971656","199.2349","229","1","199.8977524577017","8.318942","24.029228","0","0","26","5.402906","0.08671236","-0.69470257","-0.002902127","1.4519411","0.11849667","-0.7431496","0.78246814","305203217","0.42147702","0.66085744","-0.50807303","-0.140499","2016","null","null","null","null","null","null","null","null","null","null","null","null","null","null","-49.153263","20.18989","-25.615582","32.785233","0.21711817","0.62017614","0.22203739","0.42554897","1636148068921376800","3403819512602539008","null","null","null","null","null","14","Gaia DR3 3403819512602539008","83.55184833536842","22.06868486215446","-0.5125644374859107","0.6800611","-0.8409620106054474","1.0035853","-5.337057011759821","0.6963304","20.05369","21.300304","18.995876","NOT_AVAILABLE","2.304428","1.2466145","1.0578136","null","null","0.96635956","0","false","false","false","false","false","false","null","null","null","null","null","null","null"
"null","null","227.84517","0.5619212","0.12609388","0.05629232","26","2","218","0","220","95","false","2.4187484","null","null","-5.811151524592612","1.1261483e-9","1.3754553e-9","0.9999978","0.8751876","-0.4894935","-0.8246548","0.57085145","0.10041643","null","null","false","null","null","-1.236500766243073","84.0333895317558","null","null","null","false","false","false","false","0","0","0.05900865","13.326842","184.47488601218694","null","null","null","27","0","null","null","14","null","-0.6003928","0.35086107","-0.0038245567","-0.1315937","45.740203174133136","5.4173956","8.443209","1","0","20","1.2423842","128.61852567938976","0.92056227","139.71735","217","0","114.05341469814427","9.31681","12.241681","0","0","19","4.065695","0.107686415","-0.6273706","0.16075718","1.2811725","0.17211366","-0.7421524","1.172673","1796133855","0.49618182","0.640548","-0.52706045","-0.21387589","2016","null","null","null","null","null","null","null","null","null","null","null","null","null","null","-15.837595","17.625954","-17.335932","30.391237","0.32547894","0.62875223","0.12120245","0.40985665","1636148068921376800","3403819546959516672","null","null","null","null","null","13","Gaia DR3 3403819546959516672","83.5612102345861","22.069519588927257","-0.603753082173238","1.0055968","3.070954551248344","1.4368265","-2.664415707024141","0.9349421","20.414108","21.187798","19.605125","NOT_AVAILABLE","1.5826721","0.77368927","0.80898285","null","null","1.0011617","0","false","false","false","false","false","false","null","null","null","null","null","null","null"
"null","null","214.55913","0","0","0.19956665","24","1","203","0","204","95","false","0.7485741","null","null","-5.816687380767605","2.770232e-10","1.3984862e-10","0.9999991","0.32509616","-0.489545","-0.7492857","0.24748534","0.12230604","null","null","false","null","null","-1.232456567329698","84.02468500971892","null","null","null","false","false","false","false","0","0","0.059097555","8.530169","184.46700690043554","null","null","null","25","0","null","null","15","null","-0.9915593","0.2922702","0.17964058","-0.29829863","142.7444032654807","7.0296297","20.306107","0","0","23","1.1999478","415.17142982929755","1.3440874","308.88724","202","0","355.439659944024","8.513467","41.750286","0","0","23","0.5445059","0.14539996","-0.44773182","-0.24902019","1.3309767","0.073198505","-0.6295956","0.39978322","9271865","0.2877225","0.5047659","-0.34107128","0.015666941","2016","null","null","null","null","null","null","null","null","null","null","null","null","null","null","-41.505486","20.389566","-17.328556","29.668108","0.22013639","0.6659265","0.19372006","0.44301927","1636148068921376800","3403819512599017984","null","null","null","null","null","13","Gaia DR3 3403819512599017984","83.55163406220872","22.073171181827195","-0.38280630988613484","0.38606498","0.544479636876748","0.4773629","-0.005349552029133228","0.31766072","19.141798","19.952145","18.370981","NOT_AVAILABLE","1.5811634","0.8103466","0.7708168","null","null","1.0083736","0","false","false","false","false","false","false","null","null","null","null","null","null","null"
"null","null","224.86198","0","0","-0.101950884","26","0","223","0","223","31","false","0.8010232","null","null","-5.813077469239008","5.1130264e-13","2.618587e-10","0.99999195","0.3318605","-0.4746194","-0.76583046","0.34311053","null","null","null","false","null","null","-1.2306977757839068","84.02783851458405","null","null","null","false","false","false","false","0","0","0.04915586","9.974797","184.46705054523315","null","null","null","27","0","null","null","15","1.4019418","-0.35045457","0.3243394","0.03225862","null","140.31235458180578","7.094068","19.778828","0","0","24","1.2594063","353.92823307679726","1.1578234","305.6841","221","0","305.4270811592584","8.222852","37.143692","0","0","24","0.46191067","null","-0.48541254","null","null","null","-0.62210476","0.4136275","271793672","0.40738583","0.49333456","-0.33552897","null","2016","null","null","null","null","null","null","null","null","null","null","null","null","null","null","-35.623512","20.310898","-23.815594","30.854723","0.22616315","0.63017666","0.14100803","0.45286933","1636148068921376800","3403819546958759296","null","null","null","null","null","13","Gaia DR3 3403819546958759296","83.55494804177708","22.07506905912491","-0.13479661945180327","0.38463366","0.15712871975252488","0.5050323","-0.4343639436731681","0.33778957","19.315079","19.970802","18.535627","NOT_AVAILABLE","1.435175","0.6557236","0.7794514","null","null","0.99359524","0","false","false","false","false","false","false","null","null","null","null","null","null","null"
"null","null","275.92862","1.1887884","1.5213598","1.2451031","27","1","233","0","234","95","false","1.1443039","null","null","-5.807034841298919","1.85702e-10","1.2776175e-10","0.99999917","0.47754705","-0.46154606","-0.76475406","0.31018057","0.017443737","null","null","false","null","null","-1.2319749886541507","84.03553957924903","null","null","null","false","false","false","false","0","0","0.031178966","33.02327","184.47201537466867","null","null","null","28","0","null","null","17","null","-0.94702995","0.2990475","0.07347099","-0.12413789","77.81879237139049","7.6785946","10.13451","0","0","26","1.1749117","245.24507221773828","1.0102304","242.76152","232","0","210.3225201252965","10.0679455","20.890312","0","0","24","2.225432","0.19923617","-0.4953472","-0.11672565","1.238741","0.09821412","-0.591825","0.5856086","992094809","0.42483038","0.4466756","-0.31310314","-0.03597113","2016","null","null","null","null","null","null","null","null","null","null","null","null","null","null","-17.661592","19.423788","-8.252308","29.704931","0.2986709","0.6328594","0.086474575","0.45274428","1636148068921376800","3403819551257098240","null","null","null","null","null","13","Gaia DR3 3403819551257098240","83.5633096018588","22.07413675313041","-0.5306877186133357","0.56037056","-0.10802965594660184","0.72428894","-2.2228082366662902","0.49196634","19.713366","20.61083","18.940681","NOT_AVAILABLE","1.6701488","0.89746475","0.7726841","null","null","1.0575047","0","false","false","false","false","false","false","null","null","null","null","null","null","null"
"null","null","272.04135","0.5664955","0.24117461","0.69486445","29","2","248","0","250","95","false","1.8695723","null","null","-5.806270544287024","5.108185e-13","1.1945562e-13","0.9999956","0.68418026","-0.43814015","-0.8490361","0.65852267","0.008595893","null","null","false","null","null","-1.2308345857881868","84.03576650486038","null","null","null","false","false","false","false","0","0","0.035882294","26.892134","184.4711345904082","null","null","null","31","0","null","null","18","null","2.1918533","0.34162223","-0.055185653","-0.08424465","40.78016292815963","5.6969614","7.1582303","0","0","23","1.4720224","171.2953468569017","0.8936405","191.68262","246","0","211.37043151727258","7.5453877","28.013197","0","0","29","8.289951","0.13351268","-0.7320859","-0.025251832","1.3524033","0.119259395","-0.7544104","0.82517076","1307215637","0.3516104","0.6954334","-0.59477025","-0.0615355","2016","null","null","null","null","null","null","null","null","null","null","null","null","null","null","-33.03248","19.96681","-15.278288","31.66739","0.18423332","0.62586886","0.119236626","0.45406568","1636148068921376800","3403819551253996928","null","null","null","null","null","15","Gaia DR3 3403819551253996928","83.5634992896691","22.075286140184804","1.4350105694504012","0.65470195","3.166046106525683","1.0566953","-7.661556547125908","0.7474557","20.103003","21.31242","18.935286","NOT_AVAILABLE","2.3771343","1.2094173","1.167717","null","null","1.0303589","0","false","false","false","false","false","false","null","null","null","null","null","null","null"
"null","null","115.42417","0","0","-0.4507828","15","1","128","0","129","3","false","11.833773","null","null","-5.807606422697056","0.00001044105","0.000056371162","0.99944216","4.4313474","null","null","null","null","null","null","false","null","null","-1.2287237901887367","84.03301471503153","null","null","null","false","false","false","false","1","0","0.11119476","8.777303","184.4679181246496","null","null","null","15","1","null","null","8","null","null","null","null","null","31.09709409164366","4.760325","6.532557","0","0","8","1.457704","86.06578344683223","0.93910265","91.646835","126","0","94.36133926683294","22.33","4.225765","0","0","14","null","null","null","null","null","null","-0.9765858","6.3605947","1447985464","null","null","null","null","2016","null","null","null","null","null","null","null","null","null","null","null","null","null","null","-2.511556","25.822304","4.58399","29.79583","0.29587573","0.7962465","0.20711763","0.60673046","1636148068921376800","3403819551255378048","null","null","null","null","null","10","Gaia DR3 3403819551255378048","83.56043181094184","22.077272098698863","null","null","null","null","null","null","20.85029","21.606743","19.810911","NOT_AVAILABLE","1.7958317","0.75645256","1.0393791","null","null","null","0","false","false","false","false","false","false","null","null","null","null","null","null","null"
"null","null","91.332855","4.8525105","12.036667","1.8647305","9","2","73","0","75","3","false","11.639631","null","null","-5.80804613179872","0.000029616196","0.00019465803","0.9993648","3.9097207","null","null","null","null","null","null","false","null","null","-1.227763855291755","84.03195678410282","null","null","null","false","false","false","false","0","0","0.18865171","61.472237","184.46655212995933","null","null","null","9","1","null","null","6","null","null","null","null","null","35.91042506348129","13.565226","2.6472414","0","0","6","1.393817","78.67347231911515","1.7474911","45.020813","73","0","73.74599033468267","19.783821","3.7275908","0","0","7","null","null","null","null","null","null","-0.75430715","4.7925067","528064344","null","null","null","null","2016","null","null","null","null","null","null","null","null","null","null","null","null","null","null","-22.727573","11.369178","-9.433494","13.334286","0.36505136","0.76343983","0.4723327","0.25678033","1636148068921376800","3403819551255377920","null","null","null","null","null","7","Gaia DR3 3403819551255377920","83.55924533958598","22.07818387579872","null","null","null","null","null","null","20.947796","21.45049","20.07855","NOT_AVAILABLE","1.3719406","0.5026951","0.8692455","null","null","null","0","false","false","false","false","false","false","null","null","null","null","null","null","null"
"0.0711","0.2126","204.57762","0","0","-2.620692","30","2","256","0","258","31","false","0.6634132","0.0959","0.2844","-5.809483844881262","5.5216297e-13","1.0544798e-13","0.9999917","0.23865838","-0.3789907","-0.89009124","0.7106468","null","615.4644","903.5555","false","0.0381","0.1148","-1.247507576791365","84.04162875200528","null","null","null","false","false","false","false","0","0","0.03785695","175.84395","184.48860278494786","PHOENIX","4.9236","5.0693","32","0","-1.9024","-1.3964","20","1.4068826","0.9646097","0.32518592","-0.07383753","null","288.59607703317556","8.296276","34.78622","2","0","32","1.2897224","750.1423112144732","1.225026","612.3481","254","0","678.879340415155","8.6041975","78.90095","1","0","30","5.1871133","null","-0.77211416","null","null","null","-0.7814291","0.2941136","329869762","0.25818765","0.7393188","-0.65590775","null","2016","null","null","null","null","null","null","null","null","null","null","null","null","null","null","-31.132807","17.118439","-12.297704","29.58517","0.21005791","0.65366143","0.21840197","0.33314496","1636148068921376800","3403819478242365184","4115.999","4237.0728","null","null","null","15","Gaia DR3 3403819478242365184","83.57061914556657","22.05889098555922","0.20472228295442074","0.21223329","3.0154599546668255","0.37133673","-4.2205619750645225","0.25294214","18.499508","19.187817","17.668413","NOT_AVAILABLE","1.5194035","0.6883087","0.83109474","null","null","0.88406867","0","false","false","false","false","true","false","4172.6514","5.0026","-1.5881","758.1664","0.1856","0.1385","0.0745"
"0.6641","0.8582","227.61415","0","0","-1.612297","30","1","258","0","259","31","false","0.16524716","0.8159","1.0459","-5.808838340218815","5.0998284e-13","1.0206233e-13","0.999996","0.061480578","-0.40762052","-0.78630185","0.48390833","null","998.7014","1239.1215","false","0.3646","0.4701","-1.248140503559863","84.0427363031092","null","null","null","false","false","false","false","0","0","0.051476542","7.246603","184.48970846665424","MARCS","4.6484","4.733","32","0","-1.5417","-0.9851","19","1.4738483","3.330845","0.34475744","-0.076156795","null","1837.2410194443828","18.48156","99.40942","1","0","30","1.2494867","4001.5482517208347","2.631002","1520.9218","258","0","3162.6401984053928","20.27446","155.99135","2","0","31","2.1564915","null","-0.59767395","null","null","null","-0.5958391","0.078945875","853546914","0.2446784","0.50821096","-0.40492603","null","2016","null","null","null","null","null","null","null","null","null","null","null","null","null","null","-35.078373","15.511742","-16.935293","31.949018","0.22860825","0.6144235","0.22758128","0.31544212","1636148068921376800","3403819478239264256","5583.4785","5948.4497","null","null","null","16","Gaia DR3 3403819478239264256","83.57184312585605","22.058308015427347","0.2431419888572122","0.072997086","1.2601012840898416","0.10217049","-1.7500286277137032","0.06592126","16.681797","17.178127","15.997771","NOT_AVAILABLE","1.180356","0.49633026","0.68402576","null","null","0.92790246","0","true","false","false","false","true","true","5753.155","4.7005","-1.2757","1088.223","0.9264","0.757","0.4156"
"0.3752","0.437","296.74908","0.17449272","0.45538005","1.208365","31","1","261","0","262","31","false","0.3234771","0.5333","0.6196","-5.805233832164101","5.147306e-13","1.0227245e-13","0.99997526","0.11926443","-0.46086735","-0.81755","0.5202625","null","440.1918","473.3261","false","0.2024","0.2361","-1.2483222261010856","84.04699710500424","null","null","null","false","false","false","false","0","0","0.040227633","0.369902","184.49199757234175","PHOENIX","4.221","4.3033","33","0","-1.9526","-1.8291","20","1.3416169","8.675681","0.3896562","-0.07792916","null","442.1543574413765","11.3322935","39.0172","29","0","29","1.3750556","1515.5399588573891","1.7559314","863.0975","259","0","1641.7973091145413","16.158005","101.60892","29","0","29","45.166008","null","-0.63225245","null","null","null","-0.6058627","0.14954615","625968960","0.36828756","0.5459841","-0.44293934","null","2016","null","null","null","null","null","null","null","null","null","null","null","null","null","null","-27.097082","13.295919","-16.12398","29.919115","0.2722758","0.5983532","0.18981105","0.32088792","1636148068921376800","3403819478239263744","3696.7742","3741.3232","null","null","null","16","Gaia DR3 3403819478239263744","83.57644352253905","22.058316155758707","1.2445924732713556","0.1434576","32.77479729479937","0.19669881","-31.077018221528984","0.12847187","17.735949","18.724607","16.709597","NOT_AVAILABLE","2.0150108","0.9886589","1.0263519","null","null","1.0525504","0","false","false","false","false","true","true","3725.1897","4.254","-1.8996","454.8759","0.5882","0.4145","0.2238"
"null","null","245.78366","1.1041695","2.8871536","0.08242837","27","1","227","0","228","95","false","1.8919305","null","null","-5.805029299331015","null","null","null","0.7423835","-0.5073656","-0.74957645","0.38824227","0.013611495","null","null","false","null","null","-1.2479082128854475","84.04699539172597","null","null","null","false","false","false","false","0","0","0.062587515","20.373148","184.49163574985232","null","null","null","28","0","null","null","16","null","1.134756","0.30673802","0.003282","-0.1980751","null","null","null","null","null","0","null","123.40680085929199","0.8671036","142.32071","226","2","null","null","null","null","null","0","43.895046","0.2657191","-0.46761107","0.025667218","1.2318574","0.17360105","-0.57772917","1.028366","897611874","0.49207643","0.42869037","-0.36651695","-0.21419689","2016","null","null","null","null","null","null","null","null","null","null","null","null","null","null","-21.54699","12.5789","-16.95334","29.866142","0.38837767","0.5946415","0.23439966","0.3001961","1636148068921376800","3403819482534522496","null","null","null","null","null","14","Gaia DR3 3403819482534522496","83.57642179179294","22.058729682365062","1.1858545266320353","1.0450305","31.321583414984733","1.1949117","-30.752778597919466","0.7788747","20.459019","null","null","NOT_AVAILABLE","null","null","null","null","null","1.0024134","0","false","false","false","false","false","false","null","null","null","null","null","null","null"
"0.3751","0.526","257.49252","0","0","-1.1073183","32","1","277","0","278","31","false","0.21010984","0.4979","0.6938","-5.807523478609326","5.1003044e-13","1.0208097e-13","0.9999942","0.07660019","-0.4725579","-0.7895775","0.47930515","null","734.4605","920.6042","false","0.2026","0.2841","-1.2449584340721298","84.04242657675448","null","null","null","false","false","false","false","0","0","0.040996134","3.593003","184.48677922381293","PHOENIX","4.5262","4.6513","34","0","-1.5366","-1.3466","20","1.4093982","7.117794","0.39808694","-0.10289394","null","986.3439510489002","12.66547","77.87662","2","0","33","1.2729452","2606.9625595538805","1.9446924","1340.5526","276","0","2332.1763877601056","11.255756","207.19855","1","0","31","5.557594","null","-0.6111731","null","null","null","-0.56339085","0.09416721","1300806744","0.31548762","0.48313773","-0.37177238","null","2016","null","null","null","null","null","null","null","null","null","null","null","null","null","null","-32.494404","14.477873","-16.876501","31.515501","0.26034704","0.59397286","0.21668641","0.33033556","1636148068921376800","3403819482537623040","4362.11","4500.388","null","null","null","16","Gaia DR3 3403819482537623040","83.57135639882743","22.061473132312088","0.6667320406842767","0.093671165","-4.357099513682058","0.13137844","-3.4500045140273414","0.08353683","17.14703","17.853472","16.328491","NOT_AVAILABLE","1.5249805","0.7064419","0.81853867","null","null","0.9516961","0","true","false","false","false","true","true","4426.6216","4.6101","-1.4554","783.0771","0.5932","0.4483","0.2421"
"null","null","161.26352","0","0","0.559093","18","0","157","0","157","3","false","6.099965","null","null","-5.801482148010685","0.000022272243","0.00013540937","0.9984899","2.0898063","null","null","null","null","null","null","false","null","null","-1.2398048693244703","84.04643585060697","null","null","null","false","false","false","false","1","0","0.034082346","96.549576","184.4842909305724","null","null","null","19","0","null","null","11","null","null","null","null","null","44.881564465066276","6.3638444","7.0525866","0","0","16","1.2622647","96.66757013633548","1.0071586","95.980484","157","0","77.13850014651331","9.916056","7.7791514","0","0","17","null","null","null","null","null","null","-0.90034777","2.8351471","523853291","null","null","null","null","2016","null","null","null","null","null","null","null","null","null","null","null","null","null","null","6.1516347","21.025831","6.487176","25.526217","0.4064957","0.80042994","0.2691819","0.41519496","1636148068921376800","3403819482535901952","null","null","null","null","null","10","Gaia DR3 3403819482535901952","83.57542954747164","22.06680008995663","null","null","null","null","null","null","20.724165","21.208372","20.029718","NOT_AVAILABLE","1.1786537","0.48420715","0.69444656","null","null","null","0","false","false","false","false","false","false","null","null","null","null","null","null","null"
"null","null","222.12859","0","0","0.14042749","25","1","213","0","214","95","false","1.1367885","null","null","-5.794844117064698","7.545083e-10","2.0638973e-9","0.9999894","0.56567895","-0.6611531","-0.7342019","-0.005978304","0.09492274","null","null","false","null","null","-1.2418655351189238","84.05527296260134","null","null","null","false","false","false","false","0","0","0.03934064","17.947311","184.49050664637957","null","null","null","26","0","null","null","16","null","1.7460828","0.49468246","0.1952521","-0.16566505","67.39059380974288","6.5756583","10.248494","0","0","17","1.3222754","167.84427278700807","0.943487","177.89781","212","0","154.54575238473032","12.5284","12.335633","0","0","20","1.2692431","0.23426495","-0.06456441","0.1539377","1.3517703","0.13793884","-0.47449207","0.77913994","263339967","0.6134186","0.28076088","-0.056963492","-0.34207478","2016","null","null","null","null","null","null","null","null","null","null","null","null","null","null","-15.947619","9.095396","-12.810471","27.159914","0.47262037","0.5831622","0.19003442","0.2993925","1636148068921376800","3403819375160055936","null","null","null","null","null","14","Gaia DR3 3403819375160055936","83.58505236477714","22.065134503549498","1.7254757794470874","0.98819816","1.1257492735200512","0.7736891","-0.5862308790598058","0.5508665","20.125101","20.767044","19.275253","NOT_AVAILABLE","1.4917908","0.641943","0.8498478","null","null","1.005296","0","false","false","false","false","false","false","null","null","null","null","null","null","null"
"null","null","259.0952","0","0","0.19972163","29","0","243","0","243","95","false","1.379621","null","null","-5.793098105935228","3.3853031e-10","3.192267e-10","0.999989","0.6063273","-0.68597686","-0.7290224","0.06249642","-0.020715255","null","null","false","null","null","-1.2426858348248848","84.05775707697953","null","null","null","false","false","false","false","1","0","0.03592523","27.608795","184.49246401866137","null","null","null","30","0","null","null","18","null","1.1100427","0.5470228","-0.02187664","-0.06986202","58.692875173607476","7.9918156","7.344123","0","0","20","1.3584979","146.80860589298808","0.8909936","164.76955","242","0","140.74629346452028","12.58902","11.180083","0","0","21","3.5985477","0.30858964","-0.28357276","0.050925776","1.3228943","0.14494194","-0.32809666","0.74178183","854103744","0.36513448","0.07001536","0.008324644","-0.31505236","2016","null","null","null","null","null","null","null","null","null","null","null","null","null","null","-23.762331","10.259508","-16.04735","24.984896","0.38090703","0.62241954","0.2373112","0.3022256","1636148068921376800","3403819375160055040","null","null","null","null","null","14","Gaia DR3 3403819375160055040","83.58776885506349","22.06442539210716","1.1013106474199872","0.99213356","2.9315135753547326","0.95822024","-2.0870491506907145","0.64193827","20.270489","20.917078","19.376802","NOT_AVAILABLE","1.5402756","0.6465893","0.8936863","null","null","1.0077771","0","false","false","false","false","false","false","null","null","null","null","null","null","null"
"1.4891","1.5042","306.9485","0","0","1.1277599","32","1","275","0","276","31","false","0.081652634","1.7815","1.7981","-5.800600510006638","5.099393e-13","1.02090835e-13","0.9999932","0.0295702","-0.4549442","-0.7887834","0.4689969","null","1233.1226","1307.0854","false","0.8078","0.8161","-1.238348333972421","84.04661669750858","null","null","null","false","false","false","false","0","0","0.045852892","2.0476987","184.48311147662756","PHOENIX","4.2865","4.3418","34","0","-0.2733","-0.2489","20","1.4684339","10.639126","0.38754353","-0.12228094","null","6899.570410438889","15.5852375","442.6991","2","0","31","1.2499784","15545.077305502768","4.80949","3232.1675","273","0","12531.440597251216","18.201553","688.48193","1","0","27","3.6212368","null","-0.6021899","null","null","null","-0.54887646","0.036903992","7399405","0.3263748","0.46864977","-0.38851404","null","2016","null","null","null","null","null","null","null","null","null","null","null","null","null","null","-33.243732","14.072221","-17.48764","31.586954","0.26320216","0.5883821","0.2178073","0.32927677","1636148068921376800","3403819482537620352","7144.651","7190.247","null","null","null","16","Gaia DR3 3403819482537620352","83.57555448154899","22.068263230468457","0.38632766979922634","0.036311977","-0.25805288647617064","0.05124528","-3.6120306146997616","0.032229725","15.2083845","15.7414875","14.502893","NOT_AVAILABLE","1.238594","0.533103","0.70549107","null","null","1.0476674","0","true","false","false","false","true","true","7167.7866","4.3136","-0.261","1269.6721","1.7899","1.4967","0.812"
"0.3767","0.6364","288.87387","0","0","0.30468404","32","0","275","0","275","31","false","0.4250594","0.4939","0.8244","-5.804830185999154","5.098442e-13","1.0206731e-13","0.9999956","0.149183","-0.42380258","-0.872883","0.6729357","null","652.315","895.342","false","0.2059","0.3476","-1.2312991086650742","84.03769403780034","null","null","null","false","false","false","false","0","0","0.011044245","177.59894","184.4725035287594","MARCS","4.8753","4.9969","34","0","-3.0882","-1.8244","20","1.4207695","3.0868402","0.36522824","-0.123900324","null","498.66674649974345","7.7855687","64.05014","1","0","29","1.2534038","1298.1862239484744","1.6303962","796.2397","272","0","1128.4847419798828","9.838833","114.697014","1","0","30","2.6972785","null","-0.7485251","null","null","null","-0.73698336","0.17989193","891965724","0.3504308","0.69072807","-0.612432","null","2016","null","null","null","null","null","null","null","null","null","null","null","null","null","null","-23.190445","16.63703","-12.390646","30.721153","0.2528404","0.61959153","0.1673836","0.36151943","1636148068921376800","3403819546958759936","4486.4976","4762.6074","null","null","null","15","Gaia DR3 3403819546958759936","83.56559910918759","22.074908017032143","0.4360956002114901","0.14127573","-1.110105424753338","0.24574435","-2.4582466804489855","0.16307895","17.904024","18.594017","17.116655","NOT_AVAILABLE","1.4773617","0.6899929","0.7873688","null","null","1.0119004","0","false","false","false","false","true","true","4548.697","4.9789","-2.8905","702.3789","0.5743","0.4387","0.2398"
"null","null","244.25931","0","0","-0.5733466","29","0","252","0","252","95","false","1.8826833","null","null","-5.801384846097167","null","null","null","0.72198665","-0.49224856","-0.8578284","0.5811481","0.027794436","null","null","false","null","null","-1.2324696834241016","84.04233879801843","null","null","null","false","false","false","false","1","0","0.024205554","23.293982","184.47584687738262","null","null","null","29","0","null","null","16","null","-2.1179962","0.37348637","0.058009606","-0.12248389","null","null","null","null","null","0","null","163.41319788898008","0.8622966","189.50928","247","2","null","null","null","null","null","0","1.4349002","0.16505963","-0.6749391","-0.063308865","1.5859082","0.12019886","-0.7732578","0.907939","188222692","0.47807124","0.69314075","-0.47857952","-0.09148034","2016","null","null","null","null","null","null","null","null","null","null","null","null","null","null","-19.612745","18.514637","-13.116935","28.046688","0.27997902","0.664888","0.13789347","0.41724157","1636148068921376800","3403819551253993856","null","null","null","null","null","14","Gaia DR3 3403819551253993856","83.57066144044374","22.073945573889013","-1.679251323778285","0.79284906","0.26031136003338595","1.0812491","-1.4110905496660178","0.7535272","20.154148","null","null","NOT_AVAILABLE","null","null","null","null","null","0.97292024","0","false","false","false","false","false","false","null","null","null","null","null","null","null"
"null","null","283.697","0.5375571","0.5014338","0.5745388","29","2","250","0","252","95","false","0.8521229","null","null","-5.801185092149119","9.473307e-10","4.207218e-11","0.9999923","0.35104892","-0.47002926","-0.76858693","0.33466545","0.016437959","null","null","false","null","null","-1.2321457729276508","84.04238326859176","null","null","null","false","false","false","false","0","0","0.0439043","58.317207","184.47558671471606","null","null","null","30","0","null","null","18","null","0.5773059","0.31435436","0.03978944","-0.10621386","99.59037086253007","8.128894","12.251405","28","0","28","1.7623539","330.71318318130426","1.279578","258.45486","250","0","483.24330562708656","11.136296","43.39354","26","0","26","3.7188404","0.2244818","-0.492098","-0.13060302","1.2237229","0.07300453","-0.60935557","0.441153","656181905","0.4195645","0.4686433","-0.33424467","-0.04612246","2016","null","null","null","null","null","null","null","null","null","null","null","null","null","null","-20.482992","18.688164","-13.214886","29.138773","0.28943893","0.6409942","0.120903194","0.4267221","1636148068921376800","3403819546958758400","null","null","null","null","null","13","Gaia DR3 3403819546958758400","83.57069379745244","22.074271143566833","0.24013350500478553","0.4159554","2.1713266326497975","0.5372425","-3.0191248206825305","0.36105266","19.388739","20.342999","18.037481","NOT_AVAILABLE","2.3055172","0.9542599","1.3512573","null","null","1.024743","0","false","false","false","false","false","false","null","null","null","null","null","null","null"
"null","null","235.72452","0","0","-1.0201889","29","1","250","0","251","95","false","0.94128627","null","null","-5.803719276390032","1.2478334e-10","6.766374e-11","0.99999714","0.38953087","-0.47710755","-0.79054755","0.36110434","0.031413134","null","null","false","null","null","-1.2290773494274096","84.03770011487671","null","null","null","false","false","false","false","0","0","0.05238613","8.961672","184.47056952120627","null","null","null","30","0","null","null","18","null","2.2144055","0.33026665","0.04797211","-0.116061755","96.33451996484436","5.916555","16.282198","0","0","27","1.2181865","289.2646188236367","1.0276463","281.48267","249","0","256.0437377296191","8.196572","31.237904","0","0","28","1.0726537","0.19762994","-0.50959224","-0.13678898","1.3096081","0.07740574","-0.6303768","0.4816237","1544309248","0.41184977","0.5084323","-0.36400092","-0.036178764","2016","null","null","null","null","null","null","null","null","null","null","null","null","null","null","-21.559755","18.701605","-12.90683","28.957903","0.28585497","0.64430964","0.13106313","0.42364028","1636148068921376800","3403819546958763264","null","null","null","null","null","13","Gaia DR3 3403819546958763264","83.56549875876273","22.07712783757971","0.9962745010281056","0.44990608","-0.23498950203142277","0.58447313","1.0465971845997304","0.39719713","19.534128","20.379087","18.72711","NOT_AVAILABLE","1.6519775","0.84495926","0.8070183","null","null","0.9528309","0","false","false","false","false","false","false","null","null","null","null","null","null","null"
"0.2979","0.4341","237.112","0","0","-0.6104032","29","1","246","0","247","31","false","0.3648887","0.4129","0.5978","-5.794143232822261","5.11027e-13","1.0224033e-13","0.9999955","0.14695886","-0.47664952","-0.72724503","0.29226562","null","474.5629","696.2835","false","0.1605","0.2339","-1.23047743464106","84.04954625026363","null","null","null","false","false","false","false","0","0","0.05229819","173.95085","184.47771424184108","MARCS","4.9282","5.0579","34","0","-1.5234","-1.2591","19","1.3720235","2.9196484","0.41686007","-0.002332121","null","272.28847151997127","11.127933","24.468918","1","0","33","1.2946216","827.4125972779261","1.3877603","596.22156","246","0","798.8977804775278","10.678229","74.81557","1","0","31","7.4839916","null","-0.44824076","null","null","null","-0.49218786","0.20912044","858356910","0.5338691","0.4007785","-0.16954117","null","2016","null","null","null","null","null","null","null","null","null","null","null","null","null","null","-10.535282","13.18601","-15.775949","29.58739","0.31643155","0.58418065","0.0383771","0.38378072","1636148068921376800","3403819581318499968","3960.8538","4079.6362","null","null","null","15","Gaia DR3 3403819581318499968","83.57833382144274","22.076256690976862","0.6658702668263696","0.22806522","1.0776065623429831","0.23644911","-7.40600419738376","0.15905069","18.39306","19.250969","17.491667","NOT_AVAILABLE","1.7593021","0.85790825","0.9013939","null","null","0.9709562","0","false","false","false","false","true","false","4023.3298","5.0012","-1.4243","578.1508","0.5051","0.3659","0.1974"
"null","null","251.73737","0","0.0063737244","-0.5677476","29","2","243","0","245","95","false","1.3537186","null","null","-5.797690849408349","3.515144e-10","8.087435e-10","0.9999942","0.58238304","-0.53678614","-0.7206414","0.24506907","0.10635035","null","null","false","null","null","-1.2373360980518449","84.04939111619298","null","null","null","false","false","false","false","0","0","0.04459318","14.233435","184.48361635881113","null","null","null","29","0","null","null","17","null","-0.0012677578","0.34364623","0.02824331","-0.1965367","62.07397771941937","9.538737","6.5075674","1","0","20","1.4340174","148.50693992829514","0.82755023","179.45369","242","0","150.8875629825678","10.931808","13.802617","1","0","25","1.2920845","0.17096373","-0.37189913","0.10230902","1.016793","0.13597904","-0.51811755","0.7680396","1733558761","0.48386976","0.33363765","-0.2523242","-0.2529547","2016","null","null","null","null","null","null","null","null","null","null","null","null","null","null","-21.561054","15.504443","-14.521088","28.486298","0.33555955","0.61099637","0.15070292","0.38721466","1636148068921376800","3403819482535899264","null","null","null","null","null","15","Gaia DR3 3403819482535899264","83.57849596392143","22.0693979198357","-0.0010366787972168334","0.8177262","1.182893903248218","0.89396614","-0.5198503648890708","0.5818255","20.258","20.856268","19.301262","NOT_AVAILABLE","1.555006","0.5982685","0.9567375","null","null","0.9726423","0","false","false","false","false","false","false","null","null","null","null","null","null","null"
"0.623","0.6511","274.30353","0","0","-0.67730886","33","0","284","0","284","31","false","0.22484271","0.7865","0.8214","-5.792156699015181","5.1001645e-13","1.9315993e-11","0.9999966","0.09339697","-0.5228943","-0.71823734","0.27686065","null","1163.1997","1177.2573","false","0.3447","0.3601","-1.2345947187413189","84.05419971558368","null","null","null","false","false","false","false","0","0","0.04158521","4.146741","184.48363092135227","MARCS","4.7711","4.7981","35","0","-3.545","-3.0578","20","1.4445571","0.8019963","0.44225907","-0.061148807","null","637.8054414064504","9.110543","70.0074","0","0","31","1.2615521","1505.180331411218","1.7294843","870.30585","274","0","1261.0579742999307","9.016876","139.8553","0","0","31","0.94111025","null","-0.4147741","null","null","null","-0.42481884","0.11565341","1193290155","0.32005057","0.3288335","-0.161858","null","2016","null","null","null","null","null","null","null","null","null","null","null","null","null","null","-27.01829","13.026682","-14.249111","32.412594","0.32930827","0.5617469","0.23013052","0.3386024","1636148068921376800","3403819585616833152","5118.5137","5154.056","null","null","null","17","Gaia DR3 3403819585616833152","83.58354687937859","22.07235042714662","0.10534445278880561","0.1313528","0.5673838191783898","0.1495212","-0.7508422574681329","0.09636113","17.743395","18.326822","16.996058","NOT_AVAILABLE","1.3307648","0.5834274","0.74733734","null","null","0.97028166","0","false","false","false","false","true","true","5136.3516","4.7862","-3.3233","1169.8193","0.8037","0.6369","0.3521"
"null","null","239.80598","0","0","-0.58270365","27","2","226","0","228","95","false","2.2869792","null","null","-5.800768347077707","2.5935296e-10","3.303844e-9","0.9999981","0.86140394","-0.4338489","-0.88565516","0.67007315","-0.0073000146","null","null","false","null","null","-1.2708905533266444","84.06509598629053","null","null","null","false","false","false","false","0","0","0.07500806","178.6197","184.5207244998214","null","null","null","28","1","null","null","17","null","-0.7820829","0.31869364","-0.021220466","-0.18187371","64.40598509958413","13.906001","4.6315246","0","0","14","0.9942664","156.22891740699444","0.993523","157.2474","219","1","90.92718016651057","16.595087","5.4791627","0","0","21","3.443939","0.11805768","-0.74925125","-0.033385605","1.0171822","0.1370327","-0.7868783","1.076436","1686088715","0.3092925","0.7287917","-0.6293438","-0.07580695","2016","null","null","null","null","null","null","null","null","null","null","null","null","null","null","-29.452099","17.570362","-15.892608","27.819532","0.25184828","0.6789681","0.22347979","0.34076577","1636148068921376800","3403819207656617856","null","null","null","null","null","14","Gaia DR3 3403819207656617856","83.59702843847779","22.03657428133258","-0.6482630746721639","0.828893","-1.6408064372172355","1.2597023","-3.027948191248728","0.88729733","20.202963","20.816227","19.851162","NOT_AVAILABLE","0.965065","0.6132641","0.35180092","null","null","0.97084904","0","false","false","false","false","false","false","null","null","null","null","null","null","null"
"null","null","254.57732","4.0336127","4.8392925","3.029614","25","7","195","0","202","3","false","4.5974016","null","null","-5.797558731202667","0.0009520259","0.00018137302","0.9976717","1.4966371","null","null","null","null","null","null","false","null","null","-1.2720334284281538","84.06945281826142","null","null","null","false","false","false","false","23","0","0.06352717","61.81154","184.52389941400892","null","null","null","26","2","null","null","16","null","null","null","null","null","103.06160335745346","10.163234","10.140631","0","0","23","2.809801","117.64578029896877","1.1096538","106.02025","194","0","227.49962795140272","19.429323","11.709086","0","0","20","null","null","null","null","null","null","-0.73616517","1.971942","1122364139","null","null","null","null","2016","null","null","null","null","null","null","null","null","null","null","null","null","null","null","-5.124426","12.6716","-4.033392","23.010897","0.45839635","0.6696778","0.17993878","0.29451063","1636148068921376800","3403818451743764608","null","null","null","null","null","11","Gaia DR3 3403818451743764608","83.60177753562046","22.03562572943504","null","null","null","null","null","null","20.510925","20.3058","18.855444","NOT_AVAILABLE","1.4503555","-0.20512581","1.6554813","null","null","null","0","false","false","false","false","false","false","null","null","null","null","null","null","null"
"null","null","308.57245","0","0","0.29238915","34","0","291","0","291","95","false","0.5825622","null","null","-5.793940858655359","3.3115937e-9","4.5221698e-11","0.9999987","0.21013412","-0.459727","-0.8777973","0.6950979","-0.022482079","null","null","false","null","null","-1.2706073908858382","84.07280646858683","null","null","null","false","false","false","false","1","0","0.026623458","171.24931","184.52433292504202","null","null","null","36","0","null","null","21","null","1.979413","0.3862964","-0.12029965","-0.06569199","411.5207604248126","22.65979","18.160837","1","0","35","1.874713","868.8997285415593","1.7772694","488.8959","287","0","1217.4167791185184","55.46728","21.948376","2","0","34","4.9706836","0.16719916","-0.7654718","-0.039572373","1.3803794","0.03507504","-0.7420903","0.24371414","1637360379","0.3135438","0.68341833","-0.6034007","-0.056236982","2016","null","null","null","null","null","null","null","null","null","null","null","null","null","null","-40.524708","17.239368","-13.319214","29.906178","0.22608432","0.6338318","0.25233427","0.3627573","1636148068921376800","3403818451745471232","null","null","null","null","null","15","Gaia DR3 3403818451745471232","83.60532285553133","22.037198982953946","0.39568673118668174","0.19990104","0.8916255643803432","0.33269313","-4.890061075476357","0.22551481","18.339943","18.802563","17.034298","NOT_AVAILABLE","1.7682648","0.46261978","1.305645","null","null","1.0110977","0","false","false","false","false","false","false","null","null","null","null","null","null","null"
"null","null","311.11798","0","0","0.36539567","35","0","298","0","298","95","false","0.679497","null","null","-5.792112209338797","5.104408e-9","2.5656797e-9","0.9999983","0.24998184","-0.4663478","-0.881761","0.68475246","-0.029286837","null","null","false","null","null","-1.2701788158732532","84.07466922795227","null","null","null","false","false","false","false","0","0","0.033097133","171.51169","184.524890647267","null","null","null","37","0","null","null","22","null","0.34279373","0.39299515","-0.098583035","-0.0526294","409.34149715741114","30.683228","13.340888","0","0","36","1.631231","678.1653116138527","1.39298","486.84497","292","0","696.9027687702721","39.831444","17.496298","0","0","36","0.42699617","0.17444003","-0.745132","-0.04598382","1.4602659","0.0419366","-0.7369162","0.29008293","60254134","0.32137948","0.68708533","-0.5976662","-0.051155746","2016","null","null","null","null","null","null","null","null","null","null","null","null","null","null","-37.061176","15.942709","-13.370282","29.634212","0.2464664","0.62980145","0.2739839","0.31909359","1636148068921376800","3403818451742369536","null","null","null","null","null","15","Gaia DR3 3403818451742369536","83.60730948488772","22.037709650052562","0.08328573118958787","0.24296166","0.30807426599936744","0.38728985","0.29566191398392494","0.2643694","18.609028","18.808329","17.639965","NOT_AVAILABLE","1.1683636","0.19930077","0.9690628","null","null","1.0140111","0","false","false","false","false","false","false","null","null","null","null","null","null","null"
"null","null","291.36288","1.5095586","0.8398035","1.591537","30","2","250","0","252","95","false","1.6746874","null","null","-5.786000417623808","0.000007723286","9.4677154e-7","0.99999017","0.70885813","-0.63863945","-0.72992355","0.18691488","0.1738169","null","null","true","null","null","-1.2729917002317601","84.08333077986839","null","null","null","false","false","false","false","0","0","0.03905056","22.947563","184.53167386054082","null","null","null","32","1","null","null","24","null","1.4908307","0.5045308","-0.088736355","-0.28895372","169.62696251728696","22.94254","7.3935566","15","0","15","3.4368303","145.30761251907734","1.0904099","133.25963","248","0","329.7706572795462","43.694054","7.5472665","20","0","20","2.5218465","0.087359525","-0.3896759","0.024005298","1.5898296","0.1767985","-0.43829682","0.89307004","550518575","0.30825618","0.2113614","-0.04531361","-0.2787847","2016","null","null","null","null","null","null","null","null","null","null","null","null","null","null","-34.732647","13.658658","-16.853611","26.587101","0.30348712","0.65408856","0.31786713","0.28043067","1636148068921376800","3403818554822970880","null","null","null","null","null","14","Gaia DR3 3403818554822970880","83.61677655039965","22.035282853800243","1.6768262878766835","1.1247598","1.4434767890255347","1.1351798","-2.067869599300965","0.7121074","20.281647","19.764805","18.452366","NOT_AVAILABLE","1.312439","-0.5168419","1.8292809","null","null","1.0715055","0","false","false","false","false","false","false","null","null","null","null","null","null","null"
"0.949","0.9756","348.4001","0.0453986","0.6815337","1.382936","36","1","309","0","310","31","false","0.06542868","1.1177","1.1479","-5.78993422733818","5.0999336e-13","1.021018e-13","0.99999213","0.024684032","-0.46810886","-0.8192289","0.5159036","null","1147.6348","1247.4875","false","0.5135","0.5279","-1.2687231175024283","84.07634548542464","13.005999","0.075845726","14","false","false","false","false","0","0","0.054754477","0.9692893","184.5244595976056","PHOENIX","4.2633","4.3486","38","0","-0.3181","-0.2961","22","1.5204074","25.281511","0.41334578","-0.08034343","null","12301.205180589764","30.250114","406.64987","0","0","38","1.2204112","24814.963664254934","6.3319244","3919.024","299","0","17983.255418573895","31.255247","575.36755","1","0","35","5.4802866","null","-0.63292295","null","null","null","-0.5905296","0.030215234","831310540","0.3007729","0.51686245","-0.36723626","null","2016","null","111","null","8.592162","2","2","14","null","null","-0.5","1.5","6000","917.0709","11","-37.29416","15.037521","-14.625011","30.641855","0.26334006","0.61305046","0.28218046","0.3110984","1636148068921376800","3403818451745469824","6896.05","6955.4688","null","null","null","16","Gaia DR3 3403818451745469824","83.60904609795234","22.039238149832006","0.7572850896108835","0.029954106","0.19291537530750014","0.040307134","-5.476890219167989","0.025707686","14.7005825","15.113673","14.110724","NOT_AVAILABLE","1.0029488","0.4130907","0.58985806","45.221752","6.4373198","1.0554899","0","true","true","false","false","true","true","6926.3726","4.296","-0.3079","1203.5883","1.1332","0.9626","0.5209"
"null","null","265.18835","1.8599199","1.1591886","0.045192406","28","1","240","0","241","95","false","1.9190882","null","null","-5.78790237640221","1.7189533e-10","1.0923884e-9","0.99999344","0.7473665","-0.60992336","-0.7281743","0.2940269","0.11435868","null","null","false","null","null","-1.2640327508935392","84.07599728120253","null","null","null","false","false","false","false","17","0","0.058028884","16.667402","184.52019612083978","null","null","null","29","0","null","null","16","null","1.7499477","0.47967452","-0.115596294","-0.20982796","65.65916526818441","17.814323","3.6857512","0","0","14","1.7552733","130.00853382673247","0.95622104","135.96075","240","0","162.54134247526227","19.979649","8.135345","0","0","23","3.4817348","0.14676899","-0.45377922","0.07081673","1.1460685","0.18020111","-0.51751083","1.0388538","814582303","0.4057063","0.29579756","0.010492992","-0.26757708","2016","null","null","null","null","null","null","null","null","null","null","null","null","null","null","-26.561728","14.276974","-16.427353","25.00964","0.2978401","0.6713835","0.26838323","0.29035118","1636148068921376800","3403818554822967552","null","null","null","null","null","13","Gaia DR3 3403818554822967552","83.6084467803265","22.043908495583402","2.0565664489152464","1.175216","-3.0982534288358505","1.2943481","1.5884905406668897","0.7639428","20.402437","20.795303","19.220486","NOT_AVAILABLE","1.5748177","0.39286613","1.1819515","null","null","1.0006646","0","false","false","false","false","false","false","null","null","null","null","null","null","null"
"null","null","264.0628","0","0","-0.6658661","31","2","265","0","267","95","false","0.76768947","null","null","-5.785041774648681","0.961318","0.038681585","4.8641095e-7","0.38897225","-0.58960766","-0.71729743","0.010050046","0.070525065","null","null","false","null","null","-1.267033642783479","84.08101773021217","null","null","null","false","false","true","false","2","0","0.09858072","176.68288","184.525322725903","null","null","null","32","0","null","null","19","null","-0.42754272","0.43445817","0.10631152","-0.13552263","279.9972545822633","36.89426","7.589182","0","0","26","3.043756","278.20686591927904","1.2220643","227.65321","258","0","566.796586862359","44.49811","12.737542","0","0","25","0.33697248","0.18169723","-0.21273752","-0.048365872","1.2847127","0.09010783","-0.45195007","0.47133088","1250195593","0.406408","0.2427467","-0.045497872","-0.15387885","2016","null","null","null","null","null","null","null","null","null","null","null","null","null","null","-29.916748","16.930182","-14.50281","28.581156","0.3014455","0.6211666","0.19950838","0.39625153","1636148068921376800","3403818554821579520","null","null","null","null","null","14","Gaia DR3 3403818554821579520","83.61399983936663","22.041132762465967","-0.23316074795824415","0.5453508","0.24221741526789078","0.5408905","-0.23426731757678182","0.37012166","19.576447","19.220657","17.864328","NOT_AVAILABLE","1.356329","-0.35578918","1.7121181","null","null","0.96961254","0","false","false","false","false","false","false","null","null","null","null","null","null","null"
"0.002","0.0202","298.9923","0","0","0.47626635","33","1","283","0","284","95","false","0.30532834","0.0026","0.0263","-5.788690853475944","4.8665033e-10","4.7525102e-11","0.99999917","0.12865739","-0.53162014","-0.7611278","0.35323375","0.04145862","997.5321","1086.9268","false","0.0011","0.0109","-1.2583648761060668","84.0718359565235","null","null","null","false","false","false","false","0","0","0.03826498","167.02545","184.51317380490093","PHOENIX","4.897","4.9402","35","0","-1.7427","-1.5459","21","null","-0.6758767","0.42903048","-0.054472696","-0.069061644","371.27521139462334","21.698797","17.110405","1","0","32","1.1010892","1084.6773253155022","1.6863948","643.193","275","0","823.0513503414408","77.17245","10.665093","1","0","30","0.51063097","0.15974064","-0.46280617","0.03433776","1.4414707","0.029650781","-0.5035071","0.1599953","556279607","0.37867868","0.38716704","-0.25513405","-0.16236025","2016","null","null","null","null","null","null","null","null","null","null","null","null","null","null","-31.713905","13.280056","-15.578546","30.893682","0.27625138","0.58363813","0.22531557","0.3048744","1636148068921376800","3403819306443674368","4441.441","4464.7725","null","null","null","16","Gaia DR3 3403819306443674368","83.60369171736889","22.049386466407444","-0.11697383181133574","0.17306979","0.22675848545819932","0.19363594","-0.45752004266429597","0.13314733","18.099115","18.914303","17.459328","NOT_AVAILABLE","1.4549751","0.81518745","0.6397877","null","null","1.0190915","0","false","false","false","false","true","true","4452.6562","4.9257","-1.6752","1020.4337","0.0102","0.0079","0.0042"
"null","null","257.26123","1.8887521","1.5296315","0.38743335","27","2","227","0","229","95","false","2.2221377","null","null","-5.79536931479794","1.1358083e-9","6.463405e-10","0.999994","0.74468803","-0.49888548","-0.75245523","0.4320459","-0.08847945","null","null","false","null","null","-1.2559501684844592","84.06274925954592","null","null","null","false","false","false","false","0","0","0.044868745","55.51234","184.50652493184833","null","null","null","29","0","null","null","16","null","-0.7622354","0.36891693","-0.12761325","-0.1165158","60.79194273511245","7.481623","8.125502","0","0","21","1.4241568","139.47956708567872","0.90321964","154.42487","224","0","137.84882313497883","9.418135","14.636531","0","0","26","2.653636","0.31932557","-0.6331185","-0.10730518","1.1348206","0.16994657","-0.5694983","0.9719533","1559248283","0.29117057","0.3515796","-0.24009551","-0.15669568","2016","null","null","null","null","null","null","null","null","null","null","null","null","null","null","-29.24839","16.832224","-17.082264","27.989466","0.25575447","0.6797756","0.24244149","0.31719974","1636148068921376800","3403819207660260096","null","null","null","null","null","13","Gaia DR3 3403819207660260096","83.59378435195147","22.051395816857543","-0.7354161013666696","0.9648149","-2.080335318662076","1.429797","-1.64741894569079","0.87055457","20.32609","20.878927","19.399387","NOT_AVAILABLE","1.4795399","0.5528374","0.9267025","null","null","1.0169677","0","false","false","false","false","false","false","null","null","null","null","null","null","null"
"null","null","243.848","0.55978453","0.36937806","-0.12088597","27","0","234","0","234","95","false","0.81683254","null","null","-5.790041537245729","6.975369e-9","1.0209535e-10","0.9999985","0.37703788","-0.5295427","-0.7077886","-0.009318936","0.008422953","null","null","false","null","null","-1.2552023048862997","84.0684637875091","null","null","null","false","false","false","false","0","0","0.042808574","16.925327","184.50873033045286","null","null","null","28","0","null","null","17","null","0.6320094","0.32046258","-0.046383247","-0.17256857","118.32454877109862","9.5039425","12.450048","0","0","27","2.0848935","257.17655781900964","1.1918428","215.78061","231","0","417.86114943336105","15.57153","26.834944","0","0","25","1.7742329","0.23184451","-0.05139142","0.106413215","1.2559371","0.09093226","-0.34454727","0.479059","915587414","0.45744067","0.13836984","-0.18923227","-0.22425027","2016","null","null","null","null","null","null","null","null","null","null","null","null","null","null","-29.248766","13.596815","-22.179436","28.561268","0.3243749","0.58092344","0.18347935","0.36278915","1636148068921376800","3403819310738297088","null","null","null","null","null","13","Gaia DR3 3403819310738297088","83.59990657267791","22.05239644852139","0.3406483652522374","0.5389926","-1.7724347459426828","0.5832473","0.07985892390993217","0.37245524","19.661789","20.155855","18.195316","NOT_AVAILABLE","1.9605389","0.49406624","1.4664726","null","null","0.9928855","0","false","false","false","false","false","false","null","null","null","null","null","null","null"
"1.3393","1.3563","337.46555","0.01926217","0.038789608","-0.09584188","37","0","320","0","320","95","false","0.087853506","1.6573","1.677","-5.787934481199973","5.098186e-13","1.0206453e-13","0.9999958","0.036614455","-0.5344352","-0.7253266","0.30585346","0.019526033","1341.978","1433.4705","false","0.7228","0.7322","-1.2624440736636762","84.07504871790739","null","null","null","false","false","false","false","0","0","0.04650864","1.0948732","184.51833672280108","PHOENIX","4.3251","4.3818","39","0","-0.0033","0.0024","22","null","5.9334726","0.44813493","-0.047968253","-0.058285564","3076.9227297527605","15.273392","201.45642","1","0","34","1.2539715","7607.062995549791","3.0584886","2487.1968","318","0","6462.116763536243","45.49848","142.02928","3","0","34","2.5380428","0.21039699","-0.4545822","-0.020668795","1.4278555","0.009082402","-0.4464567","0.045819256","556230520","0.3140811","0.30549678","-0.13449033","-0.13576183","2016","null","null","null","null","null","null","null","null","null","null","null","null","null","null","-38.10662","13.690066","-16.683382","32.164055","0.28987977","0.57663876","0.28063124","0.31791756","1636148068921376800","3403818554824683264","6302.3584","6332.02","null","null","null","17","Gaia DR3 3403818554824683264","83.6073487295318","22.04545360615417","0.3100424453296867","0.05225312","1.7008509473511573","0.05748561","-1.8838170954766746","0.038289584","15.984324","16.61825","15.221958","NOT_AVAILABLE","1.3962917","0.63392544","0.7623663","null","null","0.9951179","0","true","false","false","false","true","true","6314.455","4.3502","-0.0002","1389.8218","1.6657","1.3466","0.7268"
"null","null","310.53058","0.5695273","0.31145436","1.4382508","32","1","270","0","271","95","false","0.87361306","null","null","-5.786003439586942","1.639782e-9","1.9749355e-9","0.99998164","0.43001363","-0.5753689","-0.7555241","0.10978199","0.07663908","null","null","false","null","null","-1.261334324167143","84.0766387082774","null","null","null","false","false","false","false","2","0","0.08941899","1.7537993","184.5181641882175","null","null","null","34","0","null","null","20","null","0.832689","0.4346782","0.06170435","-0.13307081","122.60344174367212","17.191105","7.1317954","0","0","22","1.5094002","238.57886150597113","1.0553076","226.0752","264","0","237.50755422338986","30.043383","7.9054866","0","0","19","1.3070638","0.15258317","-0.2608888","-0.024481276","1.4364498","0.096458","-0.48688757","0.5164221","1084894268","0.41259325","0.3146675","-0.121880084","-0.17263702","2016","null","null","null","null","null","null","null","null","null","null","null","null","null","null","-30.714434","16.650206","-14.312954","28.375275","0.30494204","0.6211339","0.21970859","0.37358254","1636148068921376800","3403818554824682880","null","null","null","null","null","14","Gaia DR3 3403818554824682880","83.60900901481165","22.046632676403718","0.4787767757924185","0.5749767","-1.2327375739339372","0.5961383","0.4344810087741202","0.41064718","19.743286","20.117285","18.808702","NOT_AVAILABLE","1.3085823","0.37399864","0.93458366","null","null","1.0619519","0","false","false","false","false","false","false","null","null","null","null","null","null","null"
"0.3336","0.5167","307.29248","0","0","-0.7117007","37","2","315","0","317","95","false","0.21253593","0.4184","0.6419","-5.785084874613671","7.022573e-11","4.5118135e-11","0.99999267","0.09075618","-0.5539591","-0.7168449","0.28069824","0.034576677","1155.2664","1304.2074","false","0.1838","0.2861","-1.2605224248818767","84.07723208202016","null","null","null","false","false","false","false","1","0","0.046662245","2.1275027","184.5177530207783","MARCS","4.7801","4.8272","39","0","-3.7297","-3.3391","22","null","-0.6467837","0.452502","-0.016613707","-0.06861425","728.9893429571533","15.259024","47.77431","1","0","35","1.2990437","1604.1856506458914","1.7006406","943.28314","313","0","1354.9177569885999","43.15572","31.396019","2","0","38","0.9326145","0.2119275","-0.42397234","-0.008291196","1.40616","0.022579016","-0.45552328","0.1129203","316591518","0.33183718","0.3148637","-0.12487534","-0.13606499","2016","null","null","null","null","null","null","null","null","null","null","null","null","null","null","-38.359257","13.808592","-17.42574","31.903944","0.28890914","0.57830614","0.27391875","0.32443318","1636148068921376800","3403818550529431424","5027.4175","5282.649","null","null","null","17","Gaia DR3 3403818550529431424","83.60960962608499","22.04747005100852","-0.08467833844438132","0.13092218","0.06360055949636663","0.13977598","-0.9304433290410827","0.09430877","17.67423","18.18174","16.918114","NOT_AVAILABLE","1.2636261","0.50750923","0.75611687","null","null","0.97044003","0","false","false","false","false","true","true","5260.9116","4.7924","-3.5731","1290.9551","0.6209","0.4997","0.2765"
"null","null","275.63455","0.55011106","0.25705808","0.05514666","31","1","267","0","268","95","false","0.99361736","null","null","-5.779887029520572","2.8602798e-8","1.898056e-9","0.9999949","0.48649347","-0.58455366","-0.7778809","0.11249578","0.08830941","null","null","false","null","null","-1.258126326275906","84.08185103482013","null","null","null","false","false","false","false","0","0","0.06487872","5.3298426","184.51797349374306","null","null","null","32","0","null","null","20","null","0.004846738","0.44263962","0.02168938","-0.16094533","121.75868992508809","8.63637","14.098365","0","0","27","1.9126235","204.96753454459383","0.91835815","223.1891","265","0","270.26704969375345","11.228805","24.069084","1","0","26","0.47453666","0.14136894","-0.21110351","0.06563361","1.3489225","0.10618452","-0.48240855","0.5993467","356129669","0.45928386","0.31695503","-0.21517453","-0.23204567","2016","null","null","null","null","null","null","null","null","null","null","null","null","null","null","-29.15753","16.700077","-13.867425","27.199902","0.2980209","0.63771266","0.21294107","0.38663468","1636148068921376800","3403818554822189952","null","null","null","null","null","14","Gaia DR3 3403818554822189952","83.61447251686565","22.050068219897835","0.0032122669086140088","0.6627688","0.4545342794324657","0.6728169","-0.13632177421846897","0.46112803","19.908154","20.124792","18.668413","NOT_AVAILABLE","1.4563789","0.21663857","1.2397404","null","null","1.0011368","0","false","false","false","false","false","false","null","null","null","null","null","null","null"
"0.3817","0.6591","322.63132","0.15840948","0.36090556","0.76725566","35","3","299","0","302","95","false","0.23075701","0.4781","0.8131","-5.77613172998842","6.3558436e-11","9.8800114e-11","0.9999955","0.09943674","-0.5297634","-0.7145389","0.23317945","0.03745116","1263.4102","1535.6725","false","0.2099","0.3656","-1.2588901056602206","84.08661961319254","null","null","null","false","false","false","false","0","0","0.0586953","174.71379","184.5210236989156","MARCS","4.7204","4.7995","37","0","-3.6018","-2.9127","21","null","1.9013594","0.43143538","-0.042525936","-0.043775007","679.8562667803786","12.355232","55.02578","3","0","35","1.3288628","1424.152736022358","1.8134745","785.3172","288","0","1212.647326783052","18.559332","65.33895","1","0","32","0.077049166","0.17914082","-0.37186083","-0.03867256","1.4673537","0.02506319","-0.39968216","0.12373243","971819647","0.330672","0.2760348","-0.14150718","-0.110907644","2016","null","null","null","null","null","null","null","null","null","null","null","null","null","null","-38.56919","13.120544","-18.768507","33.141865","0.29281682","0.56093156","0.26802504","0.3121063","1636148068921376800","3403818550529432704","5066.4507","5500.38","null","null","null","17","Gaia DR3 3403818550529432704","83.6196475773316","22.04951606397056","0.27041448970694215","0.14222166","-0.0458995636214085","0.15411507","-0.06188541006015127","0.103814706","17.803476","18.2575","17.038559","NOT_AVAILABLE","1.2189407","0.45402336","0.7649174","null","null","1.0307125","0","false","false","false","false","true","true","5259.4014","4.7607","-3.2982","1387.2285","0.6385","0.5131","0.2833"
"null","null","307.49222","1.5618737","1.1937315","2.8020427","28","0","235","0","235","95","false","1.5146813","null","null","-5.775807479752245","1.2262924e-9","3.2338787e-9","0.9999931","0.7082859","-0.6555014","-0.76397914","0.22414787","0.0430196","null","null","false","null","null","-1.2577241942301434","84.08632454264342","null","null","null","false","false","false","false","1","0","0.00900158","47.630238","184.51985967176572","null","null","null","30","1","null","null","17","null","0.20135896","0.48682916","0.024974024","-0.11994078","66.08262995671748","9.051636","7.3006287","0","0","19","1.3690225","149.6673489670205","0.93711126","159.7114","235","0","138.8153276889932","13.933792","9.962495","0","0","25","1.7926018","0.15013385","-0.31919438","0.18191262","1.5871137","0.15843125","-0.5272992","0.84216774","383238174","0.3955377","0.37696788","-0.27429137","-0.2991319","2016","null","null","null","null","null","null","null","null","null","null","null","null","null","null","-50.353657","15.807848","-21.028473","28.178604","0.26817605","0.6162222","0.27874652","0.39253646","1636148068921376800","3403818554822957696","null","null","null","null","null","14","Gaia DR3 3403818554822957696","83.61927398866132","22.05066779141689","0.19644828393114755","0.9756123","1.7912309865277678","0.9896937","-0.07009074954793651","0.67099166","20.24955","20.788324","19.391802","NOT_AVAILABLE","1.3965225","0.5387745","0.85774803","null","null","1.1322303","0","false","false","false","false","false","false","null","null","null","null","null","null","null"
"null","null","121.22473","4.2734656","20.24954","2.364059","11","1","92","0","93","3","false","11.8371525","null","null","-5.7781027949694455","0.00000960897","0.0000112779935","0.99920005","3.2445247","null","null","null","null","null","null","false","null","null","-1.2548456337178258","84.08202608422948","null","null","null","false","false","false","false","0","0","0.51519984","4.682285","184.5152007648405","null","null","null","11","0","null","null","4","null","null","null","null","null","52.03383739550292","17.891165","2.9083538","0","0","6","2.0796852","75.14937485555939","1.3783551","54.521053","91","0","104.2532093597534","18.53294","5.625293","0","0","11","null","null","null","null","null","null","-0.85244757","4.087406","175776424","null","null","null","null","2016","null","null","null","null","null","null","null","null","null","null","null","null","null","null","-110.97641","29.159834","-18.526937","34.889072","0.24939182","0.8091702","0.45012066","0.58579195","1636148068921376800","3403819310737202176","null","null","null","null","null","8","Gaia DR3 3403819310737202176","83.61450452231652","22.053353443065788","null","null","null","null","null","null","20.997553","21.047827","19.702671","NOT_AVAILABLE","1.3451557","0.050273895","1.2948818","null","null","null","0","false","false","false","false","false","false","null","null","null","null","null","null","null"
"null","null","312.25574","0.57347417","0.74880236","1.5048578","32","0","272","0","272","95","false","0.56810397","null","null","-5.7762785323279795","5.136219e-13","2.8669215e-11","0.99999857","0.28307056","-0.58111507","-0.7308395","0.055842828","0.07345535","null","null","false","null","null","-1.2560115480973142","84.08479867767298","null","null","null","false","false","false","false","0","0","0.056592636","2.4162285","184.51760357702133","null","null","null","33","0","null","null","20","null","0.410352","0.43938076","0.061692","-0.103561126","139.783015127593","7.615599","18.354828","0","0","26","1.1499603","371.24233143096586","0.99906784","371.5887","270","0","287.13091753899283","9.733038","29.500647","0","0","30","1.680876","0.16307136","-0.2182229","-0.0477405","1.5579548","0.06632287","-0.43445915","0.34669873","340383698","0.42145905","0.2573558","-0.062589794","-0.15426514","2016","null","null","null","null","null","null","null","null","null","null","null","null","null","null","-27.661753","14.931583","-15.251567","28.427242","0.3340063","0.6036052","0.21296729","0.35133836","1636148068921376800","3403818554821572864","null","null","null","null","null","14","Gaia DR3 3403818554821572864","83.61754798151976","22.052311299492246","0.16464778469905253","0.4012355","1.6770043932052596","0.39723882","0.11401879212363034","0.27091902","19.263224","19.974907","18.602695","NOT_AVAILABLE","1.3722115","0.7116833","0.6605282","null","null","1.0646684","0","false","false","false","false","false","false","null","null","null","null","null","null","null"
"null","null","284.75415","0","0","-0.08773726","33","1","284","0","285","95","false","0.49659508","null","null","-5.777135956493232","1.4848364e-10","2.1662316e-10","0.9999938","0.23895893","-0.581624","-0.7222285","0.07982838","0.06460037","null","null","false","null","null","-1.2536644030496216","84.08246320122609","null","null","null","false","false","false","false","0","0","0.07121072","0.92598754","184.51438948255608","null","null","null","35","0","null","null","21","null","0.8831949","0.43958446","0.046034247","-0.13645409","206.11600112781102","19.06851","10.809235","1","0","31","1.3027735","438.8481695863157","1.0830848","405.18356","274","0","365.603746805394","17.333334","21.092524","1","0","30","0.7281032","0.18150264","-0.26760525","-0.024250234","1.487533","0.056457736","-0.4544854","0.29406443","868914592","0.39809346","0.25499398","-0.031425055","-0.15534042","2016","null","null","null","null","null","null","null","null","null","null","null","null","null","null","-35.835037","16.743904","-15.814116","28.972353","0.29595822","0.62067163","0.25130507","0.37523767","1636148068921376800","3403819310735816832","null","null","null","null","null","15","Gaia DR3 3403819310735816832","83.61491917866127","22.054552854025104","0.29902090598323117","0.3385673","0.0646497989275309","0.34532478","-0.7252273294388941","0.23082024","19.081581","19.553263","18.340368","NOT_AVAILABLE","1.2128944","0.4716816","0.74121284","null","null","0.9950841","0","false","false","false","false","false","false","null","null","null","null","null","null","null"
"null","null","81.998924","0","0","1.6056108","8","0","68","0","68","3","false","18.39548","null","null","-5.78069418149965","0.000024136963","0.00012889886","0.99870074","4.107341","null","null","null","null","null","null","false","null","null","-1.2738419545200135","84.08993732966309","null","null","null","false","false","false","false","0","0","0.15109473","32.42875","184.53571834223266","null","null","null","8","1","null","null","2","null","null","null","null","null","79.4517043131435","28.605612","2.7774866","0","0","4","4.8933706","66.18948384554997","1.9412926","34.095573","67","1","244.4379772028623","55.18723","4.429249","0","0","7","null","null","null","null","null","null","-0.71284354","4.609243","325756279","null","null","null","null","2016","null","null","null","null","null","null","null","null","null","null","null","null","null","null","-19.078112","27.367907","-8.231467","32.27605","0.24415308","0.703319","0.09771093","0.6814284","1636148068921376800","3403818486103489536","null","null","null","null","null","7","Gaia DR3 3403818486103489536","83.62393552939815","22.034725435232385","null","null","null","null","null","null","21.135395","20.588284","18.777473","NOT_AVAILABLE","1.8108101","-0.5471115","2.3579216","null","null","null","0","false","false","false","false","false","false","null","null","null","null","null","null","null"
"null","null","291.54312","0","0","0.1689435","33","2","280","0","282","95","false","0.53471935","null","null","-5.778712791276579","2.202901e-8","3.2649763e-9","0.999999","0.22517508","-0.49938315","-0.72265404","0.31199405","0.004594457","null","null","false","null","null","-1.2700380236898827","84.0900396043284","null","null","null","false","false","false","false","0","0","0.030589363","145.14288","184.53245298322113","null","null","null","35","0","null","null","20","null","-0.25471732","0.4162817","-0.0339023","-0.09258796","389.927240765817","74.24507","5.251894","0","0","30","1.9870534","499.6119746422925","1.6600337","300.96494","275","0","602.8284481912547","42.961494","14.031832","0","0","28","2.8803992","0.22817184","-0.44938508","-0.008025214","1.403471","0.05526938","-0.47493288","0.28595594","860050248","0.2435435","0.32710934","-0.17118615","-0.102037296","2016","null","null","null","null","null","null","null","null","null","null","null","null","null","null","-30.41636","15.785198","-11.706006","31.759214","0.28106937","0.6126262","0.28033018","0.32151887","1636148068921376800","3403818481809956992","null","null","null","null","null","17","Gaia DR3 3403818481809956992","83.62386440364894","22.038530168863197","-0.0801907936557705","0.3148227","0.8943899661731579","0.34732416","-2.7380223357564253","0.2352373","18.940784","18.861084","17.797411","NOT_AVAILABLE","1.063673","-0.07970047","1.1433735","null","null","1.0060064","0","false","false","false","false","false","false","null","null","null","null","null","null","null"
"null","null","526.59674","72.82606","51.37552","18.186369","6","0","49","0","49","3","false","6441.128","null","null","-5.772877727948897","0.0011928737","0.0005993684","0.99798757","36.95363","null","null","null","null","null","null","false","null","null","-1.2734380872925202","84.09871888806997","null","null","null","false","false","false","false","0","0","0.29751304","74.10968","184.53975678987175","null","null","null","6","1","null","null","5","null","null","null","null","null","808.4477783792885","102.53146","7.884875","4","0","4","53.166027","33.75235369294555","1.9467787","17.33754","48","0","986.0307682687198","435.0001","2.266737","3","0","4","null","null","null","null","null","null","-0.8680376","73.03344","1439861766","null","null","null","null","2016","null","null","null","null","null","null","null","null","null","null","null","null","null","null","-137.94595","27.519709","-24.339737","32.75348","0.72361624","0.8443766","0.91735095","0.61253446","1636148068921376800","3403818486103485184","null","null","null","null","null","4","Gaia DR3 3403818486103485184","83.63337827915387","22.035516543746407","null","null","null","null","null","null","21.866606","18.069412","17.26317","NOT_AVAILABLE","0.806242","-3.7971935","4.6034355","null","null","null","0","false","false","false","false","false","false","null","null","null","null","null","null","null"
"null","null","280.4942","0.23681295","0.65819377","1.408615","28","1","245","0","246","95","false","0.896917","null","null","-5.7742894060038115","null","null","null","0.32899234","-0.3014819","-0.94788283","0.8373615","-0.22764933","null","null","false","null","null","-1.2715438440463027","84.09600425115379","null","null","null","false","false","false","false","0","100","0.078058004","1.3701947","184.53674804385776","null","null","null","29","2","null","null","17","null","0.24122015","0.28301936","-0.10750684","-0.09515507","null","null","null","null","null","0","null","1356.075073097371","2.2049181","615.0229","201","2","null","null","null","null","null","0","0.16410314","0.34533367","-0.90464604","-0.2813734","1.460158","0.031278893","-0.9238289","0.42135608","1115802223","0.22337219","0.8497099","-0.74298733","0.16133846","2016","null","null","null","null","null","null","null","null","null","null","null","null","null","null","-13.611198","20.078127","-3.885004","22.676603","0.23684692","0.8155398","0.29039505","0.4255608","1636148068921376800","3403818486102098688","null","null","null","null","null","12","Gaia DR3 3403818486102098688","83.63036308878945","22.037289172377584","0.04577546929068932","0.18976636","-0.029028899365788417","0.46271786","0.1615152103390054","0.32462904","17.856657","null","null","NOT_AVAILABLE","null","null","null","null","null","1.0636915","0","false","false","false","false","false","false","null","null","null","null","null","null","null"
"null","null","347.96124","0","0","0.8508114","37","0","320","0","320","95","false","0.14032249","null","null","-5.774151211742842","7.1821544e-9","3.5764486e-10","0.999996","0.059140768","-0.5366653","-0.7487899","0.29574636","0.028194577","null","null","false","null","null","-1.271385558895664","84.09607278972595","null","null","null","false","false","false","false","14","0","0.050631367","179.28339","184.5366443101662","null","null","null","39","0","null","null","22","null","1.8857785","0.46650806","0.025534568","-0.05636253","2223.9376042734766","79.93513","27.821781","36","0","36","1.78696","3459.328470063936","3.1613765","1094.2476","316","0","3957.7440188121573","138.26837","28.62364","33","0","33","2.9843628","0.20897181","-0.4333082","-0.006682966","1.4802772","0.014254772","-0.4806619","0.07582575","1194975598","0.37681097","0.35353726","-0.1018418","-0.106945455","2016","null","null","null","null","null","null","null","null","null","null","null","null","null","null","-28.164703","12.294751","-14.295479","29.89405","0.31925365","0.59028375","0.24998347","0.30110863","1636148068921376800","3403818486105204992","null","null","null","null","null","17","Gaia DR3 3403818486105204992","83.63042940173106","22.037450327854625","0.16598316315096787","0.08801837","1.9272682101412142","0.09234312","-2.2786090479433327","0.06143057","16.839888","16.970736","15.754276","NOT_AVAILABLE","1.2164593","0.13084793","1.0856113","null","null","1.0330691","0","true","false","false","false","false","true","null","null","null","null","null","null","null"
"0.0008","0.0094","333.94833","1.1632274","4.456618","5.0820904","25","5","210","0","215","95","false","0.86040735","0.0012","0.0134","-5.773194270997392","1.0104191e-7","3.2250533e-10","0.9999941","0.37581158","-0.38753146","-0.88864434","-0.4101647","-0.29829344","296.4145","326.933","false","0.0004","0.0051","-1.2667440038210092","84.09451315889477","null","null","null","false","false","false","false","5","38","0.041671533","42.22222","184.53181778906307","PHOENIX","5.1887","5.2272","38","0","-1.5876","-1.4365","21","null","2.125893","0.35635087","0.028028045","-0.03722751","435.5093895758656","68.66719","6.3423214","11","0","11","2.5295174","558.3853966897315","1.5363505","363.44922","212","0","976.9361616301229","110.89513","8.80955","13","0","13","4.6250687","0.43483642","0.38451785","0.32372355","1.5460702","0.0750139","0.22060248","0.5685204","659624328","0.5725135","-0.24275276","-0.42309427","-0.3292741","2016","null","null","null","null","null","null","null","null","null","null","null","null","null","null","-11.827562","-3.5563314","-15.428155","15.263835","0.5255933","0.6456324","0.15615442","0.1779458","1636148068921376800","3403818481809958016","3616.894","3665.898","null","null","null","12","Gaia DR3 3403818481809958016","83.6285278007104","22.042018521293745","1.3488095403327862","0.63446724","4.608720579889671","0.5184358","-0.3885274633320487","0.38930097","18.820032","18.741049","17.27323","NOT_AVAILABLE","1.4678192","-0.07898331","1.5468025","null","null","1.2601084","0","false","false","false","false","true","false","3643.9312","5.2097","-1.5056","306.574","0.0048","0.0034","0.0018"
"null","null","5327.387","4.702905","100.56201","59.423412","31","3","265","0","268","3","false","1.5605154","null","null","-5.773298240174942","0.00007905177","0.000025979134","0.99925846","0.73819923","null","null","null","null","null","null","false","null","null","-1.2665372451346026","84.0942746409962","null","null","null","false","false","false","false","4","27","0.14176197","70.78989","184.53151827227782","null","null","null","38","0","null","null","22","null","null","null","null","null","516.4698777626102","75.04781","6.881878","17","0","17","2.7213225","610.0035874483384","3.6185298","168.57774","250","0","1143.5465770507205","139.23784","8.212901","17","0","17","null","null","null","null","null","null","-0.3361143","0.71805304","1437143098","null","null","null","null","2016","null","null","null","null","null","null","null","null","null","null","null","null","null","null","-57.419617","10.998619","-18.41325","31.666464","0.2900498","0.5629204","0.3837343","0.24118151","1636148068921376800","3403818486102097664","null","null","null","null","null","15","Gaia DR3 3403818486102097664","83.62826093892588","22.042214549252858","null","null","null","null","null","null","18.724035","18.55593","17.10226","NOT_AVAILABLE","1.4536686","-0.16810608","1.6217747","null","null","null","0","false","false","false","false","false","false","null","null","null","null","null","null","null"
"null","null","303.51694","0","0","-1.1202435","38","2","328","0","330","95","false","0.2109766","null","null","-5.7663188898972155","6.306519e-8","1.4634866e-9","0.99999946","0.09103549","-0.5475571","-0.7665735","0.25645334","-0.010112246","null","null","false","null","null","-1.2734944359450087","84.10631429912996","null","null","null","false","false","false","false","1","0","0.03100488","179.18985","184.54360336266723","null","null","null","40","0","null","null","24","null","1.2784907","0.4871085","0.049971078","-0.0411752","1076.2154774012472","54.24154","19.841167","37","0","37","1.8669254","1633.0518114710444","3.1052957","525.8926","318","0","1972.5704463947134","65.83891","29.960556","38","0","38","0.82155657","0.20025627","-0.41499025","-0.014940033","1.4982566","0.02203724","-0.44271672","0.11626215","144059195","0.3880148","0.30988964","-0.06153324","-0.14319131","2016","null","null","null","null","null","null","null","null","null","null","null","null","null","null","-20.389233","11.785226","-8.936347","27.504932","0.36117443","0.60665756","0.24645065","0.2959097","1636148068921376800","3403818310011271680","null","null","null","null","null","17","Gaia DR3 3403818310011271680","83.64156494525831","22.035795064232452","0.17797577434996303","0.13920772","0.7955209954179523","0.14025465","0.2051867065699732","0.093117416","17.654867","17.758795","16.510315","NOT_AVAILABLE","1.2484798","0.10392761","1.1445522","null","null","0.95516294","0","false","false","false","false","false","true","null","null","null","null","null","null","null"
"null","null","396.61035","0.23994035","0.99423665","2.2863998","38","3","328","0","331","95","false","0.22341174","null","null","-5.769435532642144","2.9033158e-8","8.916717e-10","1","0.09636744","-0.5610492","-0.7524814","0.26135668","0.023520416","null","null","false","null","null","-1.2689683654276906","84.10012365872963","null","null","null","false","false","false","false","0","0","0.036931828","179.87057","184.53656221567616","null","null","null","40","0","null","null","23","null","2.3443286","0.48980945","0.037718795","-0.055977594","1017.428756910335","41.037056","24.792927","2","0","40","1.8190169","1580.835860796347","2.9782012","530.80225","314","0","1858.1384102671736","74.550766","24.92447","1","0","39","0.9387469","0.1900818","-0.4065454","-0.010884016","1.4763744","0.023168739","-0.46523803","0.12307532","1623230763","0.3817017","0.3363056","-0.06156157","-0.1221134","2016","null","null","null","null","null","null","null","null","null","null","null","null","null","null","-26.834288","12.250047","-12.891624","28.344519","0.32256445","0.6033813","0.25361776","0.30255762","1636148068921376800","3403818520464941184","null","null","null","null","null","17","Gaia DR3 3403818520464941184","83.63467920139702","22.040043871263418","0.344323916189074","0.14687528","0.8501285354771715","0.14874305","-0.39815489938824755","0.09835278","17.69015","17.819782","16.575201","NOT_AVAILABLE","1.2445812","0.12963295","1.1149483","null","null","1.0903708","0","false","false","false","false","false","true","null","null","null","null","null","null","null"
"null","null","319.39395","0.23075661","0.21187988","-0.1334892","37","2","319","0","321","95","false","0.44631198","null","null","-5.764666419206294","7.71657e-8","7.615776e-8","0.9999998","0.19577284","-0.5647699","-0.7742589","0.27471623","-0.015598228","null","null","false","null","null","-1.268667097402971","84.10545014627375","null","null","null","false","false","false","false","0","0","0.06826086","1.3634665","184.53896264432774","null","null","null","38","0","null","null","22","null","-0.23404206","0.5039744","0.022634003","-0.037660304","370.39174360303736","14.31537","25.87371","1","0","36","1.7697699","533.9073330528279","1.232696","433.1216","312","0","574.5014094064285","21.241947","27.04561","1","0","38","0.5187168","0.19199437","-0.40600097","-0.051207114","1.4969168","0.047048047","-0.41634828","0.24619542","788351767","0.36362138","0.30531257","-0.042400103","-0.16613698","2016","null","null","null","null","null","null","null","null","null","null","null","null","null","null","-22.573475","11.429639","-10.154041","27.758026","0.35704848","0.6013232","0.2664766","0.2725646","1636148068921376800","3403818520461829504","null","null","null","null","null","17","Gaia DR3 3403818520461829504","83.64040431153123","22.040579641341647","-0.06980527914989929","0.29825956","-0.10543079980818007","0.29661196","-0.5078892418097853","0.1961655","18.868702","18.91689","17.849669","NOT_AVAILABLE","1.0672207","0.048187256","1.0190334","null","null","0.99360657","0","false","false","false","false","false","false","null","null","null","null","null","null","null"
"null","null","354.7616","0","0","1.0273436","37","2","318","9","320","31","false","0.061787397","null","null","-5.764935987294694","5.0997965e-13","3.5897404e-10","0.9999932","0.025934922","-0.52093977","-0.79068315","0.30907044","null","null","null","false","null","null","-1.26759688453088","84.10452527258315","null","null","null","false","false","false","false","0","0","0.07370312","177.71544","184.53756718460966","null","null","null","39","0","null","null","23","1.5808023","4.8628936","0.48483226","0.010227427","null","9355.071377944525","18.363995","509.42465","1","0","37","1.2150897","16340.329716778946","6.484762","2519.804","314","0","10499.893921007462","34.368744","305.50705","0","1","34","0.7140382","null","-0.45744747","null","null","null","-0.44873878","0.03313739","1778928149","0.38228378","0.35646832","-0.07538748","null","2016","null","null","null","null","null","null","null","null","null","null","null","null","null","null","null","null","null","null","null","null","null","null","1636148068921376800","3403818520464938880","null","null","null","null","null","17","Gaia DR3 3403818520464938880","83.63935683832307","22.041608060083934","0.18800962414868214","0.03866209","0.5613355377590978","0.040896162","-0.4413082031172582","0.025795845","15.154215","15.410925","14.694933","NOT_AVAILABLE","0.715992","0.25671005","0.45928192","null","null","1.0402614","0","true","false","false","false","false","true","null","null","null","null","null","null","null"
"0.006","0.0563","319.8763","0","0","-0.9490163","39","0","336","0","336","31","false","0.18902254","0.0079","0.0736","-5.762913091461955","6.1964366e-13","1.0222471e-13","0.99999934","0.08113406","-0.55658877","-0.7785313","0.25626105","null","718.3662","782.5413","false","0.0032","0.0305","-1.2650245266357685","84.10538201751001","null","null","null","false","false","false","false","0","0","0.046405673","178.53804","184.53575286040683","MARCS","4.6954","4.8328","41","0","-2.2044","-1.8136","24","1.452756","2.9288425","0.5121675","0.034838527","null","720.3872036954253","16.543833","43.544155","1","0","39","1.1700087","1846.7542547666367","1.7177821","1075.0806","331","0","1440.3313052839637","16.158278","89.138916","1","0","33","3.785761","null","-0.41734326","null","null","null","-0.46677122","0.10308983","924340370","0.3769547","0.3615306","-0.07122805","null","2016","null","null","null","null","null","null","null","null","null","null","null","null","null","null","-23.388554","12.243728","-10.897736","27.341242","0.33671787","0.61271966","0.2501953","0.30587474","1636148068921376800","3403818520464937728","4326.356","4384.072","null","null","null","17","Gaia DR3 3403818520464937728","83.64015770279765","22.044215670875126","0.36184747862703615","0.12354624","0.2360604167819947","0.1260003","-3.778394224293272","0.0813076","17.521343","18.194628","16.85174","NOT_AVAILABLE","1.3428879","0.67328453","0.66960335","null","null","0.9623487","0","true","false","false","false","true","true","4347.054","4.7569","-2.0746","752.6067","0.0277","0.0211","0.0114"
"null","null","260.7953","0","0","-1.2483578","33","0","286","0","286","95","false","0.61561495","null","null","-5.762551299605806","1.1433045e-9","1.6638823e-9","0.9999996","0.31150287","-0.617687","-0.76828754","-0.024834903","0.06781225","null","null","false","null","null","-1.2635906251078801","84.1049765006145","null","null","null","false","false","false","false","0","0","0.065493785","2.600662","184.53429999238816","null","null","null","35","0","null","null","22","null","-1.1889017","0.49451196","0.18432412","-0.12421212","98.29697100270091","9.914791","9.914175","0","0","29","0.86819756","323.5526789487735","0.97688556","331.20837","282","0","182.61068181225895","10.715824","17.041216","0","0","32","1.5448892","0.13716854","-0.19202586","-0.049712095","1.4637161","0.0686322","-0.49646255","0.3940917","754538631","0.50367045","0.30088574","0.03893377","-0.18080667","2016","null","null","null","null","null","null","null","null","null","null","null","null","null","null","-17.269009","14.999119","-6.2388487","25.21711","0.36829224","0.64269704","0.18409249","0.408106","1636148068921376800","3403818520461826048","null","null","null","null","null","14","Gaia DR3 3403818520461826048","83.63965254729565","22.0456303101327","-0.5561307280055511","0.4677685","0.22500144122116106","0.4382612","-1.528416531405842","0.28860822","19.412504","20.357191","19.09408","NOT_AVAILABLE","1.2631111","0.9446869","0.31842422","null","null","0.9465447","0","false","false","false","false","false","false","null","null","null","null","null","null","null"
"null","null","272.05423","0","0","-0.8467853","33","3","287","0","290","95","false","0.61093986","null","null","-5.758750170948982","9.176856e-10","3.0383004e-10","0.9999913","0.32256824","-0.603286","-0.7935111","-0.016991751","0.06912174","null","null","false","null","null","-1.2657360553942956","84.11059058618605","null","null","null","false","false","false","false","0","0","0.06107841","10.560118","184.53897731043324","null","null","null","34","0","null","null","22","null","0.3324139","0.49166605","0.1855541","-0.14778835","154.32685876079893","10.339052","14.926597","2","0","34","1.4137079","323.2607303072591","0.9900375","326.5136","280","0","302.6693645269122","12.636749","23.95152","0","0","31","1.450439","0.12929355","-0.168452","-0.08242237","1.4292499","0.07150187","-0.44655868","0.39626297","641177292","0.4898708","0.2833595","0.006665174","-0.19548507","2016","null","null","null","null","null","null","null","null","null","null","null","null","null","null","-13.406109","13.260186","-3.800685","24.363726","0.4311888","0.63401246","0.2178918","0.34813815","1636148068921376800","3403818516172357632","null","null","null","null","null","14","Gaia DR3 3403818516172357632","83.64580406250678","22.043734234524017","0.15872720029813547","0.47749868","1.1286043156814196","0.43531263","-0.9110573950014347","0.29669252","19.413485","19.86744","18.545475","NOT_AVAILABLE","1.3219643","0.4539547","0.86800957","null","null","0.9633222","0","false","false","false","false","false","false","null","null","null","null","null","null","null"
"null","null","127.89309","0","0","0.28700203","15","1","129","0","130","3","false","5.0814734","null","null","-5.757818876431396","0.000042186177","0.00007534691","0.9991197","1.8386598","null","null","null","null","null","null","false","null","null","-1.2652245005092015","84.111370972535","null","null","null","false","false","false","false","0","0","0.100567095","166.61778","184.5389214883557","null","null","null","16","0","null","null","11","null","null","null","null","null","64.60666821083012","9.88786","6.5339384","0","0","6","2.3752685","89.48346864080177","1.3058418","68.525505","127","0","147.94060112670584","17.37795","8.513122","0","0","10","null","null","null","null","null","null","-0.6884015","2.0687497","769610594","null","null","null","null","2016","null","null","null","null","null","null","null","null","null","null","null","null","null","null","-37.98765","7.022755","-16.317244","18.437685","0.3654012","0.6533334","0.3506061","0.3422117","1636148068921376800","3403818520463209856","null","null","null","null","null","8","Gaia DR3 3403818520463209856","83.64662067503184","22.04427964652365","null","null","null","null","null","null","20.80801","20.812849","19.322678","NOT_AVAILABLE","1.4901714","0.0048389435","1.4853325","null","null","null","0","false","false","false","false","false","false","null","null","null","null","null","null","null"
"null","null","107.89456","3.289188","5.063331","0.5213685","13","5","106","0","111","3","false","15.52203","null","null","-5.772321771411655","0.0002456905","0.00023069244","0.9982494","5.258394","null","null","null","null","null","null","false","null","null","-1.262998206246792","84.09337006977199","null","null","null","false","false","false","false","0","0","0.07244666","11.25238","184.5279805074797","null","null","null","13","1","null","null","8","null","null","null","null","null","50.6319071423084","4.9019766","10.328876","0","0","6","2.0958133","87.12342808266007","1.3059396","66.71322","104","0","131.96253947642708","22.822224","5.7821946","0","0","10","null","null","null","null","null","null","-0.9692636","7.5798573","1279302594","null","null","null","null","2016","null","null","null","null","null","null","null","null","null","null","null","null","null","null","-12.824681","17.472948","-7.882875","20.266903","0.21179125","0.7681945","0.12978084","0.46448052","1636148068921376800","3403818589182695808","null","null","null","null","null","9","Gaia DR3 3403818589182695808","83.62711760648135","22.0457102002225","null","null","null","null","null","null","20.83703","21.077482","19.44677","NOT_AVAILABLE","1.6307125","0.24045181","1.3902607","null","null","null","0","false","false","false","false","false","false","null","null","null","null","null","null","null"
"0.6756","0.822","316.97012","0","0","-0.72136086","38","0","331","0","331","95","false","0.17560658","0.845","1.0187","-5.768281479985218","1.2379014e-10","2.032102e-11","0.99999523","0.07410064","-0.54686743","-0.7342247","0.30684102","0.033164218","1074.1176","1168.0334","false","0.3741","0.4568","-1.263038271124501","84.0980520030237","null","null","null","false","false","false","false","0","0","0.049405936","178.76114","184.5303563350745","MARCS","4.7377","4.7687","40","0","-3.8613","-2.9825","23","null","2.5343058","0.46259952","-0.036628973","-0.05830983","977.6508885697564","17.617899","55.491913","1","0","40","1.31596","2159.038685278218","1.9329766","1116.9502","327","0","1863.5576515374855","24.077566","77.398094","1","0","38","3.7145061","0.20851378","-0.45235837","-0.0034193017","1.4723399","0.018255034","-0.45686314","0.091672294","694974797","0.30611387","0.31881508","-0.14492728","-0.11975406","2016","null","null","null","null","null","null","null","null","null","null","null","null","null","null","-34.91529","13.610069","-15.328679","30.854986","0.2937564","0.5896018","0.27127153","0.31487858","1636148068921376800","3403818516169697664","5301.4863","5554.5933","null","null","null","17","Gaia DR3 3403818516169697664","83.63216462459508","22.045876812290587","0.2686163382544283","0.105992086","2.9442180371153137","0.11442285","-2.26475958543897","0.076935284","17.351715","17.863083","16.572039","NOT_AVAILABLE","1.2910442","0.5113678","0.77967644","null","null","0.970824","0","true","false","false","false","true","true","5509.864","4.7524","-3.4208","1155.1016","0.9876","0.7958","0.4418"
"null","null","288.8908","0","0","0.59816015","31","0","269","0","269","95","false","0.95963717","null","null","-5.7658053529125555","1.0841016e-9","6.0603367e-10","0.9999911","0.45656255","-0.5685809","-0.7327538","0.0004324746","0.052999724","null","null","false","null","null","-1.2542812527893983","84.0958827801292","null","null","null","false","false","false","false","1","0","0.07225477","5.7954354","184.52163710057374","null","null","null","33","0","null","null","20","null","0.6643817","0.36887008","-0.020250246","-0.18919608","100.7169081569481","12.832382","7.8486524","0","0","28","1.4829285","192.37264946490885","0.85969436","223.76865","267","0","184.55797546897486","13.021261","14.173587","2","0","29","1.8695935","0.20748855","-0.04380497","0.09227068","1.4256489","0.10887934","-0.3334844","0.5685565","73797128","0.43403336","0.14939287","-0.17543846","-0.25325644","2016","null","null","null","null","null","null","null","null","null","null","null","null","null","null","-29.391891","12.220103","-18.325636","28.394245","0.35237086","0.5880381","0.24928544","0.29014015","1636148068921376800","3403818589181920896","null","null","null","null","null","15","Gaia DR3 3403818589181920896","83.6294100387133","22.054529574604597","0.44342591413831944","0.66742647","-0.35435333679638353","0.6863356","-1.8357051746954505","0.44520563","19.977009","20.330786","19.082563","NOT_AVAILABLE","1.2482224","0.35377693","0.8944454","null","null","1.0249159","0","false","false","false","false","false","false","null","null","null","null","null","null","null"
"null","null","302.2906","1.3913305","1.4807601","2.3428435","28","1","241","0","242","95","false","1.1193508","null","null","-5.766936516427793","1.4103645e-9","3.7689524e-10","0.99999267","0.5276648","-0.5602956","-0.7571292","0.053949263","0.09074004","null","null","false","null","null","-1.2527514620012157","84.09370064263392","null","null","null","false","false","false","false","0","0","0.03615005","69.04718","184.5192123271418","null","null","null","29","1","null","null","18","null","0.49641567","0.40249297","0.025869042","-0.22188237","77.54227155709306","8.70672","8.906025","1","0","25","1.5804691","188.15707532397386","0.9984595","188.44737","238","0","219.83416825990352","14.475978","15.186136","0","0","27","2.8775337","0.15912434","-0.12752233","0.11357627","1.4752766","0.12605643","-0.43193024","0.78016275","138245058","0.62083256","0.24958347","-0.16704568","-0.33007845","2016","null","null","null","null","null","null","null","null","null","null","null","null","null","null","-11.992964","11.57081","-8.848474","24.871851","0.4491158","0.62178516","0.17443179","0.3334365","1636148068921376800","3403818589183406336","null","null","null","null","null","14","Gaia DR3 3403818589183406336","83.6269855862344","22.055961542605715","0.4371264123039704","0.8805653","0.3447898527307116","0.77066594","-2.856802482554134","0.51132834","20.001066","20.614697","18.892658","NOT_AVAILABLE","1.7220383","0.6136303","1.108408","null","null","1.1085227","0","false","false","false","false","false","false","null","null","null","null","null","null","null"
"null","null","289.55743","0","0","-0.7704487","33","1","283","0","284","95","false","1.2988943","null","null","-5.761968622808222","1.5942847e-10","6.348767e-11","0.9999934","0.6127468","-0.6489173","-0.6892237","0.07387216","0.0977615","null","null","false","null","null","-1.261954465238569","84.10470963930479","null","null","null","false","false","false","false","0","0","0.016850121","92.31092","184.5327401158212","null","null","null","34","0","null","null","19","null","2.994217","0.45865375","0.13727182","-0.19912286","52.707832010208996","12.286018","4.2900662","0","0","16","1.6021872","127.59766041476922","0.84731656","150.5903","280","0","151.72750326390482","8.819714","17.203224","0","0","25","4.74529","0.20529038","-0.24837218","0.026481433","1.2028562","0.15375671","-0.521591","0.842229","751293205","0.5251369","0.2989821","0.0494926","-0.2648715","2016","null","null","null","null","null","null","null","null","null","null","null","null","null","null","-23.1476","12.003328","-16.00537","25.858728","0.36574867","0.62411946","0.23117766","0.32472748","1636148068921376800","3403818516169701248","null","null","null","null","null","15","Gaia DR3 3403818516169701248","83.63928717532644","22.047253119932456","3.1079543085662724","1.0379857","-2.0102002484989776","0.9171079","-4.298473076481143","0.5842083","20.42276","21.033854","19.295235","NOT_AVAILABLE","1.7386189","0.6110935","1.1275253","null","null","0.9662561","0","false","false","false","false","false","false","null","null","null","null","null","null","null"
"0.0005","0.005","341.58313","0.21288036","0.35268417","0.5275182","38","0","324","0","324","95","false","0.35103232","0.0006","0.0065","-5.76134651068505","6.785837e-11","1.10863194e-10","0.9999971","0.14954688","-0.5514572","-0.77136546","0.37420142","0.08006026","1125.0776","1163.4769","false","0.0002","0.0028","-1.2548783918760524","84.10136700610646","null","null","null","false","false","false","false","0","0","0.03302433","162.27658","184.5248997637986","MARCS","4.9696","4.9951","40","0","-2.7729","-2.4493","24","null","0.7147072","0.47954008","-0.049941838","-0.07047301","362.35602355895963","11.569804","31.319115","16","0","38","1.2056425","820.9592348981047","1.2854664","638.647","320","0","627.4272708567803","14.005316","44.799225","16","0","39","1.1055555","0.15572548","-0.49152726","0.035439845","1.483839","0.034923375","-0.5161929","0.17978954","594432829","0.32900387","0.39176622","-0.23010683","-0.16199665","2016","null","null","null","null","null","null","null","null","null","null","null","null","null","null","-27.622778","14.917072","-10.042874","29.392101","0.31396788","0.6134251","0.28711712","0.328432","1636148068921376800","3403818584886971776","4599.9497","4615.537","null","null","null","16","Gaia DR3 3403818584886971776","83.63534848685033","22.054174960766076","0.14378020202656006","0.20117357","0.22293961882010996","0.22151154","-1.0828439409638777","0.15113568","18.401564","18.940704","17.753986","NOT_AVAILABLE","1.186718","0.5391407","0.6475773","null","null","1.0199349","0","false","false","false","false","true","false","4608.878","4.9912","-2.6093","1138.7507","0.0024","0.0019","0.001"
"0.4828","0.6066","317.04114","0","0","-1.8221037","41","1","355","0","356","31","false","0.22291566","0.6409","0.8003","-5.75883519283375","5.289791e-13","1.02274824e-13","0.999996","0.092260726","-0.4975873","-0.7502029","0.25764814","null","713.0376","797.6775","false","0.2613","0.3285","-1.2561415318812676","84.10498761667898","null","null","null","false","false","false","false","0","0","0.022331098","178.04858","184.52781124400283","PHOENIX","4.8805","4.9284","43","0","-1.6999","-1.5575","25","1.414641","3.5986834","0.45024705","0.018076763","null","461.72133770200713","8.270433","55.82795","1","0","38","1.2190145","1335.091676721329","1.4184276","941.2477","353","0","1165.774813235805","12.441016","93.70415","1","0","36","9.051358","null","-0.43180037","null","null","null","-0.38211605","0.11499463","876579617","0.22652172","0.2723072","-0.10497905","null","2016","null","null","null","null","null","null","null","null","null","null","null","null","null","null","-26.886084","12.210377","-10.144269","29.296875","0.28948227","0.58799446","0.27026495","0.31392038","1636148068921376800","3403818516167495296","4429.6064","4551.3643","null","null","null","18","Gaia DR3 3403818516167495296","83.63931027586968","22.053072653410748","0.4857386132035172","0.13497676","5.955719260596541","0.14990553","-6.815900696133375","0.09374345","17.873589","18.677593","17.081358","NOT_AVAILABLE","1.5962353","0.80400467","0.7922306","null","null","0.9309975","0","false","false","false","false","true","true","4462.996","4.9067","-1.634","746.7031","0.6917","0.5218","0.2824"
"0.6273","0.6379","315.61142","0","2.2227536e-15","-0.54937595","38","0","332","0","332","31","false","0.038155135","0.771","0.7835","-5.760739710170912","5.111267e-13","1.0232869e-13","0.99996966","0.014765207","-0.4082125","-0.7035236","0.26905888","null","513.2585","526.974","false","0.3383","0.3441","-1.252495689061079","84.10069958751343","13.219802","0.08743336","14","false","false","false","false","0","0","0.047329538","175.48958","184.52248877410273","MARCS","4.4162","4.4334","41","0","-0.2692","-0.2438","23","1.4842855","82.60927","0.35191938","0.007036795","null","18444.43801829289","27.503107","670.63104","0","0","38","1.233407","39960.5672106872","7.385915","5410.375","330","0","30843.2058595639","22.545916","1368.0175","1","0","38","19.274416","null","-0.4389613","null","null","null","-0.3193155","0.019118115","497018567","0.18776259","0.21803531","-0.062995","null","2016","null","111","null","8.006102","2","4","18","null","null","-0.5","1","5500","917.071","14","-38.633003","11.839045","-14.847325","32.318996","0.25490597","0.5550937","0.28253308","0.3070538","1636148068921376800","3403818589184411648","5633.341","5653.218","null","null","null","18","Gaia DR3 3403818589184411648","83.63451584699854","22.056525912268896","1.770319561082131","0.021430036","-1.16880003487127","0.026014611","-19.23894556929383","0.01540478","14.183288","14.673879","13.524997","NOT_AVAILABLE","1.1488819","0.49059105","0.65829086","-33.818336","3.5605078","0.97758293","0","true","true","false","false","true","true","5643.7695","4.4245","-0.2568","520.1134","0.7775","0.6328","0.3414"
"0.0563","0.2407","383.1661","0.31771785","1.2828182","1.6086928","38","1","330","0","331","31","true","0.27406418","0.0726","0.307","-5.755153112243311","1.8408e-10","2.0098515e-11","0.9999959","0.1126983","-0.45117918","-0.77952003","0.31110945","null","863.9239","1107.2538","false","0.0306","0.1312","-1.2554757309509388","84.10885148858951","null","null","null","false","false","false","false","0","0","0.05274139","169.23967","184.52916264500053","PHOENIX","4.8639","4.9924","38","0","-2.4807","-2.2529","22","1.4602772","-0.09580903","0.41506785","0.09525749","null","533.9624509093907","15.257033","34.99779","2","0","35","1.2812417","1197.8969383541114","1.371453","873.4509","325","0","1000.8330544441382","15.120211","66.19174","1","0","38","2.838266","null","-0.46895313","null","null","null","-0.468433","0.14190052","1187324625","0.2698891","0.36069354","-0.122405656","null","2016","null","null","null","null","null","null","null","null","null","null","null","null","null","null","-20.379782","13.611724","-5.8520875","27.013233","0.27377775","0.61412346","0.24811645","0.3531835","1636148068921376800","3403841983868800768","4597.935","4804.5137","null","null","null","17","Gaia DR3 3403841983868800768","83.64344246615208","22.053908027390502","-0.015273020402065594","0.15941107","1.8973074551771287","0.18196279","-2.110918584363544","0.113191105","17.991318","18.519766","17.246992","NOT_AVAILABLE","1.2727737","0.5284481","0.74432564","null","null","1.0627103","0","false","false","false","false","true","true","4729.593","4.9432","-2.3854","984.784","0.225","0.1757","0.0957"
"null","null","339.4849","0","0","0.5759096","37","3","318","0","321","95","false","0.63264793","null","null","-5.752958129908514","2.1282268e-10","9.548956e-10","0.99999756","0.33599675","-0.53864557","-0.7635636","-0.014876722","0.048399076","null","null","false","null","null","-1.25180536918833","84.10927662858354","null","null","null","false","false","false","false","0","0","0.030018684","169.13673","184.52617534402214","null","null","null","37","0","null","null","23","null","-0.24028695","0.40781564","0.20655893","-0.07984136","117.05062244900641","9.191954","12.734031","0","0","34","1.2645822","263.01640339481077","0.9058319","290.35895","312","0","215.5552248904447","8.36452","25.770184","0","0","35","1.7606606","0.18583445","-0.12946825","-0.09663689","1.4438894","0.07868337","-0.3754371","0.40463734","256217505","0.37868917","0.22370553","-0.11623752","-0.19832318","2016","null","null","null","null","null","null","null","null","null","null","null","null","null","null","-19.452255","12.866121","-6.85543","27.171984","0.34411818","0.5872546","0.22183217","0.36590725","1636148068921376800","3403841983868801536","null","null","null","null","null","15","Gaia DR3 3403841983868801536","83.64372617644085","22.057593549237467","-0.11195859365250298","0.46593705","-0.6216245217076785","0.4493508","-1.6472732141649935","0.31026185","19.63741","20.167608","18.914","NOT_AVAILABLE","1.2536087","0.53019905","0.72340965","null","null","1.0220668","0","false","false","false","false","false","false","null","null","null","null","null","null","null"
"null","null","250.81903","0","0","-0.6133889","30","1","259","0","260","95","false","1.0764071","null","null","-5.7910472232345285","4.0974502e-10","6.056654e-10","0.99999696","0.42655513","-0.54200864","-0.7215839","0.006040653","0.023348128","null","null","false","null","null","-1.2467947267123345","84.06247979621371","null","null","null","false","false","false","false","0","0","0.032330558","39.25122","184.49840794396374","null","null","null","31","0","null","null","18","null","0.5067526","0.40000468","-0.12466317","-0.14975758","72.69964408092973","6.53416","11.126088","0","0","17","1.1008111","198.08458371045097","0.8842287","224.01962","259","0","145.35406944106487","9.823705","14.796258","0","0","17","1.5229951","0.22228402","-0.15714242","0.05681435","1.3743602","0.10571787","-0.2819844","0.5624212","1086497094","0.4279639","0.06888853","-0.096586965","-0.27048695","2016","null","null","null","null","null","null","null","null","null","null","null","null","null","null","-21.215845","11.219972","-17.582682","28.069399","0.38336605","0.6029604","0.21932547","0.26748613","1636148068921376800","3403819379457774336","null","null","null","null","null","13","Gaia DR3 3403819379457774336","83.5930554109499","22.060530271461076","0.3371479103408263","0.6653106","-0.29323699416603966","0.7689401","-1.4944986726649137","0.45091936","19.94524","20.684711","19.341827","NOT_AVAILABLE","1.3428841","0.73947144","0.6034126","null","null","0.97155064","0","false","false","false","false","false","false","null","null","null","null","null","null","null"
"0.0302","0.3307","288.58624","0","0","-0.20160793","34","0","290","0","290","95","false","0.42503133","0.0394","0.4223","-5.790746066492468","5.3664126e-13","1.3146462e-10","0.9999907","0.18431184","-0.5494968","-0.75640833","0.31712133","0.04747263","969.1799","1497.191","false","0.0164","0.1812","-1.2471365771836616","84.0630232305378","null","null","null","false","false","false","false","0","0","0.046064224","177.98776","184.49897772679637","MARCS","4.8925","5.0279","36","0","-3.0603","-1.806","22","null","-0.13148221","0.44961795","-0.03512199","-0.07313651","264.0204105594566","8.46726","31.181326","1","0","31","1.2810552","587.5469570645982","0.9981344","588.64514","290","0","488.6596633979863","9.421596","51.865913","2","0","33","0.91878885","0.16987276","-0.40567404","0.037627988","1.4709499","0.04218361","-0.47809118","0.22561678","1334553437","0.35986182","0.36811414","-0.21467559","-0.16796891","2016","null","null","null","null","null","null","null","null","null","null","null","null","null","null","-28.073946","12.845326","-14.005871","29.505325","0.29989445","0.5932647","0.23144856","0.29733315","1636148068921376800","3403819375160955904","4407.1797","4774.002","null","null","null","16","Gaia DR3 3403819375160955904","83.59365743251234","22.06021287865796","-0.03323750369093778","0.25279087","0.2575069181233301","0.27466932","0.8819654960308846","0.18865561","18.764761","19.284449","18.02538","NOT_AVAILABLE","1.2590694","0.51968765","0.7393818","null","null","0.9903825","0","false","false","false","false","true","false","4571.5254","4.9397","-2.6863","1327.8796","0.204","0.1586","0.086"
"null","null","280.1517","1.6673418","0.9945182","1.8981352","26","1","214","0","215","95","false","2.333084","null","null","-5.790795180352433","1.5928195e-9","1.169111e-9","0.9999931","0.8899038","-0.59358823","-0.83799934","0.33056825","-0.17288792","null","null","false","null","null","-1.2460446533773897","84.06234003496614","null","null","null","false","false","false","false","0","0","0.036895886","88.696594","184.4976841053267","null","null","null","27","1","null","null","17","null","1.5896935","0.48689726","0.036792792","-0.00015493443","34.43645823222194","6.3516603","5.4216466","0","0","2","1.6186107","121.49388757408457","0.88593847","137.1358","214","0","162.2148555036659","18.75468","8.6493","0","0","3","31.492466","0.3569792","-0.44107863","0.028082496","1.1537167","0.19182624","-0.4986271","1.1503462","743275988","0.49595654","0.37551606","-0.2150347","-0.18101025","2016","null","null","null","null","null","null","null","null","null","null","null","null","null","null","-12.946049","8.941738","-10.50123","23.223703","0.4729242","0.639742","0.24318084","0.23099048","1636148068921376800","3403819379456683136","null","null","null","null","null","13","Gaia DR3 3403819379456683136","83.59286885995051","22.061273401387467","2.1984619341158176","1.382947","20.902804433164476","1.5396838","-23.555216111417348","0.9759563","20.47598","21.495996","19.22267","NOT_AVAILABLE","2.2733269","1.0200157","1.2533112","null","null","1.0928415","0","false","false","false","false","false","false","null","null","null","null","null","null","null"
"null","null","283.19852","0.89404225","0.5764678","1.146567","30","2","250","0","252","95","false","1.0973916","null","null","-5.7872752567214665","2.0087108e-10","9.212403e-10","0.9999981","0.5015907","-0.5956956","-0.7121306","0.171752","0.07691408","null","null","false","null","null","-1.2493297102878398","84.06828399631125","null","null","null","false","false","false","false","0","0","0.0651128","7.546222","184.503520389094","null","null","null","31","0","null","null","18","null","1.2660031","0.409654","0.013498266","-0.18291692","57.87198468418513","7.7363687","7.48051","2","0","20","1.0562195","173.24258103569167","0.8607389","201.27194","249","0","125.11020740209624","12.856223","9.73149","1","0","25","1.1258358","0.16548899","-0.2731897","0.12619565","1.3901225","0.1234061","-0.48888272","0.65867335","935132555","0.4946071","0.30368215","-0.18105406","-0.28672773","2016","null","null","null","null","null","null","null","null","null","null","null","null","null","null","-27.375877","14.174442","-19.531628","29.023539","0.32867226","0.59801304","0.20182018","0.35018095","1636148068921376800","3403819310737205376","null","null","null","null","null","14","Gaia DR3 3403819310737205376","83.59943179322791","22.058255291851385","0.9446981842873117","0.7462053","-1.0465210544719885","0.7410292","0.4150902560956842","0.49572268","20.09073","20.932371","19.504663","NOT_AVAILABLE","1.4277077","0.8416405","0.5860672","null","null","1.0509598","0","false","false","false","false","false","false","null","null","null","null","null","null","null"
"0.2694","0.6043","332.03827","0.28897357","1.0793662","2.0135288","33","4","278","0","282","95","false","0.30482677","0.3523","0.7774","-5.778869344227657","1.4094913e-10","1.0216574e-13","0.99998915","0.12124855","-0.5281974","-0.7689262","0.38825402","0.057910316","691.7613","940.4166","false","0.1472","0.3308","-1.2469320122261596","84.07660135905498","null","null","null","false","false","false","false","0","0","0.020941706","173.20563","184.50558889904372","MARCS","4.8493","4.9985","36","0","-3.1386","-2.0853","22","null","1.7676079","0.4268752","-0.14807087","-0.10857465","532.7504093631375","9.396684","56.695576","0","0","34","1.3154303","1286.5180413347487","1.6056393","801.24976","278","0","1159.5743892843725","13.724551","84.48906","1","0","32","2.1999483","0.15657178","-0.46551368","0.11635388","1.4747114","0.028114088","-0.49260068","0.1493692","1523159367","0.34357244","0.36694136","-0.3057541","-0.20925885","2016","null","null","null","null","null","null","null","null","null","null","null","null","null","null","-32.976887","12.567677","-15.799716","29.52363","0.2833895","0.59214795","0.25282383","0.2814882","1636148068921376800","3403819306443675008","4466.3345","4837.387","null","null","null","16","Gaia DR3 3403819306443675008","83.60828052080828","22.061019201362075","0.27996210815878564","0.15838474","1.9578877390840963","0.19634058","-1.003218901657219","0.12580936","17.913828","18.522232","17.087149","NOT_AVAILABLE","1.4350834","0.60840416","0.8266792","null","null","1.0862998","0","false","false","false","false","true","true","4562.8374","4.9757","-2.8961","739.2601","0.4714","0.3618","0.1977"
"null","null","263.06146","0","0","-0.3024967","31","1","264","8","265","95","false","0.7181335","null","null","-5.774333215387888","5.83801e-10","2.7455846e-10","0.99999464","0.35987607","-0.5961879","-0.73524094","-0.0052281045","0.10987691","null","null","false","null","null","-1.248597541692007","84.08278780908418","null","null","null","false","false","false","false","0","0","0.07517026","179.16133","184.51013431897172","null","null","null","32","0","null","null","19","null","0.65651774","0.45286435","0.17250937","-0.14042546","97.77505628861981","11.06177","8.839006","0","0","27","1.1968141","256.0800394382512","0.96107304","266.4522","256","0","208.70513917455204","11.285644","18.492977","0","0","27","2.6219277","0.13195609","-0.14639266","-0.060349043","1.3842767","0.0834938","-0.45384037","0.48193747","722604776","0.5476642","0.29269755","0.019633798","-0.18591219","2016","null","null","null","null","null","null","null","null","null","null","null","null","null","null","null","null","null","null","null","null","null","null","1636148068921376800","3403819345095551744","null","null","null","null","null","15","Gaia DR3 3403819345095551744","83.61502709683364","22.0596291125008","0.3806497342592885","0.57980114","1.0130294175965653","0.51320195","-2.4183209128735785","0.3484601","19.666428","20.362972","18.949062","NOT_AVAILABLE","1.4139099","0.69654465","0.71736526","null","null","0.98542696","0","false","false","false","false","false","false","null","null","null","null","null","null","null"
"0.5098","0.5379","295.19373","0.039978877","0.5389796","0.9114994","32","0","276","0","276","31","false","0.05035582","0.657","0.6921","-5.7813573978949115","6.204456e-13","1.02354316e-13","0.9999671","0.022983033","-0.6095379","-0.78445745","0.17076398","null","412.2326","438.5911","false","0.2701","0.285","-1.2345339245930116","84.06661803465913","13.364611","0.16245526","8","false","false","false","false","0","0","0.0437931","0.2736592","184.48978780488818","MARCS","4.4996","4.5404","34","0","-0.0222","0.0091","21","1.4383839","71.767136","0.5423734","-0.032766055","null","11307.625393763708","34.657467","326.2681","0","0","33","1.2559175","27594.939451834514","13.091536","2107.846","264","0","23349.344075920406","29.77963","784.071","0","0","31","15.187605","null","-0.33074424","null","null","null","-0.29501298","0.025876043","105076175","0.24102634","0.2118605","-0.1701348","null","2016","null","111","null","4.717882","2","1","9","null","null","-0.75","2","4250","508.81635","7","-41.292168","10.056548","-17.791298","29.736387","0.30347303","0.5708345","0.28968632","0.2947153","1636148068921376800","3403819413818138368","4875.9243","4914.801","null","null","null","16","Gaia DR3 3403819413818138368","83.59692809747088","22.07296262188348","2.3932643269554483","0.033347636","3.6365363303296725","0.033882465","-14.745811456957815","0.02296807","14.585293","15.205113","13.8272085","NOT_AVAILABLE","1.3779049","0.6198206","0.7580843","39.429672","3.823848","1.0381609","0","true","true","false","false","true","true","4900.8335","4.5304","-0.0024","419.1599","0.6791","0.5275","0.2795"
"0.3532","0.5324","321.58237","0.33307904","0.40295935","0.3718635","35","2","299","0","301","95","false","0.4562588","0.5168","0.7736","-5.767923032098955","5.1138884e-13","1.0489037e-13","0.99997085","0.20144998","-0.54359204","-0.7226319","0.25848392","-0.0075077075","384.856","462.1153","false","0.1949","0.2933","-1.2480198582157533","84.08984812909864","null","null","null","false","false","false","false","0","0","0.015936803","166.56738","184.51316092633553","PHOENIX","4.6605","5.0387","36","0","-1.4653","-0.9361","20","null","1.9017324","0.44310442","-0.02026654","-0.07020343","122.51861420409335","7.835396","15.636558","0","0","32","1.277863","485.6427572817847","1.0719619","453.04105","296","0","498.0663178364114","7.2701173","68.508705","1","0","33","0.677135","0.20037036","-0.35860178","0.010250934","1.3435402","0.05131441","-0.41591755","0.25026748","286411058","0.31537312","0.30749938","-0.13184373","-0.13072874","2016","null","null","null","null","null","null","null","null","null","null","null","null","null","null","-36.33007","13.085485","-17.042252","32.621456","0.2886808","0.57346064","0.2700994","0.29151657","1636148068921376800","3403819340801207424","3466.1997","3622.5037","null","null","null","17","Gaia DR3 3403819340801207424","83.62260830716625","22.06051836650554","0.5530351904693435","0.290806","-0.39938350645347087","0.30263957","0.5468131590995944","0.20882273","18.971575","20.118036","18.004677","NOT_AVAILABLE","2.1133595","1.1464615","0.96689796","null","null","1.0142576","0","false","false","false","false","true","false","3537.9355","4.8284","-1.2514","413.3217","0.6519","0.4466","0.2464"
"null","null","367.65714","2.1770556","3.3530228","3.9869359","30","1","257","0","258","95","false","1.1803768","null","null","-5.764746929205834","null","null","null","0.54206896","-0.58118016","-0.7036715","-0.0050315647","0.042727042","null","null","false","null","null","-1.2509230205006487","84.0951763888071","null","null","null","false","false","false","false","0","22","0.034992352","33.939487","184.51835611897653","null","null","null","32","1","null","null","19","null","-1.5493876","0.41281694","0.08603488","-0.15260953","null","null","null","null","null","0","null","180.71183315839005","0.9723386","185.85278","254","2","null","null","null","null","null","0","6.0317407","0.20147166","-0.16047545","0.05228189","1.401308","0.13413343","-0.4319608","0.7368908","722668910","0.5207832","0.21501218","-0.033474877","-0.233571","2016","null","null","null","null","null","null","null","null","null","null","null","null","null","null","-21.711485","12.421834","-18.480745","27.306479","0.3646547","0.6008704","0.17167124","0.3577274","1636148068921376800","3403818589181300736","null","null","null","null","null","15","Gaia DR3 3403818589181300736","83.62848881870622","22.057853352186637","-1.332679454225027","0.86013305","-1.0636338709476156","0.84524864","-5.9372196974460625","0.535567","20.0449","null","null","NOT_AVAILABLE","null","null","null","null","null","1.1817188","0","false","false","false","false","false","false","null","null","null","null","null","null","null"
"0.5762","0.7766","331.0867","0.23185976","1.4950833","0.9234679","35","3","300","0","303","31","false","0.17767145","0.7373","0.9845","-5.764310162549979","5.0981154e-13","1.0205837e-13","0.9999964","0.07466296","-0.51977473","-0.73971635","0.2463503","null","750.9896","923.3495","false","0.3152","0.4246","-1.2508281640703107","84.09562560966766","null","null","null","false","false","false","false","0","0","0.048415616","179.47202","184.51849803096061","MARCS","4.7694","4.865","38","0","-2.1513","-1.4316","22","1.4425819","4.4852557","0.45643058","-0.06368177","null","984.7793419598256","10.401985","94.67225","11","0","32","1.2622623","2400.411195228531","2.0034225","1198.1553","298","0","2045.1692243902633","13.205806","154.86894","14","0","34","8.577065","null","-0.41353524","null","null","null","-0.4102172","0.091751456","794352677","0.30179614","0.2926063","-0.14284843","null","2016","null","null","null","null","null","null","null","null","null","null","null","null","null","null","-35.298065","13.676137","-16.923532","31.558687","0.28260693","0.57334626","0.23244023","0.3353938","1636148068921376800","3403818589184413312","4892.183","5145.4194","null","null","null","17","Gaia DR3 3403818589184413312","83.62896841027371","22.057967945379524","0.46878558499688544","0.10451703","-0.13054823717247038","0.11830287","-8.576072023507539","0.07722044","17.236652","17.855194","16.471073","NOT_AVAILABLE","1.384121","0.6185417","0.7655792","null","null","1.0371145","0","true","false","false","false","true","true","4956.1934","4.8211","-1.8257","814.6819","0.8122","0.6362","0.3479"
"null","null","304.01144","0","0","-0.35312766","37","2","316","0","318","31","false","0.03676977","null","null","-5.761843210942399","5.0962435e-13","1.0202792e-13","0.99999946","0.015007753","-0.5146437","-0.751196","0.3249646","null","null","null","false","null","null","-1.2507886020306527","84.09844761985796","null","null","null","false","false","false","false","0","0","0.0554897","178.43065","184.5198745363147","null","null","null","39","0","null","null","22","1.5150975","28.279446","0.45695576","-0.07579885","null","25965.833269984763","22.875515","1135.0929","0","0","33","1.2216685","52366.453381223335","12.993485","4030.2083","313","0","38008.611526461544","26.174229","1452.1388","0","0","35","3.51638","null","-0.48251396","null","null","null","-0.45827442","0.019020764","981639741","0.3445448","0.35147673","-0.14990017","null","2016","null","null","null","null","null","null","null","null","null","null","null","null","null","null","-38.936016","13.870295","-17.174122","32.012577","0.2802321","0.5784934","0.2693953","0.32277024","1636148068921376800","3403818589184411904","null","null","null","null","null","17","Gaia DR3 3403818589184411904","83.63200771761223","22.058132002248907","0.6026321673343438","0.021309901","0.17546545846204298","0.023995832","-3.5119994478778","0.015431341","13.889734","14.302537","13.29819","NOT_AVAILABLE","1.0043468","0.4128027","0.59154415","null","null","0.9848078","0","true","true","false","false","false","true","null","null","null","null","null","null","null"
"null","null","303.9424","0.72649306","0.69774544","1.1902751","31","3","269","0","272","95","false","0.8863506","null","null","-5.762094611281945","3.5417255e-10","6.005502e-10","0.9999988","0.3588071","-0.54981434","-0.7007256","0.0076361746","0.049912926","null","null","false","null","null","-1.2479608774871394","84.096535216699","null","null","null","false","false","false","false","0","0","0.015094539","40.9148","184.5164530799765","null","null","null","32","0","null","null","18","null","0.97952294","0.44273606","0.07682226","-0.08235843","79.53727893763252","7.8904476","10.080198","0","0","27","1.0201951","250.28552051134747","0.987396","253.4804","267","0","175.80279385876747","9.210209","19.087818","0","0","29","1.4472067","0.20131308","-0.26291627","-0.08243728","1.4133801","0.087466165","-0.35367164","0.47068712","742605167","0.3452819","0.11917227","0.15752298","-0.1854209","2016","null","null","null","null","null","null","null","null","null","null","null","null","null","null","-20.451866","13.014354","-10.162087","27.639143","0.29491213","0.5978647","0.20467497","0.33691084","1636148068921376800","3403818589181298176","null","null","null","null","null","14","Gaia DR3 3403818589181298176","83.62981209312763","22.06087258366948","0.5378909811411732","0.5491356","1.3538768385417188","0.6278471","-0.5112971949205068","0.36968273","19.691278","20.587116","19.13533","NOT_AVAILABLE","1.451786","0.8958378","0.55594826","null","null","1.0510559","0","false","false","false","false","false","false","null","null","null","null","null","null","null"
"null","null","255.07384","0","0","-0.49032435","31","2","256","0","258","95","false","1.1333807","null","null","-5.766951364641745","3.0365774e-10","1.2975616e-10","0.9999918","0.54303706","-0.6491042","-0.63772666","0.03149163","0.10674294","null","null","false","null","null","-1.243241494910427","84.08822677825276","null","null","null","false","false","false","false","0","0","0.04118867","19.34818","184.50818435579026","null","null","null","32","0","null","null","16","null","1.3142128","0.4147176","0.13581562","-0.21056733","53.69491397391425","7.2186103","7.4384003","0","0","22","1.419426","148.73214923537938","0.749493","198.44368","255","0","157.4193548217025","8.487652","18.546867","1","0","27","2.3626409","0.22857209","-0.19610927","0.023422448","1.3727843","0.13830274","-0.48207077","0.74660087","677570961","0.5544074","0.2361106","0.060411714","-0.3028611","2016","null","null","null","null","null","null","null","null","null","null","null","null","null","null","-31.68078","12.907012","-22.451866","29.707447","0.3315793","0.5777281","0.2260268","0.35301942","1636148068921376800","3403819345096162688","null","null","null","null","null","16","Gaia DR3 3403819345096162688","83.62063307361282","22.06522041142285","1.207692733557638","0.91894764","2.1455788205657864","0.80641246","-0.989223516364496","0.5296802","20.256355","21.01371","19.25525","NOT_AVAILABLE","1.7584591","0.75735474","1.0011044","null","null","0.9768291","0","false","false","false","false","false","false","null","null","null","null","null","null","null"
"0.6474","0.866","603.6925","0.3976728","9.682553","8.752516","36","0","312","0","312","31","false","0.15484534","0.8231","1.0905","-5.7643188287964815","5.891606e-13","1.02124384e-13","0.9999899","0.06385052","-0.53582644","-0.7294769","0.32422492","null","654.2366","851.5261","false","0.3531","0.4713","-1.2438160046687163","84.09159209949694","null","null","null","false","false","false","false","0","0","0.06363407","3.8876138","184.51036792825818","MARCS","4.6459","4.7659","38","0","-1.4148","-0.8327","21","1.442412","8.046474","0.46978733","-0.059027687","null","1916.390595664294","10.421147","183.8944","0","0","37","1.2668428","4594.92579775889","3.6262527","1267.1279","306","0","3904.6583640540707","14.1914","275.14258","0","0","37","7.0878835","null","-0.48074538","null","null","null","-0.45115536","0.079617605","185008641","0.28237697","0.34153026","-0.09879932","null","2016","null","null","null","null","null","null","null","null","null","null","null","null","null","null","-43.389133","13.614457","-18.927647","33.423447","0.27889144","0.56466985","0.29106453","0.31766656","1636148068921376800","3403819345098655872","5011.3145","5345.7427","null","null","null","17","Gaia DR3 3403819345098655872","83.62428735113564","22.064795158744555","0.7329208431002624","0.091085956","1.0394722199927875","0.10122959","-7.011247180064992","0.06615201","16.531672","17.132332","15.768938","NOT_AVAILABLE","1.3633938","0.6006603","0.76273346","null","null","1.372059","0","true","false","false","false","true","true","5078.483","4.7305","-1.2242","699.7022","0.8804","0.6942","0.3783"
"0.0092","0.2412","404.52643","0.4279288","1.4752339","2.7525713","38","1","323","0","324","95","false","0.63353926","0.0119","0.3065","-5.7833738967620665","5.136804e-13","6.683326e-11","0.9999971","0.2341526","-0.36105552","-0.9190367","0.64921784","0.02876117","988","1256.3127","false","0.005","0.1315","-1.3217585645225736","84.11433684236022","null","null","null","false","false","false","false","0","0","0.08324909","171.95764","184.58969445704264","MARCS","4.9063","4.9957","40","0","-3.0873","-2.2638","27","null","0.22357453","0.30681235","0.15132435","-0.26195487","370.3485189845528","10.094766","36.687183","0","0","37","1.2233841","900.0122297907999","1.3086411","687.74567","318","0","730.7121534070828","24.250603","30.131712","1","0","38","0.6044625","0.108249","-0.7321248","-0.13795747","1.4680296","0.0362532","-0.7782843","0.2904112","1198862128","0.24877952","0.72343034","-0.6057424","-0.05186213","2016","null","null","null","null","null","null","null","null","null","null","null","null","null","null","-9.135266","13.699825","-0.83101475","19.860722","0.3653564","0.7296379","0.33780155","0.3734238","1636148068921376800","3403771168450211840","4526.9463","4779.9","null","null","null","15","Gaia DR3 3403771168450211840","83.65249962226456","21.987930847779165","0.05834417741221312","0.26096076","0.3269537573952754","0.3663436","-0.5084055031634142","0.23095953","18.301746","18.917015","17.58853","NOT_AVAILABLE","1.3284855","0.6152687","0.7132168","null","null","1.1101978","0","false","false","false","false","true","false","4560.5786","4.9823","-2.8878","1024.037","0.0519","0.0404","0.022"
"null","null","325.73813","1.5054058","1.1257751","0.6592075","33","3","279","0","282","95","false","2.658979","null","null","-5.784694455688504","6.117479e-9","3.9212413e-8","0.99999976","0.9903836","-0.4591187","-0.8973751","0.6111804","0.10640844","null","null","false","null","null","-1.3172840492790499","84.11024732734872","null","null","null","false","false","false","false","0","0","0.049672898","102.38269","184.58374872562007","null","null","null","34","0","null","null","22","null","-0.6997077","0.3287926","0.08333868","-0.3631778","62.25762187342284","35.229633","1.7671947","0","0","5","1.439182","148.74711422214142","0.85946536","173.06935","275","2","151.8165617897231","42.237484","3.5943563","0","0","5","5.9591866","0.08257636","-0.7260659","-0.08896614","1.099516","0.15810229","-0.8073536","1.2762104","145910004","0.3699701","0.7206239","-0.5826922","-0.18631807","2016","null","null","null","null","null","null","null","null","null","null","null","null","null","null","-9.952551","15.080864","-2.6790738","20.196222","0.36845317","0.7499652","0.28108087","0.4187182","1636148068921376800","3403771172743784960","null","null","null","null","null","13","Gaia DR3 3403771172743784960","83.64788233754834","21.992221117040756","-0.7522219758371413","1.0750518","5.133068435688371","1.5367388","-3.0271294833782973","0.9626482","20.256245","20.853062","19.294598","NOT_AVAILABLE","1.558464","0.596817","0.96164703","null","null","1.0271115","0","false","false","false","false","false","false","null","null","null","null","null","null","null"
"0.7703","0.9444","1430.0907","0.9966484","28.105022","22.427162","40","2","342","0","344","95","false","0.40952757","0.9874","1.1996","-5.778189158142839","2.0656157e-9","1.0600993e-13","0.99999774","0.1582667","-0.53432524","-0.83050776","0.31246564","0.06095341","758.4561","876.1142","false","0.426","0.5244","-1.3176615525452995","84.11796504221275","null","null","null","false","false","false","false","1","0","0.094180554","10.917459","184.58793598759624","MARCS","4.7517","4.8208","42","0","-3.7237","-3.2578","27","null","-2.3826585","0.45585862","0.22809492","-0.16558301","1014.9386038489711","26.90438","37.723915","1","0","40","1.4171464","2286.7768752002457","4.253404","537.6345","337","0","2225.75899043074","55.503056","40.10156","1","0","41","6.5242395","0.16829364","-0.5166397","-0.16165833","1.3600328","0.03277374","-0.59576863","0.20080452","994439436","0.43536833","0.4688204","-0.12376446","-0.039140545","2016","null","null","null","null","null","null","null","null","null","null","null","null","null","null","-9.463218","12.069595","-0.9265948","22.448355","0.43788508","0.67468363","0.3193194","0.34618053","1636148068921376800","3403771172745477120","4999.7207","5252.1045","null","null","null","16","Gaia DR3 3403771172745477120","83.65621335776258","21.992183408672464","-0.6160309105911074","0.2585477","2.355540493393487","0.27088943","-6.084170524850313","0.16439518","17.289307","17.822443","16.3792","VARIABLE","1.443243","0.53313637","0.91010666","null","null","1.9786861","0","true","false","false","true","true","true","5168.813","4.7736","-3.4945","839.4135","1.1375","0.8925","0.4948"
"0.0023","0.0282","333.25995","0","0","-0.9914578","40","1","348","0","349","95","false","0.42675176","0.003","0.0362","-5.765617190177612","1.5960835e-9","1.5454547e-10","0.9999952","0.20248069","-0.5878269","-0.806672","0.0904046","0.09653875","1272.7448","1333.6971","false","0.0013","0.0154","-1.3221755723041133","84.13505093849241","null","null","null","false","false","false","false","0","0","0.084206514","175.49825","184.60041274159994","MARCS","4.99","4.9991","43","0","-3.0679","-2.7877","29","null","1.5457022","0.52083707","0.15396476","-0.21726938","277.45319604692105","14.084133","19.6997","2","0","39","1.4428208","512.2558835369696","1.0539653","486.02722","344","0","461.6402244723638","11.155796","41.3812","0","0","40","1.5594039","0.081166126","-0.26567","-0.028652124","1.3805091","0.046591047","-0.47241986","0.25147885","769055136","0.42661953","0.33697793","-0.110596105","-0.18048023","2016","null","null","null","null","null","null","null","null","null","null","null","null","null","null","-8.295841","11.601238","0.37971365","22.521326","0.42684695","0.66133237","0.2448237","0.36775285","1636148068921376800","3403771207102109312","4538.136","4594.907","null","null","null","17","Gaia DR3 3403771207102109312","83.67483089255184","21.98842359935294","0.4882261464694245","0.31586042","1.481294092618085","0.2945548","-0.4873482395437596","0.1948857","18.913649","19.230568","18.087137","NOT_AVAILABLE","1.1434307","0.31691933","0.8265114","null","null","0.9613691","0","false","false","false","false","true","false","4564.6113","4.9964","-2.9239","1310.2025","0.0136","0.0106","0.0058"
"1.1699","1.1777","343.11536","0","0","-0.7926345","41","3","355","0","358","31","false","0.06604897","1.3376","1.3461","-5.767997989972872","5.1525396e-13","2.0320693e-11","0.99999666","0.029576939","-0.5872895","-0.82890433","0.19312583","null","1902.4702","1937.3331","false","0.6328","0.637","-1.3163197734060477","84.128946589581","null","null","null","false","false","false","false","0","0","0.10237518","176.54468","184.59225570344674","A","4.2747","4.2899","44","0","-0.7962","-0.781","29","1.5365651","7.422903","0.55486506","0.1189815","null","7049.337564315627","35.706547","197.42422","0","0","40","1.2281731","13403.869308885272","10.196361","1314.5739","353","0","9412.935212771807","47.411457","198.53714","0","0","41","2.81451","null","-0.3839914","null","null","null","-0.4586626","0.035969242","1266616324","0.3912848","0.34671935","-0.079105","null","2016","null","null","null","null","null","null","null","null","null","null","null","null","null","null","-14.756062","11.149664","-3.7683792","23.257809","0.40865463","0.6466649","0.28839675","0.32664275","1636148068921376800","3403771207105212672","7826.8345","7845.621","null","null","null","17","Gaia DR3 3403771207105212672","83.66797864614367","21.994006106131458","0.34480196716614897","0.046451095","0.7480700956123223","0.044379216","-2.7132745006162127","0.02903494","15.369291","15.718171","14.813582","NOT_AVAILABLE","0.9045887","0.3488798","0.5557089","null","null","0.96924865","0","true","false","false","false","true","true","7837.9585","4.2838","-0.7908","1915.888","1.3425","1.1744","0.6352"
"null","null","363.90344","0","0","0.4736991","38","0","335","0","335","95","false","0.34744847","null","null","-5.767339846355859","9.980557e-10","3.6391687e-10","0.99999285","0.18351486","-0.7399023","-0.86958426","0.01257913","0.21721797","null","null","false","null","null","-1.3159499957203782","84.12949336158705","null","null","null","false","false","false","false","1","0","0.09953674","177.69577","184.59220662445438","null","null","null","41","0","null","null","27","null","3.1529624","0.64829004","0.3092153","-0.23952328","494.45855409975314","24.313906","20.33645","0","0","11","1.4245522","945.3392258774979","1.6637328","568.2038","333","0","852.2265650014606","30.573793","27.874414","0","0","11","3.2989087","-0.031183176","-0.20942196","-0.059937607","1.3593098","0.03292434","-0.59330046","0.19346948","1004376145","0.4963026","0.4671752","-0.030826908","-0.23883305","2016","null","null","null","null","null","null","null","null","null","null","null","null","null","null","-17.594315","12.496878","-4.7234135","20.911413","0.42282504","0.6862577","0.3357366","0.37525538","1636148068921376800","3403771207102108800","null","null","null","null","null","14","Gaia DR3 3403771207102108800","83.66855011171641","21.994399513805003","0.9164766111708047","0.2906716","2.216570877766271","0.22728045","-2.443279022193045","0.1635053","18.248398","18.603218","17.421507","NOT_AVAILABLE","1.1817112","0.35482025","0.82689095","null","null","1.0175042","0","false","false","false","false","false","true","null","null","null","null","null","null","null"
"0.0057","0.0458","331.26196","0","0","-0.55797684","39","4","337","0","341","95","false","0.39014545","0.0077","0.0608","-5.764653509970964","8.093981e-11","1.0233296e-13","0.99998486","0.18356588","-0.59846157","-0.84251803","0.27329555","0.20450988","559.0425","928.2302","false","0.0031","0.0248","-1.31306115946858","84.13093375580068","null","null","null","false","false","false","false","0","0","0.08391955","175.80305","184.5904079387725","PHOENIX","4.9651","5.14","42","0","-2.3326","-1.6014","29","null","2.2987747","0.5437312","0.09537682","-0.23242511","300.22931443245574","15.028256","19.977655","1","0","38","1.3312997","731.2868346571337","1.1559098","632.65045","333","0","673.3326278717665","36.661545","18.366182","0","0","34","4.9087825","-0.028157646","-0.4299573","-0.01333971","1.4151762","0.037179437","-0.55310667","0.21157235","6790198","0.40330225","0.44168538","-0.18348539","-0.18016903","2016","null","null","null","null","null","null","null","null","null","null","null","null","null","null","-13.1573715","13.223226","-1.1600648","22.311218","0.381752","0.6745925","0.30665842","0.37243313","1636148068921376800","3403771202809951232","4224.5","4275.606","null","null","null","16","Gaia DR3 3403771202809951232","83.66996498476607","21.9973487466994","0.5979577937167188","0.2601202","3.9466585564128676","0.24671662","-2.9189093594830364","0.17220317","18.527147","19.144909","17.67732","NOT_AVAILABLE","1.4675884","0.6177616","0.8498268","null","null","0.9773926","0","false","false","false","false","true","false","4242.2466","5.0835","-2.0541","687.1014","0.0297","0.0224","0.0121"
"null","null","314.9611","0","0","0.32430568","35","2","301","0","303","95","false","0.9288771","null","null","-5.776830092066462","4.4414364e-10","2.4805333e-9","0.999996","0.41994542","-0.6903105","-0.8324184","-0.23214705","0.17624196","null","null","false","null","null","-1.3067699026532775","84.11328406364814","null","null","null","false","false","false","false","7","0","0.077138945","176.38902","184.57609957045952","null","null","null","36","0","null","null","23","null","-0.18935698","0.5984133","0.4333779","-0.18864414","109.88641067506832","12.702812","8.6505575","0","0","21","1.1568782","277.11967246762975","1.016188","272.7051","296","0","210.70731426289228","16.51082","12.761771","0","0","20","1.0711851","0.01994289","0.048875205","-0.107630074","1.4304646","0.08583413","-0.57959133","0.54209924","1718986579","0.6422337","0.4441811","0.22016738","-0.13563804","2016","null","null","null","null","null","null","null","null","null","null","null","null","null","null","-8.651203","12.449401","-0.18067658","20.866276","0.46316257","0.68185574","0.24975654","0.39478225","1636148068921376800","3403771172742374400","null","null","null","null","null","13","Gaia DR3 3403771172742374400","83.65065440135832","22.002858691423885","-0.13629530034449513","0.7197797","0.9202772588529676","0.57403255","-0.5482037167603536","0.36690617","19.580698","20.236183","18.938696","NOT_AVAILABLE","1.2974873","0.65548515","0.6420021","null","null","1.0122464","0","false","false","false","false","false","false","null","null","null","null","null","null","null"
"0.9595","0.9785","33969.54","2.1580374","809.6153","97.263336","42","1","364","0","365","95","false","0.5529457","1.1638","1.1859","-5.773623893307119","5.2947685e-10","9.778764e-11","0.99999744","0.24463625","-0.60877854","-0.78025895","0.18098198","0.13099506","744.4036","766.2262","false","0.5334","0.5439","-1.309602822672199","84.11860624926383","null","null","null","false","false","false","false","32","0","0.11501406","2.297871","184.58123018051367","MARCS","4.5085","4.5377","44","0","-4.1345","-3.937","27","null","3.195343","0.53163344","0.15524442","-0.1648222","5482.9267868488405","32.87404","166.78592","42","0","42","1.372896","11113.01894678181","22.421648","495.6379","362","0","9774.091402790898","71.510544","136.68042","40","0","40","2.0276563","0.09807071","-0.3876976","-0.11730559","1.2594107","0.058366053","-0.4650788","0.29952058","1284944498","0.37402356","0.31613308","0.05304002","-0.14514342","2016","null","null","null","null","null","null","null","null","null","null","null","null","null","null","-17.442556","11.691895","-6.015015","23.891735","0.38008958","0.64627385","0.2814319","0.32613668","1636148068921376800","3403771275824690304","6101.537","6142.4014","null","null","null","17","Gaia DR3 3403771275824690304","83.65652195975127","22.000262528821377","1.2576837541588344","0.393599","1.849112036155117","0.3779223","0.8319704258238589","0.23999138","15.572786","15.991011","14.772704","NOT_AVAILABLE","1.2183065","0.41822433","0.8000822","null","null","6.3320327","0","true","false","false","false","true","true","6123.372","4.5221","-4.0783","754.2491","1.176","0.9699","0.5391"
"null","null","57.10352","0.20997787","0.39597595","0.45345572","7","0","58","0","58","3","false","3.3654969","null","null","-5.7737814568048815","null","null","null","0.6217827","null","null","null","null","null","null","false","null","null","-1.3095048909941451","84.11836838497393","null","null","null","false","false","false","false","0","50","1.0102588","53.321095","184.5810258851074","null","null","null","10","0","null","null","4","null","null","null","null","null","null","null","null","null","null","0","null","1818.9570507146736","5.151365","353.10196","58","2","null","null","null","null","null","0","null","null","null","null","null","null","0.8866737","0.807326","317841859","null","null","null","null","2016","null","null","null","null","null","null","null","null","null","null","null","null","null","null","-42.146847","-39.999184","-42.629696","-40.32671","0.7154995","0.95822984","0.6511343","0.8414296","1636148068921376800","3403771275821587968","null","null","null","null","null","6","Gaia DR3 3403771275821587968","83.65626108586275","22.000349911543395","null","null","null","null","null","null","17.537811","null","null","NOT_AVAILABLE","null","null","null","null","null","null","0","false","false","false","false","false","false","null","null","null","null","null","null","null"
"null","null","42.95596","0.98497826","0.048244305","-0.25512835","6","1","51","0","52","3","false","262.326","null","null","-5.768529439576771","0.00013357706","0.0027735566","0.99514157","23.623808","null","null","null","null","null","null","false","null","null","-1.3065710471722534","84.12274138199825","null","null","null","false","false","false","false","0","0","0.37187368","11.437258","184.58065401030726","null","null","null","6","0","null","null","3","null","null","null","null","null","79.87185071529146","14.337944","5.570663","0","0","6","1.7780559","71.82212260907032","1.8165768","39.537067","51","0","47.831900595527514","5.55331","8.613224","0","0","3","null","null","null","null","null","null","-0.99260145","28.400864","820902516","null","null","null","null","2016","null","null","null","null","null","null","null","null","null","null","null","null","null","null","-18.216927","20.303","-4.204201","23.171806","0.3521773","0.799218","0.5552868","0.33009255","1636148068921376800","3403771275822979072","null","null","null","null","null","5","Gaia DR3 3403771275822979072","83.66083273218435","22.003473051612385","null","null","null","null","null","null","21.04672","20.582558","20.548601","NOT_AVAILABLE","0.033956528","-0.46416283","0.49811935","null","null","null","0","false","false","false","false","false","false","null","null","null","null","null","null","null"
"0.7696","0.7986","367.88696","0.26216754","0.8009986","0.9912902","38","3","329","0","332","95","false","0.30076674","0.9783","1.0142","-5.772705440703971","5.647446e-10","1.9446488e-11","0.9999992","0.13290566","-0.59546185","-0.81956327","0.22578682","0.11835653","1191.3518","1207.7861","false","0.4264","0.4426","-1.3027810823109116","84.11575188301919","null","null","null","false","false","false","false","2","0","0.077412255","172.89786","184.5738554900138","MARCS","4.7763","4.7979","40","0","-3.5783","-3.4293","24","null","0.0992564","0.54759336","0.18955655","-0.10442009","555.5344905730116","20.604324","26.962034","1","0","37","1.4512643","1155.6610443091095","1.4414377","801.7419","324","0","1121.635135219356","42.676315","26.28238","2","0","36","2.0219676","0.072521076","-0.35943988","0.005136285","1.3949324","0.02972447","-0.56940883","0.16855784","1087713233","0.49922642","0.46962607","-0.04806834","-0.122039","2016","null","null","null","null","null","null","null","null","null","null","null","null","null","null","-16.819508","12.285101","-6.1955366","24.153751","0.35831174","0.64742404","0.25651088","0.32989088","1636148068921376800","3403771275824689024","5125.248","5157.124","null","null","null","15","Gaia DR3 3403771275824689024","83.65312358762777","22.006952188720987","0.021187856830696628","0.2134659","1.4202073435140457","0.2027666","-1.4392234907743786","0.13203435","18.03029","18.476765","17.123266","NOT_AVAILABLE","1.3534985","0.44647408","0.9070244","null","null","1.0382091","0","false","false","false","false","true","true","5140.453","4.7902","-3.5207","1198.4811","0.9958","0.7839","0.4343"
"0.8779","0.9202","375.32797","0","0","1.2469565","39","1","336","0","337","31","false","0.05807089","1.0848","1.1351","-5.774565844251091","7.291599e-11","1.0215303e-13","0.99998707","0.025462735","-0.54805833","-0.8033119","0.2107643","null","1034.5288","1100.1302","false","0.4834","0.5066","-1.2992200293901197","84.11156375367653","null","null","null","false","false","false","false","0","0","0.06890239","176.60283","184.56865694454373","MARCS","4.152","4.183","41","0","-1.4079","-1.3016","25","1.4680111","13.539817","0.5231084","0.10145911","null","7590.725227214615","40.689705","186.5515","2","0","39","1.2754399","17193.32295163916","5.356281","3209.9368","330","0","14338.324203564893","83.86648","170.9661","2","0","40","5.3201046","null","-0.380188","null","null","null","-0.4470091","0.031865507","1384716098","0.3937685","0.34790525","-0.07207074","null","2016","null","null","null","null","null","null","null","null","null","null","null","null","null","null","-14.791748","11.3040285","-4.535928","26.124","0.43321422","0.6180907","0.3017206","0.29322103","1636148068921376800","3403818211227300224","5644.2466","5721.243","null","null","null","17","Gaia DR3 3403818211227300224","83.6484428034099","22.01032555995131","0.5341175024759452","0.03944791","2.8254801272160943","0.03929012","-4.507790200888514","0.025066268","15.098968","15.637834","14.356649","NOT_AVAILABLE","1.2811842","0.53886604","0.74231815","null","null","1.0478307","0","true","false","false","false","true","true","5687.9873","4.1668","-1.3497","1068.192","1.1133","0.9019","0.4966"
"null","null","83.71235","11.461709","4.92753","3.2475865","6","2","51","0","53","3","false","454.95078","null","null","-5.765249855546314","0.000041434192","0.00031772302","0.99867827","30.554462","null","null","null","null","null","null","false","null","null","-1.310810640025778","84.12895510703777","null","null","null","false","false","false","false","0","0","2.3525665","115.63752","184.58745665245982","null","null","null","6","0","null","null","3","null","null","null","null","null","73.87172115017206","24.692373","2.9916818","0","0","4","3.885944","63.98346591315467","2.3950586","26.71478","53","0","174.76442976927964","62.403343","2.800562","0","0","4","null","null","null","null","null","null","-0.98747677","39.443054","1760097757","null","null","null","null","2016","null","null","null","null","null","null","null","null","null","null","null","null","null","null","-1.9536712","24.133999","4.6240854","24.012714","0.3631015","0.8918631","0.517033","0.5931056","1636148068921376800","3403771207103501568","null","null","null","null","null","4","Gaia DR3 3403771207103501568","83.66772708313646","21.999510306102334","null","null","null","null","null","null","21.172197","20.667347","19.141764","NOT_AVAILABLE","1.5255833","-0.5048504","2.0304337","null","null","null","0","false","false","false","false","false","false","null","null","null","null","null","null","null"
"null","null","383.32437","0.17489614","0.24203925","0.1634953","42","3","360","0","363","95","false","0.3608324","null","null","-5.766282573303085","1.08681895e-7","6.686676e-11","0.9999996","0.16039392","-0.5962403","-0.8272898","0.25862446","0.15683566","null","null","false","null","null","-1.306243316536614","84.12514420850859","null","null","null","false","false","false","false","0","0","0.037313975","166.84662","184.58156945347568","null","null","null","45","0","null","null","29","null","6.024275","0.5369439","0.116692364","-0.19936727","457.2933748085963","29.72584","15.383699","1","0","40","2.031239","822.9868186533529","1.5716296","523.65186","351","0","1214.3895082719127","51.224365","23.707264","3","0","40","5.146128","0.024383444","-0.4251576","-0.00897129","1.3532901","0.034201637","-0.5598583","0.19176106","1741790445","0.40903604","0.43541372","-0.1525293","-0.16581613","2016","null","null","null","null","null","null","null","null","null","null","null","null","null","null","-13.057994","13.479067","-2.4787138","23.36467","0.37224624","0.6719575","0.2763102","0.36430156","1636148068921376800","3403771271529449088","null","null","null","null","null","16","Gaia DR3 3403771271529449088","83.6634056318134","22.003905976648205","1.4356943190892446","0.23831819","2.653814157147799","0.23502693","-4.409070856697468","0.15745522","18.398884","18.688055","17.037","NOT_AVAILABLE","1.6510544","0.28917122","1.3618832","null","null","1.0052074","0","false","false","false","false","false","false","null","null","null","null","null","null","null"
"null","null","397.55167","0","2.1184292e-15","0.92790264","42","1","366","0","367","95","false","0.27209213","null","null","-5.76508951192219","4.7411204e-9","8.8372537e-10","0.99999833","0.12033893","-0.5763135","-0.8297962","0.27244082","0.15936664","null","null","false","null","null","-1.3052519635415443","84.12595120829786","null","null","null","false","false","false","false","0","0","0.086527854","173.50993","184.58110854156308","null","null","null","45","0","null","null","29","null","2.5693288","0.5136501","0.11159988","-0.2121286","686.6150030518987","22.80588","30.10693","0","0","44","1.5020334","1244.7170557029604","1.7537792","709.7342","362","0","1182.9915793558841","38.756992","30.523308","0","0","44","0.17818472","0.029244954","-0.4374342","-0.013831707","1.492283","0.025763754","-0.5673789","0.14559394","947831824","0.4145285","0.44426152","-0.1939261","-0.17578506","2016","null","null","null","null","null","null","null","null","null","null","null","null","null","null","-13.273576","13.637899","-2.347078","23.451714","0.37241364","0.67145884","0.27914566","0.36762148","1636148068921376800","3403771271529449472","null","null","null","null","null","16","Gaia DR3 3403771271529449472","83.66422801968058","22.004931800211057","0.44933889731696774","0.1748857","-0.1767734358759322","0.17586462","0.022381823257705838","0.11720086","17.94969","18.24676","17.065441","NOT_AVAILABLE","1.1813183","0.29706955","0.88424873","null","null","1.033843","0","false","false","false","false","false","true","null","null","null","null","null","null","null"
"null","null","420.50677","0.27709818","0.582475","2.1822925","41","2","352","0","354","95","false","0.39179745","null","null","-5.764852449950528","8.961957e-9","5.7179567e-10","0.99999946","0.16669948","-0.57347023","-0.8277686","0.3043894","0.1836447","null","null","false","null","null","-1.3063342846405137","84.12684545055109","null","null","null","false","false","false","false","1","0","0.08976635","174.28198","184.58249922056305","null","null","null","44","0","null","null","29","null","1.8459605","0.52062756","0.048206758","-0.24881244","467.2364267540169","17.108637","27.309975","2","0","40","1.6494664","807.9318403722392","1.4400147","561.05804","351","0","865.4200050283522","35.13041","24.634499","1","0","38","0.33862033","-0.005996088","-0.48065525","0.007366396","1.4632585","0.035828672","-0.5571712","0.21002027","764980124","0.4484038","0.42476588","-0.17298377","-0.20667437","2016","null","null","null","null","null","null","null","null","null","null","null","null","null","null","-9.874455","12.973343","-0.9287619","22.436455","0.39627418","0.680102","0.28072846","0.36296678","1636148068921376800","3403771271529449600","null","null","null","null","null","16","Gaia DR3 3403771271529449600","83.66524259289731","22.003889773745527","0.46778177211013927","0.25340834","-0.32689137551507097","0.25160587","-0.08835026530178548","0.16570197","18.41893","18.6647","17.404829","NOT_AVAILABLE","1.2598705","0.2457695","1.014101","null","null","1.0831054","0","false","false","false","false","false","false","null","null","null","null","null","null","null"
"null","null","194.30437","2.1713614","0.87811595","3.4508884","16","2","136","0","138","3","false","5.3415446","null","null","-5.758884785167256","0.0000026403136","0.0000065077343","0.9991298","2.1628978","null","null","null","null","null","null","false","null","null","-1.309449278027928","84.13551361298461","null","null","null","false","false","false","false","0","0","0.074691854","1.4329758","184.58954825378035","null","null","null","16","0","null","null","8","null","null","null","null","null","81.90125985231077","17.6549","4.6390104","0","0","6","2.4098492","79.50943914147066","0.9942547","79.96889","132","1","109.70448699088604","13.605518","8.063234","0","0","11","null","null","null","null","null","null","-0.84350735","2.7791822","1546316495","null","null","null","null","2016","null","null","null","null","null","null","null","null","null","null","null","null","null","null","-61.031487","17.762878","-19.105362","27.18538","0.25438836","0.66254616","0.35925102","0.43283448","1636148068921376800","3403771207103495808","null","null","null","null","null","10","Gaia DR3 3403771207103495808","83.67472762374787","22.001157936879185","null","null","null","null","null","null","20.93632","20.555315","19.647335","NOT_AVAILABLE","0.90797997","-0.38100433","1.2889843","null","null","null","0","false","false","false","false","false","false","null","null","null","null","null","null","null"
"null","null","256.24048","3.4710696","2.352097","2.6165411","24","2","205","0","207","3","false","6.67462","null","null","-5.760241725319126","0.000004200381","0.000004601299","0.99890894","2.3286743","null","null","null","null","null","null","false","null","null","-1.3073185855750606","84.13272666568537","null","null","null","false","false","false","false","0","0","0.057143997","110.26839","184.58629740474362","null","null","null","25","0","null","null","20","null","null","null","null","null","50.69846466442497","5.716954","8.86809","0","0","15","2.0087278","98.67033557899815","0.9652874","102.218605","202","0","147.50338946242914","13.627818","10.823698","0","0","22","null","null","null","null","null","null","-0.79082185","2.946012","916376072","null","null","null","null","2016","null","null","null","null","null","null","null","null","null","null","null","null","null","null","-0.91783935","10.607748","1.9664075","11.409176","0.5678101","0.84072864","0.5128552","0.50227255","1636148068921376800","3403771207103495936","null","null","null","null","null","8","Gaia DR3 3403771207103495936","83.67162467090246","22.003164415025914","null","null","null","null","null","null","20.7019","21.076056","19.32589","NOT_AVAILABLE","1.7501659","0.37415504","1.3760109","null","null","null","0","false","false","false","false","false","false","null","null","null","null","null","null","null"
"0.3138","0.42","345.07584","0","0","-1.1777357","41","2","357","0","359","95","false","0.3355783","0.4218","0.5622","-5.762853443347681","1.2238875e-9","2.0488135e-11","0.9999988","0.15180843","-0.577975","-0.82540363","0.25814325","0.15068167","464.7242","759.8916","false","0.1692","0.2269","-1.3028320203866701","84.12714135006861","null","null","null","false","false","false","false","0","0","0.058323316","170.34863","184.5795936244432","MARCS","4.9309","5.102","44","0","-2.1764","-1.5789","29","null","1.5123581","0.52015805","0.109711304","-0.2092863","405.9168702925303","18.60037","21.823053","0","0","42","1.6393605","880.1823047440456","1.3540249","650.0488","352","0","1037.0192964222401","38.250484","27.111273","1","0","42","5.245016","0.031842962","-0.42190585","-0.010170806","1.3394403","0.03246359","-0.5823889","0.18480808","1420956602","0.42153937","0.4526064","-0.174701","-0.17079711","2016","null","null","null","null","null","null","null","null","null","null","null","null","null","null","-12.315615","14.42583","-0.8551655","23.223751","0.36149293","0.6809707","0.2755373","0.39764735","1636148068921376800","3403771271529449728","4224.433","4319.061","null","null","null","16","Gaia DR3 3403771271529449728","83.66539552111487","22.007401648246432","0.33036484131745925","0.21844354","-0.1569294744208461","0.2166196","-5.242668061909652","0.14590168","18.325935","18.81745","17.20843","NOT_AVAILABLE","1.6090202","0.4915142","1.117506","null","null","0.95494485","0","false","false","false","false","false","false","4267.2065","5.0361","-1.9138","578.8615","0.4858","0.3622","0.1957"
"null","null","52.459793","0","0","0.61139715","6","0","52","0","52","3","false","1933.6022","null","null","-5.761460211460826","0.000011989472","0.00008724625","0.99904287","31.847748","null","null","null","null","null","null","false","null","null","-1.303381910598312","84.12906332395717","null","null","null","false","false","false","false","0","0","0.09509092","0.7510814","184.58103385564752","null","null","null","6","1","null","null","4","null","null","null","null","null","614.0996424587553","568.92224","1.0794088","0","0","2","10.385635","71.69874986006775","1.5208379","47.14424","52","0","130.5374050943151","1.0965434","119.04445","0","0","3","null","null","null","null","null","null","-0.9927325","37.85266","1193414167","null","null","null","null","2016","null","null","null","null","null","null","null","null","null","null","null","null","null","null","-19.321833","16.69864","-3.6262305","17.075253","0.38050807","0.8588384","0.6515253","0.5129586","1636148068921376800","3403771275822971392","null","null","null","null","null","3","Gaia DR3 3403771275822971392","83.66749204100898","22.006936626562727","null","null","null","null","null","null","21.048588","18.367945","19.458557","NOT_AVAILABLE","-1.0906124","-2.680643","1.5900307","null","null","null","0","false","false","false","false","false","false","null","null","null","null","null","null","null"
"0.5291","0.6606","395.6793","0","0","0.4122185","43","1","375","0","376","95","false","0.14254537","0.6638","0.8234","-5.763549272798545","5.143583e-13","1.02110425e-13","0.9999914","0.063533455","-0.5832135","-0.793428","0.17560285","0.13402916","868.9483","976.9149","false","0.2903","0.3624","-1.3017162166925926","84.1256988926512","null","null","null","false","false","false","false","0","0","0.045303795","175.6751","184.57789969948882","MARCS","4.7422","4.7967","46","0","-2.1861","-1.6831","29","null","2.7315717","0.5140224","0.13579321","-0.19891681","1352.3324254339116","21.307085","63.468674","0","0","44","1.3061421","2974.695255966543","2.5480428","1167.4432","372","0","2533.0421513818437","34.374172","73.69028","1","0","44","2.8992498","0.0809866","-0.37179562","-0.054559197","1.4518579","0.0147363655","-0.49539468","0.07919232","647982426","0.4009428","0.35233918","-0.08123707","-0.14488976","2016","null","null","null","null","null","null","null","null","null","null","null","null","null","null","-14.51929","12.279005","-4.101723","24.010456","0.39066568","0.6525305","0.27227354","0.3423014","1636148068921376800","3403771275824687488","5141.6016","5329.904","null","null","null","17","Gaia DR3 3403771275824687488","83.66378875535307","22.00845306073316","0.2736043938067436","0.10016372","0.005618462916215386","0.096483186","-2.899244246064941","0.06253838","17.003761","17.510834","16.238789","NOT_AVAILABLE","1.2720451","0.50707245","0.7649727","null","null","1.0143045","0","true","false","false","false","true","true","5217.8076","4.7773","-1.9527","907.4731","0.7328","0.5857","0.3214"
"null","null","358.7989","0","0","-0.090816446","41","3","355","0","358","95","false","0.3331625","null","null","-5.763072500359682","6.235022e-10","4.093718e-10","0.9999806","0.15164839","-0.58550256","-0.8269722","0.25486177","0.16224624","null","null","false","null","null","-1.300862763892993","84.12575905141512","null","null","null","false","false","false","false","0","0","0.045309506","174.72859","184.57718567704657","null","null","null","43","0","null","null","28","null","0.86111206","0.5248916","0.1022356","-0.22869973","356.075675513166","21.306211","16.712294","0","0","7","1.1807984","876.3922538471498","1.221316","717.58026","351","0","678.7668895058298","30.795742","22.040934","1","0","6","1.2109827","0.020210886","-0.42041695","-0.009068803","1.4567008","0.032491624","-0.574498","0.18442531","1201047532","0.4281209","0.445269","-0.17257607","-0.18303427","2016","null","null","null","null","null","null","null","null","null","null","null","null","null","null","-12.041249","14.240865","-0.72331357","23.148354","0.36848938","0.6800452","0.2796844","0.39715794","1636148068921376800","3403771275821581184","null","null","null","null","null","16","Gaia DR3 3403771275821581184","83.66381314196057","22.0093083312776","0.19014167321984715","0.22080943","1.0597495321570227","0.21482037","-0.5860119159811341","0.14496058","18.33062","18.959686","17.668594","NOT_AVAILABLE","1.2910919","0.62906647","0.66202545","null","null","0.99561065","0","false","false","false","false","false","false","null","null","null","null","null","null","null"
"null","null","191.79297","1.6209754","0.47180885","1.7083215","19","0","165","0","165","3","false","5.9106016","null","null","-5.756150228010178","0.0002544851","0.000047420523","0.9991126","2.13212","null","null","null","null","null","null","false","null","null","-1.3032373022924821","84.13510323966206","null","null","null","false","false","false","false","0","0","0.04598641","9.831505","184.58392711986332","null","null","null","21","0","null","null","16","null","null","null","null","null","75.93002720753496","9.96139","7.622433","0","0","16","2.735367","96.0733615455021","1.0434247","92.075035","165","0","186.86588214844758","13.485786","13.856506","0","0","17","null","null","null","null","null","null","-0.7051031","2.1978242","1292556289","null","null","null","null","2016","null","null","null","null","null","null","null","null","null","null","null","null","null","null","-4.2285447","18.36216","6.561983","20.956326","0.3682696","0.7970505","0.3457666","0.55695057","1636148068921376800","3403771310183422080","null","null","null","null","null","9","Gaia DR3 3403771310183422080","83.67399183299521","22.00734595547879","null","null","null","null","null","null","20.73086","20.637508","19.06907","NOT_AVAILABLE","1.5684376","-0.093351364","1.661789","null","null","null","0","false","false","false","false","false","false","null","null","null","null","null","null","null"
"null","null","279.5897","3.4100044","5.7014685","2.9246511","25","3","219","0","222","3","false","7.4385123","null","null","-5.765336162912157","0.000091858936","0.00017029133","0.99916273","2.5481737","null","null","null","null","null","null","false","null","null","-1.3227143369597998","84.13568403499387","null","null","null","false","false","false","false","0","0","0.13316533","122.68709","184.60119895187208","null","null","null","26","0","null","null","17","null","null","null","null","null","74.4018935735442","8.283436","8.982009","1","0","14","1.7026609","104.43896143931455","0.84264857","123.9413","217","0","103.42225019689896","13.689425","7.5549006","0","0","18","null","null","null","null","null","null","-0.92164356","3.4439526","979051827","null","null","null","null","2016","null","null","null","null","null","null","null","null","null","null","null","null","null","null","-7.2927547","15.654871","-2.737281","17.039104","0.36162746","0.8183585","0.38194442","0.41886887","1636148068921376800","3403771207105760128","null","null","null","null","null","11","Gaia DR3 3403771207105760128","83.67553828224534","21.987913095377134","null","null","null","null","null","null","20.640211","20.659582","19.71136","NOT_AVAILABLE","0.9482212","0.019371033","0.9288502","null","null","null","0","false","false","false","false","false","false","null","null","null","null","null","null","null"
"null","null","265.3532","0","0","-0.85678804","32","3","276","0","279","95","false","1.4875429","null","null","-5.754244853636801","4.188024e-9","2.1898356e-7","0.9999919","0.7321215","-0.65334344","-0.8079329","0.11723681","0.25281283","null","null","false","null","null","-1.321473523605798","84.14776136872293","null","null","null","false","false","false","false","0","0","0.057430387","170.69182","184.60615416313632","null","null","null","34","0","null","null","23","null","-2.0021026","0.5193092","0.18392731","-0.38027528","77.75208912192569","7.0483894","11.031185","0","0","31","1.5898482","121.62094463799514","0.7663797","158.69542","270","0","115.60674158338227","9.405814","12.290987","0","0","30","3.4553356","-0.0120449085","-0.26088336","0.0061042835","1.325453","0.16302644","-0.61013997","0.980487","320806834","0.5590386","0.4561803","-0.11311635","-0.34462443","2016","null","null","null","null","null","null","null","null","null","null","null","null","null","null","-5.3311305","11.784734","0.0543368","19.873652","0.52285963","0.69815814","0.3032177","0.34494498","1636148068921376800","3403771035304805632","null","null","null","null","null","14","Gaia DR3 3403771035304805632","83.68848853051271","21.9896813894562","-2.4472207761417684","1.2223253","0.77169684634509","0.9658715","-3.3680600533794713","0.65360636","20.474846","20.611763","19.590437","NOT_AVAILABLE","1.0213261","0.13691711","0.88440895","null","null","0.9621382","0","false","false","false","false","false","false","null","null","null","null","null","null","null"
"0.8683","0.9084","364.60617","0","0","-0.08365342","41","1","358","0","359","31","false","0.06537904","1.0424","1.0883","-5.754189949815292","5.0996035e-13","1.020858e-13","0.99999374","0.027593836","-0.5658631","-0.8022444","0.167266","null","1189.029","1257.4644","false","0.4761","0.4978","-1.3128145080321107","84.1428575885158","null","null","null","false","false","false","false","0","0","0.0581357","177.57912","184.59615339931645","MARCS","4.2779","4.3185","43","0","-0.9531","-0.8811","27","1.4985082","9.941981","0.5350446","0.101110235","null","6664.277843110105","16.387632","406.66507","0","0","42","1.2513481","13881.12425032804","5.788607","2398.0076","354","0","10705.840320026778","24.114902","443.9512","1","0","40","4.4312944","null","-0.38677946","null","null","null","-0.47343376","0.035420306","361596471","0.4066176","0.34037143","-0.08457074","null","2016","null","null","null","null","null","null","null","null","null","null","null","null","null","null","-12.232108","12.088603","-2.7972836","23.986082","0.39607567","0.6524808","0.24086396","0.36577022","1636148068921376800","3403771241464947584","6258.674","6348.7173","null","null","null","17","Gaia DR3 3403771241464947584","83.68279766084832","21.99811757596099","0.4374562300414957","0.04400091","1.7133908288010777","0.044586822","-4.086644345115295","0.027678305","15.3313055","15.77916","14.673843","NOT_AVAILABLE","1.1053162","0.44785404","0.6574621","null","null","0.99591017","0","true","false","false","false","true","true","6301.9224","4.299","-0.9173","1223.4149","1.0651","0.888","0.4867"
"null","null","342.29742","0.23989406","0.08728718","0.24051182","37","0","326","0","326","95","false","0.828708","null","null","-5.746622563997154","1.1605403e-9","8.2336304e-10","0.9999937","0.41363636","-0.6438608","-0.8409419","-0.22907732","0.18049097","null","null","false","null","null","-1.3229208925358997","84.15738064070558","null","null","null","false","false","false","false","0","0","0.05674506","178.0346","184.61222430424732","null","null","null","39","0","null","null","27","null","0.88533425","0.54014933","0.26665652","-0.33479995","113.12820888327214","6.741875","16.779932","9","0","36","1.2476097","250.4286417452576","0.74717","335.16956","324","0","199.3090052524911","10.18183","19.574968","9","0","36","1.6660917","-0.013647722","0.04112309","-0.07289633","1.3699064","0.083773084","-0.41627717","0.49204722","120762388","0.5286752","0.2600601","-0.0675817","-0.3023404","2016","null","null","null","null","null","null","null","null","null","null","null","null","null","null","-6.4320393","12.800598","2.4610946","21.019548","0.4842233","0.68786657","0.25600138","0.4216552","1636148068921376800","3403770966584545536","null","null","null","null","null","14","Gaia DR3 3403770966584545536","83.69891800509876","21.988655699589774","0.5487190163984264","0.6197874","0.5750337362518577","0.57151586","-1.563712827139249","0.36304286","19.690657","20.204615","18.999079","NOT_AVAILABLE","1.2055359","0.513958","0.6915779","null","null","1.0084773","0","false","false","false","false","false","false","null","null","null","null","null","null","null"
"null","null","327.75507","0","0","-0.6446405","37","2","322","0","324","95","false","0.85542476","null","null","-5.754798444535787","6.17195e-10","4.31174e-10","0.99999183","0.43422517","-0.67377","-0.80811816","-0.18229571","0.25614363","null","null","false","null","null","-1.3079292065056571","84.13935350756154","null","null","null","false","false","false","false","0","0","0.086139806","176.84967","184.5901424671203","null","null","null","39","0","null","null","26","null","1.8054559","0.5650201","0.3002359","-0.3218469","85.69466480120492","7.387839","11.599422","0","0","34","1.1869526","232.57848471799903","0.8697545","267.40704","311","0","190.36495801491816","10.944736","17.39329","0","0","37","1.7111794","-0.040796373","-0.061816823","-0.16885754","1.2296813","0.09213768","-0.49498686","0.51130193","286102732","0.53522635","0.31499967","0.07328899","-0.24977246","2016","null","null","null","null","null","null","null","null","null","null","null","null","null","null","-8.814606","14.238937","1.163685","23.1108","0.47603863","0.6724671","0.28277832","0.41200542","1636148068921376800","3403771241461838720","null","null","null","null","null","14","Gaia DR3 3403771241461838720","83.67879224009714","22.002844774139458","1.208844162740475","0.6695506","1.6967523162497944","0.57791096","-0.22173543276384514","0.37966067","19.770943","20.506157","19.048927","NOT_AVAILABLE","1.4572296","0.73521423","0.7220154","null","null","0.9734219","0","false","false","false","false","false","false","null","null","null","null","null","null","null"
"null","null","328.39127","0","0","-0.012650443","37","2","323","0","325","95","false","0.68262744","null","null","-5.751753094908241","1.9058478e-10","8.391825e-11","0.9999979","0.34859705","-0.67157793","-0.8135073","-0.15752251","0.25362194","null","null","false","null","null","-1.304578050719542","84.14094264092908","null","null","null","false","false","false","false","0","0","0.045895215","167.51091","184.58801512106658","null","null","null","39","0","null","null","26","null","0.70821244","0.5673319","0.29449272","-0.317878","109.56877125416759","10.50748","10.427693","0","0","34","1.2146884","308.10725538709977","0.89935595","342.58655","320","0","264.6855537899513","12.410311","21.327875","0","0","37","1.324517","-0.038559947","-0.07769243","-0.15671253","1.4857942","0.072783","-0.5065379","0.40592593","382130874","0.51618093","0.33189034","0.061487075","-0.24262576","2016","null","null","null","null","null","null","null","null","null","null","null","null","null","null","-8.008273","14.006739","1.5140637","22.61017","0.4894658","0.6782773","0.29786426","0.40936282","1636148068921376800","3403771241461835904","null","null","null","null","null","14","Gaia DR3 3403771241461835904","83.68034582018352","22.006262302786908","0.37413139644177373","0.52827567","1.3149284864489423","0.46783856","-0.15908572938497556","0.30566514","19.465612","20.239325","18.69107","NOT_AVAILABLE","1.548254","0.77371216","0.77454185","null","null","0.99844646","0","false","false","false","false","false","false","null","null","null","null","null","null","null"
"0.6598","0.6975","366.9844","0","0","-0.6134705","44","2","374","0","376","31","false","0.10057879","0.8445","0.8912","-5.7470615111394485","5.1020115e-13","1.0213904e-13","0.99998844","0.04360744","-0.56148887","-0.8136568","0.19649784","null","891.2363","954.2328","false","0.3522","0.3723","-1.3096983714956245","84.14928968822699","null","null","null","false","false","false","false","0","0","0.07118356","176.49178","184.59665180129343","MARCS","4.5183","4.5585","46","0","-0.1615","-0.0983","29","1.437871","11.129104","0.54016954","0.10936127","null","2279.3007179369906","11.174959","203.96501","1","0","41","1.263603","5571.691567348743","2.5286248","2203.4473","369","0","4761.105166267731","13.517874","352.20813","2","0","40","9.442032","null","-0.37570804","null","null","null","-0.4699116","0.0545624","888515758","0.37557626","0.3601003","-0.106971964","null","2016","null","null","null","null","null","null","null","null","null","null","null","null","null","null","-13.97542","11.782915","-3.9493625","24.26665","0.387244","0.6455083","0.2658881","0.32869437","1636148068921376800","3403771241464944000","5034.6265","5091.0444","null","null","null","17","Gaia DR3 3403771241464944000","83.68957937646589","22.00151210004965","0.7597632218616888","0.06826814","4.2587793349224325","0.067949675","-8.427025506327581","0.04362367","16.3224","16.944038","15.553626","NOT_AVAILABLE","1.3904123","0.62163925","0.7687731","null","null","0.97660667","0","true","false","false","false","true","true","5059.313","4.5409","-0.1317","919.6454","0.8654","0.6766","0.3611"
"null","null","405.93756","1.234329","2.0708692","2.168886","38","1","333","0","334","31","false","0.8570901","null","null","-5.74674405885681","8.24576e-10","2.3190927e-9","0.99999464","0.44151968","-0.64299625","-0.83237666","-0.058311835","null","null","null","false","null","null","-1.3085649906060264","84.14900557845259","null","null","null","false","false","false","false","0","0","0.083000146","5.867289","184.59552164226076","null","null","null","40","0","null","null","27","1.4531895","-2.4339466","0.5748165","0.2615818","null","96.34219905506744","6.0843883","15.834328","0","0","38","1.2689971","231.50781048591347","0.8121114","285.06903","329","0","197.44054037431377","8.109815","24.345877","0","0","38","3.4747355","null","-0.14549644","null","null","null","-0.52812177","0.5295485","1257172906","0.48487216","0.38874698","-0.0024521905","null","2016","null","null","null","null","null","null","null","null","null","null","null","null","null","null","-9.819788","13.62392","-0.33759195","21.897465","0.43923956","0.6865481","0.24996682","0.42328557","1636148068921376800","3403771241461832576","null","null","null","null","null","15","Gaia DR3 3403771241461832576","83.68921986171195","22.002631974438543","-1.6096955661292607","0.66135204","-2.296959324240759","0.6078156","-2.607252296102063","0.39986","19.775953","20.379002","19.009304","NOT_AVAILABLE","1.3696976","0.6030483","0.76664925","null","null","1.0848205","0","false","false","false","false","false","false","null","null","null","null","null","null","null"
"null","null","410.0037","0.5912629","0.48703527","2.094535","39","3","339","0","342","31","false","0.782172","null","null","-5.7448749063529165","4.0736084e-10","4.2256058e-8","0.9999955","0.38075843","-0.6093416","-0.8206034","-0.15579183","null","null","null","false","null","null","-1.3081065081739893","84.15089785195298","null","null","null","false","false","false","false","0","0","0.03682866","164.77982","184.59606780813732","null","null","null","41","0","null","null","27","1.4636256","1.7577584","0.54164803","0.2815659","null","100.0806229869539","5.1129847","19.573816","1","0","34","1.1427475","245.0955666703377","0.87332594","280.64615","340","0","180.0017361886976","7.598905","23.68785","0","0","35","0.72924525","null","-0.054768454","null","null","null","-0.3747121","0.43917868","1712847357","0.39654955","0.2342232","0.011890717","null","2016","null","null","null","null","null","null","null","null","null","null","null","null","null","null","-7.672116","12.025914","1.2810785","21.638334","0.43146732","0.6616456","0.28890893","0.4004614","1636148068921376800","3403771237166555264","null","null","null","null","null","15","Gaia DR3 3403771237166555264","83.69123667867079","22.00317274303474","0.9876756292364084","0.561895","0.7243870392241987","0.5519934","0.08403622808637858","0.3447651","19.714027","20.337667","19.109703","NOT_AVAILABLE","1.2279644","0.62364006","0.60432434","null","null","1.0811005","0","false","false","false","false","false","false","null","null","null","null","null","null","null"
"0.2385","0.4377","402.5965","0.10501694","0.09790714","0.81620973","43","0","369","0","369","31","false","0.32245207","0.3198","0.5817","-5.739784557626606","5.1062876e-13","1.0214602e-13","0.9999955","0.1316176","-0.46661478","-0.8152438","0.23532647","null","650.9874","868.5272","false","0.1286","0.2368","-1.307800640411862","84.15659195979387","null","null","null","false","false","false","false","0","0","0.03826661","169.04935","184.5986474386694","PHOENIX","4.9239","5.041","45","0","-1.9284","-1.5726","29","1.3858294","1.3365784","0.45236406","0.1289772","null","316.80414167382526","5.673341","55.840843","1","0","41","1.2590212","881.6693170589348","1.0567721","834.30414","365","0","793.2362079805895","8.126456","97.61158","0","0","41","3.1993864","null","-0.39914653","null","null","null","-0.4321295","0.1641095","1503472024","0.26629198","0.3387269","-0.22282153","null","2016","null","null","null","null","null","null","null","null","null","null","null","null","null","null","-7.654365","11.348534","0.39696124","23.788883","0.36611763","0.6425426","0.27977252","0.34896192","1636148068921376800","3403794498709431552","4219.9824","4398.705","null","null","null","17","Gaia DR3 3403794498709431552","83.69735623891954","22.00372708867486","0.2568473265840301","0.1921678","2.1368402319733173","0.217611","-2.381173564786098","0.13244124","18.324102","19.086565","17.49939","NOT_AVAILABLE","1.5871754","0.7624626","0.82471275","null","null","1.029478","0","false","false","false","false","true","false","4296.179","4.9758","-1.6622","746.2056","0.4311","0.3225","0.1742"
"null","null","350.46152","0","0","0.28285465","38","1","334","0","335","95","false","0.79908526","null","null","-5.7387812511723695","2.6597508e-10","2.0872813e-10","0.9999927","0.3782193","-0.6035339","-0.82624906","-0.2467204","0.14850906","null","null","false","null","null","-1.3062655166768993","84.15686823656853","null","null","null","false","false","false","false","0","0","0.02451665","0.8484891","184.59744715640224","null","null","null","39","0","null","null","26","null","2.6703453","0.49876896","0.3035708","-0.30642247","99.71623372393218","5.3850603","18.517199","0","0","33","1.3007269","261.29139371475424","0.8659412","301.74265","333","0","240.15250152899077","11.463867","20.948647","0","0","33","0.35960484","0.025162794","0.04349816","-0.10389183","1.3979759","0.079673536","-0.3489356","0.44708085","1441079245","0.45282954","0.18927386","-0.05709526","-0.2583879","2016","null","null","null","null","null","null","null","null","null","null","null","null","null","null","-4.5538535","11.76238","3.547929","21.95866","0.4430687","0.65858686","0.2640705","0.40851384","1636148068921376800","3403794498709431680","null","null","null","null","null","15","Gaia DR3 3403794498709431680","83.69758154052083","22.00527281156461","1.5070619413839113","0.5643697","0.14032658166250583","0.5561455","-0.331095286532451","0.3377762","19.644554","20.341627","18.796679","NOT_AVAILABLE","1.5449486","0.697073","0.8478756","null","null","1.0100441","0","false","false","false","false","false","false","null","null","null","null","null","null","null"
"null","null","204.86197","0","0","-0.7980104","25","2","214","0","216","95","false","3.789448","null","null","-5.735452752666488","3.1330327e-10","4.2853435e-7","0.9999959","1.281745","-0.28977865","-0.87409365","0.5074414","-0.07285503","null","null","false","null","null","-1.3032279643695934","84.15896377423161","null","null","null","false","false","false","false","0","0","0.043006185","50.230797","184.5958463975069","null","null","null","25","0","null","null","16","null","0.2885866","0.15743983","0.4082168","-0.2704514","43.81408652787193","7.524091","5.8231735","0","0","18","1.161345","101.07597575458044","0.90297663","111.936424","212","0","73.56999560506739","9.489411","7.7528515","0","0","18","0.95464206","0.3071538","-0.6610578","-0.28628856","1.4483589","0.2419554","-0.72534674","1.7059423","860210832","0.27012873","0.58209074","-0.3135041","-0.13526475","2016","null","null","null","null","null","null","null","null","null","null","null","null","null","null","-1.7761046","12.80936","1.9788218","19.19888","0.4170847","0.7214991","0.39982858","0.45490715","1636148068921376800","3403794498709433088","null","null","null","null","null","12","Gaia DR3 3403794498709433088","83.69969594221769","22.008398955255057","0.5356749911125667","1.856202","-0.7472404608187306","2.450746","0.5941154806820914","1.2575566","20.675747","21.234509","20.081144","NOT_AVAILABLE","1.1533642","0.5587616","0.5946026","null","null","0.9595495","0","false","false","false","false","false","false","null","null","null","null","null","null","null"
"0.0123","0.3866","386.55093","0","0","0.08527766","44","1","374","0","375","31","false","0.31210133","0.0159","0.4885","-5.735960368351957","5.2691114e-13","1.02784893e-13","0.9999951","0.13783965","-0.47254053","-0.82053685","0.23304963","null","1043.414","1607.9775","false","0.0067","0.2103","-1.2998259296829378","84.15642686802491","null","null","null","false","false","false","false","0","0","0.055822995","170.76694","184.59161227405787","MARCS","4.8081","4.9939","45","0","-3.0753","-1.6883","29","1.4674673","4.02109","0.438579","0.21228427","null","347.8650249249299","7.267112","47.8684","0","0","37","1.2442232","801.1640449327757","1.0599724","755.83484","371","0","648.9618736498679","10.037203","64.65565","2","0","40","1.5890254","null","-0.35968706","null","null","null","-0.46736646","0.1693944","1537545788","0.28782445","0.39523557","-0.2203968","null","2016","null","null","null","null","null","null","null","null","null","null","null","null","null","null","-10.202578","10.414032","-0.6681528","23.53972","0.36866474","0.62792224","0.27235815","0.34880626","1636148068921376800","3403794704867864960","4530.663","4932.297","null","null","null","17","Gaia DR3 3403794704867864960","83.69680266602504","22.01168697819985","0.8042356475739362","0.2000044","-0.7760193114905976","0.20914009","-1.3866490688694257","0.13229708","18.428062","18.985016","17.717348","NOT_AVAILABLE","1.2676678","0.55695343","0.71071434","null","null","1.0022366","0","false","false","false","false","true","false","4598.0713","4.971","-2.7844","1119.8116","0.0874","0.0681","0.0372"
"null","null","288.79526","0","2.199338e-15","-2.175051","40","4","340","0","344","95","false","0.4142505","null","null","-5.771734662737579","2.8138368e-7","6.1830807e-9","0.9999997","0.18828791","-0.57959586","-0.7918711","0.19377702","0.10887597","null","null","false","null","null","-1.2963059566030122","84.11315661026816","null","null","null","false","false","false","false","0","0","0.07856682","179.10435","184.56691255026342","null","null","null","42","0","null","null","26","null","1.1295177","0.50646913","0.11932506","-0.1889882","396.6836092162887","36.997414","10.721928","0","0","37","2.0524135","588.9652770760886","1.5537859","379.05176","337","0","812.1166747946912","53.532764","15.170461","1","0","37","1.1790936","0.087530985","-0.3550931","-0.049827803","1.5393952","0.0447565","-0.47514716","0.23122884","1659791256","0.3949065","0.35442427","-0.095492885","-0.16026732","2016","null","null","null","null","null","null","null","null","null","null","null","null","null","null","-16.728039","11.79637","-5.51474","25.021894","0.3859856","0.6310422","0.27377528","0.30572373","1636148068921376800","3403818211224195200","null","null","null","null","null","17","Gaia DR3 3403818211224195200","83.65002045687721","22.013306894779408","0.32620017213152325","0.288796","0.1824694269927286","0.27936146","-1.164889142963933","0.18365689","18.762142","18.842432","17.47385","NOT_AVAILABLE","1.3685818","0.08028984","1.2882919","null","null","0.91606694","0","false","false","false","false","false","false","null","null","null","null","null","null","null"
"0.7731","1.0175","347.29352","0","0","-0.77286434","41","0","357","0","357","95","false","0.19226654","0.9812","1.2756","-5.769519917625736","5.5952515e-10","1.0217932e-13","0.99999887","0.08599559","-0.58879644","-0.780306","0.18151347","0.12448762","952.6415","1122.0042","false","0.4278","0.5659","-1.2966873399864378","84.11592921995641","null","null","null","false","false","false","false","0","0","0.068751685","176.944","184.56863116784317","MARCS","4.7438","4.8027","43","0","-3.6705","-2.9631","26","null","4.4364233","0.5140006","0.12088879","-0.17536622","817.8671632019579","24.778448","33.0072","0","0","40","1.4343342","1830.403156618392","1.9477059","939.7739","352","0","1807.5426209339482","44.449966","40.664658","0","0","38","4.804338","0.10454218","-0.36956686","-0.0647413","1.4226526","0.020455515","-0.48422045","0.10634917","1101124970","0.38482726","0.34330606","-0.06260277","-0.13841167","2016","null","null","null","null","null","null","null","null","null","null","null","null","null","null","-19.508999","12.270201","-7.328862","25.183784","0.36058402","0.6364029","0.26985124","0.32328045","1636148068921376800","3403818211227298560","5135.1475","5518.103","null","null","null","17","Gaia DR3 3403818211227298560","83.65302552867244","22.013047831647338","0.5951063463335434","0.13414103","0.7573424030749987","0.13032278","-4.744269877149083","0.084608294","17.531","18.056835","16.605175","NOT_AVAILABLE","1.4516602","0.52583504","0.9258251","null","null","0.97003216","0","true","false","false","false","true","true","5247.0693","4.7784","-3.2792","1003.512","1.0773","0.8514","0.4717"
"null","null","235.39606","0","0","-2.9589796","34","2","297","0","299","95","false","0.8469031","null","null","-5.768054022176712","5.2685335e-13","4.9210577e-11","0.99999744","0.42387584","-0.7533304","-0.8556172","-0.28202078","0.1876214","null","null","false","null","null","-1.2982256235231597","84.1185020271783","null","null","null","false","false","false","false","0","0","0.079131946","176.73604","184.5712585531284","null","null","null","35","0","null","null","23","null","-0.24306695","0.6632945","0.4100175","-0.23855913","93.72279157526052","10.447867","8.970519","0","0","27","1.2104527","283.61654892767115","1.0013227","283.24188","294","0","249.58161713159214","12.359649","20.193262","0","0","29","2.5510092","-0.01180847","0.11488999","-0.16368546","1.3986748","0.08146976","-0.47233605","0.429704","691166989","0.48003268","0.34196502","0.08747066","-0.22779052","2016","null","null","null","null","null","null","null","null","null","null","null","null","null","null","-18.42614","12.537416","-5.96212","22.088829","0.40654066","0.66220015","0.27480125","0.37516856","1636148068921376800","3403818211224192896","null","null","null","null","null","13","Gaia DR3 3403818211224192896","83.65587020211446","22.011624147114443","-0.15660302845456395","0.64427936","1.4197820409338804","0.525391","-2.119402555214475","0.3697097","19.555538","20.40893","18.754864","NOT_AVAILABLE","1.6540661","0.85339165","0.80067444","null","null","0.8787915","0","false","false","false","false","false","false","null","null","null","null","null","null","null"
"1.1538","1.1708","438.32028","0.08453887","1.6454396","2.7196505","41","0","360","0","360","31","false","0.06593869","1.5538","1.5751","-5.764386496900546","6.5099857e-12","1.0203012e-13","0.9999993","0.029088192","-0.5865666","-0.8260001","0.14216046","null","1597.6317","1738.4688","false","0.6106","0.6198","-1.2964639952997283","84.12172041131731","13.667513","0.11265139","8","false","false","false","false","0","0","0.1400624","179.57745","184.5713315803764","PHOENIX","3.2881","3.3575","43","0","0.0464","0.0741","26","1.3630441","5.049978","0.5559339","0.22444627","null","4882.869169246312","48.30453","101.08511","1","0","43","1.2924757","15622.02023348876","30.933744","505.0155","353","0","15308.21218017641","76.443146","200.25618","0","0","40","1.199607","null","-0.32027292","null","null","null","-0.52428204","0.03831406","1458215589","0.4811118","0.41158897","0.023905719","null","2016","null","111","null","4.5906925","2","3","11","null","null","-0.5","1.5","4250","508.81625","8","-14.154573","11.15327","-4.8210354","23.216364","0.40001163","0.64977294","0.26631823","0.3282843","1636148068921376800","3403818211227297920","4788.281","4807.8384","null","null","null","16","Gaia DR3 3403818211227297920","83.65925388660172","22.013525496726466","0.2518586228081379","0.049873214","1.1974213833985239","0.0457939","-0.07238014646516594","0.028522864","15.203024","16.116854","14.285584","NOT_AVAILABLE","1.8312693","0.9138298","0.91743946","24.101393","4.300258","1.1028135","0","true","false","false","false","true","true","4798.475","3.326","0.0648","1661.3253","1.5647","1.1627","0.6153"
"0.2769","0.5596","400.7562","0.17140897","1.3293897","1.7362075","39","1","340","0","341","95","false","0.14247389","0.3645","0.728","-5.7614416008754565","5.229387e-13","1.02041036e-13","0.99999833","0.06358349","-0.5807939","-0.7772264","0.18133663","0.10704268","701.056","837.9972","false","0.1488","0.2995","-1.2870601992164707","84.11972126657443","null","null","null","false","false","false","false","0","0","0.07284974","176.82889","184.5621333971941","PHOENIX","4.6107","4.6759","42","0","-1.2706","-0.691","25","null","6.9097013","0.50609833","0.1219975","-0.17715263","1323.6905262526875","36.074017","36.693737","0","0","39","1.2382674","3424.5082091166705","2.7233083","1257.4808","336","0","2916.766304730574","61.246685","47.623253","0","0","39","3.2873173","0.111261725","-0.37540913","-0.0817652","1.4215163","0.015264099","-0.5051774","0.079383396","319748867","0.39035982","0.35693756","-0.048069593","-0.12475482","2016","null","null","null","null","null","null","null","null","null","null","null","null","null","null","-20.77135","13.0398035","-7.694228","25.49811","0.3481634","0.6362189","0.26170295","0.34007627","1636148068921376800","3403818241291797376","4410.3164","4708.2593","null","null","null","17","Gaia DR3 3403818241291797376","83.65665427219137","22.022832363781756","0.6752330635591199","0.09772247","1.2976886561765033","0.096698694","-3.020340977804184","0.06220195","16.850872","17.534077","16.085642","NOT_AVAILABLE","1.4484348","0.68320465","0.7652302","null","null","1.0669025","0","true","false","false","false","true","true","4497.4194","4.6466","-1.1314","760.0063","0.4864","0.3711","0.1996"
"null","null","341.24112","1.6440952","1.3513162","1.0423151","35","4","301","0","305","95","false","1.6059182","null","null","-5.759238393854172","0.0000023907132","2.9021777e-7","0.9999938","0.6920499","-0.71633524","-0.81292546","-0.1321514","0.12724653","null","null","false","null","null","-1.2930878922367084","84.12571983656372","null","null","null","false","false","false","false","0","0","0.03977379","160.58904","184.57038747993184","null","null","null","36","0","null","null","22","null","-0.5888505","0.6098931","0.361969","-0.19801411","116.73475764379197","15.242924","7.658292","0","0","30","2.4026742","143.8327837982298","0.89035356","161.5457","300","0","228.84855620539454","12.659348","18.077436","0","0","35","2.267368","0.08391049","-0.05722045","-0.01447202","1.2897818","0.1520732","-0.6080607","0.9591122","1411795511","0.66235054","0.4463176","0.22855975","-0.2232138","2016","null","null","null","null","null","null","null","null","null","null","null","null","null","null","-9.605893","10.725264","-2.9892383","20.86882","0.50747335","0.6704566","0.28204617","0.366319","1636148068921376800","3403818245585315328","null","null","null","null","null","14","Gaia DR3 3403818245585315328","83.66340263769652","22.017073981736274","-0.7675665793124138","1.3034999","-0.03176791573040991","1.0297693","-2.267145449272677","0.61818224","20.292723","20.170542","18.849026","NOT_AVAILABLE","1.321516","-0.12218094","1.443697","null","null","1.0420711","0","false","false","false","false","false","false","null","null","null","null","null","null","null"
"null","null","318.1909","0","0","0.85094047","34","2","289","0","291","95","false","1.3013644","null","null","-5.758541036146883","3.1382843e-8","4.90194e-9","0.99999815","0.60072047","-0.68720883","-0.8484529","-0.15858361","0.21600449","null","null","false","null","null","-1.2943655860734642","84.12725695076418","null","null","null","false","false","false","false","0","0","0.02110477","160.36102","184.57226986840595","null","null","null","35","0","null","null","22","null","-1.1883609","0.5983297","0.3438253","-0.23831494","33.67555546570464","7.3576097","4.5769696","0","0","15","0.6181819","171.08600064374994","0.82174706","208.19789","278","2","72.08670873225851","11.881853","6.0669584","0","0","18","2.6945724","-0.042828444","0.015422258","-0.046938315","1.4262741","0.12663226","-0.55514663","0.7946145","33607800","0.666901","0.43833908","0.07612091","-0.26680884","2016","null","null","null","null","null","null","null","null","null","null","null","null","null","null","-8.255842","10.112292","-2.448045","19.418201","0.5037704","0.6804803","0.25855082","0.36330852","1636148068921376800","3403771310183420160","null","null","null","null","null","13","Gaia DR3 3403771310183420160","83.66511915332555","22.01586499371686","-1.2442586296568001","1.0470376","2.2213282918461053","0.8426297","-1.5252610074534794","0.5346236","20.10433","21.520256","20.103258","NOT_AVAILABLE","1.4169979","1.415926","0.0010719299","null","null","1.0347885","0","false","false","false","false","false","false","null","null","null","null","null","null","null"
"0.5379","0.782","375.69394","0","0","-0.24574006","43","1","372","0","373","31","false","0.12745924","0.6705","0.964","-5.756631489175462","5.098291e-13","1.0204126e-13","0.99999815","0.054891203","-0.56501776","-0.81170094","0.20699635","null","869.2145","1093.4305","false","0.2942","0.4274","-1.294442623382238","84.1295030311023","null","null","null","false","false","false","false","0","0","0.06585553","174.84941","184.5734598766161","MARCS","4.7001","4.7746","45","0","-1.5699","-0.9443","28","1.4813937","5.9210024","0.53399307","0.123385936","null","1634.2760915673725","16.263664","100.48634","2","0","41","1.2176378","3750.4832527024564","1.9205744","1952.7925","366","0","2932.454136290526","14.185735","206.71852","0","0","39","2.861068","null","-0.39927125","null","null","null","-0.49645168","0.068549566","1191524730","0.38366684","0.37474245","-0.09359434","null","2016","null","null","null","null","null","null","null","null","null","null","null","null","null","null","-14.641772","12.656952","-4.0909495","24.541925","0.38656908","0.6510043","0.27088377","0.3441297","1636148068921376800","3403771310184422528","5235.9023","5652.3926","null","null","null","17","Gaia DR3 3403771310184422528","83.66754259509128","22.01588659316809","0.5042848139274523","0.08516882","-1.1669419643549224","0.08580805","-2.612270455490207","0.054880783","16.75215","17.30523","16.079817","NOT_AVAILABLE","1.2254124","0.5530796","0.67233276","null","null","0.9900379","0","true","false","false","false","true","true","5375.158","4.7394","-1.2928","947.1603","0.774","0.6235","0.3406"
"null","null","75.20344","0","0","0.48564664","9","0","75","0","75","3","false","25.884014","null","null","-5.7541879988450475","0.0002585413","0.0006797245","0.9970493","8.245392","null","null","null","null","null","null","false","null","null","-1.2980321885280295","84.13437985243033","null","null","null","false","false","false","false","0","0","0.10360428","28.848978","184.5790273959682","null","null","null","9","0","null","null","6","null","null","null","null","null","102.75475893119452","28.457737","3.6107845","0","0","7","3.242674","76.40270991788023","1.2610817","60.58506","73","0","144.9943278160159","17.89495","8.102528","0","0","8","null","null","null","null","null","null","-0.98529744","12.747278","1579126316","null","null","null","null","2016","null","null","null","null","null","null","null","null","null","null","null","null","null","null","8.090591","18.962229","8.431124","20.500923","0.5365541","0.8798822","0.46182922","0.594933","1636148068921376800","3403771310182703360","null","null","null","null","null","6","Gaia DR3 3403771310182703360","83.6729663784362","22.012514355952643","null","null","null","null","null","null","20.979595","20.309038","19.344519","NOT_AVAILABLE","0.9645195","-0.670557","1.6350765","null","null","null","0","false","false","false","false","false","false","null","null","null","null","null","null","null"
"null","null","346.43924","0","0","0.066461645","38","0","334","0","334","95","false","0.736114","null","null","-5.752628105898705","2.0848251e-10","4.6075404e-11","0.9999902","0.37870044","-0.67070574","-0.82331735","-0.16313511","0.23840882","null","null","false","null","null","-1.2950770052501495","84.13448323169607","null","null","null","false","false","false","false","0","0","0.07419504","177.52538","184.57650260182555","null","null","null","40","0","null","null","27","null","-0.84098864","0.5656763","0.32276323","-0.31394574","106.07841161660897","12.59475","8.422431","0","0","37","1.3840169","275.89028152432996","0.89907056","306.86166","330","0","275.7583989773855","11.111722","24.81689","0","0","37","2.6328237","-0.036933076","-0.059881493","-0.15881205","1.3724748","0.07774443","-0.5109187","0.4384109","1724918217","0.50814354","0.34419975","0.051170606","-0.22955206","2016","null","null","null","null","null","null","null","null","null","null","null","null","null","null","-9.49952","13.757399","0.5006825","21.96312","0.44784173","0.6828974","0.26106736","0.4130563","1636148068921376800","3403771310181309952","null","null","null","null","null","14","Gaia DR3 3403771310181309952","83.67293798413858","22.015471228801875","-0.4807579878714461","0.57165813","0.21317014828916897","0.49759617","-2.624179772747014","0.3313869","19.585526","20.274475","18.646574","NOT_AVAILABLE","1.6279011","0.6889496","0.9389515","null","null","1.001579","0","false","false","false","false","false","false","null","null","null","null","null","null","null"
"null","null","314.70496","0","0","-1.289549","40","3","342","0","345","31","false","0.08926093","null","null","-5.758504107807352","5.0975055e-13","1.02045285e-13","0.99999774","0.038713086","-0.5836109","-0.8170994","0.12351861","null","null","null","false","null","null","-1.2918919583314712","84.1258804441968","null","null","null","false","false","false","false","0","0","0.04983526","175.21829","184.56942509281356","null","null","null","42","0","null","null","26","1.3951287","0.8661194","0.5567594","0.18809907","null","2604.126928663157","14.454996","180.15411","1","0","38","1.2874289","7663.636869814601","3.2101543","2387.311","339","0","7262.260236321321","14.515629","500.30627","0","0","40","0.95589536","null","-0.3100564","null","null","null","-0.5040643","0.052166395","327744944","0.49413335","0.38914937","0.022664223","null","2016","null","null","null","null","null","null","null","null","null","null","null","null","null","null","-10.315626","10.456469","-2.7412715","21.708479","0.42151442","0.6628667","0.2538034","0.34185138","1636148068921376800","3403818245587033344","null","null","null","null","null","16","Gaia DR3 3403818245587033344","83.66351902055767","22.018275812961384","0.058062223338869026","0.0670372","0.1293169784680942","0.062364195","-0.9471077383351535","0.038142737","15.976279","16.799387","15.095216","NOT_AVAILABLE","1.7041712","0.8231077","0.88106346","null","null","0.9497695","0","true","false","false","false","false","true","null","null","null","null","null","null","null"
"null","null","325.43237","0","0","0.32897034","36","3","310","0","313","95","false","0.84133095","null","null","-5.757274249092097","3.0351501e-9","8.510746e-10","0.9999914","0.37782976","-0.69995946","-0.8397174","-0.22221366","0.15551135","null","null","false","null","null","-1.2905039312104403","84.12650229027014","null","null","null","false","false","false","false","0","0","0.09910419","175.60455","184.56852581382168","null","null","null","37","0","null","null","24","null","-0.10230052","0.60629374","0.420387","-0.18976374","182.21183726981056","9.077291","20.073372","0","0","33","1.6710858","308.3544731113025","1.0502968","293.58795","306","0","333.0749641353761","10.4975605","31.728796","0","0","33","2.885252","0.018105907","0.015943553","-0.13190734","1.4175879","0.07646781","-0.5828414","0.48750147","409818607","0.6461755","0.43984634","0.22727147","-0.13914195","2016","null","null","null","null","null","null","null","null","null","null","null","null","null","null","-8.753784","12.585412","0.058953673","20.84886","0.4591765","0.68412507","0.24963807","0.40517628","1636148068921376800","3403818245583923456","null","null","null","null","null","13","Gaia DR3 3403818245583923456","83.66412323149959","22.019689799911315","-0.06680403656418338","0.6530176","1.4752852856841934","0.52680725","-2.4795587959164047","0.33161262","19.46474","19.687101","18.44154","NOT_AVAILABLE","1.2455616","0.22236061","1.023201","null","null","1.01227","0","false","false","false","false","false","false","null","null","null","null","null","null","null"
"0.0021","0.0885","377.63083","0.2234443","0.4694596","0.8321479","41","1","350","0","351","95","false","0.3446002","0.0028","0.1124","-5.753719645957316","5.121825e-13","4.6863322e-11","0.9999914","0.14994466","-0.56578845","-0.84069324","0.28423548","0.10195621","1051.8015","1194.5005","false","0.0011","0.0481","-1.2878394133504611","84.12907247278672","null","null","null","false","false","false","false","0","0","0.0713764","168.67659","184.5674876493471","MARCS","4.936","4.992","43","0","-2.8182","-2.3035","27","null","1.2234269","0.53419536","0.16908894","-0.07996373","441.4042825089292","14.895692","29.633017","1","0","42","1.2601204","927.6492380449919","1.1813674","785.2335","346","0","727.5454414335136","15.675322","46.41343","0","0","41","1.2186053","0.064045414","-0.4048165","0.039914493","1.4859189","0.03256297","-0.576248","0.18731482","897368053","0.45476052","0.48637125","-0.13967863","-0.09880929","2016","null","null","null","null","null","null","null","null","null","null","null","null","null","null","-12.253104","12.197614","-2.5828722","22.466663","0.3748913","0.6687643","0.27683124","0.3452818","1636148068921376800","3403818241291798912","4603.479","4707.06","null","null","null","15","Gaia DR3 3403818241291798912","83.66676612577938","22.022464549564265","0.2851886535606861","0.23310639","1.0531652080416147","0.22632818","-0.61305951511414","0.14829111","18.268908","18.72645","17.593245","NOT_AVAILABLE","1.1332054","0.45754242","0.675663","null","null","1.0309135","0","false","false","false","false","true","false","4616.2744","4.9681","-2.6388","1085.2305","0.0152","0.0118","0.0064"
"0.5023","0.5222","361.41888","0","0","-0.046404213","42","1","360","0","361","31","false","0.06128602","0.6687","0.6945","-5.752398295935623","5.1351273e-13","1.0263468e-13","0.9999394","0.02751371","-0.6077239","-0.83084923","0.1568724","null","355.3763","363.9545","false","0.2654","0.276","-1.2888911617524292","84.13119949713463","null","null","null","false","false","false","false","0","0","0.057327155","176.82033","184.56946794204714","MARCS","4.661","4.6785","44","0","-0.0679","-0.0355","28","1.4095784","51.71973","0.58364004","0.18349877","null","5659.40675906437","15.099609","374.80484","1","1","44","1.2742506","15404.207675749087","4.3493276","3541.7446","352","0","13969.414803532836","17.612118","793.17065","1","0","43","29.341839","null","-0.3297914","null","null","null","-0.48821273","0.035056822","1644600938","0.46037045","0.38734797","0.00036089457","null","2016","null","null","null","null","null","null","null","null","null","null","null","null","null","null","-14.523524","10.320455","-4.43319","22.689692","0.39798468","0.65086865","0.27734804","0.3278094","1636148068921376800","3403771310184419712","4512.7954","4532.5215","null","null","null","16","Gaia DR3 3403771310184419712","83.66910754683448","22.021507128817678","2.4623233961235935","0.04760898","-7.534333884371679","0.04205668","-28.35802056415771","0.027382934","15.218268","15.9566145","14.38495","NOT_AVAILABLE","1.5716648","0.7383461","0.8333187","null","null","0.9973207","0","true","false","false","false","true","true","4522.6294","4.6703","-0.0526","359.1234","0.6816","0.5122","0.2707"
"null","null","204.25746","1.1745739","0.33532843","1.6241242","21","3","178","0","181","3","false","7.186651","null","null","-5.748736245820238","0.00002589626","0.00020850485","0.998674","2.5274754","null","null","null","null","null","null","false","null","null","-1.287167133306582","84.13443312746749","null","null","null","false","false","false","false","0","0","0.119397976","0.8515513","184.56958140574588","null","null","null","22","0","null","null","15","null","null","null","null","null","72.95577034329334","9.337187","7.8134637","1","0","16","1.8542355","100.33496995948575","1.0304254","97.372375","177","0","113.08889925156001","11.075916","10.210342","1","0","18","null","null","null","null","null","null","-0.9380155","3.7050405","1686756397","null","null","null","null","2016","null","null","null","null","null","null","null","null","null","null","null","null","null","null","-3.9910338","15.298229","1.1080313","18.941555","0.39169767","0.7901303","0.29923818","0.46803185","1636148068921376800","3403771310182695040","null","null","null","null","null","10","Gaia DR3 3403771310182695040","83.67250987282446","22.023371296320505","null","null","null","null","null","null","20.683737","20.680893","19.614346","NOT_AVAILABLE","1.0665474","-0.0028438568","1.0693913","null","null","null","0","false","false","false","false","false","false","null","null","null","null","null","null","null"
"null","null","324.7611","2.3478262","3.2285645","2.2328012","29","5","248","0","253","95","false","1.3469115","null","null","-5.762935112463044","6.7146416e-10","6.552208e-10","0.9999991","0.70282656","-0.63223165","-0.7819737","0.034894656","0.34541717","null","null","false","null","null","-1.28124906549025","84.11466519309705","null","null","null","false","false","false","false","9","0","0.0104926","44.898354","184.55453925022044","null","null","null","30","1","null","null","19","null","0.66927606","0.49760932","0.19978425","-0.35953233","64.03266095618176","9.668669","6.622697","0","0","18","1.6524357","178.50150102745704","1.0640662","167.75414","243","1","230.92958935653024","25.003275","9.235973","0","0","27","4.2475157","-0.07999188","-0.22382389","-0.12143797","1.2172157","0.17037049","-0.5458845","0.8774891","624609498","0.58188003","0.39307874","-0.02528258","-0.3189163","2016","null","null","null","null","null","null","null","null","null","null","null","null","null","null","-12.41249","11.540955","-5.1301007","24.28299","0.47492167","0.6251722","0.23170839","0.318253","1636148068921376800","3403818314303401344","null","null","null","null","null","15","Gaia DR3 3403818314303401344","83.65093108879182","22.02841556675927","0.7097841574903593","1.0605253","1.6468943599209624","0.9353782","-3.915242838923018","0.62879026","20.058262","20.822538","18.839197","NOT_AVAILABLE","1.9833412","0.7642765","1.2190647","null","null","1.1017659","0","false","false","false","false","false","false","null","null","null","null","null","null","null"
"null","null","297.2551","0","0","-0.11076617","34","1","294","0","295","95","false","0.58333236","null","null","-5.763898626542939","2.8878972e-8","3.7193721e-9","0.9999996","0.30065787","-0.6262873","-0.80174","-0.090749875","0.21137813","null","null","false","null","null","-1.283699217800556","84.11495984766404","null","null","null","false","false","false","false","4","0","0.06987274","175.31715","184.55682272285478","null","null","null","36","0","null","null","24","null","1.2707847","0.50808376","0.26518467","-0.27426207","264.31483891192903","15.240048","17.34344","0","0","36","1.781056","416.6717219999263","1.343188","310.21103","291","0","477.8008662398739","25.800884","18.518778","0","0","34","0.70688903","0.05268176","-0.13056496","-0.17611536","1.4237431","0.06794569","-0.47796884","0.35028836","21829346","0.48816538","0.31861472","0.0076403306","-0.1936539","2016","null","null","null","null","null","null","null","null","null","null","null","null","null","null","-9.652454","13.032066","0.057305917","22.57954","0.4977996","0.6565391","0.30010766","0.36151057","1636148068921376800","3403818310011273088","null","null","null","null","null","14","Gaia DR3 3403818310011273088","83.6513648473817","22.025980748009744","0.5551336070388329","0.43684313","0.12413986603311654","0.41366845","-0.6959032823539858","0.2659133","19.137882","19.283237","18.049778","NOT_AVAILABLE","1.2334595","0.14535522","1.0881042","null","null","0.9942329","0","false","false","false","false","false","false","null","null","null","null","null","null","null"
"null","null","411.83423","0.4778198","0.84322363","2.7075024","38","0","330","0","330","95","false","0.46824735","null","null","-5.758233083461996","1.01418935e-8","5.085041e-9","1","0.22167908","-0.5714629","-0.7897258","0.13261768","0.08936079","null","null","false","null","null","-1.2801715430584497","84.11946893134142","null","null","null","false","false","false","false","0","0","0.06738507","175.46408","184.5560014025614","null","null","null","40","0","null","null","26","null","1.0552857","0.5036597","0.14318168","-0.18222566","133.61872883573702","13.608995","9.818413","0","0","33","0.71091527","495.78970366897374","1.1126808","445.58127","324","1","218.84574940865744","28.593676","7.6536417","1","0","27","1.7287849","0.12230515","-0.30110267","-0.057921644","1.4599614","0.053764146","-0.46063513","0.2740853","816144864","0.40265033","0.32970116","-0.0626438","-0.13503014","2016","null","null","null","null","null","null","null","null","null","null","null","null","null","null","-13.4199295","11.70279","-2.865753","23.95466","0.40056428","0.6370641","0.2625031","0.31731546","1636148068921376800","3403818241291796992","null","null","null","null","null","17","Gaia DR3 3403818241291796992","83.6560557187324","22.029703269706577","0.36078122773901095","0.34188014","1.602638485349982","0.3206395","-0.6482646661943138","0.21482092","18.949123","20.023874","18.89755","NOT_AVAILABLE","1.1263237","1.0747509","0.0515728","null","null","1.10716","0","false","false","false","false","false","false","null","null","null","null","null","null","null"
"null","null","396.68558","0.5377203","1.5650268","2.4817653","37","0","319","0","319","95","false","0.43919602","null","null","-5.756254806129657","5.145446e-9","2.462056e-11","0.9999995","0.19530481","-0.5690495","-0.8026746","0.27011684","0.14291982","null","null","false","null","null","-1.280272565901603","84.12180804790604","null","null","null","false","false","false","false","1","0","0.051279895","169.17819","184.5572588887934","null","null","null","38","0","null","null","23","null","2.3677702","0.5068796","0.080413625","-0.1946354","321.1961387876592","14.933417","21.508549","0","0","35","1.8191608","673.4957963003384","1.4826261","454.25873","312","0","904.0010596594954","38.286175","23.611685","2","0","35","6.7974954","0.026102","-0.42699462","0.003811409","1.415085","0.04574786","-0.52565587","0.23580089","1622867383","0.39909738","0.40551957","-0.15073736","-0.17932822","2016","null","null","null","null","null","null","null","null","null","null","null","null","null","null","-17.739622","13.451586","-4.755197","25.495924","0.34961316","0.6374402","0.25713402","0.34042498","1636148068921376800","3403818241291797632","null","null","null","null","null","16","Gaia DR3 3403818241291797632","83.65858078824029","22.02970513509614","0.6679043935158058","0.28208157","2.9126660425168347","0.28612643","-6.141849949801162","0.19183764","18.61653","19.071617","17.357473","NOT_AVAILABLE","1.7141438","0.45508766","1.2590561","null","null","1.099714","0","false","false","false","false","false","false","null","null","null","null","null","null","null"
"null","null","399.69043","0.024792602","0.13373548","1.0452491","41","0","358","0","358","31","false","0.063224494","null","null","-5.75404069757036","5.103316e-13","2.3587088e-10","0.9999859","0.027278457","-0.5568526","-0.8099968","0.21421686","null","null","null","false","null","null","-1.2796244146941183","84.12398928979698","null","null","null","false","false","false","false","0","0","0.07888923","176.41283","184.55778428506684","null","null","null","42","0","null","null","25","1.5922635","3.6496034","0.52738994","0.097402655","null","8452.57005481902","20.811182","406.1552","1","0","39","1.2092705","14529.504099535443","5.056291","2873.5498","351","0","9117.53021411336","35.209244","258.95273","1","0","38","1.1315638","null","-0.39043182","null","null","null","-0.47600245","0.034333758","1460948883","0.37007794","0.36357573","-0.096442394","null","2016","null","null","null","null","null","null","null","null","null","null","null","null","null","null","-18.42514","11.886268","-6.9883757","24.816984","0.37148649","0.63827425","0.2765426","0.310311","1636148068921376800","3403818241291798016","null","null","null","null","null","17","Gaia DR3 3403818241291798016","83.66090025191188","22.030448476807717","0.15386797708130842","0.04216019","0.9634012795103647","0.042649444","-0.5935440441397501","0.02705189","15.28174","15.5210705","14.848203","NOT_AVAILABLE","0.6728678","0.23933029","0.43353748","null","null","1.0386388","0","true","false","false","false","false","true","null","null","null","null","null","null","null"
"null","null","354.1219","0.73621875","0.7713266","0.7880898","36","1","314","0","315","95","false","0.79305464","null","null","-5.753824056337668","5.5207172e-11","1.2056256e-13","0.9999991","0.40625134","-0.6503913","-0.8185071","-0.10202681","0.20305869","null","null","false","null","null","-1.2846901131409254","84.12714532852108","null","null","null","false","false","false","false","0","0","0.066228054","0.00556204","184.5637785420134","null","null","null","37","0","null","null","24","null","1.125662","0.5436648","0.28858635","-0.2775269","61.89048717617929","8.0639715","7.6749387","0","0","23","1.150281","263.7742183980663","0.8892136","296.63763","311","1","241.52397534032463","11.447926","21.09762","1","0","34","3.211676","-0.019480478","-0.11416156","-0.18170185","1.2620317","0.08850674","-0.5112557","0.48225528","1520856768","0.50613815","0.35516897","0.041939545","-0.20620021","2016","null","null","null","null","null","null","null","null","null","null","null","null","null","null","-13.089321","13.727061","-2.6474512","22.703608","0.42194715","0.6683581","0.25174874","0.38938966","1636148068921376800","3403818245583918464","null","null","null","null","null","14","Gaia DR3 3403818245583918464","83.66454067944345","22.025526237973892","0.688247705883434","0.6114159","2.4289473687227474","0.5537587","-2.1012085271364724","0.35935494","19.634287","20.859482","18.790495","NOT_AVAILABLE","2.068987","1.2251949","0.84379196","null","null","1.030827","0","false","false","false","false","false","false","null","null","null","null","null","null","null"
"null","null","56.56038","0","0","0.89439744","6","0","53","0","53","3","false","681.90497","null","null","-5.751000204828335","0.00038174703","0.00094623","0.9980916","8.437506","null","null","null","null","null","null","false","null","null","-1.2756282806187842","84.12520264533433","null","null","null","false","false","false","false","0","0","0.008033177","132.26714","184.55490693087262","null","null","null","6","0","null","null","4","null","null","null","null","null","117.00051035939516","40.349525","2.899675","0","0","4","3.9353406","69.8098959172197","1.239235","56.333054","51","0","157.72520784840924","24.025122","6.565012","0","0","6","null","null","null","null","null","null","-0.9492005","12.357918","756737402","null","null","null","null","2016","null","null","null","null","null","null","null","null","null","null","null","null","null","null","-21.38153","10.729094","-8.589489","10.876149","0.4213923","0.83109933","0.6471581","0.4163293","1636148068921376800","3403841713286608000","null","null","null","null","null","4","Gaia DR3 3403841713286608000","83.66201824395081","22.034494038932117","null","null","null","null","null","null","21.077574","20.168074","19.253143","NOT_AVAILABLE","0.91493034","-0.9095001","1.8244305","null","null","null","0","false","false","false","false","false","false","null","null","null","null","null","null","null"
"null","null","115.66893","3.2568917","0.81343627","2.3125567","10","1","88","0","89","3","false","21.56597","null","null","-5.746420719422774","0.000009424233","0.00009549476","0.9994601","6.294518","null","null","null","null","null","null","false","null","null","-1.2801225948179593","84.1330617055457","null","null","null","false","false","false","false","0","0","0.32004642","12.630236","184.56275416704625","null","null","null","10","0","null","null","7","null","null","null","null","null","52.298116632225565","19.831423","2.6371338","0","0","3","1.8306265","65.71884903675506","1.4120562","46.54124","88","1","68.00854671279166","11.545684","5.890387","0","0","9","null","null","null","null","null","null","-0.9003946","9.214402","1129682699","null","null","null","null","2016","null","null","null","null","null","null","null","null","null","null","null","null","null","null","-69.475075","19.077288","-9.06277","18.847569","0.20283067","0.85276437","0.5061708","0.49832526","1636148068921376800","3403841713286606848","null","null","null","null","null","7","Gaia DR3 3403841713286606848","83.67069898447677","22.030348925960585","null","null","null","null","null","null","21.143143","21.042328","20.166487","NOT_AVAILABLE","0.87584114","-0.10081482","0.97665596","null","null","null","0","false","false","false","false","false","false","null","null","null","null","null","null","null"
"null","null","452.03845","1.8127662","4.425296","3.8079913","38","2","334","0","336","95","false","0.91785806","null","null","-5.74609851245653","8.647831e-11","4.8908716e-10","0.99999756","0.42571262","-0.576297","-0.77081174","-0.12725468","0.17876695","null","null","false","null","null","-1.2775101652927519","84.13193446784194","null","null","null","false","false","false","false","1","0","0.04676791","137.4378","184.5599130544621","null","null","null","39","0","null","null","25","null","-0.5296733","0.4588804","0.28584814","-0.23010147","104.68831866397021","9.236784","11.333849","1","0","34","1.3653371","249.72107657717214","0.9489572","263.15314","331","0","236.2651333328445","11.406855","20.712557","2","0","36","1.2652019","0.060418878","-0.12954266","-0.16828968","1.4723791","0.101168215","-0.38640136","0.51390237","981184930","0.4111318","0.20173544","0.05829904","-0.18121958","2016","null","null","null","null","null","null","null","null","null","null","null","null","null","null","-9.464949","12.239943","0.04953272","22.763285","0.40350544","0.64693516","0.27228406","0.3854039","1636148068921376800","3403841713285218304","null","null","null","null","null","15","Gaia DR3 3403841713285218304","83.66936079300568","22.032909403979847","-0.33850584862859695","0.6390842","0.10234662122319114","0.65088856","1.2610554900347188","0.38833913","19.69373","20.288797","18.814396","NOT_AVAILABLE","1.4744015","0.595068","0.8793335","null","null","1.1512372","0","false","false","false","false","false","false","null","null","null","null","null","null","null"
"null","null","1193.4716","9.961185","32.879425","22.435913","32","2","273","0","275","3","false","5.345233","null","null","-5.7495684475744016","0.000005564725","0.000018287603","0.999233","2.2440772","null","null","null","null","null","null","false","null","null","-1.296883005099088","84.13904734939176","null","null","null","false","false","false","false","0","0","0.19804688","133.40631","184.5803587601519","null","null","null","34","0","null","null","23","null","null","null","null","null","88.81467819532892","9.292684","9.557485","0","0","28","2.0316825","131.47353010690193","1.3659226","96.25255","272","0","178.2977999987866","12.342269","14.446112","0","0","29","null","null","null","null","null","null","-0.7094508","2.659041","1569218743","null","null","null","null","2016","null","null","null","null","null","null","null","null","null","null","null","null","null","null","-4.4894834","12.200627","2.7117436","18.824825","0.58364064","0.7114194","0.4082623","0.39909893","1636148068921376800","3403771310181308288","null","null","null","null","null","13","Gaia DR3 3403771310181308288","83.6779404469019","22.013866960334582","null","null","null","null","null","null","20.39027","20.46733","19.120031","NOT_AVAILABLE","1.3472996","0.0770607","1.2702389","null","null","null","0","false","false","false","false","false","false","null","null","null","null","null","null","null"
"0.0031","0.0328","398.50342","0.38737115","1.0629013","1.4440271","41","1","350","0","351","95","false","0.38364923","0.0043","0.0444","-5.749596307623308","5.1134335e-13","1.978445e-11","0.9999986","0.18908061","-0.6777992","-0.8581545","0.16639277","0.099710986","571.1618","725.7996","false","0.0017","0.0176","-1.2987034366017176","84.14005955207284","null","null","null","false","false","false","false","0","0","0.060546294","173.61162","184.5824518903175","MARCS","5.0109","5.0923","43","0","-1.7174","-1.5243","29","null","1.1068162","0.63078254","0.16703472","-0.12388347","257.0298099470594","8.388108","30.642166","0","0","37","1.1863366","746.74075119342","1.208253","618.03345","345","0","628.8561420933381","11.650733","53.975674","0","0","39","4.8516245","0.062269077","-0.30753914","0.011621293","1.434815","0.037584256","-0.4865675","0.20299818","1328981084","0.3448543","0.38632798","-0.16259567","-0.16046128","2016","null","null","null","null","null","null","null","null","null","null","null","null","null","null","-18.668293","11.578707","-4.521847","21.821384","0.36861232","0.66918284","0.32347205","0.3503471","1636148068921376800","3403771305886975616","4042.6362","4077.818","null","null","null","15","Gaia DR3 3403771305886975616","83.67911693717033","22.012092608879716","0.32562323439191815","0.29419813","4.646985896456511","0.24882944","-1.3941961693689284","0.18316045","18.504442","19.313583","17.751516","NOT_AVAILABLE","1.562067","0.80914116","0.7529259","null","null","1.0545686","0","false","false","false","false","true","false","4056.3547","5.0654","-1.6417","622.3026","0.0173","0.0128","0.0068"
"null","null","303.52438","0","0","0.021371145","33","1","290","0","291","95","false","2.2850413","null","null","-5.7461074344667455","2.835007e-10","4.724772e-10","0.9999956","0.8582151","-0.6426257","-0.84727085","0.24880481","0.03003076","null","null","false","null","null","-1.297413382051765","84.14334246177604","null","null","null","false","false","false","false","0","0","0.03392108","65.40666","184.58296826679427","null","null","null","35","0","null","null","23","null","0.15308447","0.5199055","0.16548292","-0.21424991","45.42878793319588","6.749122","6.731066","0","0","26","1.3122276","120.99872071831719","0.80037916","151.17674","288","0","113.34907603066209","8.339374","13.592037","0","0","27","2.208083","0.1260703","-0.50379276","-0.058904227","1.5113448","0.16825363","-0.46041337","0.9539551","1527519437","0.23923138","0.31329897","-0.2280174","-0.22937796","2016","null","null","null","null","null","null","null","null","null","null","null","null","null","null","-11.829247","10.230996","-2.590945","19.902302","0.4146059","0.6921817","0.3801215","0.38527918","1636148068921376800","3403771241463221248","null","null","null","null","null","12","Gaia DR3 3403771241463221248","83.6825927464814","22.013525157441816","0.20941678210055018","1.3679819","2.2006105328294665","1.5330367","-0.18150421512758785","0.8997775","20.480415","21.195215","19.61185","NOT_AVAILABLE","1.5833645","0.7147999","0.8685646","null","null","0.999723","0","false","false","false","false","false","false","null","null","null","null","null","null","null"
"null","null","290.78458","0","0","-0.96724117","34","1","298","0","299","95","false","1.054716","null","null","-5.744896950335843","6.0200277e-13","3.9551615e-9","0.99999005","0.53984904","-0.7154926","-0.8302007","-0.17658396","0.22016215","null","null","false","null","null","-1.2952959963852424","84.143523573655","null","null","null","false","false","false","false","0","0","0.037155833","162.31084","184.58121278396598","null","null","null","35","0","null","null","22","null","0.35832065","0.61166555","0.37496075","-0.26649848","75.79172626066332","7.769506","9.755025","0","0","27","1.1151032","188.7122404344899","0.70320755","268.35922","298","0","134.6419021998607","10.1473055","13.268735","0","0","31","1.6779742","-0.042264756","-0.04029276","-0.09743445","1.2383249","0.11067876","-0.4307745","0.55772537","214404814","0.3810988","0.27766928","0.005413053","-0.269083","2016","null","null","null","null","null","null","null","null","null","null","null","null","null","null","-18.144325","12.174639","-3.5275292","23.18932","0.37217844","0.6422119","0.3401097","0.39496294","1636148068921376800","3403794777882610176","null","null","null","null","null","15","Gaia DR3 3403794777882610176","83.68268787369453","22.01564844005889","0.294642528645311","0.82228726","-1.602643801407868","0.71138227","-0.49712211683012286","0.47893155","19.997868","20.639488","19.424946","NOT_AVAILABLE","1.2145424","0.64162064","0.57292175","null","null","0.9591175","0","false","false","false","false","false","false","null","null","null","null","null","null","null"
"0.009","0.1474","392.197","0.23852606","0.46134204","0.5040768","44","3","368","0","371","31","false","0.3267497","0.0118","0.1926","-5.739116625979858","5.14307e-13","2.0144669e-11","0.9999978","0.14546911","-0.5197318","-0.82643104","0.2510504","null","759.2247","1107.0854","false","0.0048","0.0796","-1.2933858134734788","84.14909297352192","null","null","null","false","false","false","false","0","0","0.06666295","166.879","184.58233151766342","PHOENIX","4.907","5.0604","45","0","-2.1221","-1.5383","29","1.4649303","-0.35478544","0.49128842","0.16754939","null","307.26225020603755","10.30824","29.80744","2","0","41","1.1971802","799.0980384581226","1.1076367","721.44415","367","0","649.4021047320723","10.181978","63.77956","3","0","40","2.668188","null","-0.38938123","null","null","null","-0.45567906","0.17328754","1078265103","0.28456005","0.3806302","-0.20039284","null","2016","null","null","null","null","null","null","null","null","null","null","null","null","null","null","-15.33232","11.229983","-3.035495","24.354305","0.34712803","0.62981045","0.29256696","0.3401299","1636148068921376800","3403794704871853824","4315.321","4444.1357","null","null","null","17","Gaia DR3 3403794704871853824","83.68859792283612","22.01780044743815","-0.07611017785808943","0.21452452","0.5344484416178111","0.21606705","-2.614114209294769","0.14264138","18.430866","19.11977","17.716612","NOT_AVAILABLE","1.4031582","0.6889038","0.7142544","null","null","1.0178424","0","false","false","false","false","true","false","4355.4146","4.9503","-1.7254","991.6908","0.0546","0.0415","0.0225"
"0.0039","0.0794","409.79816","0","2.1332955e-15","1.3898693","42","2","360","0","362","31","false","0.25468472","0.005","0.1021","-5.746490573064998","5.131398e-13","6.658414e-11","0.99999344","0.105875894","-0.41375872","-0.81362814","0.2757825","null","744.4028","1077.516","false","0.0021","0.0433","-1.2916919909763427","84.13961844962591","null","null","null","false","false","false","false","0","0","0.069139674","167.40782","184.5761185177777","MARCS","4.7915","5.0366","44","0","-3.1204","-2.7385","29","1.4679118","2.4424465","0.4128458","0.14951874","null","502.9888242607178","10.159188","49.51073","0","0","39","1.1811903","1217.345301049741","1.4290079","851.8815","354","0","934.9275849417949","9.158599","102.08195","0","0","38","1.3279375","null","-0.44009492","null","null","null","-0.41088486","0.13419731","28752226","0.30077899","0.3185993","-0.16007724","null","2016","null","null","null","null","null","null","null","null","null","null","null","null","null","null","-5.8002286","11.116078","2.2730358","23.47207","0.38687646","0.6399268","0.2928087","0.3434135","1636148068921376800","3403794777885723136","4461.9595","4549.531","null","null","null","17","Gaia DR3 3403794777885723136","83.67831040425321","22.019078004602054","0.3861057404445127","0.15808156","0.04062677663358411","0.16995585","1.3273158797327629","0.10623712","17.973833","18.584646","17.320951","NOT_AVAILABLE","1.2636948","0.61081314","0.6528816","null","null","1.0516567","0","false","false","false","false","true","true","4487.892","4.9825","-2.9901","814.9355","0.028","0.0216","0.0118"
"0.2361","0.4147","371.3033","0","0","-0.0037893644","42","0","362","0","362","31","false","0.17146999","0.2965","0.5167","-5.741289533522883","5.098436e-13","1.02069374e-13","0.99999535","0.07749348","-0.5887838","-0.81440705","0.083738185","null","993.7022","1139.4849","false","0.1299","0.2284","-1.2920133859403846","84.14580009329671","null","null","null","false","false","false","false","0","0","0.06565451","173.11473","184.57948891238644","MARCS","4.788","4.8523","43","0","-3.5179","-2.6736","27","1.4761848","1.4993762","0.57219607","0.23558411","null","920.696430752386","10.877785","84.64007","0","0","40","1.2301062","2035.619363964253","1.6876345","1206.1969","359","0","1583.3315300201402","9.070282","174.56255","0","0","37","2.9084387","null","-0.25641146","null","null","null","-0.2914061","0.08902856","1251421312","0.15420733","0.1978083","-0.09636545","null","2016","null","null","null","null","null","null","null","null","null","null","null","null","null","null","-16.683771","9.507162","-3.841292","24.981369","0.37278324","0.6169416","0.33988246","0.31599256","1636148068921376800","3403794773588253824","4938.4688","5170.936","null","null","null","17","Gaia DR3 3403794773588253824","83.68498550957229","22.01902752748177","0.19340635738169204","0.12899122","0.5520006314922365","0.12013193","-2.855575402402296","0.07752282","17.415625","17.928251","16.748966","NOT_AVAILABLE","1.179285","0.51262665","0.6666584","null","null","0.9989247","0","true","false","false","false","true","true","5136.064","4.8024","-2.9962","1122.8391","0.484","0.388","0.2137"
"1.1075","1.1786","382.39926","0","0","0.8163017","41","3","355","0","358","31","false","0.06274838","1.4158","1.5016","-5.741723353948327","5.260038e-13","1.02088314e-13","0.99999344","0.025095584","-0.4143905","-0.76620966","0.17122741","null","1577.1805","1728.0052","false","0.6","0.6386","-1.2891979010799346","84.14368467177445","null","null","null","false","false","false","false","0","0","0.04729504","169.7522","184.57597679872322","PHOENIX","3.6097","3.7271","43","0","-0.615","-0.487","27","1.4183658","5.6241493","0.40552077","0.19696668","null","5202.769027154008","15.842766","328.4003","2","0","39","1.2748456","13611.227774743804","10.045145","1355.0056","356","0","12149.444883692155","23.103512","525.87006","1","0","40","1.8467975","null","-0.3794904","null","null","null","-0.323313","0.033292994","246479568","0.3167102","0.21088807","-0.023461688","null","2016","null","null","null","null","null","null","null","null","null","null","null","null","null","null","-7.8782535","9.852592","0.12126248","25.499582","0.43651423","0.6111582","0.30214626","0.30914637","1636148068921376800","3403794777885721600","5339.287","5474.806","null","null","null","18","Gaia DR3 3403794777885721600","83.68257345197863","22.02174773949777","0.2304669305915209","0.040978096","0.952975526137135","0.04350845","-1.5819287688670016","0.025446923","15.352624","16.047956","14.536505","VARIABLE","1.5114517","0.6953325","0.8161192","null","null","1.0300494","0","true","false","false","true","false","true","5401.936","3.6666","-0.5528","1642.6587","1.4572","1.1417","0.6184"
"null","null","326.43845","0","0","-0.8652782","38","3","333","0","336","95","false","1.1052483","null","null","-5.72734695334487","4.741367e-10","3.9879386e-10","0.9999837","0.5771909","-0.7180046","-0.8222436","-0.023992358","0.28568786","null","null","false","null","null","-1.2882249242804078","84.15970376151702","null","null","null","false","false","false","false","0","0","0.032428384","68.979164","184.58313633731612","null","null","null","39","0","null","null","26","null","0.9634681","0.59900457","0.2328774","-0.33839673","67.98580851939234","6.518293","10.430002","0","0","30","1.3966079","155.2022895462004","0.7306652","212.41231","331","0","148.7709227099392","9.029654","16.475817","0","0","28","2.2165794","-0.06983768","-0.16286886","-0.06452318","1.32207","0.118181236","-0.56452006","0.72182477","787450113","0.54100406","0.3928342","-0.016955247","-0.42751127","2016","null","null","null","null","null","null","null","null","null","null","null","null","null","null","-13.405663","11.154749","-4.2059107","19.76852","0.44840574","0.68790555","0.28626806","0.40399674","1636148068921376800","3403794743524249088","null","null","null","null","null","15","Gaia DR3 3403794743524249088","83.69978657129523","22.0234199889636","0.9060782765313543","0.94043416","-2.1966340578754333","0.73779017","-0.2966866860399825","0.49092296","20.210121","20.757496","19.3166","NOT_AVAILABLE","1.4408951","0.5473747","0.89352036","null","null","0.96534884","0","false","false","false","false","false","false","null","null","null","null","null","null","null"
"null","null","352.56757","0","0","-0.27728087","40","1","350","0","351","95","false","0.8791802","null","null","-5.7391333977965004","2.0789558e-10","3.6907593e-9","0.9999911","0.45038724","-0.5815927","-0.78894466","0.013846269","0.22445257","null","null","false","null","null","-1.2869257007212433","84.14536760118676","null","null","null","false","false","false","false","0","0","0.061950836","173.60768","184.5748371339098","null","null","null","41","0","null","null","26","null","0.86626023","0.4505659","0.36604226","-0.28155157","73.26316689752628","6.159078","11.895151","0","0","36","1.1863934","183.21410071269094","0.72669345","252.1202","343","0","144.10082820498025","7.8380957","18.384674","0","0","35","0.41716993","0.048655238","-0.1981155","-0.14444095","1.4461683","0.10623683","-0.52454764","0.59031206","1507804882","0.5528737","0.379891","-0.0015756625","-0.29418954","2016","null","null","null","null","null","null","null","null","null","null","null","null","null","null","-8.547716","10.90642","0.085671954","24.35222","0.47749636","0.61846876","0.29571897","0.3501755","1636148068921376800","3403794773587350784","null","null","null","null","null","16","Gaia DR3 3403794773587350784","83.6842793501887","22.024091413545765","0.6478937662324996","0.7479205","-0.1211921109258591","0.6033358","-0.39917816927543304","0.39954063","20.02997","20.676329","19.351229","NOT_AVAILABLE","1.3251","0.6463585","0.67874146","null","null","0.988482","0","false","false","false","false","false","false","null","null","null","null","null","null","null"
"null","null","341.16034","1.2589283","0.7441473","0.70809984","36","3","310","0","313","95","false","1.754534","null","null","-5.735542537091599","1.337206e-9","5.215271e-10","0.9999857","0.7167405","-0.44023946","-0.81862324","0.2716552","0.07790258","null","null","false","null","null","-1.281639749948529","84.14647569701738","null","null","null","false","false","false","false","0","0","0.006234573","164.7869","184.57078268755188","null","null","null","36","0","null","null","22","null","-0.46058375","0.27821139","0.3613704","-0.2815538","58.24705848128582","5.49131","10.607133","0","0","31","1.3579113","126.68100039275812","0.72608733","174.47075","311","0","113.77450285344472","6.882446","16.531115","0","0","30","3.4697478","0.17728734","-0.4459332","-0.16564918","1.4194181","0.15903242","-0.59191173","0.9157074","270097187","0.34954807","0.47593388","-0.32045257","-0.19591829","2016","null","null","null","null","null","null","null","null","null","null","null","null","null","null","-8.054547","10.91117","-0.2819209","25.28211","0.45577782","0.6167778","0.26179078","0.36103612","1636148068921376800","3403794777883989504","null","null","null","null","null","15","Gaia DR3 3403794777883989504","83.685223690304","22.029420784017642","-0.47730796793535685","1.0363109","2.675962582534979","1.1496853","-2.208703956586519","0.6883923","20.430588","20.925358","19.607782","NOT_AVAILABLE","1.3175755","0.49477005","0.8228054","null","null","1.0277475","0","false","false","false","false","false","false","null","null","null","null","null","null","null"
"null","null","409.58618","0.71145993","0.52140975","1.6691437","40","0","347","0","347","31","false","0.8627498","null","null","-5.735007645604525","1.9464492e-9","1.103088e-7","0.99999297","0.4481107","-0.5505329","-0.8254937","-0.09562542","null","null","null","false","null","null","-1.2836130005788648","84.14822451650627","null","null","null","false","false","false","false","0","0","0.030489549","7.688658","184.57337723414548","null","null","null","41","0","null","null","27","1.4898733","-3.291691","0.47556025","0.32222375","null","95.39478907325511","6.195328","15.397859","0","0","35","1.3931168","192.54933682752159","0.72756565","264.64874","344","0","172.84893186936557","7.3054767","23.660185","0","0","36","1.2390301","null","-0.061151404","null","null","null","-0.4034455","0.55829674","1407346158","0.48295954","0.2986147","-0.07488942","null","2016","null","null","null","null","null","null","null","null","null","null","null","null","null","null","-8.539706","11.318353","1.4416579","23.468668","0.4348267","0.6264857","0.24178584","0.40202042","1636148068921376800","3403794777885718912","null","null","null","null","null","16","Gaia DR3 3403794777885718912","83.68720109345911","22.027525925046522","-2.25810758715636","0.6860023","0.39502828944299323","0.60233533","-1.1743713943148408","0.40205628","19.976011","20.38973","19.153728","NOT_AVAILABLE","1.236002","0.41371918","0.8222828","null","null","1.0635004","0","false","false","false","false","false","false","null","null","null","null","null","null","null"
"null","null","385.63428","0","0","0.78001267","41","3","354","0","357","31","false","0.4527803","null","null","-5.737131269324537","7.124778e-11","2.3359746e-11","0.99998915","0.22575821","-0.57325506","-0.79735065","-0.034914214","null","null","null","false","null","null","-1.2809927785201345","84.14427257285433","null","null","null","false","false","false","false","0","0","0.055838116","170.89134","184.5691172929791","null","null","null","42","0","null","null","27","1.3794221","0.7080355","0.490433","0.36151096","null","160.00197344630323","5.401431","29.622145","1","0","39","1.3111979","424.96967930012136","0.94729286","448.6149","351","0","397.2173583043636","7.7313123","51.37774","1","0","36","11.062748","null","-0.14233007","null","null","null","-0.5028293","0.285454","724629101","0.4680418","0.38279334","-0.010729435","null","2016","null","null","null","null","null","null","null","null","null","null","null","null","null","null","-11.757376","12.712165","-0.49259627","24.606192","0.39365405","0.62462926","0.23528211","0.41684103","1636148068921376800","3403794773587353984","null","null","null","null","null","16","Gaia DR3 3403794773587353984","83.6828193689458","22.029970726811076","0.2541124737557088","0.35889792","1.1368684521935344","0.31615272","-11.004177235198094","0.20288828","19.116472","19.828228","18.250324","NOT_AVAILABLE","1.5779037","0.71175575","0.866148","null","null","1.0287044","0","false","false","false","false","false","false","null","null","null","null","null","null","null"
"null","null","346.33563","0","0","-0.16730052","39","1","339","0","340","95","false","0.6967004","null","null","-5.730811536749776","5.1230455e-13","1.0875571e-13","0.9999508","0.35810557","-0.5870201","-0.8012347","-0.12939477","0.22302623","null","null","false","null","null","-1.2755582429631236","84.14844203324093","null","null","null","false","false","false","false","0","0","0.055002127","167.2188","184.5664637688829","null","null","null","40","0","null","null","26","null","1.0182658","0.45995528","0.3929642","-0.27987054","60.8393555785702","6.3097982","9.642044","0","0","34","1.4024956","262.9963421943395","0.8657476","303.77948","339","0","308.0118744510435","6.6070385","46.61875","0","0","35","6.4173803","0.034443464","-0.06241695","-0.21387987","1.3425032","0.08095297","-0.46582818","0.4247167","786120611","0.46800712","0.3211845","-0.041922215","-0.2268666","2016","null","null","null","null","null","null","null","null","null","null","null","null","null","null","-8.474251","12.025149","1.6567231","24.4974","0.4552278","0.617884","0.27793646","0.3949308","1636148068921376800","3403794807947096832","null","null","null","null","null","15","Gaia DR3 3403794807947096832","83.6870553114694","22.035582484379148","0.540003140212068","0.5303165","0.13764380451971908","0.4808758","-6.415904194875484","0.31394923","19.637493","20.87808","18.526476","NOT_AVAILABLE","2.3516045","1.2405872","1.1110172","null","null","0.9925256","0","false","false","false","false","false","false","null","null","null","null","null","null","null"
"null","null","54.07374","4.4985056","0.79185885","0.76454276","6","1","52","0","53","3","false","319.60428","null","null","-5.731520369965498","0.000011611669","0.00012265696","0.99954736","5.257639","null","null","null","null","null","null","false","null","null","-1.284635501813091","84.15283226175424","null","null","null","false","false","false","false","0","0","0.33110887","98.706345","184.57657206291228","null","null","null","6","0","null","null","2","null","null","null","null","null","6.615784981288403","0.49150103","13.460368","0","0","2","1.1293424","58.511604651240404","1.8334368","31.91362","52","0","59.463849836567476","25.645819","2.3186567","0","0","5","null","null","null","null","null","null","-0.5988575","5.8737326","1648526660","null","null","null","null","2016","null","null","null","null","null","null","null","null","null","null","null","null","null","null","-74.59583","20.554022","-13.057183","28.011745","0.28578392","0.75781626","0.601462","0.4088023","1636148068921376800","3403794812245113344","null","null","null","null","null","4","Gaia DR3 3403794812245113344","83.69221389203454","22.026705855881424","null","null","null","null","null","null","21.269262","23.287088","20.312263","NOT_AVAILABLE","2.974825","2.017826","0.9569988","null","null","null","0","false","false","false","false","false","false","null","null","null","null","null","null","null"
"null","null","394.71228","0.7331227","0.72940576","0.99103606","40","0","355","0","355","31","false","0.75468534","null","null","-5.7237818874667425","2.438857e-10","3.2078953e-10","0.99999505","0.3666514","-0.58726203","-0.8183154","-0.15524162","null","null","null","false","null","null","-1.282676271843525","84.16063144765312","null","null","null","false","false","false","false","0","0","0.06832122","167.26857","184.57876273482748","null","null","null","41","0","null","null","27","1.4278427","0.07628131","0.5195926","0.32184216","null","93.10923803655656","7.5735874","12.2939415","0","0","34","1.1870282","251.6113252972175","0.7732661","325.38776","352","0","205.56049294489054","5.8474383","35.15394","0","0","36","7.2466307","null","-0.051602386","null","null","null","-0.4027353","0.4385913","1579161462","0.41901022","0.26023176","0.0093432525","null","2016","null","null","null","null","null","null","null","null","null","null","null","null","null","null","-6.4233074","12.304638","2.6986513","22.391281","0.43493652","0.65487754","0.27687958","0.410084","1636148068921376800","3403794739227614848","null","null","null","null","null","15","Gaia DR3 3403794739227614848","83.70052476684896","22.02900384277311","0.04212999030079748","0.5522977","4.500847806214029","0.52856696","-5.6794389040664885","0.33113465","19.685541","20.41606","18.965546","NOT_AVAILABLE","1.4505138","0.73051834","0.7199955","null","null","1.0367265","0","false","false","false","false","false","false","null","null","null","null","null","null","null"
"null","null","284.0307","1.273285","0.5791351","0.66037434","28","1","247","0","248","95","false","2.1773856","null","null","-5.7311376875935895","1.4743786e-9","2.4796567e-9","0.99999356","0.9375525","-0.56248075","-0.82917506","0.21382721","0.12849471","null","null","false","null","null","-1.2804552314076199","84.15087535039272","null","null","null","false","false","false","false","0","0","0.048694383","68.507866","184.57194941152142","null","null","null","28","2","null","null","19","null","0.08893582","0.38055217","0.15126005","-0.37350002","46.93551462753341","7.32673","6.406066","0","0","22","1.3015983","117.46456207980042","0.7990583","147.00375","247","0","105.9561672885911","8.491092","12.478509","0","0","24","3.8978271","0.16050886","-0.3915458","-0.23551625","1.2251385","0.20714568","-0.57516676","1.2472383","605301485","0.51635975","0.42470145","-0.32733464","-0.30518302","2016","null","null","null","null","null","null","null","null","null","null","null","null","null","null","-9.471454","12.157285","-0.9743089","21.386904","0.47099158","0.6771478","0.24423216","0.42974848","1636148068921376800","3403794812246017408","null","null","null","null","null","13","Gaia DR3 3403794812246017408","83.68990824899194","22.030796589528443","0.11635044013525378","1.3082516","3.396679144251668","1.4259713","-1.9119693947435952","0.86907226","20.5126","21.159788","19.68508","NOT_AVAILABLE","1.4747086","0.6471882","0.8275204","null","null","1.0288329","0","false","false","false","false","false","false","null","null","null","null","null","null","null"
"null","null","390.08194","0.66128427","0.75638473","0.08920794","40","2","338","0","340","95","false","0.7873678","null","null","-5.7288870848274716","null","null","null","0.38764444","-0.6582545","-0.80968785","-0.20097177","0.2830061","null","null","false","null","null","-1.2809322590872172","84.15374417219192","null","null","null","false","false","false","false","0","12","0.024145585","62.912277","184.57379940770707","null","null","null","41","0","null","null","27","null","2.6924107","0.5428685","0.48395035","-0.27741688","null","null","null","null","null","0","null","252.68699878822926","0.90411556","279.4853","332","2","null","null","null","null","null","0","4.283471","-0.048227534","-0.0037805222","-0.24402055","1.0900729","0.081851356","-0.50888395","0.4487565","456641984","0.48856866","0.3673766","0.08664226","-0.26245138","2016","null","null","null","null","null","null","null","null","null","null","null","null","null","null","-8.832488","9.746608","0.89715004","22.206944","0.45052734","0.6317974","0.2522235","0.39466614","1636148068921376800","3403794812242338048","null","null","null","null","null","15","Gaia DR3 3403794812242338048","83.69302180836011","22.030445410070048","1.679028611394929","0.6236154","-2.285811886773006","0.505959","-3.6225944279150157","0.3330506","19.68091","null","null","NOT_AVAILABLE","null","null","null","null","null","1.0024589","0","false","false","false","false","false","false","null","null","null","null","null","null","null"
"0.1577","0.7553","409.4241","0.174593","0.2244902","0.9866054","44","3","371","0","374","95","false","0.30813354","0.206","0.9571","-5.7288048443591295","7.3845383e-9","1.2256457e-10","0.99997944","0.1480441","-0.5741229","-0.7839478","0.032781642","0.20246127","756.905","1450.3134","false","0.0859","0.4169","-1.2806056693418852","84.15365164112914","null","null","null","false","false","false","false","0","0","0.04357412","169.96164","184.5734684294167","MARCS","4.8144","5.0366","45","0","-3.0282","-2.1643","28","null","0.5997006","0.45807633","0.3444805","-0.23216128","374.2400175735203","7.4962273","49.923782","41","0","41","1.5968589","785.4863477536176","1.2257975","640.79614","369","0","880.0708586607818","14.024158","62.75392","39","0","39","1.9446186","0.035345268","-0.22104472","-0.0700715","1.4217261","0.033688232","-0.51124424","0.19338876","421457575","0.46837202","0.3593238","-0.050224822","-0.2841153","2016","null","null","null","null","null","null","null","null","null","null","null","null","null","null","-12.784768","10.723798","-3.3113215","24.185633","0.40247604","0.62372255","0.25378498","0.36323267","1636148068921376800","3403794807947092608","4413.586","5147.0664","null","null","null","18","Gaia DR3 3403794807947092608","83.69290670978269","22.030767644249554","0.14741157922996934","0.2458086","1.2266323069854337","0.2155848","-1.5089448012308175","0.13562368","18.44952","18.905666","17.3866","NOT_AVAILABLE","1.5190659","0.45614624","1.0629196","null","null","1.0358131","0","false","false","false","false","true","false","4717.504","4.9321","-2.5399","1068.6566","0.5722","0.4435","0.2419"
"0.0227","0.0799","482.01","0.5901004","1.555295","3.078699","44","0","377","9","377","31","false","0.44364426","0.0318","0.1119","-5.727216495560346","5.143403e-13","1.0361074e-13","0.999975","0.18611299","-0.5020445","-0.7834438","0.17681679","null","444.5414","470.8374","false","0.0122","0.043","-1.2774298009188352","84.1536611753753","null","null","null","false","false","false","false","0","0","0.05116911","171.87265","184.57070446882514","MARCS","4.8209","4.9052","45","0","-2.0064","-1.9045","28","1.3599883","2.0209825","0.4985107","0.11395997","null","178.55162828626288","6.83348","26.128946","1","0","41","1.279306","526.3806493962796","0.9751608","539.7886","373","0","494.850343336245","9.161912","54.01169","1","0","39","6.2015667","null","-0.37513176","null","null","null","-0.37328047","0.240762","892363772","0.30470645","0.25431553","-0.061002605","null","2016","null","null","null","null","null","null","null","null","null","null","null","null","null","null","null","null","null","null","null","null","null","null","1636148068921376800","3403794812245452800","3729.8145","3764.714","null","null","null","18","Gaia DR3 3403794812245452800","83.6927672293941","22.033940894010485","0.6122231425890722","0.30293342","0.4424819525543175","0.3042125","-6.185761031046367","0.19029099","18.884117","19.709133","18.011711","NOT_AVAILABLE","1.697422","0.825016","0.872406","null","null","1.114039","0","false","false","false","false","true","false","3746.007","4.8459","-1.9656","460.9581","0.0696","0.0497","0.0267"
"null","null","331.24155","0","0","-1.686149","38","2","332","0","334","95","false","0.79638547","null","null","-5.7262807586664355","5.202056e-13","2.5823213e-11","0.9999943","0.37238845","-0.59055257","-0.77227145","-0.2557847","0.24257569","null","null","false","null","null","-1.2775460406404155","84.15480685459221","null","null","null","false","false","false","false","0","0","0.025510127","177.46962","184.57137853159531","null","null","null","39","0","null","null","26","null","1.8741829","0.46847907","0.32709563","-0.28004077","75.7570130628018","5.6804776","13.336381","1","0","32","1.3247663","235.02506105767253","0.7886229","298.01956","330","0","235.59625027581086","8.951642","26.318775","0","0","35","1.4433236","0.009474815","0.0194527","-0.16660726","1.0789611","0.08522063","-0.3636897","0.4920907","693850149","0.52985215","0.15922482","0.07578097","-0.331059","2016","null","null","null","null","null","null","null","null","null","null","null","null","null","null","-4.786434","8.901252","3.1234753","22.161577","0.49169824","0.6319498","0.23163378","0.3786308","1636148068921376800","3403794807951084544","null","null","null","null","null","15","Gaia DR3 3403794807951084544","83.69400717271759","22.033874826172593","1.1452551629157888","0.611069","0.5871881490274196","0.541458","1.3184813753062246","0.33021146","19.75958","20.639986","18.817474","NOT_AVAILABLE","1.8225117","0.8804054","0.94210625","null","null","0.93369794","0","false","false","false","false","false","false","null","null","null","null","null","null","null"
"null","null","358.92004","0.9536267","0.6158073","0.80953294","38","0","323","0","323","95","false","1.2280674","null","null","-5.724789306920251","3.2427178e-10","2.0098245e-10","0.9999963","0.5878612","-0.6769513","-0.7800157","-0.07469653","0.29785043","null","null","false","null","null","-1.2769884589611071","84.15620675548269","null","null","null","false","false","false","false","0","2","0.010501896","16.37718","184.57159224249537","null","null","null","39","0","null","null","25","null","0.29766953","0.51485807","0.29532075","-0.40837675","58.847048346499754","5.2358656","11.239221","0","0","27","1.4231057","144.23644588024285","0.7213394","199.95642","319","0","146.41667057165185","6.4403844","22.734152","0","0","31","2.2621672","-0.030737597","-0.1281881","-0.10669743","1.5138795","0.13705091","-0.6033954","0.8571936","1378584855","0.66263294","0.39431068","0.030802596","-0.46180794","2016","null","null","null","null","null","null","null","null","null","null","null","null","null","null","-9.532892","11.859011","-0.96845144","22.44208","0.46150568","0.6604036","0.19125693","0.43008497","1636148068921376800","3403794812243722240","null","null","null","null","null","15","Gaia DR3 3403794812243722240","83.69548927707825","22.034493031227637","0.3102537705608767","1.0422759","1.9968619397166139","0.7624497","-1.0629877136244494","0.5021144","20.289679","20.91423","19.33392","NOT_AVAILABLE","1.5803108","0.6245518","0.95575905","null","null","1.0312598","0","false","false","false","false","false","false","null","null","null","null","null","null","null"
"null","null","413.76852","1.4645749","1.1619343","1.4843998","39","1","345","0","346","95","false","1.3155642","null","null","-5.7206117249515","2.148662e-10","2.510181e-11","0.99998844","0.60769093","-0.6482819","-0.7269854","-0.06785324","0.2823952","null","null","false","null","null","-1.279431806074522","84.16242562373388","null","null","null","false","false","false","false","0","0","0.06430815","3.7195244","184.57683110889556","null","null","null","40","0","null","null","23","null","-0.4937151","0.4963926","0.31793267","-0.30152962","34.2429059056289","6.702774","5.108766","0","0","24","1.553905","132.12018227049066","0.75976497","173.89613","342","0","171.05930285331954","8.181306","20.908558","0","0","33","6.6468544","-0.013843107","-0.26082036","-0.17444155","1.2616659","0.13920993","-0.5680125","0.80547816","1031135217","0.49293298","0.29910728","0.1461276","-0.38255414","2016","null","null","null","null","null","null","null","null","null","null","null","null","null","null","-14.712938","12.169857","-4.63879","25.261576","0.37457606","0.62304485","0.23776743","0.39144894","1636148068921376800","3403794812242332800","null","null","null","null","null","17","Gaia DR3 3403794812242332800","83.70230515970877","22.032323513764343","-0.4896689156038685","0.9918046","5.398521064372732","0.91240424","-3.877711088959513","0.5467958","20.384943","21.502115","19.16503","NOT_AVAILABLE","2.3370857","1.1171722","1.2199135","null","null","1.0565447","0","false","false","false","false","false","false","null","null","null","null","null","null","null"
"0.0121","0.0898","436.18848","0.48628643","1.0253758","1.5125942","44","0","381","0","381","31","false","0.40254426","0.0162","0.1195","-5.722228770004337","7.505007e-11","4.912739e-11","0.99999297","0.20292234","-0.60053045","-0.83600026","-0.04766711","null","647.5336","1152.6104","false","0.0065","0.0483","-1.2768927119899214","84.15910436400966","null","null","null","false","false","false","false","0","0","0.05403289","166.6897","184.57295727568544","PHOENIX","4.9445","5.1427","45","0","-2.2066","-1.4681","30","1.4229432","0.05223806","0.56379145","0.35374725","null","207.58228556126488","6.599458","31.454443","0","0","38","1.2600545","512.3466428731462","0.93746394","546.5241","377","0","438.00236694646844","6.5673337","66.69409","0","0","41","3.380227","null","-0.072547495","null","null","null","-0.30560508","0.22903407","321382697","0.25255266","0.25483507","-0.17040294","null","2016","null","null","null","null","null","null","null","null","null","null","null","null","null","null","-15.310825","7.1161985","-3.663522","23.1681","0.3985047","0.6106212","0.29072335","0.31652778","1636148068921376800","3403794807947096320","4180.569","4249.6567","null","null","null","17","Gaia DR3 3403794807947096320","83.69860694086108","22.034715225513974","0.017024265090267998","0.32589775","0.743480120739956","0.2804186","-3.2974494637265837","0.18993919","18.913458","19.545567","18.144205","NOT_AVAILABLE","1.4013615","0.6321087","0.7692528","null","null","1.0547601","0","false","false","false","false","true","false","4208.3296","5.0395","-1.7834","923.6268","0.0502","0.0377","0.0203"
"null","null","370.16864","0.30754203","0.1708384","-0.20728809","39","3","340","0","343","95","false","0.7478975","null","null","-5.741663947878217","5.105779e-13","1.8934687e-13","0.9999865","0.34444416","-0.5928009","-0.8106625","-0.262668","0.13278495","null","null","false","null","null","-1.3201298386422877","84.16149727296603","null","null","null","false","false","false","false","0","0","0.013830427","56.0566","184.61184857905894","null","null","null","41","0","null","null","28","null","2.9168153","0.4894851","0.27079165","-0.30232814","50.87965114281552","5.839662","8.712773","0","0","32","1.4609174","292.77394615428864","0.93011135","314.773","339","0","376.8388866712258","8.207179","45.915764","0","0","39","6.5997496","0.05214429","0.034192704","-0.048434827","1.1916515","0.07483945","-0.31033286","0.40580186","1530211238","0.41474813","0.12809497","-0.036536634","-0.2567441","2016","null","null","null","null","null","null","null","null","null","null","null","null","null","null","-4.410199","11.682351","3.5569572","21.222328","0.44970536","0.6695506","0.28666547","0.4146769","1636148068921376800","3403770962288642816","null","null","null","null","null","15","Gaia DR3 3403770962288642816","83.70322081542882","21.991623752103422","1.49716690943615","0.5132882","-1.9841470804091483","0.5245953","-6.2944302631107245","0.31002116","19.521036","21.072182","18.307507","NOT_AVAILABLE","2.7646751","1.5511456","1.2135296","null","null","0.99099535","0","false","false","false","false","false","false","null","null","null","null","null","null","null"
"0.0034","0.096","473.7541","0.4499264","1.5577112","2.4213877","45","1","389","0","390","31","false","0.36111692","0.0044","0.1198","-5.739431568350002","5.122794e-13","3.5420475e-10","0.9999967","0.14802752","-0.464938","-0.821595","0.23786998","null","1588.1324","1799.5312","false","0.0019","0.0525","-1.3195736562670253","84.16375232373322","null","null","null","false","false","false","false","0","0","0.059020523","171.74828","184.6124908433767","PHOENIX","4.8435","4.9","47","0","-2.4776","-2.3453","31","1.4843922","0.29113403","0.456188","0.128305","null","362.3702548403014","6.258434","57.901108","0","0","46","1.2086059","780.7865537723131","1.0682145","730.9267","382","0","581.2929791703699","6.5032687","89.38474","1","0","45","0.34060335","null","-0.40704712","null","null","null","-0.43248746","0.18496267","508069389","0.25869504","0.3331061","-0.21431634","null","2016","null","null","null","null","null","null","null","null","null","null","null","null","null","null","-5.793772","11.431005","1.734469","22.499582","0.38670847","0.659302","0.30165485","0.36463317","1636148068921376800","3403770962288642944","4861.87","4997.885","null","null","null","17","Gaia DR3 3403770962288642944","83.7056236965056","21.992277768264422","0.06331463716658678","0.21747592","-0.1003038481508282","0.24350147","-0.3254992649543982","0.1476633","18.456036","18.94066","17.836908","NOT_AVAILABLE","1.1037521","0.48462486","0.6191273","null","null","1.0877417","0","false","false","false","false","true","false","4883.9907","4.8857","-2.4279","1627.8911","0.0201","0.016","0.0087"
"null","null","115.093864","0","0","0.3832059","13","0","115","0","115","3","false","16.619259","null","null","-5.734460571244238","0.00010777422","0.0005950278","0.9975","4.5631733","null","null","null","null","null","null","false","null","null","-1.320683708195554","84.17012095573105","null","null","null","false","false","false","false","0","0","0.11847952","155.97485","184.61664193128803","null","null","null","13","0","null","null","10","null","null","null","null","null","45.212197279656806","8.525703","5.3030457","0","0","9","1.649173","80.03005715951946","1.0763676","74.351974","115","0","86.77121096010283","8.686305","9.989428","0","0","12","null","null","null","null","null","null","-0.9193574","6.3642097","1502648576","null","null","null","null","2016","null","null","null","null","null","null","null","null","null","null","null","null","null","null","5.870949","14.654584","6.556779","13.406908","0.5306624","0.90032256","0.5307391","0.6704758","1636148068921376800","3403794434287800192","null","null","null","null","null","6","Gaia DR3 3403794434287800192","83.71253593558085","21.9914463615495","null","null","null","null","null","null","20.929234","21.200403","19.901957","NOT_AVAILABLE","1.2984467","0.27116966","1.027277","null","null","null","0","false","false","false","false","false","false","null","null","null","null","null","null","null"
"null","null","234.1427","0","0","-0.14569508","26","1","230","0","231","95","false","3.8863027","null","null","-5.7332058450000085","1.2598446e-10","4.169414e-10","0.9999984","1.5073111","-0.74082834","-0.9227464","0.46928486","0.2321552","null","null","false","null","null","-1.3205134592789842","84.1714700806207","null","null","null","false","false","false","false","0","0","0.04294299","38.11737","184.61716783869764","null","null","null","26","0","null","null","17","null","0.87202305","0.61513007","0.032850053","-0.38793457","43.024682722579804","7.869338","5.467383","0","0","15","1.3662466","109.73941438196876","0.8361793","131.23909","224","0","106.90641965140598","14.5209875","7.3622003","0","0","20","1.6831669","-0.0677626","-0.6560827","-0.08839419","1.5554239","0.19549073","-0.80938256","1.7975619","1764352866","0.70609313","0.68816423","-0.27649453","-0.38459545","2016","null","null","null","null","null","null","null","null","null","null","null","null","null","null","-9.534051","11.624862","-2.2663","17.390522","0.45366985","0.74554574","0.33245572","0.46041146","1636148068921376800","3403794434286620544","null","null","null","null","null","10","Gaia DR3 3403794434286620544","83.71398115952624","21.991675214226905","2.0342658538530394","2.332812","1.524769937649","2.3480031","-0.7128305601774225","1.5034847","20.58646","21.254248","19.675386","NOT_AVAILABLE","1.5788612","0.66778755","0.9110737","null","null","0.99164015","0","false","false","false","false","false","false","null","null","null","null","null","null","null"
"null","null","340.60413","0","0","-0.5444338","39","1","342","8","343","95","false","0.7742872","null","null","-5.7341906207067295","5.1195853e-13","2.2244937e-11","0.99999154","0.36723068","-0.56923306","-0.83211577","-0.13769552","0.15813228","null","null","false","null","null","-1.3131000226640612","84.16608208741518","null","null","null","false","false","false","false","0","0","0.017934598","145.82594","184.6080113536606","null","null","null","40","0","null","null","28","null","-0.8807261","0.47285947","0.2615976","-0.28598714","103.09136110173907","6.432324","16.027079","0","0","32","1.2757403","276.6551984400036","0.82825106","334.02335","340","0","249.8488024944444","11.579943","21.575996","0","0","37","3.167998","0.020723484","-0.09048146","-0.08129758","1.3237635","0.075071186","-0.39949182","0.4411142","739063290","0.4479163","0.2368739","-0.08409919","-0.2671694","2016","null","null","null","null","null","null","null","null","null","null","null","null","null","null","null","null","null","null","null","null","null","null","1636148068921376800","3403794498709428480","null","null","null","null","null","14","Gaia DR3 3403794498709428480","83.70782878501376","21.998846827004602","-0.46385253177276664","0.5266706","0.34663860513145617","0.5518778","-3.14897667060246","0.32904726","19.58252","20.305487","18.753702","NOT_AVAILABLE","1.5517845","0.72296715","0.82881737","null","null","0.97808677","0","false","false","false","false","false","false","null","null","null","null","null","null","null"
"0.202","0.3512","430.10272","0.079540856","0.16870955","1.1236627","45","2","386","0","388","31","false","0.16145349","0.2613","0.4514","-5.726045422588998","5.1019584e-13","2.2538159e-11","0.99998987","0.071850196","-0.52844554","-0.77224225","-0.023578286","null","824.1016","1455.1255","false","0.1094","0.1906","-1.317524057021332","84.17801176124797","null","null","null","false","false","false","false","0","0","0.016770951","28.78321","184.6178312946039","MARCS","4.4466","4.796","46","0","-1.8251","-1.3114","28","1.4451035","3.7358582","0.46500856","0.3166162","null","851.7844336042975","8.983337","94.81826","1","0","44","1.2569164","2030.7680082505397","1.5263926","1330.4363","376","0","1700.7211260898684","12.288965","138.39417","1","0","43","4.4635367","null","-0.17508486","null","null","null","-0.39196822","0.092658944","1445412828","0.38454652","0.27618575","-0.046901874","null","2016","null","null","null","null","null","null","null","null","null","null","null","null","null","null","-9.997908","9.767724","-0.80176157","26.226526","0.4369711","0.5987275","0.25725386","0.35647428","1636148068921376800","3403794429989950464","4548.737","4687.187","null","null","null","18","Gaia DR3 3403794429989950464","83.72088732137954","21.99494653670261","0.4430635421737838","0.11859752","1.7009547616655132","0.11428518","-4.126731709818455","0.06748415","17.418217","18.012718","16.671312","NOT_AVAILABLE","1.3414059","0.5945015","0.7469044","null","null","1.0400944","0","true","false","false","false","true","true","4623.637","4.7039","-1.5832","955.129","0.3676","0.2853","0.1547"
"null","null","181.99638","2.4493546","0.9553302","2.4482055","16","0","143","0","143","3","false","12.844907","null","null","-5.724687594570361","0.000022533879","0.000051837862","0.99935675","4.758256","null","null","null","null","null","null","false","null","null","-1.319852945407","84.180913292081","null","null","null","false","false","false","false","0","0","0.12288751","104.81508","184.62131195784391","null","null","null","16","0","null","null","11","null","null","null","null","null","39.76174968619903","12.242063","3.2479618","0","0","7","1.7041783","89.08975042226879","0.9477237","94.00393","143","0","112.06307039983167","9.334068","12.005812","0","0","16","null","null","null","null","null","null","-0.95989066","7.0715733","1354009459","null","null","null","null","2016","null","null","null","null","null","null","null","null","null","null","null","null","null","null","-3.9923403","21.52616","4.5353403","20.801674","0.28981996","0.9138317","0.44442046","0.67989194","1636148068921376800","3403794434286614528","null","null","null","null","null","8","Gaia DR3 3403794434286614528","83.72412206937052","21.99274605365922","null","null","null","null","null","null","20.812798","21.339878","19.624239","NOT_AVAILABLE","1.7156391","0.52708054","1.1885586","null","null","null","0","false","false","false","false","false","false","null","null","null","null","null","null","null"
"null","null","416.51413","1.2567765","1.3707027","1.4885323","41","1","359","0","360","95","false","0.9973971","null","null","-5.728194083426002","1.8666721e-10","1.04986285e-13","0.9999946","0.50547665","-0.57731116","-0.82313335","-0.10252019","0.1803814","null","null","false","null","null","-1.3165916801046493","84.17499939144736","null","null","null","false","false","false","false","0","0","0.02835668","98.0182","184.61551274047744","null","null","null","41","0","null","null","27","null","0.34098855","0.44611382","0.31597894","-0.29457483","63.50044547656072","7.6082506","8.346261","0","0","33","1.4619772","181.05704508770202","0.79440916","227.9141","354","0","201.20083965846092","6.6505623","30.253208","0","0","36","2.9172158","0.039324943","-0.060624704","-0.121795386","1.2903353","0.10804241","-0.41074204","0.6221124","1036004550","0.4567996","0.26720998","-0.1599928","-0.2981419","2016","null","null","null","null","null","null","null","null","null","null","null","null","null","null","-6.0875144","9.535476","1.1072834","20.786243","0.47603595","0.6536014","0.27105242","0.38002136","1636148068921376800","3403794429989950592","null","null","null","null","null","15","Gaia DR3 3403794429989950592","83.71759864851094","21.995746940946226","0.2544922249383983","0.7463365","2.355784569309845","0.70302355","-1.7205890370022745","0.44952354","20.042828","20.8316","18.988821","NOT_AVAILABLE","1.8427792","0.7887726","1.0540066","null","null","1.0555799","0","false","false","false","false","false","false","null","null","null","null","null","null","null"
"0.4308","0.7238","420.55017","0.08911012","0.37373102","1.1432804","44","2","377","0","379","31","false","0.1344766","0.5236","0.8678","-5.734015806108841","1.2273585e-10","1.0206797e-13","0.99999607","0.05547076","-0.4919745","-0.79335797","0.16290711","null","1204.1917","1567.4313","false","0.2381","0.3991","-1.309660069318323","84.16431040134042","null","null","null","false","false","false","false","0","0","0.04621934","177.05229","184.6041266932131","MARCS","4.6121","4.722","45","0","-2.7502","-1.6856","29","1.4982533","1.9254664","0.47853473","0.1408124","null","1575.077162836051","13.51805","116.516594","3","0","41","1.2369896","3214.928555691577","2.0425355","1573.989","374","0","2401.7561837395874","14.411076","166.66045","2","0","43","1.0466713","null","-0.3507228","null","null","null","-0.3195851","0.06935908","1736897312","0.21324897","0.21575004","-0.106632784","null","2016","null","null","null","null","null","null","null","null","null","null","null","null","null","null","-11.744293","9.392276","-2.468812","23.21738","0.37432376","0.6337725","0.29065415","0.32448378","1636148068921376800","3403794498709430272","5570.72","6133.6133","null","null","null","18","Gaia DR3 3403794498709430272","83.7057584570714","22.00220625658372","0.16871272104747498","0.08762174","-0.9588683142809739","0.09318548","-0.41963355962470084","0.05578674","16.91944","17.345287","16.296574","NOT_AVAILABLE","1.0487137","0.425848","0.6228657","null","null","1.0412978","0","true","false","false","false","true","true","5877.9395","4.665","-2.086","1381.6643","0.7243","0.6005","0.3315"
"0.0018","0.0379","440.49026","0.33480415","0.70491076","1.7649422","44","2","378","0","380","31","false","0.3622386","0.0023","0.0489","-5.730713517417627","5.1147563e-13","1.0719697e-10","0.99999064","0.16381466","-0.47823146","-0.8212819","0.17174837","null","935.7034","1142.2018","false","0.001","0.0206","-1.3062764411854502","84.16617721368172","null","null","null","false","false","false","false","0","0","0.037968572","167.05429","184.60210986874196","MARCS","4.9647","5.0592","46","0","-3.1217","-2.864","30","1.4526614","2.1586013","0.44881037","0.22452624","null","295.91810676350167","7.8450394","37.72041","0","0","40","1.2366006","670.5787924586466","1.0616701","631.62634","376","0","533.3200504693757","10.022241","53.213654","1","0","39","1.5474491","null","-0.3200669","null","null","null","-0.47734526","0.20314136","1581882986","0.3084306","0.38734654","-0.24785355","null","2016","null","null","null","null","null","null","null","null","null","null","null","null","null","null","-6.616613","12.416874","3.4568474","23.791275","0.37466818","0.64245665","0.27082846","0.42086425","1636148068921376800","3403794498709432192","4434.0835","4518.3135","null","null","null","17","Gaia DR3 3403794498709432192","83.70761032386069","22.005668064560794","0.5076354776156834","0.23516871","1.1517746654446603","0.24411067","-1.033447479932893","0.15508991","18.621243","19.160614","17.930426","NOT_AVAILABLE","1.2301884","0.5393715","0.6908169","null","null","1.0643976","0","false","false","false","false","true","false","4460.1816","5.0002","-3.0095","1023.4963","0.0104","0.008","0.0044"
"null","null","345.0561","0.29158324","0.06731115","0.8664591","36","3","313","0","316","95","false","1.0824364","null","null","-5.728457523108906","4.079898e-9","3.1111632e-8","0.99999434","0.5271094","-0.6822495","-0.79189414","-0.1322753","0.19796737","null","null","false","null","null","-1.3025649194145317","84.16664946235974","null","null","null","false","false","false","false","0","0","0.028041495","38.769604","184.5991101233885","null","null","null","37","0","null","null","24","null","3.898056","0.51907766","0.29586434","-0.34560952","80.42310516260284","7.3621254","10.923898","3","0","30","1.3899901","171.85421787113697","0.73850864","232.7044","308","0","158.45254685449348","6.8537135","23.119225","0","0","34","1.840284","0.06784395","-0.11331726","-0.1803521","1.4277815","0.12142029","-0.5157159","0.7119474","951069587","0.6006398","0.29558566","0.05141664","-0.4157505","2016","null","null","null","null","null","null","null","null","null","null","null","null","null","null","-9.192798","8.886457","-3.0124803","19.892855","0.5077807","0.6655554","0.22358352","0.37116536","1636148068921376800","3403794503006086656","null","null","null","null","null","15","Gaia DR3 3403794503006086656","83.70794450156181","22.009396643899848","3.5220123196514455","0.9035304","-1.0659847263517328","0.72764343","-1.5001071916651054","0.46316084","20.099466","20.57509","19.248148","NOT_AVAILABLE","1.3269424","0.47562408","0.85131836","null","null","1.0340723","0","false","false","false","false","false","false","null","null","null","null","null","null","null"
"0.1","0.4849","307.17694","0","0","-2.1289918","41","1","353","0","354","31","false","0.26580724","0.1305","0.6216","-5.728459501452811","5.1233985e-13","1.02101955e-13","0.99999833","0.1184374","-0.47080475","-0.81829953","0.09453253","null","666.5737","1068.0818","false","0.0545","0.2648","-1.3006028148798778","84.16552162611774","null","null","null","false","false","false","false","0","0","0.043105423","162.33377","184.5968357567241","MARCS","4.8612","5.0471","42","0","-3.1677","-2.0403","28","1.4459863","1.8159363","0.39510915","0.2860875","null","468.9023883806959","9.794515","47.873978","1","0","40","1.2752248","1097.6681701311247","1.2799778","857.5681","351","0","930.8712853181106","8.314485","111.95779","0","0","40","1.4673656","null","-0.26822555","null","null","null","-0.44343305","0.15381218","1335289257","0.40299398","0.3503805","-0.20090783","null","2016","null","null","null","null","null","null","null","null","null","null","null","null","null","null","-5.4205966","10.435913","2.8619652","22.365784","0.4501251","0.642066","0.2481899","0.39469948","1636148068921376800","3403794503008122752","4406.115","4804.237","null","null","null","17","Gaia DR3 3403794503008122752","83.70663717768065","22.011307708751303","0.326399040593097","0.17974146","1.1725652939109994","0.18385674","-0.882186260781311","0.11121994","18.08619","18.660835","17.325672","NOT_AVAILABLE","1.3351631","0.574646","0.7605171","null","null","0.9194645","0","false","false","false","false","true","true","4524.7974","4.991","-3.0318","804.7643","0.2765","0.2129","0.1163"
"null","null","420.398","1.37083","1.6206012","1.4952909","39","0","343","0","343","95","false","1.0338483","null","null","-5.724647444304567","1.0870482e-10","1.2475176e-12","0.99996614","0.499197","-0.6589891","-0.7995761","-0.19022435","0.2261573","null","null","false","null","null","-1.299614039094011","84.16935001372525","null","null","null","false","false","false","false","0","0","0.020079808","177.6968","184.59788738168623","null","null","null","40","0","null","null","28","null","3.856513","0.5306129","0.31748024","-0.31843165","40.714994498062964","5.749509","7.0814734","0","0","27","1.6063926","178.6734915936242","0.7228402","247.18256","340","0","246.30477588978593","6.8124185","36.155262","1","0","35","6.129056","-0.011148371","0.011144947","-0.0654222","1.165548","0.11129513","-0.4993136","0.7000394","1085567242","0.62008154","0.31496337","0.0146361645","-0.3916894","2016","null","null","null","null","null","null","null","null","null","null","null","null","null","null","-6.2172437","9.696706","2.381857","20.97741","0.5412279","0.6588022","0.21532458","0.41211608","1636148068921376800","3403794537365821312","null","null","null","null","null","14","Gaia DR3 3403794537365821312","83.71071508259281","22.012462422910808","3.376870050738712","0.8756278","5.386661607027432","0.65695363","-2.9239025602779503","0.42383477","20.057217","21.314156","18.769213","NOT_AVAILABLE","2.5449429","1.2569389","1.2880039","null","null","1.0571381","0","false","false","false","false","false","false","null","null","null","null","null","null","null"
"null","null","383.5287","0","0","0.15472871","41","0","361","0","361","95","false","0.5885763","null","null","-5.724214396840589","5.099368e-13","1.9059586e-11","0.9999973","0.28214183","-0.6052649","-0.817103","-0.32469934","0.18388171","null","null","false","null","null","-1.3097616572204407","84.17567040088095","null","null","null","false","false","false","false","0","0","0.035968315","174.34508","184.60989351804915","null","null","null","42","0","null","null","28","null","0.8670569","0.48854342","0.37430698","-0.27177343","112.19330133736213","6.1490703","18.245571","0","0","41","1.2938306","358.28955534859597","0.89492464","400.35724","357","0","351.3727197270424","6.4938374","54.108643","0","0","41","3.551303","0.011041237","0.14349812","-0.09500937","1.3252709","0.05813395","-0.29444742","0.33633116","1538419098","0.4509195","0.12941411","-0.081761725","-0.3046579","2016","null","null","null","null","null","null","null","null","null","null","null","null","null","null","-6.329452","10.883806","4.059526","23.258232","0.4723404","0.62995094","0.2329737","0.42654797","1636148068921376800","3403794464349691776","null","null","null","null","null","15","Gaia DR3 3403794464349691776","83.71800075587548","22.002599694250733","0.3655841490212337","0.421638","1.8322351583885301","0.39501882","-3.042148239179099","0.24380986","19.30178","20.213625","18.383476","NOT_AVAILABLE","1.8301487","0.91184425","0.91830444","null","null","1.0048718","0","false","false","false","false","false","false","null","null","null","null","null","null","null"
"0.003","0.1173","403.86337","0","2.0592199e-15","0.24735424","45","2","386","0","388","31","false","0.2379956","0.0038","0.1461","-5.7208154490280165","5.1085796e-13","1.0218469e-13","0.9999933","0.10261145","-0.43940854","-0.8186575","0.20946991","null","1262.143","1415.372","false","0.0016","0.0641","-1.3038206723066892","84.17618169477548","null","null","null","false","false","false","false","0","0","0.02968325","168.19006","184.6049696183352","MARCS","4.8403","4.9024","46","0","-2.7218","-2.3775","30","1.491033","4.2412863","0.41222924","0.22741649","null","574.4484842992408","8.292377","69.274284","13","0","42","1.2296195","1213.2532433379288","1.2976762","934.943","383","0","917.3914227796353","9.531173","96.251686","12","0","43","0.8121995","null","-0.34887335","null","null","null","-0.44684878","0.12925321","1668958148","0.27811694","0.3718292","-0.26876026","null","2016","null","null","null","null","null","null","null","null","null","null","null","null","null","null","-7.661124","11.208066","1.9973229","24.126091","0.38071132","0.63031316","0.258852","0.38754305","1636148068921376800","3403794533069171840","4831.2886","4968.3677","null","null","null","17","Gaia DR3 3403794533069171840","83.71827259018362","22.008557300134754","0.6356215174569616","0.14986527","0.4010756797752375","0.16008547","0.7062621877415459","0.09916256","17.977488","18.440414","17.341509","NOT_AVAILABLE","1.0989056","0.46292686","0.6359787","null","null","1.0080967","0","false","false","false","false","true","true","4848.1704","4.885","-2.5636","1283.3645","0.0159","0.0126","0.0069"
"null","null","373.19138","0","0","0.62664723","39","3","346","0","349","95","false","0.9289249","null","null","-5.717830466522222","4.9119225e-10","1.3901776e-10","0.9999984","0.48227826","-0.5952532","-0.8577245","-0.051659413","0.061538775","null","null","false","null","null","-1.3021082838620868","84.1786413073034","null","null","null","false","false","false","false","0","0","0.038168434","78.41105","184.60470616314305","null","null","null","41","0","null","null","28","null","0.13892789","0.5662137","0.23689997","-0.08932648","70.85266914162204","6.8385925","10.360709","0","0","30","1.1959599","191.70587289301037","0.7665051","250.10384","335","0","158.41986188131423","7.848405","20.184977","0","0","34","2.4511244","0.090103954","-0.091298826","-0.0045632184","1.3921529","0.09778293","-0.44215018","0.60050046","1036280169","0.50102687","0.33980787","-0.13104843","-0.17681769","2016","null","null","null","null","null","null","null","null","null","null","null","null","null","null","-2.281272","12.182806","6.6601224","20.751673","0.46547377","0.69341785","0.27425775","0.44567427","1636148068921376800","3403794533069172352","null","null","null","null","null","15","Gaia DR3 3403794533069172352","83.72084195314449","22.01037509508863","0.10484003056340944","0.75463635","2.2990248148844543","0.6606455","0.8499975696296905","0.4508775","19.980778","20.712652","19.248371","NOT_AVAILABLE","1.4642811","0.73187447","0.7324066","null","null","1.0231388","0","false","false","false","false","false","false","null","null","null","null","null","null","null"
"null","null","80.93961","2.2257037","0.59137225","1.1867677","8","0","72","0","72","3","false","13.790032","null","null","-5.718744129800418","0.000119471304","0.0005038673","0.99825716","3.9727974","null","null","null","null","null","null","false","null","null","-1.3190620615314967","84.18731282062174","null","null","null","false","false","false","false","0","0","0.12490525","27.333519","184.62382105101509","null","null","null","9","0","null","null","6","null","null","null","null","null","48.47602395598103","7.719229","6.279905","0","0","9","1.8303268","79.20448157978227","1.3012116","60.869793","73","0","96.49406495738945","6.5418563","14.7502575","0","0","8","null","null","null","null","null","null","-0.84006155","5.348868","871114800","null","null","null","null","2016","null","null","null","null","null","null","null","null","null","null","null","null","null","null","-82.639084","12.036019","-22.882057","15.300344","0.18330228","0.7866114","0.38248816","0.34003583","1636148068921376800","3403793712732104704","null","null","null","null","null","6","Gaia DR3 3403793712732104704","83.7309784246903","21.99381431059436","null","null","null","null","null","null","20.940493","21.124725","19.786644","NOT_AVAILABLE","1.3380814","0.18423271","1.1538486","null","null","null","0","false","false","false","false","false","false","null","null","null","null","null","null","null"
"null","null","441.53952","1.2184181","1.164277","2.1335328","41","1","364","0","365","95","false","1.0953665","null","null","-5.7133685445343945","1.11641286e-10","4.4741134e-11","0.9999993","0.55911607","-0.6724997","-0.8165637","0.02000553","0.20361836","null","null","false","null","null","-1.3175865519176362","84.19266484113186","null","null","null","false","false","false","false","0","0","0.02097551","149.90036","184.62520968403825","null","null","null","43","0","null","null","28","null","1.1084548","0.54852074","0.24105452","-0.31508562","41.29883926822174","3.850562","10.725406","0","0","33","1.2014796","164.23611380929717","0.737339","222.74165","350","0","156.0274876354789","6.6508775","23.459684","1","0","41","3.7930439","0.0041701044","-0.24736631","-0.13021654","1.3956755","0.1195184","-0.5887394","0.7214153","212061256","0.5542106","0.4060452","-0.01382845","-0.36938354","2016","null","null","null","null","null","null","null","null","null","null","null","null","null","null","-9.720407","13.407684","-0.50534326","21.270483","0.45630074","0.6966562","0.29074734","0.42503166","1636148068921376800","3403793712731327488","null","null","null","null","null","15","Gaia DR3 3403793712731327488","83.73667446791042","21.995520792817814","0.9869590312273218","0.8903917","1.1318425964744998","0.7653908","-3.620236734987186","0.49549022","20.148695","21.298698","19.264893","NOT_AVAILABLE","2.0338058","1.1500034","0.8838024","null","null","1.0798289","0","false","false","false","false","false","false","null","null","null","null","null","null","null"
"null","null","392.46854","0","0","0.5244179","42","0","364","0","364","95","false","0.8416636","null","null","-5.712255074239662","1.4936084e-10","1.2639989e-10","0.9999895","0.41174713","-0.6120411","-0.80112195","-0.20691693","0.23128778","null","null","false","null","null","-1.3130970260470158","84.19137352196076","null","null","null","false","false","false","false","0","0","0.025989406","3.0877683","184.62065022787064","null","null","null","44","0","null","null","29","null","1.968433","0.49775967","0.30802697","-0.2885818","88.46699721888079","10.07373","8.78195","0","0","36","1.3781191","214.80686139731537","0.75239027","285.49924","361","0","207.56245202998232","8.232737","25.211842","0","0","38","3.3652062","-0.020584824","-0.0022580824","-0.09382365","1.3243952","0.087451115","-0.40334585","0.5155719","1637240869","0.46614864","0.21361136","-0.046152443","-0.35755545","2016","null","null","null","null","null","null","null","null","null","null","null","null","null","null","-6.9409666","12.041509","2.2049625","23.263443","0.43921745","0.64656657","0.25861877","0.4175079","1636148068921376800","3403793708435446400","null","null","null","null","null","17","Gaia DR3 3403793708435446400","83.7350732274089","21.999950039917568","1.2314829007488026","0.62561584","3.2289049404115677","0.5854611","0.948043075839011","0.36068848","19.857246","20.471588","18.955023","NOT_AVAILABLE","1.5165653","0.61434174","0.9022236","null","null","1.0187253","0","false","false","false","false","false","false","null","null","null","null","null","null","null"
"null","null","362.13065","0.4778934","0.22296225","0.4711921","40","5","340","0","345","95","false","0.9669737","null","null","-5.710778550587824","5.162604e-13","1.0831834e-10","0.99999094","0.49018723","-0.61299485","-0.8116682","-0.16323252","0.17445086","null","null","false","null","null","-1.3128625260447775","84.19294153493344","null","null","null","false","false","false","false","0","0","0.02211698","173.75784","184.62122950797226","null","null","null","42","0","null","null","27","null","-1.0308845","0.46889174","0.32832378","-0.29177362","58.98860414472243","5.4714656","10.781134","0","0","34","1.3833308","187.81714185538496","0.75425136","249.01134","336","0","200.8246391223327","9.087438","22.09915","0","0","37","0.5990522","0.059259947","-0.04272453","-0.14663649","1.4070834","0.10579845","-0.3786661","0.5780151","299536386","0.41167623","0.20636514","-0.1367103","-0.33560142","2016","null","null","null","null","null","null","null","null","null","null","null","null","null","null","-9.675298","10.760385","0.11618695","22.524635","0.43551356","0.6367713","0.267375","0.40923718","1636148068921376800","3403793712731324928","null","null","null","null","null","16","Gaia DR3 3403793712731324928","83.73675136712505","22.000252373502157","-0.7227593967920485","0.7011061","0.2535147442487141","0.6780326","-0.5427649592265374","0.42924225","20.003029","20.911621","18.990852","NOT_AVAILABLE","1.9207687","0.9085922","1.0121765","null","null","1.0172824","0","false","false","false","false","false","false","null","null","null","null","null","null","null"
"null","null","320.17807","0","0","-1.2839797","39","0","344","0","344","31","false","0.70422137","null","null","-5.7112386163480595","7.845487e-11","1.0407852e-10","0.99999166","0.33091664","-0.5771991","-0.83264095","-0.23158577","null","null","null","false","null","null","-1.3152038676540794","84.19375406177882","null","null","null","false","false","false","false","0","0","0.038443163","167.65099","184.62367682939077","null","null","null","41","0","null","null","28","1.4218065","0.3967324","0.5172192","0.27310827","null","112.57713568641607","6.021755","18.69507","0","0","34","1.2311941","299.1301609728835","0.84149826","355.4733","342","0","255.7101677165318","6.154873","41.54597","0","0","34","1.4530339","null","0.012546453","null","null","null","-0.2948484","0.38172176","1084292924","0.3640374","0.16135879","-0.09021987","null","2016","null","null","null","null","null","null","null","null","null","null","null","null","null","null","-3.6054633","12.02295","5.2099724","21.327585","0.4647702","0.6692766","0.29953915","0.44926396","1636148068921376800","3403793712731325696","null","null","null","null","null","15","Gaia DR3 3403793712731325696","83.73773624797991","21.997948496080383","0.18643421505219465","0.46992436","1.4529860712954181","0.49653426","-0.01178629667173754","0.29411277","19.497717","20.209917","18.728525","NOT_AVAILABLE","1.4813919","0.71220016","0.76919174","null","null","0.95012975","0","false","false","false","false","false","false","null","null","null","null","null","null","null"
"0.0111","0.071","432.85934","0","0","1.0513715","45","2","391","0","393","31","false","0.41704023","0.0149","0.0939","-5.707186095195462","6.283856e-11","1.02172414e-13","0.9999973","0.1708285","-0.38948926","-0.85625386","0.34442925","null","610.3278","1034.2438","false","0.006","0.0383","-1.3115731653609612","84.19634427034005","null","null","null","false","false","false","false","0","0","0.020484563","165.74564","184.62180617243553","PHOENIX","4.9466","5.1291","47","0","-2.2023","-1.5695","31","1.4338292","2.3709319","0.35514647","0.24442554","null","264.18568527279666","8.096366","32.630157","0","0","43","1.248269","669.5609216407729","1.0067959","665.0414","381","0","571.6064072011199","7.08728","80.65244","2","0","46","1.5149848","null","-0.4534968","null","null","null","-0.5398146","0.21286221","264119120","0.20613529","0.48607025","-0.42930925","null","2016","null","null","null","null","null","null","null","null","null","null","null","null","null","null","-8.111487","10.915412","2.308383","23.422604","0.39462397","0.63122135","0.27987444","0.40311176","1636148068921376800","3403793708435447424","4227.405","4282.8906","null","null","null","17","Gaia DR3 3403793708435447424","83.74035659549375","22.001688142588574","0.5346967141628352","0.22552176","1.4683368672361858","0.26748276","0.37304940638096223","0.16234826","18.622892","19.28377","17.855152","NOT_AVAILABLE","1.4286175","0.6608772","0.76774025","null","null","1.0372031","0","false","false","false","false","true","false","4249.451","5.0402","-1.829","821.8297","0.0481","0.0362","0.0195"
"null","null","612.51385","0.05695227","4.083645","1.0259997","44","1","383","332","384","31","false","0.029618828","null","null","-5.71357569381464","5.098072e-13","1.0206453e-13","0.9999958","0.011176976","-0.3640565","-0.7561868","0.15784681","null","null","null","false","null","null","-1.3097474047238118","84.18792937119457","11.698509","0.018531924","13","false","false","false","false","0","0","0.04015469","172.76862","184.61600852757593","null","null","null","46","0","null","null","29","1.4208592","23.453405","0.3500157","0.21301661","null","52575.90281573326","30.037132","1750.3636","0","0","43","1.2680048","136076.8847667399","30.085033","4523.0757","379","0","119970.23440279641","64.99328","1845.8868","0","0","43","2.9708247","null","-0.3886296","null","null","null","-0.33667144","0.015246227","65119876","0.30235326","0.2051023","-0.051060036","null","2016","18.865215","222","1.434497e-11","25.731285","1","6","19","7.510197","null","-0.25","3","5250","880.03894","14","null","null","null","null","null","null","null","null","1636148068921376800","3403794464349645056","null","null","null","null","null","18","Gaia DR3 3403794464349645056","83.73120611887283","22.003146952010407","0.42476710240933546","0.018111106","2.693270593067354","0.020621615","-1.2538315275538814","0.011420388","12.852906","13.536575","12.050212","NOT_AVAILABLE","1.4863634","0.6836691","0.8026943","38.408966","1.4291463","1.0366538","0","true","true","false","false","false","true","null","null","null","null","null","null","null"
"0.2701","0.5511","384.15564","0","2.0327164e-15","-0.82789624","46","1","396","0","397","31","false","0.18726595","0.3554","0.7156","-5.708377135765833","5.1080245e-13","1.02048266e-13","0.9999979","0.08374547","-0.46631986","-0.79733163","0.09712361","null","751.3764","996.884","false","0.1457","0.2967","-1.3063696298984273","84.19198609251498","null","null","null","false","false","false","false","0","0","0.016763557","175.34848","184.61509141379835","PHOENIX","4.767","4.8979","48","0","-1.5941","-1.1251","31","1.4282001","5.078272","0.43605626","0.2644389","null","608.9281789077618","7.65256","79.57182","5","0","47","1.2607039","1548.1072967749333","1.304629","1186.6265","393","0","1342.7767307826837","8.610513","155.9462","2","0","45","9.0315895","null","-0.24088089","null","null","null","-0.37735954","0.10638613","1808754581","0.29668814","0.30212492","-0.20098597","null","2016","null","null","null","null","null","null","null","null","null","null","null","null","null","null","-9.02164","9.793378","0.47463253","25.181646","0.40613344","0.6084935","0.24477577","0.36561263","1636148068921376800","3403794567428909440","4424.066","4700.034","null","null","null","18","Gaia DR3 3403794567428909440","83.73541809082064","22.006697681666033","0.6589944134972664","0.12976745","5.670499251973167","0.13019247","-7.029583545679542","0.08046127","17.712864","18.377127","16.927885","NOT_AVAILABLE","1.4492416","0.6642628","0.78497887","null","null","0.9696971","0","false","false","false","false","true","true","4480.5684","4.8702","-1.4953","797.8176","0.4371","0.3332","0.1798"
"null","null","24.072262","0","0","-1.8926697","5","0","44","0","44","3","false","732.5473","null","null","-5.705260815727271","0.0000688843","0.0026788006","0.99618095","49.030502","null","null","null","null","null","null","false","null","null","-1.300322453610901","84.19211059578699","null","null","null","false","false","false","false","1","0","3.7016008","114.96059","184.60988173531376","null","null","null","5","0","null","null","3","null","null","null","null","null","40.22488027996464","28.744946","1.3993723","0","0","4","1.5224196","73.69342174059489","2.085042","35.343853","44","0","71.96742931621151","22.7381","3.165059","0","0","3","null","null","null","null","null","null","-0.99712086","73.64982","444250646","null","null","null","null","2016","null","null","null","null","null","null","null","null","null","null","null","null","null","null","-8.664588","24.43903","3.6679838","24.485907","0.2703791","0.9405848","0.47452143","0.77117634","1636148068921376800","3403794571725550848","null","null","null","null","null","3","Gaia DR3 3403794571725550848","83.73526903073447","22.01274455985143","null","null","null","null","null","null","21.018795","21.327305","20.105055","NOT_AVAILABLE","1.22225","0.30850983","0.91374016","null","null","null","0","false","false","false","false","false","false","null","null","null","null","null","null","null"
"0.0195","0.3972","377.0018","0","0","-0.9554022","45","0","393","0","393","31","false","0.26869598","0.0249","0.4963","-5.70266812155846","1.8513248e-10","2.0326279e-11","0.99999607","0.11856223","-0.4486117","-0.8232359","0.18539283","null","1107.9274","1605.4875","false","0.0106","0.2178","-1.3009822878879347","84.19547865252987","null","null","null","false","false","false","false","0","0","0.029982049","168.20796","184.61214042399877","MARCS","4.7821","4.9525","47","0","-2.8255","-1.9684","31","1.4764357","2.2264428","0.41968635","0.2402344","null","443.177481200121","9.9157","44.694523","2","0","42","1.2090018","989.2876042895382","1.0892967","908.1893","391","0","752.873019798906","8.952713","84.0944","2","0","39","1.209492","null","-0.33092332","null","null","null","-0.4502411","0.14771977","264606967","0.27437374","0.3703746","-0.28214416","null","2016","null","null","null","null","null","null","null","null","null","null","null","null","null","null","-6.4730062","11.842335","3.8911226","24.217207","0.38905534","0.63286424","0.26433238","0.42026955","1636148068921376800","3403794567428912000","4638.393","5099.408","null","null","null","17","Gaia DR3 3403794567428912000","83.7389284500255","22.012231499752538","0.3797316822763497","0.17055532","0.6338306088003691","0.1807499","-1.0301114770634578","0.112971954","18.19906","18.722097","17.556091","NOT_AVAILABLE","1.1660061","0.52303696","0.64296913","null","null","0.96505076","0","false","false","false","false","true","true","4789.9526","4.8907","-2.5178","1278.1931","0.2011","0.1589","0.0867"
"0.3304","0.4231","452.28687","0.4521302","0.892306","1.6900219","45","3","386","0","389","31","false","0.3960865","0.5183","0.6617","-5.70241199821426","5.1560373e-13","1.5700044e-13","0.99994314","0.18328433","-0.49156657","-0.7919849","0.058504604","null","331.5862","361.3554","false","0.2113","0.2684","-1.3017248649310758","84.19619994356256","null","null","null","false","false","false","false","0","0","0.008726169","139.56577","184.61314831462306","PHOENIX","4.9405","4.9868","47","0","-0.295","-0.2358","30","1.2643462","5.6476","0.45624584","0.2281938","null","107.83841839956699","7.2446837","14.8851795","1","0","40","1.4108527","539.3436560254972","1.0266523","525.34204","384","0","653.0960470370918","8.987009","72.67113","2","0","37","7.8164725","null","-0.21059568","null","null","null","-0.35660866","0.22932562","1735354944","0.29662722","0.27160752","-0.19118927","null","2016","null","null","null","null","null","null","null","null","null","null","null","null","null","null","-9.837701","9.887282","0.7153478","24.85948","0.3941462","0.6077853","0.24537343","0.37882817","1636148068921376800","3403794571724776704","3291.4004","3324.5989","null","null","null","18","Gaia DR3 3403794571724776704","83.73974027275467","22.01152091037578","1.5712369187406878","0.2782132","4.230652894511179","0.2772957","-6.572581098904545","0.17429027","18.857702","20.256609","17.710453","NOT_AVAILABLE","2.546156","1.3989067","1.1472492","null","null","1.0609511","0","false","false","false","false","true","false","3307.8228","4.9708","-0.2616","344.8648","0.5864","0.3746","0.2384"
"null","null","386.31653","0.7032757","0.5221091","1.2667454","39","1","341","0","342","95","false","0.9107301","null","null","-5.701620471259415","1.17414e-10","1.9526764e-11","0.9999969","0.4710495","-0.5731666","-0.83527696","-0.096380115","0.16797487","null","null","false","null","null","-1.3004649219409439","84.19638988844325","null","null","null","false","false","false","false","0","0","0.017398322","65.36077","184.61214484974158","null","null","null","41","0","null","null","29","null","0.43759024","0.44490942","0.3253953","-0.30949205","62.58899502903909","6.660633","9.396853","0","0","28","1.2441245","202.54496356209242","0.7631165","265.41815","340","0","189.4021550769767","5.908735","32.054604","0","0","33","2.976391","0.035901815","-0.07528404","-0.12784427","1.3834896","0.097616225","-0.44697765","0.5721845","1524363001","0.45275977","0.30061948","-0.16695985","-0.2912083","2016","null","null","null","null","null","null","null","null","null","null","null","null","null","null","-4.007846","12.017906","6.3667974","21.555965","0.4537149","0.66015196","0.27043116","0.48787162","1636148068921376800","3403794571726271744","null","null","null","null","null","14","Gaia DR3 3403794571726271744","83.7398859446619","22.012787905823668","0.2934232856612812","0.6705435","2.261859307963915","0.6418215","-1.9346565035046157","0.40910697","19.921062","20.847298","19.054434","NOT_AVAILABLE","1.7928638","0.9262352","0.86662865","null","null","1.0483247","0","false","false","false","false","false","false","null","null","null","null","null","null","null"
"null","null","2179.458","12.407875","72.006775","35.051342","33","38","277","0","315","3","false","6.6634192","null","null","-5.7275481882680355","0","0","0.99092656","2.9808154","null","null","null","null","null","null","false","null","null","-1.2951841169102074","84.16346398260838","null","null","null","false","false","false","false","6","7","0.40721065","35.81765","184.59108309038203","null","null","null","41","1","null","null","28","null","null","null","null","null","67.91285163629864","9.15909","7.4148035","26","0","26","1.8440086","183.3110037780824","2.4380975","75.18608","312","0","270.11421385668865","10.766362","25.088717","28","0","28","null","null","null","null","null","null","-0.8629292","4.1679425","1641378749","null","null","null","null","2016","null","null","null","null","null","null","null","null","null","null","null","null","null","null","0.37181687","20.2494","5.6662917","21.141594","0.3205741","0.85363907","0.33779514","0.5475581","1636148068921376800","3403794743522863488","null","null","null","null","null","12","Gaia DR3 3403794743522863488","83.70416542817524","22.016631509542187","null","null","null","null","null","null","20.029396","20.758663","18.669027","NOT_AVAILABLE","2.0896358","0.7292671","1.3603687","null","null","null","0","false","false","false","false","false","false","null","null","null","null","null","null","null"
"0.6131","0.7049","488.07547","0.297538","1.8997732","2.7788913","45","0","390","0","390","31","false","0.18939193","0.8101","0.927","-5.727226010347281","5.111879e-13","1.0218204e-13","0.9999851","0.084544465","-0.5447814","-0.7674852","-0.028368682","null","677.5345","737.6957","false","0.3328","0.383","-1.2934849197490113","84.1628607158998","null","null","null","false","false","false","false","0","0","0.05822886","173.56927","184.58930015005595","MARCS","4.8437","4.8845","46","0","-1.6298","-1.4718","28","1.3973639","5.4725795","0.4693773","0.34535226","null","613.7272452187104","8.579994","71.53003","1","0","41","1.2719646","1675.15833238408","1.6257492","1030.3916","384","0","1517.014846891929","7.6575117","198.10806","1","0","39","2.905301","null","-0.16399458","null","null","null","-0.41066864","0.10921839","527496444","0.38301203","0.29184747","-0.004525008","null","2016","null","null","null","null","null","null","null","null","null","null","null","null","null","null","-13.725759","9.440977","-5.625298","25.409445","0.4216783","0.60482234","0.24289349","0.33267754","1636148068921376800","3403794739227608192","4535.304","4622.368","null","null","null","18","Gaia DR3 3403794739227608192","83.70343551306294","22.018302771739982","0.7789969660230533","0.14234549","1.449854480174122","0.13349131","-2.5176766581938494","0.07945362","17.627228","18.368605","16.795422","NOT_AVAILABLE","1.5731831","0.7413769","0.8318062","null","null","1.1009035","0","true","false","false","false","true","true","4566.22","4.8635","-1.5485","705.5726","0.8558","0.6489","0.3521"
"null","null","358.8356","0.2312426","0.042167272","0.83992296","37","3","324","0","327","95","false","1.1914154","null","null","-5.71966033583761","5.1057666e-13","1.858181e-11","0.99999946","0.6122534","-0.59982723","-0.8540696","-0.18169287","0.20521009","null","null","false","null","null","-1.2936177747118027","84.17166076650874","null","null","null","false","false","false","false","0","0","0.02349124","123.30096","184.59381483238442","null","null","null","38","0","null","null","28","null","0.49198022","0.492275","0.2047855","-0.3459129","51.15087225362103","7.0600624","7.245102","1","0","25","1.3755772","164.15588911548954","0.79352885","206.8682","317","0","174.65822340071918","6.6522","26.255707","1","0","34","1.7500291","-0.0013442512","-0.01506324","-0.14468198","1.3747255","0.117841326","-0.3965006","0.7825296","1507087525","0.56238544","0.2407655","-0.16112226","-0.35375038","2016","null","null","null","null","null","null","null","null","null","null","null","null","null","null","-0.43689767","11.194268","7.286169","18.024803","0.57113636","0.72198004","0.29977798","0.46660566","1636148068921376800","3403794533069177856","null","null","null","null","null","13","Gaia DR3 3403794533069177856","83.71292271101748","22.01855366582758","0.4410440737088628","0.8964671","1.2386836826159504","0.8426688","1.236230050319428","0.5335822","20.149225","21.06641","19.142424","NOT_AVAILABLE","1.9239864","0.9171848","1.0068016","null","null","1.0324297","0","false","false","false","false","false","false","null","null","null","null","null","null","null"
"null","null","312.0702","0","0","-1.0453608","37","1","328","0","329","31","false","0.86671996","null","null","-5.725022003139875","2.3698246e-10","1.1296123e-9","0.9999927","0.42955258","-0.57331556","-0.84476787","-0.06822334","null","null","null","false","null","null","-1.2888509125735443","84.1627437414721","null","null","null","false","false","false","false","1","0","0.06445837","169.48547","184.5852017036231","null","null","null","37","0","null","null","24","1.4211438","0.6499683","0.5081927","0.23912929","null","106.33722229319763","9.937632","10.7004595","0","0","34","1.2922703","220.0828329090904","0.7873638","279.5186","324","0","178.06929725261043","6.926819","25.707226","0","0","34","1.9118837","null","-0.10100749","null","null","null","-0.4056641","0.5043165","377935667","0.3914618","0.29675248","-0.14102739","null","2016","null","null","null","null","null","null","null","null","null","null","null","null","null","null","-8.377116","12.750476","0.9497077","21.923891","0.3915791","0.66284704","0.27181375","0.41929528","1636148068921376800","3403794743523479040","null","null","null","null","null","15","Gaia DR3 3403794743523479040","83.70309135301245","22.02292726129075","0.3928899484969427","0.6044755","1.0499873841442424","0.6180249","-1.5977564863518647","0.38803098","19.830902","20.27183","19.121424","NOT_AVAILABLE","1.1504059","0.4409275","0.7094784","null","null","0.9581365","0","false","false","false","false","false","false","null","null","null","null","null","null","null"
"0.1538","0.4868","382.83505","0","0","-0.5072849","45","2","387","0","389","31","false","0.15841489","0.1916","0.5968","-5.721719372313302","5.0995823e-13","1.9759831e-11","0.99999595","0.06628793","-0.4729839","-0.7863697","0.13712978","null","1046.517","1361.8195","false","0.0842","0.2671","-1.2900641813939944","84.16724796776103","null","null","null","false","false","false","false","0","0","0.05155405","169.63928","184.5885109852235","MARCS","4.7467","4.8498","46","0","-2.5296","-1.6424","29","1.4865594","2.7188284","0.4594299","0.19241387","null","1036.0983909420136","7.418941","139.65584","2","0","45","1.2297952","2203.8375817919587","1.5037457","1465.5653","384","0","1674.1706090777034","7.544698","221.90027","1","0","42","0.5378787","null","-0.31646368","null","null","null","-0.36029443","0.08430702","1290556822","0.2634066","0.25730205","-0.11087247","null","2016","null","null","null","null","null","null","null","null","null","null","null","null","null","null","-8.78512","9.946461","-0.5381445","24.389551","0.40038887","0.6240487","0.27691063","0.3323536","1636148068921376800","3403794743525975552","5003.9824","5481.3955","null","null","null","18","Gaia DR3 3403794743525975552","83.70800132304838","22.021911583030867","0.28458693209147834","0.104672626","0.2224486377773278","0.110343285","0.4897245036988119","0.06611083","17.329418","17.80004","16.688396","NOT_AVAILABLE","1.1116428","0.4706211","0.6410217","null","null","0.9808362","0","true","false","false","false","true","true","5184.913","4.8061","-2.2074","1157.7057","0.3605","0.2913","0.1597"
"0.3198","0.4141","349.2769","0","0","-1.255708","43","1","374","0","375","31","false","0.15421428","0.3974","0.5129","-5.716149919256296","5.0986445e-13","1.02211215e-13","0.9999957","0.07034439","-0.43632478","-0.809487","0.03973736","null","1132.5175","1225.0125","false","0.1751","0.2269","-1.2920895355403526","84.17483187002712","null","null","null","false","false","false","false","0","0","0.044656564","169.36649","184.59406762291331","MARCS","4.7486","4.796","44","0","-2.2796","-1.8571","30","1.4881575","1.3725222","0.41200578","0.24711975","null","989.9144903494841","7.3029256","135.5504","1","0","42","1.2285616","2154.0137067503406","1.6551327","1301.4146","371","0","1656.4242097815911","7.7855177","212.75711","1","0","43","0.39169273","null","-0.18475921","null","null","null","-0.31057534","0.09114749","1407214401","0.33231038","0.2423449","-0.22707908","null","2016","null","null","null","null","null","null","null","null","null","null","null","null","null","null","-4.8833966","8.83519","4.8290634","23.342337","0.435601","0.61724657","0.2420511","0.38608685","1636148068921376800","3403794537367856128","5130.8843","5258.48","null","null","null","18","Gaia DR3 3403794537367856128","83.71626739930515","22.020218552676983","0.14832186032924266","0.10806517","0.31348508558840477","0.10798833","0.2348410221379775","0.06658424","17.354246","17.849548","16.699966","NOT_AVAILABLE","1.1495819","0.4953022","0.6542797","null","null","0.9532455","0","true","false","false","false","true","true","5161.7607","4.7805","-2.1397","1149.9904","0.4265","0.3434","0.1882"
"null","null","399.7663","0","2.109657e-15","0.7002773","42","3","369","0","372","95","false","0.85434663","null","null","-5.716950810918411","1.928454e-10","4.2448434e-11","0.9999935","0.447912","-0.63770866","-0.83625954","-0.10303812","0.213964","null","null","false","null","null","-1.28876246379939","84.17199976185968","null","null","null","false","false","false","false","0","0","0.038175393","161.848","184.58975142287323","null","null","null","43","0","null","null","29","null","0.3661192","0.53566337","0.36959368","-0.26997504","69.50725485409006","5.5614347","12.498079","0","0","36","1.3477398","205.95524698929094","0.7516469","274.0053","365","0","208.06684228231205","6.2406363","33.340645","0","0","40","5.973077","-0.032540157","-0.09144709","-0.16712499","1.3930486","0.09118027","-0.51952803","0.52122295","497413142","0.47526792","0.37902123","-0.014817301","-0.24096154","2016","null","null","null","null","null","null","null","null","null","null","null","null","null","null","-7.7909036","13.630247","2.5533185","22.434465","0.40869874","0.66605","0.29085618","0.44200078","1636148068921376800","3403794739227611520","null","null","null","null","null","15","Gaia DR3 3403794739227611520","83.71305974428266","22.023419132439507","0.24485969078489642","0.66879773","2.3383429186385225","0.5848518","-5.496344089177854","0.389113","19.902935","20.733467","18.952389","NOT_AVAILABLE","1.7810783","0.8305321","0.95054626","null","null","1.0251759","0","false","false","false","false","false","false","null","null","null","null","null","null","null"
"null","null","336.74786","0","0","-1.1724774","41","0","357","0","357","95","false","0.96273893","null","null","-5.714474053977488","3.269435e-10","3.3081615e-10","0.99999785","0.49900904","-0.6460864","-0.8323822","0.037867464","0.16352178","null","null","false","null","null","-1.296486460003086","84.17928658171056","null","null","null","false","false","false","false","0","0","0.008742594","177.19275","184.60012756882404","null","null","null","43","0","null","null","30","null","0.15948921","0.53598","0.26695853","-0.27579963","60.03328042072776","6.834753","8.783533","0","0","36","1.181931","173.11674737388728","0.7526234","230.01776","355","0","144.57876902567583","5.7986937","24.93299","0","0","38","2.3552368","0.01779686","-0.19611625","-0.05578446","1.6753627","0.10468465","-0.5844967","0.6359107","977901938","0.5333497","0.44457328","-0.13390896","-0.3291823","2016","null","null","null","null","null","null","null","null","null","null","null","null","null","null","-8.393473","12.922239","2.155486","22.068438","0.454104","0.67383516","0.2343365","0.457499","1636148068921376800","3403794537365815936","null","null","null","null","null","15","Gaia DR3 3403794537365815936","83.72127325689016","22.01601966592643","0.12265189438192686","0.76902944","2.016027647932871","0.6415403","-1.2176914908035","0.4385181","20.091518","20.892563","19.347633","NOT_AVAILABLE","1.5449295","0.80104446","0.74388504","null","null","0.9551403","0","false","false","false","false","false","false","null","null","null","null","null","null","null"
"null","null","372.1598","0.93117213","0.5764425","0.18809976","40","4","348","0","352","31","false","1.1512376","null","null","-5.7129893656101896","3.0634614e-10","1.0305111e-9","0.99999833","0.60488874","-0.6459056","-0.8389521","-0.01065124","null","null","null","false","null","null","-1.2951785572575902","84.18024826379802","null","null","null","false","false","false","false","0","0","0.022162637","178.81857","184.59946803795725","null","null","null","42","0","null","null","28","1.3980526","-1.5478172","0.5631807","0.28863844","null","44.54687128760187","6.0493817","7.3638716","0","0","36","1.2263274","141.19465285433958","0.6515441","216.70775","345","0","128.604004801117","5.5695224","23.09067","0","0","37","0.4031317","null","-0.14052351","null","null","null","-0.5683323","0.7507474","1740363033","0.5233778","0.46655494","-0.11204887","null","2016","null","null","null","null","null","null","null","null","null","null","null","null","null","null","-10.841395","12.118781","-1.5518291","22.337486","0.45989582","0.66308445","0.22416246","0.42382163","1636148068921376800","3403794537365814912","null","null","null","null","null","14","Gaia DR3 3403794537365814912","83.72224795501594","22.017368162743548","-1.442277153495034","0.9318136","0.35055023148387393","0.77581424","-0.19907209340826393","0.5340009","20.31282","21.2165","19.47476","NOT_AVAILABLE","1.7417393","0.9036789","0.8380604","null","null","1.0062163","0","false","false","false","false","false","false","null","null","null","null","null","null","null"
"null","null","92.320335","0","0","0.67326194","10","0","89","0","89","3","false","39.737858","null","null","-5.713223343958585","0.00004139054","0.0006801178","0.9976262","2.820525","null","null","null","null","null","null","false","null","null","-1.2890368684088755","84.17645525139707","null","null","null","false","false","false","false","0","0","0.023497825","164.10506","184.592217787131","null","null","null","10","0","null","null","6","null","null","null","null","null","51.5540299372651","11.589918","4.448179","0","0","8","1.6754109","69.18504069585626","1.3191081","52.448345","87","0","64.35933601305912","9.536469","6.7487593","0","0","10","null","null","null","null","null","null","-0.7015407","3.0101056","801936815","null","null","null","null","2016","null","null","null","null","null","null","null","null","null","null","null","null","null","null","-5.976248","15.441127","5.6308155","19.426039","0.39100733","0.75966674","0.26725534","0.6046754","1636148068921376800","3403794640446420608","null","null","null","null","null","6","Gaia DR3 3403794640446420608","83.71787305383454","22.023338993372782","null","null","null","null","null","null","21.087336","21.057886","20.226366","NOT_AVAILABLE","0.8315201","-0.029449463","0.86096954","null","null","null","0","false","false","false","false","false","false","null","null","null","null","null","null","null"
"null","null","364.45627","1.4091198","1.215334","1.6611023","35","2","304","0","306","31","false","1.1249274","null","null","-5.7106815370354855","1.4409231e-10","2.7856637e-9","0.9999929","0.57872635","-0.63587135","-0.79448473","-0.018322477","null","null","null","false","null","null","-1.288970986395351","84.17934836498013","null","null","null","false","false","false","false","0","0","0.034319025","18.614836","184.59360650308076","null","null","null","37","0","null","null","23","1.494697","0.60682034","0.52621996","0.3014573","null","60.12573806788207","6.908325","8.703374","0","0","28","1.2264405","151.8795285588423","0.80195636","189.38628","300","0","126.14546708380342","6.982415","18.066166","0","0","28","1.0489069","null","-0.18059082","null","null","null","-0.56343657","0.7563602","36551765","0.5556036","0.43983167","-0.080127336","null","2016","null","null","null","null","null","null","null","null","null","null","null","null","null","null","-10.684313","11.802174","-1.0875045","25.4021","0.48970735","0.61716354","0.16976823","0.4443347","1636148068921376800","3403794636148396672","null","null","null","null","null","15","Gaia DR3 3403794636148396672","83.72098705328209","22.023530708511117","0.5736586212521236","0.94535166","1.0475734347014878","0.78345764","-0.052873906367916286","0.516083","20.23362","20.890892","19.495716","NOT_AVAILABLE","1.3951759","0.65727234","0.7379036","null","null","1.0675513","0","false","false","false","false","false","false","null","null","null","null","null","null","null"
"0.6069","0.9266","352.7598","0","0","-0.844544","42","0","366","0","366","31","false","0.15231286","0.7661","1.1514","-5.722182203056697","5.103049e-13","1.8502111e-11","0.99999815","0.062987074","-0.47813848","-0.7659643","0.14568293","null","954.5512","1202.3837","false","0.3339","0.5099","-1.2870620390056944","84.16499204545882","null","null","null","false","false","false","false","0","0","0.051470622","168.05334","184.5847660329405","PHOENIX","4.7148","4.7851","43","0","-2.3935","-1.5928","26","1.4493539","4.331024","0.45445132","0.17123365","null","1036.1872043923586","9.600304","107.932755","0","0","39","1.2577137","2418.2178648591303","1.686239","1434.0896","363","0","2005.238483842331","9.486295","211.38269","0","0","35","13.773382","null","-0.3356103","null","null","null","-0.35781056","0.08028918","160039964","0.25142586","0.2453292","-0.0828284","null","2016","null","null","null","null","null","null","null","null","null","null","null","null","null","null","-12.992917","10.012985","-3.0762663","25.365637","0.35225382","0.61093146","0.24836636","0.33790973","1636148068921376800","3403794739227612800","5170.7744","5656.6763","null","null","null","18","Gaia DR3 3403794739227612800","83.70542951890037","22.02481250296219","0.4294713079873363","0.0991616","5.134003644273065","0.10603183","-12.780769223212028","0.06317263","17.228628","17.799946","16.492481","NOT_AVAILABLE","1.3074646","0.5713177","0.7361469","null","null","0.96782106","0","true","false","false","false","true","true","5280.338","4.7581","-2.1582","1008.5776","0.8613","0.6851","0.3769"
"null","null","119.39324","4.4323416","2.052006","1.9666771","11","1","96","0","97","3","false","27.329","null","null","-5.71712073977443","0.0000065281765","0.00007777016","0.99915385","7.6308155","null","null","null","null","null","null","false","null","null","-1.2836568783953546","84.16887489015512","null","null","null","false","false","false","false","0","0","0.14692636","175.33322","184.58373836845016","null","null","null","11","0","null","null","8","null","null","null","null","null","47.635650401929844","8.559993","5.564917","0","0","7","1.8813543","73.3771675993059","1.0802884","67.92368","94","0","90.41279877388781","17.294727","5.2277665","0","0","8","null","null","null","null","null","null","-0.97885114","12.113565","149238694","null","null","null","null","2016","null","null","null","null","null","null","null","null","null","null","null","null","null","null","-72.55409","12.445202","-36.285984","17.542862","0.12604664","0.75944746","0.1933864","0.5503437","1636148068921376800","3403794743524243712","null","null","null","null","null","7","Gaia DR3 3403794743524243712","83.70945286127602","22.028383709653816","null","null","null","null","null","null","21.023464","21.143711","19.85732","NOT_AVAILABLE","1.2863903","0.12024689","1.1661434","null","null","null","0","false","false","false","false","false","false","null","null","null","null","null","null","null"
"0.5521","0.6455","438.85168","0.21213667","1.4721353","1.4107777","45","4","385","0","389","31","false","0.15673988","0.7457","0.8686","-5.714472876722586","5.3798014e-13","1.0251945e-13","0.9999551","0.06856156","-0.43804494","-0.79011863","0.15323634","null","716.8356","845.6977","false","0.2943","0.3425","-1.2851254368204232","84.17277057630271","null","null","null","false","false","false","false","0","0","0.07064022","175.00047","184.58696599330506","PHOENIX","4.6282","4.6902","46","0","-0.4701","-0.1005","29","1.3898647","7.444266","0.41813442","0.26958323","null","849.497679640797","8.47749","100.20627","3","0","43","1.29854","2430.8305373851535","2.4658406","985.802","381","0","2307.033096984524","9.173824","251.47998","2","0","44","5.2449226","null","-0.31486338","null","null","null","-0.43950605","0.08755892","949619755","0.2749979","0.33655757","-0.16808827","null","2016","null","null","null","null","null","null","null","null","null","null","null","null","null","null","-8.955953","11.810595","1.8158143","25.72845","0.39736903","0.6116238","0.2802414","0.39905876","1636148068921376800","3403794842306828672","4350.879","4523.923","null","null","null","18","Gaia DR3 3403794842306828672","83.71371930952837","22.027086280468325","0.7793708122699826","0.10469411","0.4872742713269499","0.10784925","-5.222238752192739","0.065506004","17.22298","18.015636","16.340261","NOT_AVAILABLE","1.675375","0.79265594","0.88271904","null","null","1.0507164","0","true","false","false","false","true","true","4488.2764","4.646","-0.1815","816.545","0.8308","0.6165","0.3275"
"null","null","320.17575","0","0","-1.2043477","39","2","344","0","346","95","false","0.7421415","null","null","-5.716511990501017","1.4173603e-10","1.0394888e-13","0.9999886","0.38044447","-0.6299153","-0.8153658","-0.1920247","0.30013666","null","null","false","null","null","-1.279968955718502","84.16746114034927","null","null","null","false","false","false","false","0","0","0.027647201","177.86203","184.5798165704588","null","null","null","40","0","null","null","26","null","0.50632685","0.51756024","0.38986167","-0.29885107","82.05010107390385","6.583596","12.462809","1","0","36","1.3201711","244.5710108023292","0.840231","291.07593","338","0","240.8254756596176","7.5225444","32.013832","2","0","37","2.103429","-0.103023246","0.027027324","-0.15996216","1.4402547","0.079377316","-0.4520127","0.44265676","733588854","0.47776583","0.31133953","-0.0020139834","-0.29641202","2016","null","null","null","null","null","null","null","null","null","null","null","null","null","null","-12.383186","10.67264","-1.6911032","24.022629","0.41982645","0.6068802","0.23766258","0.3755727","1636148068921376800","3403794842306832000","null","null","null","null","null","15","Gaia DR3 3403794842306832000","83.70775612660083","22.032006499391482","0.2865231682653467","0.5658858","1.3135815641979747","0.49602017","-1.642838209710029","0.3261533","19.716354","20.553345","18.79364","NOT_AVAILABLE","1.7597046","0.83699036","0.92271423","null","null","0.9530677","0","false","false","false","false","false","false","null","null","null","null","null","null","null"
"0.5243","0.5975","390.4939","0","0","0.33713913","43","1","371","0","372","31","false","0.16185246","0.6555","0.7445","-5.717123649366984","5.0981447e-13","1.9263105e-11","0.99999666","0.07025401","-0.5409467","-0.7931998","0.07081655","null","1036.9647","1088.367","false","0.289","0.3298","-1.2756766694008346","84.16429340270943","null","null","null","false","false","false","false","0","0","0.062937334","169.66982","184.57449110569144","MARCS","4.7816","4.8059","44","0","-3.0493","-2.6143","27","1.4648553","1.4726177","0.5150634","0.27182463","null","985.0570679848972","9.157579","107.567406","40","0","40","1.247257","2234.0002094180545","1.6984953","1315.282","368","0","1801.3152416412483","12.437583","144.8284","38","0","38","0.035853215","null","-0.25979957","null","null","null","-0.34708458","0.08442382","528589596","0.21313964","0.24084146","-0.10733641","null","2016","null","null","null","null","null","null","null","null","null","null","null","null","null","null","-16.73962","10.638656","-3.8316984","25.891022","0.33707216","0.6115056","0.2715385","0.3501613","1636148068921376800","3403794915324663936","5193.6445","5297.274","null","null","null","17","Gaia DR3 3403794915324663936","83.70414091149325","22.036156559690657","0.16889918940159715","0.114693165","0.013757333388386703","0.113525935","0.03310874119308144","0.07031635","17.31466","17.854889","16.608921","NOT_AVAILABLE","1.2459679","0.5402298","0.70573807","null","null","1.0115725","0","true","false","false","false","true","true","5275.989","4.7951","-2.8005","1075.4264","0.7259","0.5823","0.3214"
"null","null","312.56546","2.072942","1.7270275","0.66718763","30","2","263","0","265","95","false","2.3204715","null","null","-5.712734352369839","1.8076352e-10","1.4012422e-12","0.99999595","0.8970097","-0.6377246","-0.6355641","-0.0883107","0.3303092","null","null","false","null","null","-1.2783408377579748","84.17088306456657","null","null","null","false","false","false","false","0","0","0.057110272","8.586511","184.58010775576088","null","null","null","31","0","null","null","20","null","-0.5705368","0.61951715","-0.055243295","-0.39403117","13.094139510231399","4.6275034","2.8296337","0","0","16","1.2380598","103.11718564640188","0.748447","137.77487","262","1","114.57109782039873","6.8987007","16.607634","0","0","28","9.456225","-0.109540015","-0.4509566","0.02449258","1.2396164","0.19914874","-0.54956317","1.3664013","340107815","0.28065196","0.025884688","0.35880357","-0.33631754","2016","null","null","null","null","null","null","null","null","null","null","null","null","null","null","-5.565593","16.696888","2.1369054","20.926813","0.40029216","0.7816545","0.33299184","0.51029927","1636148068921376800","3403794846603455104","null","null","null","null","null","13","Gaia DR3 3403794846603455104","83.71136665003723","22.03378220962059","-0.8965018979971","1.5713305","4.558724574517415","1.5716165","-8.284819537245115","0.85275674","20.65404","22.54585","19.600208","NOT_AVAILABLE","2.9456425","1.8918114","1.0538311","null","null","1.0282629","0","false","false","false","false","false","false","null","null","null","null","null","null","null"
"null","null","391.41824","0","0","-0.67716205","46","1","401","0","402","31","false","0.08433797","null","null","-5.70920179295352","5.098014e-13","1.0205149e-13","0.99999714","0.036767963","-0.42510837","-0.8010728","0.047199972","null","null","null","false","null","null","-1.284793849116056","84.17865835260835","null","null","null","false","false","false","false","0","0","0.03715183","167.35149","184.58962002328073","null","null","null","48","0","null","null","32","1.4049482","2.5394168","0.3962976","0.26119062","null","2388.458388032332","6.6208596","360.74747","0","0","46","1.2796257","6505.799424133792","2.5902395","2511.6594","398","0","5936.5290944341195","8.466895","701.14594","0","0","44","0.8740321","null","-0.21406694","null","null","null","-0.30118063","0.046819676","35207113","0.27994284","0.22088037","-0.20551333","null","2016","null","null","null","null","null","null","null","null","null","null","null","null","null","null","-6.707777","9.20238","2.6496537","23.929699","0.4324319","0.6164226","0.25299656","0.36729547","1636148068921376800","3403794636148399360","null","null","null","null","null","18","Gaia DR3 3403794636148399360","83.72004751225859","22.02767386723295","0.1416684687249844","0.055787794","0.48954911659355455","0.059224598","-0.7240674818193342","0.03532231","16.154116","16.893248","15.314064","NOT_AVAILABLE","1.5791836","0.7391319","0.84005165","null","null","0.9752","0","true","false","false","false","false","true","null","null","null","null","null","null","null"
"null","null","452.0863","1.4396822","2.858247","2.4484274","40","2","353","0","355","95","false","0.8988987","null","null","-5.706511366644864","4.573102e-10","8.108105e-10","0.99998665","0.45447832","-0.5281337","-0.8298239","-0.19634628","0.21845393","null","null","false","null","null","-1.2829077756283556","84.18067865265988","null","null","null","false","false","false","false","0","0","0.090264134","6.5324187","184.58898565481002","null","null","null","42","0","null","null","30","null","1.2019053","0.40997967","0.27679956","-0.3261975","99.64146066747979","8.423772","11.828604","1","0","36","1.308624","233.6201413500509","0.8748111","267.0521","351","0","206.07946107549952","6.8439794","30.11106","1","0","34","1.2385813","-0.017974725","0.016049905","-0.075137064","1.231683","0.09113403","-0.3437586","0.60051715","890689594","0.52409035","0.18110259","-0.15792291","-0.33757776","2016","null","null","null","null","null","null","null","null","null","null","null","null","null","null","-2.578321","10.51862","7.7029133","21.775917","0.50533444","0.644621","0.2629154","0.45511907","1636148068921376800","3403794636148400384","null","null","null","null","null","15","Gaia DR3 3403794636148400384","83.72213576975327","22.029646045574296","0.8203491424513558","0.68254066","0.8463501906477299","0.6289867","-0.9043090446754849","0.39088902","19.76609","20.342442","18.962809","NOT_AVAILABLE","1.379633","0.57635117","0.8032818","null","null","1.0933764","0","false","false","false","false","false","false","null","null","null","null","null","null","null"
"null","null","385.94568","0","2.1608626e-15","0.88461155","40","3","351","0","354","31","false","0.50118846","null","null","-5.706999717216059","5.139826e-13","1.0615072e-13","0.9999466","0.2520703","-0.5783975","-0.8234676","-0.16904993","null","null","null","false","null","null","-1.2791287587088043","84.1779476147481","null","null","null","false","false","false","false","0","0","0.06110287","170.15273","184.58432604051444","null","null","null","42","0","null","null","29","1.3278801","1.7192405","0.49878135","0.36488533","null","118.79712507151403","5.701471","20.836224","2","0","41","1.4014508","410.68464474768876","0.8944924","459.12592","348","0","456.7571614844814","7.2688656","62.837475","1","0","39","6.403075","null","-0.005579628","null","null","null","-0.3942307","0.29567286","917906640","0.4162419","0.27295583","-0.06975313","null","2016","null","null","null","null","null","null","null","null","null","null","null","null","null","null","-5.7054086","11.479704","5.1885138","23.162262","0.45997968","0.6306339","0.24125022","0.44325623","1636148068921376800","3403794842306833536","null","null","null","null","null","15","Gaia DR3 3403794842306833536","83.71901571051714","22.033302661171383","0.6359711720793777","0.36991403","5.9563787866402595","0.34681675","-2.3496640698036293","0.22311622","19.153595","20.151527","18.098682","NOT_AVAILABLE","2.052845","0.99793243","1.0549126","null","null","1.0328417","0","false","false","false","false","false","false","null","null","null","null","null","null","null"
"null","null","359.08408","2.228881","2.0348053","1.5695072","33","0","287","0","287","95","false","2.060221","null","null","-5.700355565570012","1.6063521e-10","1.0708289e-10","0.9999743","0.89525247","-0.54322857","-0.8434693","0.2871076","0.21560071","null","null","false","null","null","-1.2932810968737807","84.19372750594138","null","null","null","false","false","false","false","0","0","0.028937299","175.44217","184.60455136607143","null","null","null","34","0","null","null","21","null","3.2093585","0.41092873","0.28257266","-0.3048167","52.33768044759225","7.4720483","7.0044622","0","0","18","1.6742679","125.23118285870696","0.768086","163.04317","283","0","157.33286219875336","7.1222377","22.09037","0","0","27","7.93209","-0.03381266","-0.43446928","0.027171016","1.1732868","0.17106183","-0.7183844","1.2208235","1054172888","0.39798257","0.5925113","-0.39205414","-0.34674054","2016","null","null","null","null","null","null","null","null","null","null","null","null","null","null","-12.705541","14.215492","-2.7920628","24.0614","0.4289673","0.6721298","0.24866368","0.43811992","1636148068921376800","3403794571725546496","null","null","null","null","null","14","Gaia DR3 3403794571725546496","83.73668130662455","22.019849454413855","3.966311461011246","1.2358581","1.791895108940355","1.2814236","-7.727040794658201","0.7883496","20.443085","21.041506","19.255846","NOT_AVAILABLE","1.7856598","0.5984211","1.1872387","null","null","1.065719","0","false","false","false","false","false","false","null","null","null","null","null","null","null"
"1.3068","1.3147","406.28262","0.027113004","0.13815635","0.25822073","45","1","388","0","389","31","false","0.063617066","1.5478","1.5566","-5.701350736809322","5.096436e-13","1.0203155e-13","0.9999991","0.026570423","-0.41782188","-0.7797281","0.13014202","null","1521.4265","1537.2634","false","0.7076","0.7119","-1.29725837175989","84.19486152753709","null","null","null","false","false","false","false","0","0","0.028356597","170.50108","184.60858550559772","PHOENIX","4.3518","4.3612","47","0","-0.2734","-0.2561","30","1.4900924","11.10961","0.37781698","0.27831754","null","5536.2984376053355","10.565407","524.0024","0","0","46","1.2356865","11834.857929326216","3.4910755","3390.032","384","0","9087.876915221765","11.624087","781.8142","0","0","44","3.3647947","null","-0.314661","null","null","null","-0.38360202","0.034322757","624936524","0.28225654","0.2862195","-0.1745569","null","2016","null","null","null","null","null","null","null","null","null","null","null","null","null","null","-8.84722","10.875826","1.8023489","25.447031","0.38509682","0.61020696","0.2341121","0.39765897","1636148068921376800","3403794567428914304","7191.2183","7208.938","null","null","null","18","Gaia DR3 3403794567428914304","83.73808928300618","22.01592513460235","0.4572278280875581","0.041156065","2.017022004469105","0.04407091","-2.6932260552815257","0.025939006","15.504459","15.980494","14.85174","NOT_AVAILABLE","1.1287537","0.47603416","0.6527195","null","null","1.0084715","0","true","false","false","false","true","true","7200.62","4.3577","-0.2647","1527.9628","1.552","1.3105","0.7096"
"null","null","87.885124","5.382815","2.239303","2.5490422","7","0","62","0","62","3","false","131.60828","null","null","-5.702060565776467","0.0000090795065","0.00006713637","0.9993747","6.477538","null","null","null","null","null","null","false","null","null","-1.2904517544658582","84.19013846749277","null","null","null","false","false","false","false","0","0","0.15616532","33.249672","184.60029085716616","null","null","null","8","0","null","null","5","null","null","null","null","null","8.234214205086257","2.427727","3.3917382","0","0","3","1.0243741","76.45396890867006","1.3989581","54.65065","62","1","70.08325379915469","7.741921","9.052437","0","0","8","null","null","null","null","null","null","-0.932165","10.031851","328273426","null","null","null","null","2016","null","null","null","null","null","null","null","null","null","null","null","null","null","null","-156.2639","21.310894","-35.404133","20.525452","0.12258994","0.9086138","0.07541204","0.6608412","1636148068921376800","3403794640446486784","null","null","null","null","null","5","Gaia DR3 3403794640446486784","83.73268193780477","22.022520326917757","null","null","null","null","null","null","20.978867","23.049486","20.13386","NOT_AVAILABLE","2.9156265","2.0706196","0.84500694","null","null","null","0","false","false","false","false","false","false","null","null","null","null","null","null","null"
"null","null","332.04282","0","0","-0.0028072936","37","3","324","0","327","95","false","0.7970184","null","null","-5.700987701820717","5.194752e-13","3.989279e-10","0.99998534","0.40048832","-0.5724101","-0.80437666","-0.24642593","0.19540003","null","null","false","null","null","-1.2916708406295334","84.19207488880679","null","null","null","false","false","false","false","0","0","0.076056905","175.01707","184.60232153613055","null","null","null","39","0","null","null","26","null","-0.8936469","0.44672534","0.34823778","-0.29954368","85.83506453391176","5.8754525","14.609098","0","0","35","1.271577","238.57263576825213","0.79479903","300.16727","315","0","217.52840402879437","7.963698","27.314999","0","0","35","0.78800964","0.016989475","0.08572236","-0.067903675","1.4115818","0.085336566","-0.3601216","0.49266905","305174223","0.42241734","0.17490107","-0.13604344","-0.3230231","2016","null","null","null","null","null","null","null","null","null","null","null","null","null","null","-5.6167107","12.711621","5.0896225","24.488844","0.4222795","0.6327671","0.2175668","0.44620007","1636148068921376800","3403794571727590144","null","null","null","null","null","16","Gaia DR3 3403794571727590144","83.73482536739756","22.02138646399787","-0.5194247425896987","0.5812416","-0.7815978080783617","0.5440379","0.10031994967816033","0.35010645","19.743315","20.504381","18.904106","NOT_AVAILABLE","1.600275","0.76106644","0.8392086","null","null","0.9988407","0","false","false","false","false","false","false","null","null","null","null","null","null","null"
"null","null","206.53549","1.4563138","0.39004007","0.9604764","22","2","193","0","195","3","false","7.4611835","null","null","-5.69491845261951","0.000021025682","0.00029613267","0.9990745","2.5841365","null","null","null","null","null","null","false","null","null","-1.2878830065897373","84.19690029539402","null","null","null","false","false","false","false","0","0","0.021327164","8.100473","184.60143133166937","null","null","null","23","1","null","null","17","null","null","null","null","null","48.124319240830765","8.101932","5.9398575","0","0","20","1.4484067","90.45667066579334","0.8194847","110.38238","194","0","82.89372358088941","6.259989","13.241833","0","0","21","null","null","null","null","null","null","-0.88563657","3.6596136","1569883964","null","null","null","null","2016","null","null","null","null","null","null","null","null","null","null","null","null","null","null","-3.0903232","13.453276","2.9262712","16.86899","0.5442955","0.7830457","0.4682496","0.481582","1636148068921376800","3403794606085279232","null","null","null","null","null","10","Gaia DR3 3403794606085279232","83.73984702796156","22.025380112724743","null","null","null","null","null","null","20.796265","21.132631","19.951591","NOT_AVAILABLE","1.1810398","0.33636665","0.84467316","null","null","null","0","false","false","false","false","false","false","null","null","null","null","null","null","null"
"null","null","305.32596","0","0","-0.8583739","35","0","306","0","306","95","false","1.6863792","null","null","-5.693390739399122","1.0282314e-9","6.64767e-10","0.9999989","0.6631113","-0.4725993","-0.78501123","0.2870078","0.171174","null","null","false","null","null","-1.2879428720579658","84.19869620474641","null","null","null","false","false","false","false","0","0","0.0007764629","146.9282","184.60238118370194","null","null","null","37","0","null","null","21","null","1.1832434","0.30592814","0.285802","-0.29835853","45.7905710753439","5.639297","8.119907","0","0","28","1.3091226","132.87471774207802","0.773896","171.69583","302","0","128.15872024867568","7.688061","16.669836","0","0","30","1.911253","0.111679","-0.468139","-0.08132638","1.2651813","0.14740598","-0.6148579","0.8797118","550700878","0.3332749","0.45458278","-0.30744088","-0.30604404","2016","null","null","null","null","null","null","null","null","null","null","null","null","null","null","-10.2874155","11.963275","-3.2747858","25.7305","0.41336295","0.62689495","0.26665467","0.36092278","1636148068921376800","3403794606087586432","null","null","null","null","null","15","Gaia DR3 3403794606087586432","83.74178481442459","22.025398188628298","1.1271854689843186","0.95262355","1.2716312143614037","1.1131206","-1.4268293360323088","0.6403687","20.378761","21.186602","19.478525","NOT_AVAILABLE","1.7080765","0.80784035","0.9002361","null","null","0.96406466","0","false","false","false","false","false","false","null","null","null","null","null","null","null"
"1.1642","1.2182","512.42255","0.14200635","2.1032214","2.970127","48","1","408","0","409","31","false","0.09282617","1.4769","1.5411","-5.6933363770688015","5.1007294e-13","1.0209865e-13","0.9999925","0.03903418","-0.4093298","-0.8004286","0.15439567","null","1786.7095","2100.209","false","0.6321","0.6619","-1.2939690082024105","84.20221574646408","null","null","null","false","false","false","false","0","0","0.018207727","166.07184","184.60939375935445","PHOENIX","3.7942","3.9162","50","0","-0.6021","-0.5018","33","1.4222206","3.3889399","0.3773542","0.27895918","null","2556.525696935246","8.534289","299.5593","0","0","48","1.2758292","6554.927447156314","2.8659022","2287.2126","407","0","5806.44237442864","10.700466","542.6345","0","0","47","0.64883375","null","-0.31330213","null","null","null","-0.39389193","0.050105453","1432492333","0.2556599","0.30971822","-0.21824215","null","2016","null","null","null","null","null","null","null","null","null","null","null","null","null","null","-7.652992","10.168362","1.6904737","23.88433","0.41451153","0.6254382","0.26907697","0.37379092","1636148068921376800","3403794606087325696","5530.1426","5628.846","null","null","null","18","Gaia DR3 3403794606087325696","83.74585867839605","22.0195302820571","0.20122929209296359","0.059378244","0.6137470560232479","0.06392598","0.21047506324157267","0.037618723","16.145947","16.819416","15.33812","NOT_AVAILABLE","1.4812956","0.67346954","0.80782604","null","null","1.1055664","0","true","false","false","false","false","true","5585.094","3.8642","-0.5385","1894.7582","1.5112","1.1932","0.6482"
"null","null","330.5754","0.5977515","0.17082238","0.9910012","33","0","291","0","291","95","false","2.155572","null","null","-5.6896502171345595","1.0390014e-9","2.833208e-10","0.9999959","0.9183146","-0.5679512","-0.8378808","0.32429007","0.19758177","null","null","false","null","null","-1.2900710375021576","84.20423011557823","null","null","null","false","false","false","false","0","0","0.040027898","178.22418","184.6070024709891","null","null","null","34","0","null","null","23","null","1.9201974","0.42119887","0.22326376","-0.3590354","41.7661105408589","3.642408","11.46662","0","0","25","1.4946328","117.19768412362937","0.78655005","149.0022","289","0","133.40139751133742","7.6645384","17.405014","0","0","28","2.1153536","0.044931393","-0.50173575","-0.07112963","0.834667","0.15639336","-0.747827","1.2875953","1472287555","0.36330718","0.5783203","-0.38554966","-0.36739072","2016","null","null","null","null","null","null","null","null","null","null","null","null","null","null","-8.18611","14.604799","0.5221199","20.71937","0.4423326","0.7341839","0.32360512","0.4663915","1636148068921376800","3403794606087586304","null","null","null","null","null","14","Gaia DR3 3403794606087586304","83.74784675984412","22.02351186585882","2.404678885465711","1.2523081","1.9566632501197183","1.3184639","-0.8038593461727888","0.8102234","20.51507","21.286482","19.434994","NOT_AVAILABLE","1.8514881","0.7714119","1.0800762","null","null","1.0406089","0","false","false","false","false","false","false","null","null","null","null","null","null","null"
"null","null","116.49102","0.7424461","0.07307009","1.0854386","12","1","106","0","107","3","false","11.653527","null","null","-5.698010468758299","0.000022526705","0.00023319609","0.99903846","3.7573009","null","null","null","null","null","null","false","null","null","-1.2835960972019616","84.19087574412944","null","null","null","false","false","false","false","0","0","0.20169328","102.21174","184.594682800833","null","null","null","12","0","null","null","9","null","null","null","null","null","67.02551171704654","16.883642","3.969849","0","0","9","1.7675838","83.07874766443298","1.1069052","75.05498","105","0","79.82313982651863","11.7134905","6.814633","0","0","11","null","null","null","null","null","null","-0.76549965","4.0259757","21010833","null","null","null","null","2016","null","null","null","null","null","null","null","null","null","null","null","null","null","null","-4.932364","11.634418","0.9845385","12.358783","0.5079796","0.8530633","0.55553275","0.55309236","1636148068921376800","3403794674804756608","null","null","null","null","null","6","Gaia DR3 3403794674804756608","83.73315510224522","22.029401529050247","null","null","null","null","null","null","20.888641","20.772942","19.992573","NOT_AVAILABLE","0.7803688","-0.11569977","0.8960686","null","null","null","0","false","false","false","false","false","false","null","null","null","null","null","null","null"
"0.0113","0.1476","395.03027","0","0","0.012859404","45","2","384","0","386","31","false","0.28910303","0.0147","0.1883","-5.698004910962051","6.36302e-11","4.153026e-11","0.99999446","0.12737213","-0.43904445","-0.82073593","0.19558601","null","1061.2928","1233.6685","false","0.0062","0.0805","-1.28168012360001","84.18978302495157","null","null","null","false","false","false","false","0","0","0.033736225","166.81644","184.5924663196378","PHOENIX","4.9132","4.9658","47","0","-2.4849","-2.3326","31","1.4747207","2.149367","0.41216758","0.24200194","null","413.3964934131292","11.010149","37.546856","0","0","40","1.2831181","891.787359285172","1.1650746","765.4337","381","0","730.8719974168728","10.17631","71.82093","0","0","41","1.3466313","null","-0.3257206","null","null","null","-0.4554353","0.16007094","1473308784","0.2754921","0.38185725","-0.2890016","null","2016","null","null","null","null","null","null","null","null","null","null","null","null","null","null","-7.816721","11.540483","2.5500815","24.616943","0.38200504","0.62401515","0.25778705","0.40219373","1636148068921376800","3403794670508139776","4603.3857","4761.203","null","null","null","17","Gaia DR3 3403794670508139776","83.73188794437836","22.03126824276029","0.3941737183599243","0.18339059","1.327806161111367","0.19401754","-0.22438060986875968","0.12171364","18.311714","18.797625","17.588293","NOT_AVAILABLE","1.2093315","0.48591042","0.7234211","null","null","0.9995876","0","false","false","false","false","true","false","4708.4766","4.9428","-2.438","1160.0494","0.1234","0.0965","0.0525"
"0.5425","0.6248","354.1354","0","0","-1.1307856","44","2","375","0","377","31","false","0.15459767","0.6917","0.7935","-5.695408227178136","5.0979024e-13","1.0204741e-13","0.99999756","0.06930981","-0.44493726","-0.8005249","0.010281094","null","858.7131","958.3355","false","0.2968","0.3418","-1.283239773031469","84.19367192402595","null","null","null","false","false","false","false","0","0","0.025164502","169.41367","184.59576983725003","MARCS","4.729","4.798","46","0","-2.0445","-1.7867","30","1.4473687","2.9241467","0.41911873","0.2695825","null","948.8777918300193","8.758835","108.33379","1","0","41","1.2615284","2245.9114355409547","1.6564903","1355.8253","372","0","1884.4031376845098","8.412714","223.99467","2","0","43","3.044037","null","-0.16185556","null","null","null","-0.28983098","0.08697181","1064605908","0.2733197","0.21414849","-0.22392464","null","2016","null","null","null","null","null","null","null","null","null","null","null","null","null","null","-8.027051","9.371831","1.8241099","25.35063","0.407276","0.60211104","0.22827645","0.36782292","1636148068921376800","3403794670508138496","4909.456","5013.8545","null","null","null","18","Gaia DR3 3403794670508138496","83.73615121863604","22.02987890083819","0.305110519908601","0.10434173","3.0076753388384327","0.10885183","-0.4690956908323743","0.067042865","17.308886","17.895517","16.559961","NOT_AVAILABLE","1.335556","0.5866318","0.74892426","null","null","0.95783263","0","true","false","false","false","true","true","4955.5728","4.7642","-1.9221","909.1451","0.7414","0.5825","0.3186"
"0.3919","0.4983","392.99863","0.09814172","0.063368425","0.53756917","43","0","368","0","368","31","false","0.34704795","0.4939","0.6236","-5.694206954484955","1.327628e-10","8.7058104e-11","0.9999942","0.16104618","-0.43954426","-0.8380598","0.09396478","null","1714.9218","1840.9534","false","0.2134","0.2753","-1.2835671309857972","84.19524487801583","null","null","null","false","false","false","false","1","0","0.034545265","168.66554","184.59684145169393","MARCS","4.7935","4.8212","45","0","-3.4316","-1.7569","30","1.4552418","1.0292866","0.41398096","0.21460807","null","317.1422755282893","10.500821","30.201664","0","0","40","1.2665212","697.7140080295616","1.1343797","615.06213","363","0","566.5273297074809","9.105292","62.219566","0","0","36","2.404897","null","-0.212922","null","null","null","-0.35120484","0.19567655","1366961161","0.26102057","0.28747907","-0.32083914","null","2016","null","null","null","null","null","null","null","null","null","null","null","null","null","null","-7.172657","10.210655","2.8482828","23.518524","0.39664197","0.62233055","0.26188394","0.38378742","1636148068921376800","3403794670508138624","4960.0884","5161.401","null","null","null","17","Gaia DR3 3403794670508138624","83.73786136405485","22.029620108644966","0.2258708968362795","0.21944411","2.1410595087648785","0.23808382","1.0951682211176292","0.15219231","18.578173","19.085407","17.864843","NOT_AVAILABLE","1.2205639","0.5072346","0.7133293","null","null","1.019093","0","false","false","false","false","true","false","5140.967","4.8064","-3.2298","1824.0665","0.6021","0.4809","0.2656"
"0.7087","0.7634","319.71457","0","0","-0.5325963","37","2","320","0","322","95","false","0.15043351","0.9273","0.9965","-5.759683084861153","7.639205e-13","1.020755e-13","0.9999993","0.06298124","-0.5373276","-0.75365716","0.3017941","0.029519925","822.2407","879.9554","false","0.3789","0.4081","-1.2743533380571521","84.11445889370137","null","null","null","false","false","false","false","0","0","0.045748327","0.30897623","184.5484241263637","PHOENIX","4.6282","4.6756","39","0","-0.5733","-0.4198","23","null","7.0704513","0.48610735","-0.0007099477","-0.03007812","1042.927119791836","29.716333","35.09609","2","0","38","1.2090414","2995.6961810091216","2.1790082","1374.798","316","0","2578.9935572461563","74.237114","34.73995","3","0","38","7.198278","0.23815008","-0.44946736","-0.023855474","1.3968209","0.015671778","-0.42812094","0.07989649","1410497803","0.36688995","0.29271486","-0.04475999","-0.12180881","2016","null","null","null","null","null","null","null","null","null","null","null","null","null","null","-18.979033","11.11386","-7.7886443","27.54941","0.40276238","0.60180795","0.2998432","0.2658916","1636148068921376800","3403818314306507648","4739.2407","4818.4263","null","null","null","17","Gaia DR3 3403818314306507648","83.65038148635027","22.035295540414968","0.6720853834684938","0.09505551","2.969156540174636","0.09972973","-6.557386058209181","0.06447211","16.996122","17.792908","16.21927","NOT_AVAILABLE","1.573637","0.79678535","0.77685165","null","null","0.9777687","0","true","false","false","false","true","true","4782.2964","4.6508","-0.4919","853.4439","0.9639","0.7375","0.3942"
"0.6871","0.7456","558.22125","0.34207797","6.8433094","5.94278","42","2","358","0","360","31","false","0.14240205","1.05","1.1369","-5.753809421488148","6.56939e-13","1.1961469e-13","0.9982583","0.057278436","-0.4568922","-0.76235884","0.20177011","null","232.306","261.7433","false","0.4278","0.4654","-1.2743974655959465","84.12125717656907","null","null","null","false","false","false","false","0","0","0.038492303","172.66028","184.55186137597974","MARCS","4.5491","4.7273","43","0","-0.3578","0.0982","26","1.2905179","39.569096","0.4421828","0.14192523","null","811.1613820141487","24.36808","33.287865","1","0","39","1.4346899","4372.813235895544","3.1666992","1380.8743","351","0","5462.469733425573","50.778618","107.57421","2","0","40","36.386745","null","-0.39293352","null","null","null","-0.33245027","0.07307023","513911244","0.24115883","0.21727702","-0.01654036","null","2016","null","null","null","null","null","null","null","null","null","null","null","null","null","null","-14.385317","9.9292755","-3.9603922","26.320782","0.36176416","0.60276204","0.2763173","0.2856673","1636148068921376800","3403818314306506240","3508.0298","3605.5938","null","null","null","18","Gaia DR3 3403818314306506240","83.65770868969679","22.035550354175484","3.5471794741595764","0.0896452","-14.128361955270334","0.098182894","-33.53184351111585","0.058749203","16.585464","18.065775","15.404423","NOT_AVAILABLE","2.6613522","1.4803104","1.1810417","null","null","1.2307882","0","true","false","false","false","true","true","3519.706","4.6769","-0.2281","245.7262","1.0831","0.7094","0.4416"
"0.0137","0.2124","332.0288","0","0","-0.10108444","38","1","331","0","332","95","false","0.36832654","0.0177","0.2702","-5.755890491521035","7.2093054e-11","4.8909263e-9","0.99999297","0.15549946","-0.4536446","-0.78011173","0.31589934","0.0021329485","1101.269","1402.8925","false","0.0074","0.116","-1.2666549433271805","84.11441532953957","null","null","null","false","false","false","false","0","0","0.050347842","167.8751","184.54169064674196","MARCS","4.9137","4.9882","39","0","-3.6715","-2.3043","24","null","-0.0033709458","0.40759817","0.07997323","-0.054625463","326.67123713531595","12.88681","25.34927","0","0","36","1.2910618","718.148875365504","1.0858109","661.39404","325","0","600.5032803802154","17.261047","34.789505","1","0","37","0.3921615","0.19047372","-0.45244864","0.0016591568","1.4800043","0.03677064","-0.4528447","0.19496106","1632548919","0.28789744","0.32366773","-0.13932234","-0.14866202","2016","null","null","null","null","null","null","null","null","null","null","null","null","null","null","-13.7431345","12.804986","-2.0929186","25.878988","0.31310236","0.6173217","0.26539242","0.3379475","1636148068921376800","3403818310013929088","4530.049","4777.4473","null","null","null","17","Gaia DR3 3403818310013929088","83.64996907692819","22.042984561491537","-0.0007341468066039865","0.2177866","0.2689667494360394","0.24278253","0.2853901178779516","0.15653506","18.546831","19.053265","17.801607","NOT_AVAILABLE","1.2516575","0.5064335","0.745224","null","null","0.99501365","0","false","false","false","false","true","false","4716.779","4.9376","-2.6669","1321.208","0.1954","0.1534","0.084"
"null","null","292.55005","0","0","-1.2097114","36","1","317","0","318","95","false","0.6265799","null","null","-5.746063799501081","3.1560254e-10","4.1776964e-11","0.9999951","0.33524856","-0.52702504","-0.76981664","-0.032740798","0.061874777","null","null","false","null","null","-1.263635309783922","84.12401411754335","null","null","null","false","false","false","false","0","0","0.033820566","162.37025","184.54385703805687","null","null","null","36","0","null","null","23","null","-0.38107497","0.42191672","0.2853954","-0.0705241","94.94782444205731","9.147701","10.379419","0","0","29","1.2718157","268.88983662773563","0.89184326","301.499","312","0","247.03047989649548","9.339336","26.450539","0","0","33","4.5955496","0.20998083","-0.111843444","-0.108604796","1.5150071","0.08080101","-0.3907908","0.41274124","1671634906","0.44714266","0.25226402","-0.04052983","-0.18023458","2016","null","null","null","null","null","null","null","null","null","null","null","null","null","null","-9.51574","10.862583","0.2993348","25.328665","0.46778965","0.58981436","0.27287972","0.34616846","1636148068921376800","3403841777710239488","null","null","null","null","null","15","Gaia DR3 3403841777710239488","83.66016918580442","22.04642323452167","-0.1867206327101942","0.489984","0.5238960846269256","0.44439593","-4.56558973883352","0.30458307","19.61343","20.394829","18.76602","NOT_AVAILABLE","1.628809","0.7813988","0.8474102","null","null","0.9508351","0","false","false","false","false","false","false","null","null","null","null","null","null","null"
"0.4488","0.6411","351.17926","0","0","-0.84454197","42","0","364","0","364","31","false","0.21946317","0.5855","0.8312","-5.746761866268842","5.0992153e-13","1.02053965e-13","0.9999973","0.09852046","-0.48362237","-0.7765388","0.14571953","null","823.4957","1018.4397","false","0.245","0.3491","-1.2696499837209108","84.12666000331714","null","null","null","false","false","false","false","0","0","0.046968877","169.95766","184.5504235110043","PHOENIX","4.8358","4.9453","43","0","-2.3547","-1.6493","26","1.4325536","2.566622","0.43933946","0.23073374","null","483.02139484353887","8.12161","59.473602","2","0","40","1.2761961","1216.4222918196112","1.390932","874.5376","349","0","1069.3720876121995","11.761785","90.919205","1","0","38","2.3992474","null","-0.28333578","null","null","null","-0.38198563","0.123566635","831429945","0.3122392","0.31053266","-0.108502686","null","2016","null","null","null","null","null","null","null","null","null","null","null","null","null","null","-15.850238","9.254571","-5.139765","26.891232","0.37407258","0.5855936","0.25882128","0.29756084","1636148068921376800","3403841782007808768","4645.4927","4808.939","null","null","null","18","Gaia DR3 3403841782007808768","83.66330531642856","22.04053055625378","0.3909704332536681","0.1523288","-0.9586574047281248","0.15231864","-2.1994009289465746","0.09583177","17.974655","18.628626","17.175074","NOT_AVAILABLE","1.4535522","0.6539707","0.7995815","null","null","0.96772957","0","false","false","false","false","true","true","4714.04","4.9145","-2.0769","871.7291","0.6653","0.5115","0.279"
"null","null","215.28882","0","0","0.49732864","24","2","205","0","207","95","false","2.2302737","null","null","-5.744053130851145","1.9330697e-10","1.9469452e-8","0.9999991","1.0066209","-0.61148787","-0.84602284","0.15445623","-0.02300981","null","null","false","null","null","-1.2707095164108049","84.13039134651139","null","null","null","false","false","false","false","1","0","0.03339862","44.480415","184.5532126695269","null","null","null","24","0","null","null","14","null","1.08027","0.49121648","0.41036645","-0.20097902","45.399941004732206","7.832651","5.7962418","0","0","13","1.1029857","104.9947143360267","0.86578095","121.27168","204","1","70.40773103633147","9.4044285","7.486657","1","0","18","1.555742","0.21598609","-0.27252558","-0.27120382","1.7308302","0.21535566","-0.65432394","1.3407904","450255625","0.53410727","0.5657899","-0.032880604","-0.21594515","2016","null","null","null","null","null","null","null","null","null","null","null","null","null","null","-17.15779","9.529652","-9.484058","22.465939","0.4854396","0.6382909","0.35271582","0.24536838","1636148068921376800","3403841713286601728","null","null","null","null","null","13","Gaia DR3 3403841713286601728","83.6673761496697","22.039635809331752","1.884041870948987","1.7440472","1.4408287000518674","1.5377687","0.5868100542310124","0.93740666","20.634449","21.195904","20.128845","NOT_AVAILABLE","1.0670586","0.5614548","0.5056038","null","null","1.0233437","0","false","false","false","false","false","false","null","null","null","null","null","null","null"
"null","null","204.79704","3.0129023","1.6856494","2.6079316","18","0","160","0","160","3","false","5.2975883","null","null","-5.746441597729932","0.0000055166965","0.0000018129763","0.9999163","1.6410458","null","null","null","null","null","null","false","null","null","-1.267060442654337","84.12554360473722","null","null","null","false","false","false","false","0","0","0.030568695","163.83858","184.54760777404417","null","null","null","18","0","null","null","9","null","null","null","null","null","17.41199967831082","5.271803","3.3028548","0","0","6","1.2530742","94.47031444717028","0.9620854","98.193275","157","1","100.9663057068698","9.185264","10.992206","0","0","17","null","null","null","null","null","null","-0.7784292","2.3345256","1050194227","null","null","null","null","2016","null","null","null","null","null","null","null","null","null","null","null","null","null","null","-26.768341","18.550522","-5.817437","27.96551","0.17912988","0.70360273","0.4056208","0.35307226","1636148068921376800","3403841782006078720","null","null","null","null","null","11","Gaia DR3 3403841782006078720","83.66197964754956","22.043068580525482","null","null","null","null","null","null","20.749128","22.23642","19.737453","NOT_AVAILABLE","2.4989662","1.4872913","1.0116749","null","null","null","0","false","false","false","false","false","false","null","null","null","null","null","null","null"
"0.3291","0.4818","367.41302","0","0","0.04270505","42","2","355","0","357","95","false","0.42026055","0.4787","0.6964","-5.736284667367737","2.2405289e-10","2.4902885e-11","0.99998647","0.19744937","-0.48737675","-0.77901864","0.13718179","0.03612266","427.8472","568.5709","false","0.1823","0.2661","-1.266929541217707","84.13718053376631","null","null","null","false","false","false","false","0","0","0.056033015","171.81844","184.5533114019787","PHOENIX","4.8275","5.0409","43","0","-1.1824","-0.7578","27","null","1.2669852","0.4279607","0.23682967","-0.10247738","140.49919965202616","13.430376","10.461301","0","0","28","1.4102174","477.54739135190607","0.991832","481.48013","352","0","532.9464410935798","9.094335","58.602028","0","0","28","2.8009849","0.15467098","-0.27073777","-0.06847027","1.386208","0.050294057","-0.42202473","0.24499916","596415335","0.32543087","0.32127202","-0.16561536","-0.13030176","2016","null","null","null","null","null","null","null","null","null","null","null","null","null","null","-13.40765","10.760155","-1.3468972","25.876772","0.35288793","0.59773415","0.23551546","0.36399856","1636148068921376800","3403841747644950144","3543.7827","3668.326","null","null","null","18","Gaia DR3 3403841747644950144","83.67451296899517","22.043709853882536","0.3715391947837292","0.2932467","2.3422963164494046","0.28822955","-1.5359569743637311","0.1904371","18.989826","19.969358","17.931187","NOT_AVAILABLE","2.0381718","0.97953224","1.0586395","null","null","1.0006614","0","false","false","false","false","true","false","3618.0579","4.971","-0.9007","475.8943","0.599","0.413","0.2282"
"0.4979","0.6033","400.3936","0","2.0592199e-15","0.09331535","45","0","386","0","386","31","false","0.17379342","0.6586","0.794","-5.736588220216602","5.1033223e-13","1.02162514e-13","0.9999862","0.07718442","-0.4763746","-0.7846805","0.16783874","null","683.1154","764.1725","false","0.2692","0.326","-1.2665241352256005","84.13659791243401","null","null","null","false","false","false","false","0","0","0.050138723","171.0385","184.5526666974685","PHOENIX","4.8269","4.8773","46","0","-1.5343","-1.3534","28","1.4050872","3.3320105","0.4409645","0.22243193","null","655.9226026201591","10.347005","63.39251","0","0","43","1.2824175","1757.1115802248137","1.5289346","1149.2393","380","0","1597.4280338730475","11.8570385","134.72403","0","0","41","2.6039698","null","-0.30082786","null","null","null","-0.39392236","0.09689824","1582621796","0.28981397","0.3228026","-0.13862894","null","2016","null","null","null","null","null","null","null","null","null","null","null","null","null","null","-17.131872","9.807734","-5.5750737","26.207613","0.35728663","0.59783787","0.26347238","0.31368053","1636148068921376800","3403841747648065536","4470.166","4576.133","null","null","null","18","Gaia DR3 3403841747648065536","83.67386598055546","22.044089335129552","0.39582509055828674","0.11879467","2.0332428596206364","0.11983701","-1.6268320508457494","0.07511668","17.575369","18.296412","16.739342","NOT_AVAILABLE","1.5570698","0.72104263","0.83602715","null","null","1.0025066","0","true","false","false","false","true","true","4527.7764","4.8533","-1.4381","725.0262","0.735","0.5572","0.3011"
"null","null","241.00221","0","0","-0.9297376","29","1","252","0","253","95","false","1.6377221","null","null","-5.745180508129314","5.326635e-10","2.0221391e-9","0.9999945","0.7340852","-0.73381877","-0.814134","-0.18810983","-0.04714695","null","null","false","null","null","-1.259659582275813","84.12275159456223","null","null","null","false","false","false","false","0","0","0.02706982","17.020617","184.53975976457568","null","null","null","29","0","null","null","18","null","-1.1725789","0.6435184","0.46940643","0.033718236","63.92378306470399","6.756165","9.461549","0","0","23","1.3953792","135.99681584000265","0.83294094","163.27306","246","0","125.84333706958381","8.044078","15.644221","0","0","27","2.8245037","0.30269274","0.116202995","0.09965464","1.4767678","0.15383914","-0.6160392","0.9686263","720352075","0.6384598","0.48073325","0.15296777","-0.18645817","2016","null","null","null","null","null","null","null","null","null","null","null","null","null","null","-14.19573","9.604334","-7.0440345","21.73331","0.48172414","0.6429174","0.26901773","0.32464442","1636148068921376800","3403841777709457152","null","null","null","null","null","13","Gaia DR3 3403841777709457152","83.65862021165839","22.05033965960182","-1.5980129176212963","1.3628191","0.7024397970066079","0.90631086","-2.7357629868081967","0.6742225","20.353544","20.824387","19.49832","NOT_AVAILABLE","1.326067","0.47084236","0.8552246","null","null","0.95704275","0","false","false","false","false","false","false","null","null","null","null","null","null","null"
"0.8282","0.8759","425.0222","0.05039549","0.07562278","1.1460577","44","2","379","0","381","31","false","0.15626511","1.2023","1.2702","-5.732272681526192","5.8508244e-13","1.1611193e-13","0.99861324","0.06582397","-0.47084895","-0.77311414","0.15254813","null","376.1448","428.7667","false","0.4666","0.492","-1.2678643227486157","84.1423430800105","null","null","null","false","false","false","false","1","0","0.034722324","170.04922","184.55670724543003","MARCS","4.7091","4.7601","45","0","-0.4226","-0.1271","27","1.3080598","21.298897","0.44752723","0.2099381","null","562.4510162054181","7.408575","75.91892","0","0","42","1.3614203","2336.8633660310084","1.777245","1314.8796","374","0","2619.0021394654946","9.676706","270.65018","1","0","41","5.7806106","null","-0.33010885","null","null","null","-0.37809703","0.084182315","415241187","0.292197","0.2752194","-0.077220224","null","2016","null","null","null","null","null","null","null","null","null","null","null","null","null","null","-13.266361","10.530367","-3.2558892","26.369215","0.355048","0.60716486","0.2540039","0.32683647","1636148068921376800","3403841747648063872","3849.114","3902.4958","null","null","null","18","Gaia DR3 3403841747648063872","83.68012013785408","22.043002121688954","2.22791362585024","0.1046023","-3.2783057068120236","0.108402744","-4.761110145479724","0.06641189","17.265783","18.463331","16.202557","NOT_AVAILABLE","2.2607746","1.1975479","1.0632267","null","null","1.0412918","0","true","false","false","false","true","true","3869.7017","4.7349","-0.3221","393.9453","1.236","0.8518","0.4792"
"null","null","369.5518","0","0","0.030452676","41","0","358","0","358","31","false","0.6163849","null","null","-5.7279151977397715","1.467128e-10","7.7301214e-11","0.9999891","0.29742348","-0.60727996","-0.8123326","-0.23217501","null","null","null","false","null","null","-1.2668201622882318","84.14676864950334","null","null","null","false","false","false","false","0","0","0.039886296","163.22406","184.55800939480343","null","null","null","42","0","null","null","27","1.3478044","2.3248005","0.52873635","0.3978412","null","118.02217537352224","11.351631","10.396935","0","0","36","1.2400496","309.47046006793903","0.8766123","353.03003","353","0","265.7365383465767","9.783329","27.16218","0","0","33","1.3435227","null","0.07342593","null","null","null","-0.36006486","0.34959006","476145722","0.4336832","0.24533537","0.008680645","null","2016","null","null","null","null","null","null","null","null","null","null","null","null","null","null","-11.640137","10.126075","-1.7160146","24.596334","0.43721","0.60368747","0.22930858","0.3715488","1636148068921376800","3403841747648061824","null","null","null","null","null","15","Gaia DR3 3403841747648061824","83.68483967324418","22.04423899066641","1.078568767471401","0.46394035","0.10440148323027593","0.4129065","1.339460172656282","0.2663571","19.46082","20.158632","18.686768","NOT_AVAILABLE","1.4718647","0.69781303","0.77405167","null","null","1.0002018","0","false","false","false","false","false","false","null","null","null","null","null","null","null"
"0.0027","0.0472","393.6634","0","0","0.045271322","45","2","382","0","384","31","false","0.36777148","0.0036","0.0619","-5.725818521961747","1.6080624e-10","6.9643374e-11","0.9999876","0.16875261","-0.50036937","-0.7828723","0.1319492","null","810.5594","1221.6807","false","0.0015","0.0255","-1.2666270087318463","84.14907551471251","null","null","null","false","false","false","false","0","0","0.059407778","172.82254","184.55899425184387","PHOENIX","4.9565","5.0976","46","0","-2.431","-1.6674","28","1.4213601","1.0099658","0.48065946","0.21474965","null","221.42948802720713","7.7848625","28.443596","0","0","40","1.2509431","539.1420700203521","0.97421014","553.41455","377","0","453.0065134659831","11.790168","38.422398","1","0","41","0.17074278","null","-0.26964486","null","null","null","-0.39832664","0.21141659","1374789397","0.29793757","0.3176462","-0.13586979","null","2016","null","null","null","null","null","null","null","null","null","null","null","null","null","null","-12.943171","10.334534","-2.6217897","27.213398","0.39013603","0.5930114","0.2802908","0.32890105","1636148068921376800","3403841747648061056","4321.4707","4367.885","null","null","null","18","Gaia DR3 3403841747648061056","83.68731637756466","22.044532874766364","0.265945701717466","0.2633215","-0.07865787601759316","0.2544131","-0.1515454817481243","0.16454537","18.858109","19.475454","18.107634","NOT_AVAILABLE","1.3678207","0.6173458","0.75047493","null","null","1.0007646","0","false","false","false","false","true","false","4342.2456","5.0749","-2.255","862.373","0.0176","0.0133","0.0072"
"0.6937","0.968","463.2379","0.22541463","1.7252673","1.833728","47","5","396","0","401","31","false","0.14581427","0.8838","1.217","-5.725881991263685","6.2021937e-13","1.0215232e-13","0.9999964","0.06331656","-0.48237395","-0.7634492","0.086552136","null","890.3844","1206.98","false","0.3773","0.5253","-1.27460732302359","84.15358072859742","null","null","null","false","false","false","false","0","0","0.05293291","162.66426","184.56820362566094","MARCS","4.6628","4.7638","48","0","-1.2187","-0.5667","29","1.4386162","3.1799188","0.4571193","0.23746318","null","1051.6782353901976","6.8536773","153.4473","1","0","42","1.2942113","2494.316899533505","2.5890355","963.41547","394","0","2176.494703363046","8.6977","250.23798","0","0","43","2.6319306","null","-0.25896528","null","null","null","-0.33733281","0.08086668","64606075","0.2892273","0.24087192","-0.057348937","null","2016","null","null","null","null","null","null","null","null","null","null","null","null","null","null","-13.774938","9.754855","-3.6249106","26.746168","0.38068774","0.5960193","0.26165342","0.3196602","1636148068921376800","3403794812245451392","5028.9053","5476.2974","null","null","null","18","Gaia DR3 3403794812245451392","83.69254745135859","22.036757158655703","0.32581936459876226","0.10246154","0.04400747081231257","0.10262631","-2.6315626535963075","0.062733985","17.194988","17.783834","16.403502","NOT_AVAILABLE","1.380333","0.5888462","0.79148674","null","null","1.0654147","0","true","false","false","false","true","true","5195.752","4.6995","-0.9278","1016.7721","1.0231","0.8074","0.4393"
"1.0587","1.3253","442.03906","0.04465974","0.64018714","1.2409254","46","0","398","0","398","31","false","0.04664484","1.2614","1.5598","-5.720414277496801","5.0967276e-13","1.830942e-11","0.9999985","0.020090222","-0.40545073","-0.7827153","0.13566047","null","2169.822","2461.596","false","0.5765","0.7206","-1.2730227399057912","84.15897644528312","null","null","null","false","false","false","false","1","0","0.058421973","167.82693","184.5695195285277","MARCS","3.7704","3.8213","47","0","-0.5879","-0.4191","30","1.4961138","13.397022","0.37817466","0.28001007","null","9780.281007733378","13.174325","742.3743","1","0","43","1.2348104","20680.866415129374","4.9954762","4139.919","394","0","15756.667942386639","16.778803","939.0818","1","0","42","2.823207","null","-0.2861286","null","null","null","-0.35786945","0.026804404","183854174","0.3320594","0.28376877","-0.13147919","null","2016","null","null","null","null","null","null","null","null","null","null","null","null","null","null","-11.025","8.962821","-1.697885","24.952435","0.4031688","0.6039111","0.25145414","0.33291888","1636148068921376800","3403794807947099648","6617.522","7192.213","null","null","null","18","Gaia DR3 3403794807947099648","83.69828677979675","22.03857592049899","0.43757918920031835","0.03266242","2.423003408537405","0.032422394","-1.4489830208141357","0.019439036","14.898445","15.362664","14.254234","NOT_AVAILABLE","1.1084299","0.4642191","0.6442108","null","null","1.0437268","0","true","true","false","false","true","true","7093.66","3.7974","-0.5415","2311.3394","1.5088","1.2798","0.6963"
"null","null","286.92075","0","0","-1.8881419","37","4","324","0","328","31","false","0.80013835","null","null","-5.732249854748167","9.368255e-11","1.0822543e-9","0.99999267","0.39272574","-0.5797209","-0.80436826","-0.11709637","null","null","null","false","null","null","-1.2626106645841635","84.13935522986672","null","null","null","false","false","false","false","0","0","0.013588304","49.96014","184.55063342229474","null","null","null","37","0","null","null","23","1.4052852","-0.7166047","0.49630657","0.2872289","null","109.00711262336729","10.282335","10.601397","2","0","32","1.271376","234.18246284510423","0.8576924","273.0378","321","0","188.72686257710197","7.7853327","24.241335","2","0","32","1.3935995","null","-0.09239887","null","null","null","-0.40427533","0.46431652","1226296589","0.39646432","0.25849447","-0.02072428","null","2016","null","null","null","null","null","null","null","null","null","null","null","null","null","null","-9.473522","12.648781","1.1224499","23.59889","0.39393145","0.6372151","0.2453711","0.4139325","1636148068921376800","3403841743349716736","null","null","null","null","null","15","Gaia DR3 3403841743349716736","83.67665216549801","22.04811987151117","-0.4089071329934296","0.57061744","-1.3932309333355755","0.5678843","-0.03204795390436835","0.35606784","19.763481","20.244905","19.058311","NOT_AVAILABLE","1.186594","0.48142433","0.7051697","null","null","0.9251686","0","false","false","false","false","false","false","null","null","null","null","null","null","null"
"0.2992","0.4664","346.7706","0","2.0896057e-15","-1.4214981","44","5","375","0","380","31","false","0.26243553","0.4225","0.6542","-5.710566485960754","5.171471e-13","1.0344624e-13","0.99998283","0.11686817","-0.45282885","-0.8081376","0.23135889","null","486.926","646.7316","false","0.1615","0.2518","-1.274293262771563","84.17106075942323","null","null","null","false","false","false","false","0","0","0.097297534","171.38255","184.57666799272326","PHOENIX","4.7452","4.9147","45","0","-1.2402","-0.6698","28","1.3494471","5.2742095","0.4176487","0.24685885","null","319.45594489922036","8.286969","38.54919","0","0","42","1.3654765","1033.483388005468","1.3363242","773.37775","371","0","1091.7412907964285","9.941736","109.81395","1","0","39","5.7407494","null","-0.34584022","null","null","null","-0.47591236","0.14464355","1289594445","0.27854815","0.4096715","-0.23300286","null","2016","null","null","null","null","null","null","null","null","null","null","null","null","null","null","-15.9239","11.585954","-2.7765484","26.201328","0.331647","0.60056907","0.24750078","0.37106317","1636148068921376800","3403794842306837504","3777.9106","3932.5098","null","null","null","17","Gaia DR3 3403794842306837504","83.71136781554253","22.037833681192726","0.8936388977506696","0.1694356","3.3483213904391196","0.17538518","-4.663147762188489","0.11243215","18.151608","19.077515","17.152596","NOT_AVAILABLE","1.9249191","0.92590714","0.999012","null","null","0.94731754","0","false","false","false","false","true","true","3837.1997","4.8388","-1.0133","531.9775","0.5077","0.361","0.1948"
"null","null","206.37956","0","0","0.37353513","23","1","198","0","199","95","false","0.97891444","null","null","-5.820401546735993","5.129008e-13","2.4246707e-10","0.9999948","0.42377365","-0.39676717","-0.73860097","0.36874852","0.04788138","null","null","false","null","null","-1.2261227507731645","84.01676715445558","null","null","null","false","false","false","false","0","0","0.016187627","155.39847","184.45752482078314","null","null","null","24","0","null","null","14","null","0.27085963","0.23582582","0.06295263","-0.13671428","130.30072526532507","8.95802","14.545706","0","0","21","1.2871954","292.854631773885","1.2579044","232.81151","199","0","246.66042104312424","14.348499","17.190678","1","0","20","1.2780694","0.21804534","-0.5056463","-0.18862331","1.492852","0.09785319","-0.6441311","0.52822447","206540404","0.32924184","0.5085443","-0.35433125","-0.019938309","2016","null","null","null","null","null","null","null","null","null","null","null","null","null","null","-19.853546","21.92408","-8.754873","31.683945","0.27740633","0.658489","0.14675513","0.44486386","1636148068921376800","3403822471834862976","null","null","null","null","null","13","Gaia DR3 3403822471834862976","83.54279467704949","22.079144704974013","0.12423439239645495","0.45866707","0.06955575010620973","0.59945804","-1.2761752225041834","0.4172523","19.520737","20.051176","18.767647","NOT_AVAILABLE","1.2835293","0.5304394","0.7530899","null","null","1.0173757","0","false","false","false","false","false","false","null","null","null","null","null","null","null"
"null","null","281.02917","1.9454402","1.6078885","1.349514","27","0","232","0","232","95","false","1.785157","null","null","-5.814240167365442","6.5509637e-10","1.321611e-10","0.99999666","0.677534","-0.50654274","-0.6588304","0.40353516","0.06960766","null","null","false","null","null","-1.2235362919193327","84.02238794115671","null","null","null","false","false","false","false","0","0","0.039518367","25.139116","184.45808083990596","null","null","null","28","0","null","null","14","null","0.24352771","0.2557031","-0.02194315","-0.18581624","51.961233800195124","5.625772","9.236285","0","0","25","1.2297983","144.30117177171653","0.84858567","170.04903","228","0","125.50010549534656","7.198565","17.434046","0","0","25","5.422992","0.27019972","-0.49914384","-0.011768601","1.2503427","0.18502916","-0.584868","0.8920768","99314030","0.44837782","0.40998024","-0.3421938","-0.19977327","2016","null","null","null","null","null","null","null","null","null","null","null","null","null","null","-28.785944","16.946115","-22.540264","33.83203","0.32076216","0.572052","0.21249378","0.40334973","1636148068921376800","3403822501896268160","null","null","null","null","null","14","Gaia DR3 3403822501896268160","83.54872805598698","22.08197990280967","0.21546498932588076","0.8847658","1.7485537949137206","1.1419779","-5.133362097156812","0.74083453","20.289192","21.049343","19.501286","NOT_AVAILABLE","1.5480576","0.7601509","0.78790665","null","null","1.0626372","0","false","false","false","false","false","false","null","null","null","null","null","null","null"
"0.014","0.2023","263.2656","0.49262154","1.1971744","0.8151693","28","2","240","0","242","31","false","0.7154283","0.0192","0.2744","-5.811900764980721","5.8291906e-11","1.0207481e-13","0.9999973","0.24470595","-0.40829617","-0.8439321","0.6635064","null","522.982","827.4833","false","0.0075","0.1088","-1.2187562781538783","84.0223424818787","null","null","null","false","false","false","false","0","0","0.032160353","0.65593916","184.4538906241696","PHOENIX","4.9319","5.0931","31","0","-1.6456","-1.3233","18","1.3875606","1.5216243","0.32304165","-0.090424575","null","253.34033366328262","8.421083","30.084055","1","0","29","1.2769307","706.5408648319657","1.4292254","494.3523","234","0","648.8633583406213","10.565384","61.41408","0","0","27","3.510308","null","-0.7710605","null","null","null","-0.73067576","0.28971174","1093785167","0.35435152","0.6684792","-0.578124","null","2016","null","null","null","null","null","null","null","null","null","null","null","null","null","null","-30.384893","19.35674","-17.52937","32.947838","0.20751968","0.6003742","0.10961847","0.43975854","1636148068921376800","3403822501896275072","3954.0798","4105.9966","null","null","null","15","Gaia DR3 3403822501896275072","83.54844844996308","22.08675310600111","0.34959481204049675","0.22975107","-1.422711229586926","0.41447622","-3.209073773115985","0.28271112","18.564524","19.32928","17.717512","NOT_AVAILABLE","1.6117687","0.76475716","0.84701157","null","null","1.0363998","0","false","false","false","false","true","false","4004.3423","5.0361","-1.5157","627.6321","0.0926","0.0677","0.0363"
"1.3783","1.4602","347.94296","0.15289666","3.0447533","3.7495635","29","0","249","0","249","31","false","0.11111316","1.7226","1.8185","-5.809856861644868","5.0992175e-13","1.0205361e-13","0.99999696","0.04096029","-0.48667818","-0.75669754","0.39098832","null","1102.3748","1697.6667","false","0.7479","0.7916","-1.2267623449856635","84.02929397986826","null","null","null","false","false","false","false","0","0","0.03206891","6.6641374","184.46434728238683","MARCS","4.0357","4.2813","31","0","-0.0162","0.1521","17","1.425766","7.1315007","0.39314428","-0.035416067","null","4170.506038845725","18.183304","229.35909","0","0","27","1.2718284","10569.519614315288","4.3518176","2428.7598","248","0","9272.10964303902","14.168853","654.4009","1","0","27","5.098608","null","-0.531867","null","null","null","-0.51625115","0.050234832","970613877","0.2721904","0.43568793","-0.35248923","null","2016","null","null","null","null","null","null","null","null","null","null","null","null","null","null","-49.114933","14.699439","-22.051344","33.583385","0.23457123","0.56275004","0.24078487","0.36606967","1636148068921376800","3403819551257098624","6000.0894","6158.578","null","null","null","16","Gaia DR3 3403819551257098624","83.55632709346747","22.079065544332366","0.3722995800477736","0.05220494","2.286704972252675","0.07142897","-4.557058761607857","0.045242775","15.627229","16.28807","14.829949","NOT_AVAILABLE","1.4581213","0.66084194","0.79727936","null","null","1.1730084","0","true","false","false","false","true","true","6124.7905","4.2138","0.1199","1290.5463","1.7948","1.4399","0.7803"
"null","null","601.5574","2.086495","13.932484","11.0055685","30","4","255","0","259","95","false","0.9707963","null","null","-5.811158714756167","4.9601523e-9","1.2392288e-8","0.99999666","0.349907","-0.4403271","-0.6946796","0.4327971","0.011350094","null","null","false","null","null","-1.2213405398939983","84.0246812692383","null","null","null","false","false","false","false","0","0","0.09814398","160.84067","184.45731339096702","null","null","null","32","0","null","null","17","null","2.5506828","0.33176276","-0.05150434","-0.068507604","209.04825917537147","8.391465","24.91201","1","0","30","1.4100993","448.26639406478733","2.0893574","214.5475","254","0","423.051877209464","8.058031","52.500652","0","0","29","3.2585518","0.27873784","-0.5846509","-0.11053018","1.5229373","0.091276795","-0.5480351","0.4416417","157289734","0.32593125","0.43075114","-0.3138085","-0.02993383","2016","null","null","null","null","null","null","null","null","null","null","null","null","null","null","-29.715187","17.457878","-17.972244","34.58295","0.2576274","0.56628937","0.16943218","0.4263088","1636148068921376800","3403822501896271616","null","null","null","null","null","16","Gaia DR3 3403822501896271616","83.55109399776812","22.084275938427012","1.122689328169844","0.44015247","1.588960521686228","0.6113641","-2.8448840201172176","0.40940928","19.058527","19.537926","18.181911","NOT_AVAILABLE","1.3560143","0.47939873","0.8766155","null","null","1.5301795","0","false","false","false","false","false","false","null","null","null","null","null","null","null"
"null","null","277.29147","0.6923232","1.2394291","1.2988356","27","0","234","0","234","31","false","0.69162107","null","null","-5.803057852642382","5.116337e-13","1.4734249e-13","0.9999726","0.27871564","-0.5596858","-0.7311225","0.28719205","null","null","null","false","null","null","-1.2207003764683964","84.03365554216549","null","null","null","false","false","false","false","0","0","0.07062456","166.8912","184.46124339877596","null","null","null","29","0","null","null","15","1.221892","4.1666803","0.39461648","0.1320307","null","70.48450395478821","10.354832","6.806919","0","0","22","1.639951","461.7914746489485","1.3244661","348.66235","232","0","686.8308752092861","12.991159","52.8691","0","0","29","16.049236","null","-0.47497344","null","null","null","-0.5602259","0.33752424","1236239204","0.3753286","0.46342024","-0.24296312","null","2016","null","null","null","null","null","null","null","null","null","null","null","null","null","null","-42.55026","16.663887","-21.40014","33.424133","0.3002433","0.5753779","0.28162977","0.392418","1636148068921376800","3403822506191492096","null","null","null","null","null","15","Gaia DR3 3403822506191492096","83.56073615783285","22.085316109035723","1.5881984933182358","0.38116637","1.677746011906473","0.45213628","-15.961302534982305","0.29227728","19.026253","20.718307","17.655771","NOT_AVAILABLE","3.0625362","1.6920547","1.3704815","null","null","1.059816","0","false","false","false","false","false","false","null","null","null","null","null","null","null"