abs_corr,ci,ci_sigma,dsigma,extinction,htmid,kron_radius,kron_radius_sigma,num_filters,num_visits,spectrum_flag,start_mjd,start_time,stop_mjd,stop_time,x,y,z,match_id,target_name,num_images,num_images_per_filter,ra,dec,filter,flux,flux_sigma
"Y","1.0802299126811412","0","0","1.0941359996795654","16734347256250","0.3499999940395355","0","1","1","N","51570.526560250204","2000-01-27 12:38:14.810","51570.6240139585","2000-01-27 14:58:34.810","0.10350427908405756","0.921492732310233","0.37435011488073894","23059988","CRAB-FIELD-1","1","1","83.591261787514","21.984151668913004","w2_f502n","19.869590759277344","0"
"Y","1.1343677838643391","0","0","0.6835684180259705","16734347245691","0.3499999940395355","0","1","1","N","51570.526560250204","2000-01-27 12:38:14.810","51570.6240139585","2000-01-27 14:58:34.810","0.10332342146528896","0.9215510969773701","0.37425639104370406","87488094","CRAB-FIELD-1","1","1","83.60276895508815","21.97836072368715","w2_f502n","19.978090286254883","0"
"Y","1.014019150988731","0.09377006739911713","12.75483590320944","1.0941359996795654","16734347259972","0.24499999582767487","0.09036960987252109","5","7","N","51570.39531025011","2000-01-27 09:29:14.810","56383.33731733775","2013-04-01 08:05:44.220","0.10342445707638816","0.9215030270532504","0.37434683491608123","88429029","V-CM-TAU","10","1","83.596234049848","21.983949004667718","w2_f673n","19.084190368652344","0"
"Y","1.014019150988731","0.09377006739911713","12.75483590320944","1.0941359996795654","16734347259972","0.24499999582767487","0.09036960987252109","5","7","N","51570.39531025011","2000-01-27 09:29:14.810","56383.33731733775","2013-04-01 08:05:44.220","0.10342445707638816","0.9215030270532504","0.37434683491608123","88429029","V-CM-TAU","10","1","83.596234049848","21.983949004667718","w2_f631n","19.341489791870117","0"
"Y","1.014019150988731","0.09377006739911713","12.75483590320944","1.0941359996795654","16734347259972","0.24499999582767487","0.09036960987252109","5","7","N","51570.39531025011","2000-01-27 09:29:14.810","56383.33731733775","2013-04-01 08:05:44.220","0.10342445707638816","0.9215030270532504","0.37434683491608123","88429029","V-CM-TAU","10","6","83.596234049848","21.983949004667718","a_f550m","19.842000007629395","0.017299652099609375"
"Y","0.9288505576122766","0","0","1.7212369441986084","16734347252647","0.3499999940395355","0","1","1","N","51570.526560250204","2000-01-27 12:38:14.810","51570.6240139585","2000-01-27 14:58:34.810","0.10333062491447301","0.9215115308403397","0.37435181378425747","3245653","CRAB-FIELD-1","1","1","83.60205424040441","21.98425664179819","w2_f502n","18.778390884399414","0"
"Y","2.4258621807756096","0","0","1.7212369441986084","16734347235417","0.3499999940395355","0","1","1","N","51570.526560250204","2000-01-27 12:38:14.810","51570.6240139585","2000-01-27 14:58:34.810","0.10331941943815803","0.9215194774760069","0.37433534457729684","55778919","CRAB-FIELD-1","1","1","83.60279700904162","21.983239035683887","w2_f502n","19.971691131591797","0"
"Y","1.2083333592082177","0.05719493100238748","0","1.7212369441986084","16734348064558","0.3499999940395355","0","3","1","N","51475.62793526845","1999-10-24 15:04:13.610","51475.925620592665","1999-10-24 22:12:53.620","0.10317962550974873","0.9215808150045687","0.37422288318147234","18892166","CRAB-FIELD-3","3","1","83.6118026746755","21.97629041981089","w2_f631n","19.485599517822266","0"
"Y","1.5209195257603436","0","0","0.6835684180259705","16734347939394","0.3499999940395355","0","1","1","N","51570.526560250204","2000-01-27 12:38:14.810","51570.6240139585","2000-01-27 14:58:34.810","0.10324848945297749","0.9215718255548402","0.3742260276487417","38434960","CRAB-FIELD-1","1","1","83.60751251944686","21.976484701381008","w2_f502n","19.889591217041016","0"
"Y","2.186529650642922","0.25127567988095817","0","0.6835684180259705","16734348066163","0.3619999885559082","0","4","1","N","51475.62793526845","1999-10-24 15:04:13.610","51475.925620592665","1999-10-24 22:12:53.620","0.10315021700222425","0.9215902288748169","0.3742078069419519","3789199","CRAB-FIELD-3","4","1","83.61367310525003","21.975358934931922","w2_f631n","17.750900268554688","0"
"Y","1.3280954414097836","0.32318554318040654","0","1.7212369441986084","16734348104878","0.3499999940395355","0","4","1","N","51475.62793526845","1999-10-24 15:04:13.610","51475.925620592665","1999-10-24 22:12:53.620","0.10308772200194533","0.9215760866583614","0.374259853675796","72495999","CRAB-FIELD-3","4","1","83.61741327617247","21.978574666249333","w2_f631n","14.550699234008789","0"
"Y","1.3280954414097836","0.32318554318040654","0","1.7212369441986084","16734348104878","0.3499999940395355","0","4","1","N","51475.62793526845","1999-10-24 15:04:13.610","51475.925620592665","1999-10-24 22:12:53.620","0.10308772200194533","0.9215760866583614","0.374259853675796","72495999","CRAB-FIELD-3","4","1","83.61741327617247","21.978574666249333","w2_f673n","18.546100616455078","0"
"Y","1.3280954414097836","0.32318554318040654","0","1.7212369441986084","16734348104878","0.3499999940395355","0","4","1","N","51475.62793526845","1999-10-24 15:04:13.610","51475.925620592665","1999-10-24 22:12:53.620","0.10308772200194533","0.9215760866583614","0.374259853675796","72495999","CRAB-FIELD-3","4","1","83.61741327617247","21.978574666249333","w2_f502n","19.284000396728516","0"
"Y","1.1360465094100598","0","0","1.7212369441986084","16734347951998","0.3499999940395355","0","1","1","N","51570.661976951174","2000-01-27 15:53:14.813","51570.69368987018","2000-01-27 16:38:54.807","0.1032404150774567","0.9215495540773408","0.3742830961652008","90707189","CRAB-FIELD-1","1","1","83.60785509611304","21.98001073765453","w2_f673n","19.621191024780273","0"
"Y","1.0489654952082141","0","0","1.7212369441986084","16734347947186","0.3499999940395355","0","1","1","N","51570.526560250204","2000-01-27 12:38:14.810","51570.6240139585","2000-01-27 14:58:34.810","0.10326672323423162","0.9215362502330495","0.3743085937824313","47451171","CRAB-FIELD-1","1","1","83.60614817052048","21.981586162148847","w2_f502n","19.987091064453125","0"
"Y","2.261034510601526","0","0","1.7212369441986084","16734347942402","0.3499999940395355","0","1","1","N","51570.526560250204","2000-01-27 12:38:14.810","51570.6240139585","2000-01-27 14:58:34.810","0.10319739542293901","0.9215486618938475","0.3742971564680779","55107672","CRAB-FIELD-1","1","1","83.61049049652294","21.98087948120076","w2_f502n","19.962190628051758","0"
"Y","1.0806366961113056","0.1401033213493966","9.081581026256986","1.7212369441986084","16734347978487","0.19886363297700882","0.06146876411818644","4","20","N","51570.39531025011","2000-01-27 09:29:14.810","57607.32353999093","2016-08-07 07:45:53.857","0.10323477195130444","0.9215197528700377","0.37435801972409927","34235360","V-CM-TAU","22","19","83.60799660453516","21.98464009883832","a_f550m","18.03660011291504","0.03809928894042969"
"Y","1.0806366961113056","0.1401033213493966","9.081581026256986","1.7212369441986084","16734347978487","0.19886363297700882","0.06146876411818644","4","20","N","51570.39531025011","2000-01-27 09:29:14.810","57607.32353999093","2016-08-07 07:45:53.857","0.10323477195130444","0.9215197528700377","0.37435801972409927","34235360","V-CM-TAU","22","1","83.60799660453516","21.98464009883832","w2_f631n","17.890689849853516","0"
"Y","1.0806366961113056","0.1401033213493966","9.081581026256986","1.7212369441986084","16734347978487","0.19886363297700882","0.06146876411818644","4","20","N","51570.39531025011","2000-01-27 09:29:14.810","57607.32353999093","2016-08-07 07:45:53.857","0.10323477195130444","0.9215197528700377","0.37435801972409927","34235360","V-CM-TAU","22","1","83.60799660453516","21.98464009883832","w2_f673n","17.753591537475586","0"
"Y","1.0806366961113056","0.1401033213493966","9.081581026256986","1.7212369441986084","16734347978487","0.19886363297700882","0.06146876411818644","4","20","N","51570.39531025011","2000-01-27 09:29:14.810","57607.32353999093","2016-08-07 07:45:53.857","0.10323477195130444","0.9215197528700377","0.37435801972409927","34235360","V-CM-TAU","22","1","83.60799660453516","21.98464009883832","w2_f547m","18.79469108581543","0"
"Y","0.980257286733244","0.0937506745713359","0","1.7212369441986084","16734348104506","0.3499999940395355","0","4","1","N","51475.62793526845","1999-10-24 15:04:13.610","51475.925620592665","1999-10-24 22:12:53.620","0.10307599233964979","0.9215561566163264","0.37431215583698796","93069925","CRAB-FIELD-3","4","1","83.61799663715763","21.981806252642773","w2_f631n","17.4064998626709","0"
"Y","2.42987230113406","2.019381413051559","0","1.7212369441986084","16734348104560","0.3499999940395355","0","2","1","N","51475.62793526845","1999-10-24 15:04:13.610","51475.85733342823","1999-10-24 20:34:33.613","0.10307966478627748","0.9215514441133419","0.3743227465193242","82070062","CRAB-FIELD-3","2","1","83.61773876465718","21.982460626623233","w2_f502n","19.780500411987305","0"
"Y","1.0931993587964741","0.08341169214046361","0","1.7212369441986084","16734348104291","0.3499999940395355","0","4","1","N","51475.62793526845","1999-10-24 15:04:13.610","51475.925620592665","1999-10-24 22:12:53.620","0.10306346245647999","0.921549783366311","0.37433129642818636","82042996","CRAB-FIELD-3","4","1","83.61872226425804","21.982988908090455","w2_f631n","16.022899627685547","0"
"Y","1.0816666738007419","0.026607400592869625","0","1.7212369441986084","16734348077782","0.3499999940395355","0","3","1","N","51475.62793526845","1999-10-24 15:04:13.610","51475.925620592665","1999-10-24 22:12:53.620","0.10300052090268724","0.9216177594818281","0.3741812369733164","27189513","CRAB-FIELD-3","3","1","83.62305374202766","21.973717325316045","w2_f631n","18.63330078125","0"
"Y","2.3575735088976524","0.09139362590976129","0","1.7212369441986084","16734347418239","0.3499999940395355","0","4","1","N","51572.34114353685","2000-01-29 08:11:14.807","51572.63813440967","2000-01-29 15:18:54.813","0.10275181474393123","0.921666211544047","0.3741302701799745","104629025","CRAB-FIELD-6","4","1","83.63865688638616","21.970568425611436","w2_f502n","18.799291610717773","0"
"Y","2.3575735088976524","0.09139362590976129","0","1.7212369441986084","16734347418239","0.3499999940395355","0","4","1","N","51572.34114353685","2000-01-29 08:11:14.807","51572.63813440967","2000-01-29 15:18:54.813","0.10275181474393123","0.921666211544047","0.3741302701799745","104629025","CRAB-FIELD-6","4","1","83.63865688638616","21.970568425611436","w2_f631n","18.17159080505371","0"
"Y","2.3575735088976524","0.09139362590976129","0","1.7212369441986084","16734347418239","0.3499999940395355","0","4","1","N","51572.34114353685","2000-01-29 08:11:14.807","51572.63813440967","2000-01-29 15:18:54.813","0.10275181474393123","0.921666211544047","0.3741302701799745","104629025","CRAB-FIELD-6","4","1","83.63865688638616","21.970568425611436","w2_f673n","17.858890533447266","0"
"Y","2.3575735088976524","0.09139362590976129","0","1.7212369441986084","16734347418239","0.3499999940395355","0","4","1","N","51572.34114353685","2000-01-29 08:11:14.807","51572.63813440967","2000-01-29 15:18:54.813","0.10275181474393123","0.921666211544047","0.3741302701799745","104629025","CRAB-FIELD-6","4","1","83.63865688638616","21.970568425611436","w2_f547m","18.665090560913086","0"
"Y","1.0908700663181143","0.22221498601908532","0","1.7212369441986084","16734347445059","0.3499999940395355","0","4","1","N","51572.34114353685","2000-01-29 08:11:14.807","51572.63813440967","2000-01-29 15:18:54.813","0.10268117524721536","0.9216782966760795","0.3741198921284538","32959827","CRAB-FIELD-6","4","1","83.64307701990222","21.969927243278306","w2_f502n","18.51249122619629","0"
"Y","1.0908700663181143","0.22221498601908532","0","1.7212369441986084","16734347445059","0.3499999940395355","0","4","1","N","51572.34114353685","2000-01-29 08:11:14.807","51572.63813440967","2000-01-29 15:18:54.813","0.10268117524721536","0.9216782966760795","0.3741198921284538","32959827","CRAB-FIELD-6","4","1","83.64307701990222","21.969927243278306","w2_f631n","17.743391036987305","0"
"Y","1.0908700663181143","0.22221498601908532","0","1.7212369441986084","16734347445059","0.3499999940395355","0","4","1","N","51572.34114353685","2000-01-29 08:11:14.807","51572.63813440967","2000-01-29 15:18:54.813","0.10268117524721536","0.9216782966760795","0.3741198921284538","32959827","CRAB-FIELD-6","4","1","83.64307701990222","21.969927243278306","w2_f673n","17.528791427612305","0"
"Y","1.0908700663181143","0.22221498601908532","0","1.7212369441986084","16734347445059","0.3499999940395355","0","4","1","N","51572.34114353685","2000-01-29 08:11:14.807","51572.63813440967","2000-01-29 15:18:54.813","0.10268117524721536","0.9216782966760795","0.3741198921284538","32959827","CRAB-FIELD-6","4","1","83.64307701990222","21.969927243278306","w2_f547m","18.716590881347656","0"
"Y","1.2382989044783428","0.043803812275773665","0","1.7212369441986084","16734348109423","0.3499999940395355","0","4","1","N","51475.62793526845","1999-10-24 15:04:13.610","51475.925620592665","1999-10-24 22:12:53.620","0.10302781557927808","0.9216083017175335","0.3741970168557165","52984244","CRAB-FIELD-3","4","1","83.6213128867076","21.974692273620676","w2_f631n","17.310800552368164","0"
"Y","0.9012402952179429","0.10321293956480786","0","1.7212369441986084","16734348091200","0.3499999940395355","0","3","1","N","51475.62793526845","1999-10-24 15:04:13.610","51475.925620592665","1999-10-24 22:12:53.620","0.1030247379878691","0.9215452142088246","0.3743532042510044","3652866","CRAB-FIELD-3","3","1","83.62106879448226","21.98434255684833","w2_f631n","19.45669937133789","0"
"Y","2.113255789113599","0","0","1.7212369441986084","16734347400329","0.3499999940395355","0","1","1","N","51572.606421328615","2000-01-29 14:33:14.807","51572.63813440967","2000-01-29 15:18:54.813","0.10260944214497338","0.9216185084998451","0.3742868247391787","27906803","CRAB-FIELD-6","1","1","83.64707291333893","21.98024111443871","w2_f673n","19.94559097290039","0"
"Y","0.9165517215071053","0","0","1.7212369441986084","16734347862967","0.3499999940395355","0","1","1","N","51572.47169912513","2000-01-29 11:19:14.810","51572.56915287487","2000-01-29 13:39:34.810","0.10267107043574632","0.9215995311765168","0.37431665128727454","47212622","CRAB-FIELD-6","1","1","83.64315868020633","21.982084015857968","w2_f502n","19.442890167236328","0"
"Y","1.026574108335707","0","0","1.7212369441986084","16734347864229","0.17499999701976776","0","1","1","N","55543.21419592574","2010-12-13 05:08:26.530","55543.29018025007","2010-12-13 06:57:51.577","0.10267794323833009","0.9215722499814454","0.3743819280325454","57472102","CRAB-PSR-PWN","1","1","83.64254998445132","21.986117372186232","a_f550m","18.73859977722168","0"
"Y","1.9226437327505528","0","0","0.6835684180259705","16734349198581","0.3499999940395355","0","1","1","N","51572.47169912513","2000-01-29 11:19:14.810","51572.56915287487","2000-01-29 13:39:34.810","0.10246358852842577","0.9217550844228383","0.3739903439483617","15333427","CRAB-FIELD-6","1","1","83.65696188976266","21.961923671837624","w2_f502n","19.700891494750977","0"
"Y","1.013775391116304","0.06383810959721303","0","0.6835684180259705","16734349210354","0.3499999940395355","0","4","1","N","51572.34114353685","2000-01-29 08:11:14.807","51572.63813440967","2000-01-29 15:18:54.813","0.10240717141684254","0.9217679127363687","0.37397417864357824","99382899","CRAB-FIELD-6","4","1","83.66051347430015","21.960925000358525","w2_f673n","19.996490478515625","0"
"Y","1.013775391116304","0.06383810959721303","0","0.6835684180259705","16734349210354","0.3499999940395355","0","4","1","N","51572.34114353685","2000-01-29 08:11:14.807","51572.63813440967","2000-01-29 15:18:54.813","0.10240717141684254","0.9217679127363687","0.37397417864357824","99382899","CRAB-FIELD-6","4","1","83.66051347430015","21.960925000358525","w2_f631n","19.96438980102539","0"
"Y","1.3226744740508323","0","0","0.6835684180259705","16734349189473","0.3499999940395355","0","1","1","N","51572.606421328615","2000-01-29 14:33:14.807","51572.63813440967","2000-01-29 15:18:54.813","0.1022306032453718","0.9218186474926328","0.3738974256331201","15367103","CRAB-FIELD-6","1","1","83.67170060134896","21.95618339509241","w2_f673n","19.955791473388672","0"
"Y","1.0628200836421908","0.20446428919740656","0","1.7212369441986084","16734349206067","0.3499999940395355","0","4","1","N","51572.34114353685","2000-01-29 08:11:14.807","51572.63813440967","2000-01-29 15:18:54.813","0.10231756652966296","0.9217611630829358","0.3740153390057241","91464295","CRAB-FIELD-6","4","1","83.66596933273526","21.963467847750373","w2_f631n","18.156190872192383","0"
"Y","1.0628200836421908","0.20446428919740656","0","1.7212369441986084","16734349206067","0.3499999940395355","0","4","1","N","51572.34114353685","2000-01-29 08:11:14.807","51572.63813440967","2000-01-29 15:18:54.813","0.10231756652966296","0.9217611630829358","0.3740153390057241","91464295","CRAB-FIELD-6","4","1","83.66596933273526","21.963467847750373","w2_f502n","18.86509132385254","0"
"Y","1.0628200836421908","0.20446428919740656","0","1.7212369441986084","16734349206067","0.3499999940395355","0","4","1","N","51572.34114353685","2000-01-29 08:11:14.807","51572.63813440967","2000-01-29 15:18:54.813","0.10231756652966296","0.9217611630829358","0.3740153390057241","91464295","CRAB-FIELD-6","4","1","83.66596933273526","21.963467847750373","w2_f673n","17.986591339111328","0"
"Y","1.0628200836421908","0.20446428919740656","0","1.7212369441986084","16734349206067","0.3499999940395355","0","4","1","N","51572.34114353685","2000-01-29 08:11:14.807","51572.63813440967","2000-01-29 15:18:54.813","0.10231756652966296","0.9217611630829358","0.3740153390057241","91464295","CRAB-FIELD-6","4","1","83.66596933273526","21.963467847750373","w2_f547m","19.092390060424805","0"
"Y","0.8289655049641927","0","0","0.6835684180259705","16734349191977","0.3499999940395355","0","1","1","N","51572.47169912513","2000-01-29 11:19:14.810","51572.56915287487","2000-01-29 13:39:34.810","0.10225076262174759","0.9218037569810855","0.3739286230806067","40159365","CRAB-FIELD-6","1","1","83.67036140335638","21.95811067476064","w2_f502n","19.981290817260742","0"
"Y","0.9548275635160249","0","0","1.7212369441986084","16734349188779","0.3499999940395355","0","1","1","N","51572.47169912513","2000-01-29 11:19:14.810","51572.56915287487","2000-01-29 13:39:34.810","0.10224926991453304","0.9217699876626549","0.3740122680427416","1866442","CRAB-FIELD-6","1","1","83.67022305385889","21.963278125054096","w2_f502n","18.848791122436523","0"
"Y","0.936321828557157","0","0","1.7212369441986084","16734349196628","0.3499999940395355","0","1","1","N","51572.47169912513","2000-01-29 11:19:14.810","51572.56915287487","2000-01-29 13:39:34.810","0.10221248846922817","0.9217863235460915","0.37398205962914305","96829882","CRAB-FIELD-6","1","1","83.67259277720234","21.96141187650665","w2_f502n","19.999691009521484","0"
"Y","1.1583907850857438","0","0","1.7212369441986084","16734349196149","0.3499999940395355","0","1","1","N","51572.47169912513","2000-01-29 11:19:14.810","51572.56915287487","2000-01-29 13:39:34.810","0.10217679901159576","0.9217786412228071","0.37401074627521136","9844714","CRAB-FIELD-6","1","1","83.67473191476974","21.96318411104198","w2_f502n","19.924591064453125","0"
"Y","0.9551723798116049","0","0","0.6835684180259705","16734347349783","0.3499999940395355","0","1","1","N","51572.47169912513","2000-01-29 11:19:14.810","51572.56915287487","2000-01-29 13:39:34.810","0.10250763989183607","0.9217401042500228","0.3740151921794724","6795391","CRAB-FIELD-6","1","1","83.65415482849248","21.963458776886032","w2_f502n","18.14569091796875","0"
"Y","1.103987583212915","0.12492261600672638","0","1.7212369441986084","16734347565891","0.3499999940395355","0","4","1","N","51572.34114353685","2000-01-29 08:11:14.807","51572.63813440967","2000-01-29 15:18:54.813","0.10260559191151213","0.9217099517706391","0.3740626382245761","96170887","CRAB-FIELD-6","4","1","83.64793444804761","21.966390003979207","w2_f631n","19.663890838623047","0"
"Y","1.103987583212915","0.12492261600672638","0","1.7212369441986084","16734347565891","0.3499999940395355","0","4","1","N","51572.34114353685","2000-01-29 08:11:14.807","51572.63813440967","2000-01-29 15:18:54.813","0.10260559191151213","0.9217099517706391","0.3740626382245761","96170887","CRAB-FIELD-6","4","1","83.64793444804761","21.966390003979207","w2_f673n","19.199390411376953","0"
"Y","3.1265129095983517","2.8379628596542794","0","1.7212369441986084","16734347430342","0.3499999940395355","0","2","1","N","51572.34114353685","2000-01-29 08:11:14.807","51572.56915287487","2000-01-29 13:39:34.810","0.1025412386299452","0.9217070698829651","0.3740873851228952","59654925","CRAB-FIELD-6","2","1","83.6518661846313","21.967918896796693","w2_f502n","19.394390106201172","0"
"Y","1.4380459127755","0","0","1.7212369441986084","16734349200214","0.3499999940395355","0","1","1","N","51572.47169912513","2000-01-29 11:19:14.810","51572.56915287487","2000-01-29 13:39:34.810","0.10240424409420389","0.9217382364444842","0.3740481175835768","52605913","CRAB-FIELD-6","1","1","83.66049077536384","21.965492909164254","w2_f502n","19.625391006469727","0"
"Y","1.2112643526888442","0","0","1.7212369441986084","16734347427912","0.3499999940395355","0","1","1","N","51572.47169912513","2000-01-29 11:19:14.810","51572.56915287487","2000-01-29 13:39:34.810","0.10247841455783233","0.9217123883352399","0.3740914964806909","80337163","CRAB-FIELD-6","1","1","83.65576009056576","21.96817290296625","w2_f502n","19.42938995361328","0"
"Y","1.0896261133187852","0.07304118121825474","0","1.7212369441986084","16734349313022","0.3499999940395355","0","4","1","N","51572.34114353685","2000-01-29 08:11:14.807","51572.63813440967","2000-01-29 15:18:54.813","0.10246224273158368","0.9217090656358514","0.3741041127002039","58544520","CRAB-FIELD-6","4","1","83.65673041502932","21.96895235574359","w2_f673n","19.618091583251953","0"
"Y","1.0896261133187852","0.07304118121825474","0","1.7212369441986084","16734349313022","0.3499999940395355","0","4","1","N","51572.34114353685","2000-01-29 08:11:14.807","51572.63813440967","2000-01-29 15:18:54.813","0.10246224273158368","0.9217090656358514","0.3741041127002039","58544520","CRAB-FIELD-6","4","1","83.65673041502932","21.96895235574359","w2_f631n","19.966489791870117","0"
"Y","1.2328548200052074","0.16785025699607753","0","1.7212369441986084","16734349205651","0.3499999940395355","0","4","1","N","51572.34114353685","2000-01-29 08:11:14.807","51572.63813440967","2000-01-29 15:18:54.813","0.10228704813535079","0.9217553618266497","0.37403798300134455","97424144","CRAB-FIELD-6","4","1","83.66780371499411","21.964866791320674","w2_f673n","17.331491470336914","0"
"Y","1.2328548200052074","0.16785025699607753","0","1.7212369441986084","16734349205651","0.3499999940395355","0","4","1","N","51572.34114353685","2000-01-29 08:11:14.807","51572.63813440967","2000-01-29 15:18:54.813","0.10228704813535079","0.9217553618266497","0.37403798300134455","97424144","CRAB-FIELD-6","4","1","83.66780371499411","21.964866791320674","w2_f502n","18.37359046936035","0"
"Y","1.2328548200052074","0.16785025699607753","0","1.7212369441986084","16734349205651","0.3499999940395355","0","4","1","N","51572.34114353685","2000-01-29 08:11:14.807","51572.63813440967","2000-01-29 15:18:54.813","0.10228704813535079","0.9217553618266497","0.37403798300134455","97424144","CRAB-FIELD-6","4","1","83.66780371499411","21.964866791320674","w2_f547m","18.62318992614746","0"
"Y","1.2328548200052074","0.16785025699607753","0","1.7212369441986084","16734349205651","0.3499999940395355","0","4","1","N","51572.34114353685","2000-01-29 08:11:14.807","51572.63813440967","2000-01-29 15:18:54.813","0.10228704813535079","0.9217553618266497","0.37403798300134455","97424144","CRAB-FIELD-6","4","1","83.66780371499411","21.964866791320674","w2_f631n","17.519189834594727","0"
"Y","1.1244827303393135","0","0","1.7212369441986084","16734349189018","0.3499999940395355","0","1","1","N","51572.47169912513","2000-01-29 11:19:14.810","51572.56915287487","2000-01-29 13:39:34.810","0.10222937585699766","0.9217693597943583","0.37401925359042093","49021488","CRAB-FIELD-6","1","1","83.67144033348247","21.96370968937926","w2_f502n","19.772090911865234","0"
"Y","0.8924138271945646","0","0","1.7212369441986084","16734349187842","0.3499999940395355","0","1","1","N","51572.47169912513","2000-01-29 11:19:14.810","51572.56915287487","2000-01-29 13:39:34.810","0.10221879408514904","0.9217696389806088","0.3740214576591656","5005739","CRAB-FIELD-6","1","1","83.67209199015915","21.96384585613161","w2_f502n","19.673290252685547","0"
"Y","0.9430887503711274","0.10971530141223826","0","1.7212369441986084","16734349403739","0.3499999940395355","0","4","1","N","51572.34114353685","2000-01-29 08:11:14.807","51572.63813440967","2000-01-29 15:18:54.813","0.10219802985271394","0.9217609287964925","0.37404859689432274","67944987","CRAB-FIELD-6","4","1","83.67330768797459","21.965522521208477","w2_f631n","19.262189865112305","0"
"Y","0.9430887503711274","0.10971530141223826","0","1.7212369441986084","16734349403739","0.3499999940395355","0","4","1","N","51572.34114353685","2000-01-29 08:11:14.807","51572.63813440967","2000-01-29 15:18:54.813","0.10219802985271394","0.9217609287964925","0.37404859689432274","67944987","CRAB-FIELD-6","4","1","83.67330768797459","21.965522521208477","w2_f673n","19.149690628051758","0"
"Y","0.9430887503711274","0.10971530141223826","0","1.7212369441986084","16734349403739","0.3499999940395355","0","4","1","N","51572.34114353685","2000-01-29 08:11:14.807","51572.63813440967","2000-01-29 15:18:54.813","0.10219802985271394","0.9217609287964925","0.37404859689432274","67944987","CRAB-FIELD-6","4","1","83.67330768797459","21.965522521208477","w2_f547m","19.647491455078125","0"
"Y","0.9430887503711274","0.10971530141223826","0","1.7212369441986084","16734349403739","0.3499999940395355","0","4","1","N","51572.34114353685","2000-01-29 08:11:14.807","51572.63813440967","2000-01-29 15:18:54.813","0.10219802985271394","0.9217609287964925","0.37404859689432274","67944987","CRAB-FIELD-6","4","1","83.67330768797459","21.965522521208477","w2_f502n","19.990291595458984","0"
"Y","0.9082758563688432","0","0","1.7212369441986084","16734349403374","0.3499999940395355","0","1","1","N","51572.47169912513","2000-01-29 11:19:14.810","51572.56915287487","2000-01-29 13:39:34.810","0.1021755926513038","0.9217625176163716","0.3740508112329797","21540025","CRAB-FIELD-6","1","1","83.6746962449171","21.96565932417909","w2_f502n","19.42469024658203","0"
"Y","1.0414942242633338","0","0","1.7212369441986084","16734349414379","0.3499999940395355","0","1","1","N","51462.73696278222","1999-10-11 17:41:13.587","51462.83441644907","1999-10-11 20:01:33.587","0.10224155556541843","0.9217314581943946","0.37410931997313385","30973667","CRAB-FIELD-7","1","1","83.67043431245705","21.969274071693466","w2_f502n","19.334199905395508","0"
"Y","1.41091949638279","0","0","1.7212369441986084","16734349414389","0.3499999940395355","0","1","1","N","51462.73696278222","1999-10-11 17:41:13.587","51462.83441644907","1999-10-11 20:01:33.587","0.10224037238342565","0.9217299226024936","0.37411342669631575","51471832","CRAB-FIELD-7","1","1","83.6704965070657","21.969527793949958","w2_f502n","19.502099990844727","0"
"Y","0.9287155818107515","0.08723232786767066","0","1.7212369441986084","16734349403545","0.3499999940395355","0","4","1","N","51572.34114353685","2000-01-29 08:11:14.807","51572.63813440967","2000-01-29 15:18:54.813","0.10217243490760035","0.9217542236994952","0.3740721115471778","24154056","CRAB-FIELD-6","4","1","83.67483369261159","21.96697527517414","w2_f631n","19.688291549682617","0"
"Y","0.9287155818107515","0.08723232786767066","0","1.7212369441986084","16734349403545","0.3499999940395355","0","4","1","N","51572.34114353685","2000-01-29 08:11:14.807","51572.63813440967","2000-01-29 15:18:54.813","0.10217243490760035","0.9217542236994952","0.3740721115471778","24154056","CRAB-FIELD-6","4","1","83.67483369261159","21.96697527517414","w2_f673n","19.51719093322754","0"
"Y","0.9657471344388765","0","0","1.7212369441986084","16734349393264","0.3499999940395355","0","1","1","N","51572.47169912513","2000-01-29 11:19:14.810","51572.56915287487","2000-01-29 13:39:34.810","0.10233317583284965","0.921717523550122","0.3741186013882903","95832823","CRAB-FIELD-6","1","1","83.66471338790325","21.969847498280437","w2_f502n","19.573989868164062","0"
"Y","0.8813792946694912","0","0","1.7212369441986084","16734349413169","0.3499999940395355","0","1","1","N","51462.73696278222","1999-10-11 17:41:13.587","51462.83441644907","1999-10-11 20:01:33.587","0.10225622007583007","0.9217228915420806","0.3741264180239993","49400922","CRAB-FIELD-7","1","1","83.66947547365088","21.970330429308245","w2_f502n","19.99489974975586","0"
"Y","0.9306896692034842","0","0","1.7212369441986084","16734349424884","0.3499999940395355","0","1","1","N","51462.73696278222","1999-10-11 17:41:13.587","51462.83441644907","1999-10-11 20:01:33.587","0.10218205997864697","0.9217216129392709","0.3741498294259671","14916303","CRAB-FIELD-7","1","1","83.67402067288413","21.971776853280748","w2_f502n","19.615999221801758","0"
"Y","1.1573782730617854","0.2654411511298745","113.8440125919717","1.7212369441986084","16734349419929","0.3499999940395355","0","4","2","N","51462.60571278259","1999-10-11 14:32:13.587","51572.63813440967","2000-01-29 15:18:54.813","0.10224517570375508","0.9217031045072076","0.3741781810677691","68766437","CRAB-FIELD-7","7","2","83.67001887800312","21.973528519252106","w2_f631n","17.44954490661621","0.06935501098632812"
"Y","1.1573782730617854","0.2654411511298745","113.8440125919717","1.7212369441986084","16734349419929","0.3499999940395355","0","4","2","N","51462.60571278259","1999-10-11 14:32:13.587","51572.63813440967","2000-01-29 15:18:54.813","0.10224517570375508","0.9217031045072076","0.3741781810677691","68766437","CRAB-FIELD-7","7","2","83.67001887800312","21.973528519252106","w2_f547m","18.220294952392578","0.08849525451660156"
"Y","1.1573782730617854","0.2654411511298745","113.8440125919717","1.7212369441986084","16734349419929","0.3499999940395355","0","4","2","N","51462.60571278259","1999-10-11 14:32:13.587","51572.63813440967","2000-01-29 15:18:54.813","0.10224517570375508","0.9217031045072076","0.3741781810677691","68766437","CRAB-FIELD-7","7","2","83.67001887800312","21.973528519252106","w2_f673n","17.355045318603516","0.061954498291015625"
"Y","1.1573782730617854","0.2654411511298745","113.8440125919717","1.7212369441986084","16734349419929","0.3499999940395355","0","4","2","N","51462.60571278259","1999-10-11 14:32:13.587","51572.63813440967","2000-01-29 15:18:54.813","0.10224517570375508","0.9217031045072076","0.3741781810677691","68766437","CRAB-FIELD-7","7","1","83.67001887800312","21.973528519252106","w2_f502n","17.99850082397461","0"
"Y","1.6422403935991294","0.8791672227575653","89.97228251467199","1.7212369441986084","16734349417187","0.3499999940395355","0","4","2","N","51462.60571278259","1999-10-11 14:32:13.587","51572.63813440967","2000-01-29 15:18:54.813","0.10217421450632855","0.9217117905988761","0.3741761683501327","84152424","CRAB-FIELD-7","8","2","83.67443557824474","21.97340416563502","w2_f673n","16.247844696044922","0.031145095825195312"
"Y","1.6422403935991294","0.8791672227575653","89.97228251467199","1.7212369441986084","16734349417187","0.3499999940395355","0","4","2","N","51462.60571278259","1999-10-11 14:32:13.587","51572.63813440967","2000-01-29 15:18:54.813","0.10217421450632855","0.9217117905988761","0.3741761683501327","84152424","CRAB-FIELD-7","8","2","83.67443557824474","21.97340416563502","w2_f631n","16.161145210266113","0.04924488067626953"
"Y","1.6422403935991294","0.8791672227575653","89.97228251467199","1.7212369441986084","16734349417187","0.3499999940395355","0","4","2","N","51462.60571278259","1999-10-11 14:32:13.587","51572.63813440967","2000-01-29 15:18:54.813","0.10217421450632855","0.9217117905988761","0.3741761683501327","84152424","CRAB-FIELD-7","8","2","83.67443557824474","21.97340416563502","w2_f547m","17.781596183776855","0.14409542083740234"
"Y","1.6422403935991294","0.8791672227575653","89.97228251467199","1.7212369441986084","16734349417187","0.3499999940395355","0","4","2","N","51462.60571278259","1999-10-11 14:32:13.587","51572.63813440967","2000-01-29 15:18:54.813","0.10217421450632855","0.9217117905988761","0.3741761683501327","84152424","CRAB-FIELD-7","8","2","83.67443557824474","21.97340416563502","w2_f502n","16.65664577484131","0.04805469512939453"
"Y","1.1759220592854847","0.3833163073616085","98.01561991872921","1.7212369441986084","16734349416961","0.3499999940395355","0","4","2","N","51462.60571278259","1999-10-11 14:32:13.587","51572.63813440967","2000-01-29 15:18:54.813","0.10217679802320867","0.9217076330754673","0.37418570399773926","50079544","CRAB-FIELD-7","8","2","83.67424862832765","21.973993316435095","w2_f673n","17.034544944763184","0.06115436553955078"
"Y","1.1759220592854847","0.3833163073616085","98.01561991872921","1.7212369441986084","16734349416961","0.3499999940395355","0","4","2","N","51462.60571278259","1999-10-11 14:32:13.587","51572.63813440967","2000-01-29 15:18:54.813","0.10217679802320867","0.9217076330754673","0.37418570399773926","50079544","CRAB-FIELD-7","8","2","83.67424862832765","21.973993316435095","w2_f547m","17.990495681762695","0.12419509887695312"
"Y","1.1759220592854847","0.3833163073616085","98.01561991872921","1.7212369441986084","16734349416961","0.3499999940395355","0","4","2","N","51462.60571278259","1999-10-11 14:32:13.587","51572.63813440967","2000-01-29 15:18:54.813","0.10217679802320867","0.9217076330754673","0.37418570399773926","50079544","CRAB-FIELD-7","8","2","83.67424862832765","21.973993316435095","w2_f502n","17.234495162963867","0.036304473876953125"
"Y","1.1759220592854847","0.3833163073616085","98.01561991872921","1.7212369441986084","16734349416961","0.3499999940395355","0","4","2","N","51462.60571278259","1999-10-11 14:32:13.587","51572.63813440967","2000-01-29 15:18:54.813","0.10217679802320867","0.9217076330754673","0.37418570399773926","50079544","CRAB-FIELD-7","8","2","83.67424862832765","21.973993316435095","w2_f631n","17.028045654296875","0.044155120849609375"
"Y","1.497011486141161","0","0","1.7212369441986084","16734349323517","0.3499999940395355","0","1","1","N","51572.47169912513","2000-01-29 11:19:14.810","51572.56915287487","2000-01-29 13:39:34.810","0.10244208228802681","0.9216630332191587","0.37422302571312493","10872832","CRAB-FIELD-6","1","1","83.65765417308617","21.976299226168194","w2_f502n","19.648691177368164","0"
"Y","1.0985341441883056","0.21876005935888163","0","1.7212369441986084","16734349325032","0.3499999940395355","0","4","1","N","51572.34114353685","2000-01-29 08:11:14.807","51572.63813440967","2000-01-29 15:18:54.813","0.10238706907279713","0.9216712637788919","0.37421781038727464","54210484","CRAB-FIELD-6","4","1","83.66108853909866","21.975976996749566","w2_f673n","17.485490798950195","0"
"Y","1.0985341441883056","0.21876005935888163","0","1.7212369441986084","16734349325032","0.3499999940395355","0","4","1","N","51572.34114353685","2000-01-29 08:11:14.807","51572.63813440967","2000-01-29 15:18:54.813","0.10238706907279713","0.9216712637788919","0.37421781038727464","54210484","CRAB-FIELD-6","4","1","83.66108853909866","21.975976996749566","w2_f502n","18.348190307617188","0"
"Y","1.0985341441883056","0.21876005935888163","0","1.7212369441986084","16734349325032","0.3499999940395355","0","4","1","N","51572.34114353685","2000-01-29 08:11:14.807","51572.63813440967","2000-01-29 15:18:54.813","0.10238706907279713","0.9216712637788919","0.37421781038727464","54210484","CRAB-FIELD-6","4","1","83.66108853909866","21.975976996749566","w2_f631n","17.636489868164062","0"
"Y","1.0985341441883056","0.21876005935888163","0","1.7212369441986084","16734349325032","0.3499999940395355","0","4","1","N","51572.34114353685","2000-01-29 08:11:14.807","51572.63813440967","2000-01-29 15:18:54.813","0.10238706907279713","0.9216712637788919","0.37421781038727464","54210484","CRAB-FIELD-6","4","1","83.66108853909866","21.975976996749566","w2_f547m","18.775590896606445","0"
"Y","3.3189279929229647","2.028774449433479","0","1.7212369441986084","16734349324919","0.3499999940395355","0","2","1","N","51572.34114353685","2000-01-29 08:11:14.807","51572.56915287487","2000-01-29 13:39:34.810","0.10238420044896639","0.9216675695272211","0.3742276937645813","13068272","CRAB-FIELD-6","2","1","83.66123949328863","21.976587642804745","w2_f502n","18.99188995361328","0"
"Y","1.5818518620950204","0","0","1.7212369441986084","16734347409197","0.17499999701976776","0","1","1","N","55543.21419592574","2010-12-13 05:08:26.530","55543.29018025007","2010-12-13 06:57:51.577","0.10252956614419986","0.9215986609928122","0.3743575778895497","96556855","CRAB-PSR-PWN","1","1","83.65184234779372","21.984612798420155","a_f550m","16.468900680541992","0"
"Y","7.287962789888734","4.547481986511223","19.86896068231403","1.7212369441986084","16734349296835","0.17499999701976776","0","1","2","N","55543.21419592574","2010-12-13 05:08:26.530","56627.30947536556","2013-12-01 07:25:38.677","0.1024792733280071","0.9215907974208639","0.37439070587834294","25992135","CRAB-PSR-PWN","2","2","83.65487714575684","21.986659751416163","a_f550m","18.249199867248535","0.581599235534668"
"Y","3.372199355010456","1.796723229944837","0","1.7212369441986084","16734349366174","0.3499999940395355","0","2","1","N","51572.34114353685","2000-01-29 08:11:14.807","51572.56915287487","2000-01-29 13:39:34.810","0.10224703586897331","0.9216715375599932","0.37425542148109453","61414376","CRAB-FIELD-6","2","1","83.66968960663701","21.978300818245348","w2_f502n","19.819591522216797","0"
"Y","0.8702298690532816","0","0","1.7212369441986084","16734349371426","0.3499999940395355","0","1","1","N","51462.73696278222","1999-10-11 17:41:13.587","51462.83441644907","1999-10-11 20:01:33.587","0.10216729748493909","0.9216844928682868","0.3742452924634389","42445320","CRAB-FIELD-7","1","1","83.67467452272588","21.977674987742247","w2_f502n","19.588699340820312","0"
"Y","1.0120689868927002","0","0","1.7212369441986084","16734349376793","0.3499999940395355","0","1","1","N","51462.73696278222","1999-10-11 17:41:13.587","51462.83441644907","1999-10-11 20:01:33.587","0.10217190066156873","0.9216674433263733","0.37428602248508797","4423521","CRAB-FIELD-7","1","1","83.67427577723981","21.980191545665363","w2_f502n","19.456100463867188","0"
"Y","2.7317275730628148","0.06715255192791987","88.40795156162889","1.7212369441986084","16734349339088","0.5009999964237213","0.20676526872288106","3","2","N","51462.62029616209","1999-10-11 14:53:13.590","51572.63813440967","2000-01-29 15:18:54.813","0.10228334137903916","0.9216452078908585","0.3743103376188096","105584314","CRAB-FIELD-7","5","2","83.66728068073168","21.981693909430177","w2_f673n","19.91864585876465","0.04095458984375"
"Y","1.0145977310750676","0","0","1.7212369441986084","16734349402048","0.3499999940395355","0","1","1","N","51462.73696278222","1999-10-11 17:41:13.587","51462.83441644907","1999-10-11 20:01:33.587","0.10211206852489281","0.921726792372323","0.3741561781995695","84964276","CRAB-FIELD-7","1","1","83.67835391005805","21.972169101374075","w2_f502n","19.690200805664062","0"
"Y","1.4711948973518805","0.50976215534885","0","1.7212369441986084","16734349409213","0.3499999940395355","0","4","1","N","51572.34114353685","2000-01-29 08:11:14.807","51572.63813440967","2000-01-29 15:18:54.813","0.10210307848878183","0.9217419038271658","0.37412140287931234","105887123","CRAB-FIELD-6","4","1","83.67900876008383","21.97002058111489","w2_f502n","16.78089141845703","0"
"Y","1.4711948973518805","0.50976215534885","0","1.7212369441986084","16734349409213","0.3499999940395355","0","4","1","N","51572.34114353685","2000-01-29 08:11:14.807","51572.63813440967","2000-01-29 15:18:54.813","0.10210307848878183","0.9217419038271658","0.37412140287931234","105887123","CRAB-FIELD-6","4","1","83.67900876008383","21.97002058111489","w2_f673n","16.306489944458008","0"
"Y","1.4711948973518805","0.50976215534885","0","1.7212369441986084","16734349409213","0.3499999940395355","0","4","1","N","51572.34114353685","2000-01-29 08:11:14.807","51572.63813440967","2000-01-29 15:18:54.813","0.10210307848878183","0.9217419038271658","0.37412140287931234","105887123","CRAB-FIELD-6","4","1","83.67900876008383","21.97002058111489","w2_f631n","16.434091567993164","0"
"Y","1.4711948973518805","0.50976215534885","0","1.7212369441986084","16734349409213","0.3499999940395355","0","4","1","N","51572.34114353685","2000-01-29 08:11:14.807","51572.63813440967","2000-01-29 15:18:54.813","0.10210307848878183","0.9217419038271658","0.37412140287931234","105887123","CRAB-FIELD-6","4","1","83.67900876008383","21.97002058111489","w2_f547m","17.673391342163086","0"
"Y","1.3465116190355877","0","0","1.7212369441986084","16734349401732","0.3499999940395355","0","1","1","N","51462.87168507185","1999-10-11 20:55:13.593","51462.90339794895","1999-10-11 21:40:53.587","0.10210664722925951","0.9217181792812841","0.3741788751042695","38536437","CRAB-FIELD-7","1","1","83.67862822754661","21.973571399581324","w2_f673n","19.585800170898438","0"
"Y","0.9905747298536629","0","0","1.7212369441986084","16734349274762","0.3499999940395355","0","1","1","N","51462.73696278222","1999-10-11 17:41:13.587","51462.83441644907","1999-10-11 20:01:33.587","0.10205254066944672","0.921718313837384","0.37419330416238855","100457169","CRAB-FIELD-7","1","1","83.68195175733436","21.9744628870341","w2_f502n","19.88279914855957","0"
"Y","1.12149427677023","0","0","1.7212369441986084","16734349398219","0.3499999940395355","0","1","1","N","51572.47169912513","2000-01-29 11:19:14.810","51572.56915287487","2000-01-29 13:39:34.810","0.10208787401026258","0.9217086682644638","0.3742074248681242","80957079","CRAB-FIELD-6","1","1","83.6797163722545","21.975335328608768","w2_f502n","19.89059066772461","0"
"Y","1.1130833946042953","0.05771798469984194","0","1.7212369441986084","16734349372947","0.3499999940395355","0","4","1","N","51462.60571278259","1999-10-11 14:32:13.587","51462.90339794895","1999-10-11 21:40:53.587","0.1020915479986938","0.9216806910354902","0.3742753259297698","80950404","CRAB-FIELD-7","4","1","83.67930045194822","21.979530640616165","w2_f673n","17.965299606323242","0"
"Y","1.1130833946042953","0.05771798469984194","0","1.7212369441986084","16734349372947","0.3499999940395355","0","4","1","N","51462.60571278259","1999-10-11 14:32:13.587","51462.90339794895","1999-10-11 21:40:53.587","0.1020915479986938","0.9216806910354902","0.3742753259297698","80950404","CRAB-FIELD-7","4","1","83.67930045194822","21.979530640616165","w2_f502n","19.117900848388672","0"
"Y","1.1130833946042953","0.05771798469984194","0","1.7212369441986084","16734349372947","0.3499999940395355","0","4","1","N","51462.60571278259","1999-10-11 14:32:13.587","51462.90339794895","1999-10-11 21:40:53.587","0.1020915479986938","0.9216806910354902","0.3742753259297698","80950404","CRAB-FIELD-7","4","1","83.67930045194822","21.979530640616165","w2_f631n","18.173999786376953","0"
"Y","1.1130833946042953","0.05771798469984194","0","1.7212369441986084","16734349372947","0.3499999940395355","0","4","1","N","51462.60571278259","1999-10-11 14:32:13.587","51462.90339794895","1999-10-11 21:40:53.587","0.1020915479986938","0.9216806910354902","0.3742753259297698","80950404","CRAB-FIELD-7","4","1","83.67930045194822","21.979530640616165","w2_f547m","18.697500228881836","0"
"Y","2.391724202824735","0","0","1.7212369441986084","16734349280107","0.3499999940395355","0","1","1","N","51462.73696278222","1999-10-11 17:41:13.587","51462.83441644907","1999-10-11 20:01:33.587","0.10204494964855446","0.9216989672849921","0.3742430252620193","10203352","CRAB-FIELD-7","1","1","83.68228638116257","21.97753490703353","w2_f502n","19.52120018005371","0"
"Y","1.1821631733522286","0.0507940783175019","0","1.7212369441986084","16734349279820","0.3499999940395355","0","4","1","N","51462.60571278259","1999-10-11 14:32:13.587","51462.90339794895","1999-10-11 21:40:53.587","0.10204766209057926","0.9216958632519879","0.37424993029562903","16041813","CRAB-FIELD-7","4","1","83.68209870391762","21.977961540049776","w2_f631n","19.666099548339844","0"
"Y","1.1821631733522286","0.0507940783175019","0","1.7212369441986084","16734349279820","0.3499999940395355","0","4","1","N","51462.60571278259","1999-10-11 14:32:13.587","51462.90339794895","1999-10-11 21:40:53.587","0.10204766209057926","0.9216958632519879","0.37424993029562903","16041813","CRAB-FIELD-7","4","1","83.68209870391762","21.977961540049776","w2_f673n","19.576900482177734","0"
"Y","1.2800607853189443","0.07437838286554062","0","1.7212369441986084","16734349252177","0.3499999940395355","0","4","1","N","51462.60571278259","1999-10-11 14:32:13.587","51462.90339794895","1999-10-11 21:40:53.587","0.10201603937195135","0.9216826616881229","0.37429106168141424","13711610","CRAB-FIELD-7","4","1","83.68395094821133","21.98050290213551","w2_f547m","18.92530059814453","0"
"Y","1.2800607853189443","0.07437838286554062","0","1.7212369441986084","16734349252177","0.3499999940395355","0","4","1","N","51462.60571278259","1999-10-11 14:32:13.587","51462.90339794895","1999-10-11 21:40:53.587","0.10201603937195135","0.9216826616881229","0.37429106168141424","13711610","CRAB-FIELD-7","4","1","83.68395094821133","21.98050290213551","w2_f502n","19.217599868774414","0"
"Y","1.2800607853189443","0.07437838286554062","0","1.7212369441986084","16734349252177","0.3499999940395355","0","4","1","N","51462.60571278259","1999-10-11 14:32:13.587","51462.90339794895","1999-10-11 21:40:53.587","0.10201603937195135","0.9216826616881229","0.37429106168141424","13711610","CRAB-FIELD-7","4","1","83.68395094821133","21.98050290213551","w2_f673n","18.483200073242188","0"
"Y","1.2800607853189443","0.07437838286554062","0","1.7212369441986084","16734349252177","0.3499999940395355","0","4","1","N","51462.60571278259","1999-10-11 14:32:13.587","51462.90339794895","1999-10-11 21:40:53.587","0.10201603937195135","0.9216826616881229","0.37429106168141424","13711610","CRAB-FIELD-7","4","1","83.68395094821133","21.98050290213551","w2_f631n","18.63010025024414","0"
"Y","1.052738916137836","0.05665617571747919","0","1.7212369441986084","16734349252468","0.3499999940395355","0","4","1","N","51462.60571278259","1999-10-11 14:32:13.587","51462.90339794895","1999-10-11 21:40:53.587","0.10200953467383764","0.9216823777341159","0.37429353375426366","50984445","CRAB-FIELD-7","4","1","83.68434848477312","21.980655644176867","w2_f631n","19.64620018005371","0"
"Y","1.052738916137836","0.05665617571747919","0","1.7212369441986084","16734349252468","0.3499999940395355","0","4","1","N","51462.60571278259","1999-10-11 14:32:13.587","51462.90339794895","1999-10-11 21:40:53.587","0.10200953467383764","0.9216823777341159","0.37429353375426366","50984445","CRAB-FIELD-7","4","1","83.68434848477312","21.980655644176867","w2_f673n","19.497100830078125","0"
"Y","3.348245075984742","3.176897850426335","0","1.7212369441986084","16734349261983","0.3499999940395355","0","2","1","N","51462.60571278259","1999-10-11 14:32:13.587","51462.83441644907","1999-10-11 20:01:33.587","0.10201735321534044","0.9216525025842641","0.37436496113193884","28867185","CRAB-FIELD-7","2","1","83.68366525115793","21.985069000749146","w2_f502n","19.068599700927734","0"
"Y","1.3788993562233383","0.24064114882954823","0","1.7212369441986084","16734349248958","0.3499999940395355","0","4","1","N","51462.60571278259","1999-10-11 14:32:13.587","51462.90339794895","1999-10-11 21:40:53.587","0.10201742244219118","0.921633771871606","0.3744110522729964","28190249","CRAB-FIELD-7","4","1","83.68353366787379","21.987916954164326","w2_f502n","17.77669906616211","0"
"Y","1.3788993562233383","0.24064114882954823","0","1.7212369441986084","16734349248958","0.3499999940395355","0","4","1","N","51462.60571278259","1999-10-11 14:32:13.587","51462.90339794895","1999-10-11 21:40:53.587","0.10201742244219118","0.921633771871606","0.3744110522729964","28190249","CRAB-FIELD-7","4","1","83.68353366787379","21.987916954164326","w2_f547m","18.042200088500977","0"
"Y","1.3788993562233383","0.24064114882954823","0","1.7212369441986084","16734349248958","0.3499999940395355","0","4","1","N","51462.60571278259","1999-10-11 14:32:13.587","51462.90339794895","1999-10-11 21:40:53.587","0.10201742244219118","0.921633771871606","0.3744110522729964","28190249","CRAB-FIELD-7","4","1","83.68353366787379","21.987916954164326","w2_f631n","17.341800689697266","0"
"Y","1.3788993562233383","0.24064114882954823","0","1.7212369441986084","16734349248958","0.3499999940395355","0","4","1","N","51462.60571278259","1999-10-11 14:32:13.587","51462.90339794895","1999-10-11 21:40:53.587","0.10201742244219118","0.921633771871606","0.3744110522729964","28190249","CRAB-FIELD-7","4","1","83.68353366787379","21.987916954164326","w2_f673n","17.22260093688965","0"
"Y","1.1782758537380176","0","0","1.7212369441986084","16734349290063","0.3499999940395355","0","1","1","N","51462.73696278222","1999-10-11 17:41:13.587","51462.83441644907","1999-10-11 20:01:33.587","0.1019052980082077","0.9216881311148946","0.37430776000506344","57041326","CRAB-FIELD-7","1","1","83.69078901994291","21.98153464516819","w2_f502n","19.866100311279297","0"
"Y","1.252183968993439","0","0","1.7212369441986084","16734349289517","0.3499999940395355","0","1","1","N","51462.73696278222","1999-10-11 17:41:13.587","51462.83441644907","1999-10-11 20:01:33.587","0.10188617941626323","0.9216906185559428","0.3743068395182418","25939193","CRAB-FIELD-7","1","1","83.69198004364836","21.981477770649207","w2_f502n","19.705900192260742","0"
"Y","1.1677011676218318","0","0","1.7212369441986084","16734349234964","0.3499999940395355","0","1","1","N","51462.73696278222","1999-10-11 17:41:13.587","51462.83441644907","1999-10-11 20:01:33.587","0.10185984736159015","0.9216633541162709","0.3743811335721995","45991441","CRAB-FIELD-7","1","1","83.69341213653517","21.986068282941506","w2_f502n","19.788999557495117","0"
"Y","0.9759770042594822","0","0","1.7212369441986084","16734349244561","0.3499999940395355","0","1","1","N","51462.73696278222","1999-10-11 17:41:13.587","51462.83441644907","1999-10-11 20:01:33.587","0.10178053997809382","0.9216741293054416","0.3743761758592556","44019005","CRAB-FIELD-7","1","1","83.69835596418498","21.98576194906292","w2_f502n","19.918399810791016","0"
"Y","1.0901149662061669","0","0","1.7212369441986084","16734349236268","0.3499999940395355","0","1","1","N","51462.73696278222","1999-10-11 17:41:13.587","51462.83441644907","1999-10-11 20:01:33.587","0.1017883524081876","0.921669926884209","0.3743843976335798","86177054","CRAB-FIELD-7","1","1","83.69784765307168","21.986269967545798","w2_f502n","19.99570083618164","0"
"Y","1.4897701384007245","0","0","1.7212369441986084","16734350091370","0.3499999940395355","0","1","1","N","51462.73696278222","1999-10-11 17:41:13.587","51462.83441644907","1999-10-11 20:01:33.587","0.10178301584162605","0.9216619961504352","0.37440537194108997","30053989","CRAB-FIELD-7","1","1","83.69812161462451","21.98756596561015","w2_f502n","19.16200065612793","0"
"Y","2.482674288195233","0","0","1.0941359996795654","16748364154604","0.3499999940395355","0","1","1","N","51200.54668225907","1999-01-22 13:07:13.350","51200.61983033782","1999-01-22 14:52:33.347","0.10438698409741716","0.9208380564263056","0.3757134964148908","20443057","ANY","1","1","83.53251135306378","22.06841813253196","w2_f606w","19.592390060424805","0"
"Y","1.2633387985446292","0.49699516738427435","0","1.0941359996795654","16734343014323","0.3499999940395355","0","2","1","N","51184.3557213149","1999-01-06 08:32:14.327","51184.501786148176","1999-01-06 12:02:34.327","0.10401622329023642","0.9213287142387315","0.37461183325114994","51180973","LOW","2","1","83.55869222616535","22.00032379854781","w2_f450w","19.749990463256836","0"
"Y","1.2633387985446292","0.49699516738427435","0","1.0941359996795654","16734343014323","0.3499999940395355","0","2","1","N","51184.3557213149","1999-01-06 08:32:14.327","51184.501786148176","1999-01-06 12:02:34.327","0.10401622329023642","0.9213287142387315","0.37461183325114994","51180973","LOW","2","1","83.55869222616535","22.00032379854781","w2_f606w","19.192190170288086","0"
"Y","1.1818121728368798","0.0740679343645768","0","1.0941359996795654","16734343463105","0.3499999940395355","0","2","1","N","51184.3557213149","1999-01-06 08:32:14.327","51184.501786148176","1999-01-06 12:02:34.327","0.10412030440130958","0.9212958943624248","0.3746636321321937","48139388","LOW","2","1","83.55207339475703","22.0035247791589","w2_f606w","19.72899055480957","0"
"Y","2.683365499191444","1.2723080654124894","0","1.0941359996795654","16734343049182","0.3499999940395355","0","2","1","N","51184.3557213149","1999-01-06 08:32:14.327","51184.501786148176","1999-01-06 12:02:34.327","0.10389042867693497","0.9213950332923526","0.37448360638833206","35490706","LOW","2","1","83.56687601538472","21.992400160130746","w2_f606w","18.222490310668945","0"
"Y","2.683365499191444","1.2723080654124894","0","1.0941359996795654","16734343049182","0.3499999940395355","0","2","1","N","51184.3557213149","1999-01-06 08:32:14.327","51184.501786148176","1999-01-06 12:02:34.327","0.10389042867693497","0.9213950332923526","0.37448360638833206","35490706","LOW","2","1","83.56687601538472","21.992400160130746","w2_f450w","17.8964900970459","0"
"Y","0.9183720793834953","0","0","1.0941359996795654","16734343082559","0.3499999940395355","0","1","1","N","51570.661976951174","2000-01-27 15:53:14.813","51570.69368987018","2000-01-27 16:38:54.807","0.10381275620310784","0.9214142039912883","0.37445797672520603","39483664","CRAB-FIELD-1","1","1","83.57177801726775","21.99081645626318","w2_f673n","19.73539161682129","0"
"Y","1.9982558350230373","0","0","1.0941359996795654","16734343079828","0.3499999940395355","0","1","1","N","51570.39531025011","2000-01-27 09:29:14.810","51570.40572695155","2000-01-27 09:44:14.813","0.10373627999572753","0.921417504470057","0.37447104917378043","79625776","CRAB-FIELD-1","1","1","83.57649674554264","21.991624224613272","w2_f547m","19.714990615844727","0"
"Y","1.401494289266652","0","0","1.0941359996795654","16734343072489","0.3499999940395355","0","1","1","N","51570.526560250204","2000-01-27 12:38:14.810","51570.6240139585","2000-01-27 14:58:34.810","0.10375562699239359","0.921399845023498","0.37450913935251895","89277948","CRAB-FIELD-1","1","1","83.57518666161558","21.993977906364236","w2_f502n","19.532991409301758","0"
"Y","1.0676867734124018","0.14877040889660953","0","1.0941359996795654","16734342961206","0.3499999940395355","0","4","1","N","51570.39531025011","2000-01-27 09:29:14.810","51570.69368987018","2000-01-27 16:38:54.807","0.1037107815479851","0.9214095368204648","0.37449771594426645","56195463","CRAB-FIELD-1","4","1","83.57800738683582","21.99327202299541","w2_f631n","17.45339012145996","0"
"Y","1.0676867734124018","0.14877040889660953","0","1.0941359996795654","16734342961206","0.3499999940395355","0","4","1","N","51570.39531025011","2000-01-27 09:29:14.810","51570.69368987018","2000-01-27 16:38:54.807","0.1037107815479851","0.9214095368204648","0.37449771594426645","56195463","CRAB-FIELD-1","4","1","83.57800738683582","21.99327202299541","w2_f502n","18.238191604614258","0"
"Y","1.0676867734124018","0.14877040889660953","0","1.0941359996795654","16734342961206","0.3499999940395355","0","4","1","N","51570.39531025011","2000-01-27 09:29:14.810","51570.69368987018","2000-01-27 16:38:54.807","0.1037107815479851","0.9214095368204648","0.37449771594426645","56195463","CRAB-FIELD-1","4","1","83.57800738683582","21.99327202299541","w2_f673n","17.26629066467285","0"
"Y","1.0676867734124018","0.14877040889660953","0","1.0941359996795654","16734342961206","0.3499999940395355","0","4","1","N","51570.39531025011","2000-01-27 09:29:14.810","51570.69368987018","2000-01-27 16:38:54.807","0.1037107815479851","0.9214095368204648","0.37449771594426645","56195463","CRAB-FIELD-1","4","1","83.57800738683582","21.99327202299541","w2_f547m","18.6641902923584","0"
"Y","1.8505473511092763","0.6671189548478612","19.631047559954258","1.0941359996795654","16734347256735","0.24499999582767487","0.09036960987252109","5","7","N","51570.39531025011","2000-01-27 09:29:14.810","56383.33731733775","2013-04-01 08:05:44.220","0.10349639678913906","0.9214911998997061","0.37435606628002","105175138","V-CM-TAU","10","1","83.59173521222574","21.984519397922913","w2_f673n","16.334991455078125","0"
"Y","1.8505473511092763","0.6671189548478612","19.631047559954258","1.0941359996795654","16734347256735","0.24499999582767487","0.09036960987252109","5","7","N","51570.39531025011","2000-01-27 09:29:14.810","56383.33731733775","2013-04-01 08:05:44.220","0.10349639678913906","0.9214911998997061","0.37435606628002","105175138","V-CM-TAU","10","1","83.59173521222574","21.984519397922913","w2_f631n","16.19828987121582","0"
"Y","1.8505473511092763","0.6671189548478612","19.631047559954258","1.0941359996795654","16734347256735","0.24499999582767487","0.09036960987252109","5","7","N","51570.39531025011","2000-01-27 09:29:14.810","56383.33731733775","2013-04-01 08:05:44.220","0.10349639678913906","0.9214911998997061","0.37435606628002","105175138","V-CM-TAU","10","6","83.59173521222574","21.984519397922913","a_f550m","18.430750846862793","0.40939998626708984"
"Y","1.8505473511092763","0.6671189548478612","19.631047559954258","1.0941359996795654","16734347256735","0.24499999582767487","0.09036960987252109","5","7","N","51570.39531025011","2000-01-27 09:29:14.810","56383.33731733775","2013-04-01 08:05:44.220","0.10349639678913906","0.9214911998997061","0.37435606628002","105175138","V-CM-TAU","10","1","83.59173521222574","21.984519397922913","w2_f502n","16.750690460205078","0"
"Y","1.8505473511092763","0.6671189548478612","19.631047559954258","1.0941359996795654","16734347256735","0.24499999582767487","0.09036960987252109","5","7","N","51570.39531025011","2000-01-27 09:29:14.810","56383.33731733775","2013-04-01 08:05:44.220","0.10349639678913906","0.9214911998997061","0.37435606628002","105175138","V-CM-TAU","10","1","83.59173521222574","21.984519397922913","w2_f547m","17.844091415405273","0"
"Y","0.9348276017726153","0","0","1.0941359996795654","16734347202618","0.3499999940395355","0","1","1","N","51570.526560250204","2000-01-27 12:38:14.810","51570.6240139585","2000-01-27 14:58:34.810","0.10350210594664555","0.9214803614777823","0.37438116602718846","59712394","CRAB-FIELD-1","1","1","83.59130990410308","21.986070288312938","w2_f502n","19.99979019165039","0"
"Y","0.8114942188920646","0","0","1.0941359996795654","16734342946984","0.3499999940395355","0","1","1","N","51570.526560250204","2000-01-27 12:38:14.810","51570.6240139585","2000-01-27 14:58:34.810","0.10350260812207814","0.9214733655750889","0.37439824605375516","79819163","CRAB-FIELD-1","1","1","83.5912308181475","21.98712565719434","w2_f502n","19.769390106201172","0"
"Y","0.9646424748336081","0.10979609042666758","0","1.0941359996795654","16734342960676","0.3499999940395355","0","4","1","N","51570.39531025011","2000-01-27 09:29:14.810","51570.69368987018","2000-01-27 16:38:54.807","0.10366406590802607","0.9214332489921003","0.3744523054966578","8891205","CRAB-FIELD-1","4","1","83.58103977916183","21.990466023045144","w2_f673n","18.361190795898438","0"
"Y","0.9646424748336081","0.10979609042666758","0","1.0941359996795654","16734342960676","0.3499999940395355","0","4","1","N","51570.39531025011","2000-01-27 09:29:14.810","51570.69368987018","2000-01-27 16:38:54.807","0.10366406590802607","0.9214332489921003","0.3744523054966578","8891205","CRAB-FIELD-1","4","1","83.58103977916183","21.990466023045144","w2_f502n","19.12318992614746","0"
"Y","0.9646424748336081","0.10979609042666758","0","1.0941359996795654","16734342960676","0.3499999940395355","0","4","1","N","51570.39531025011","2000-01-27 09:29:14.810","51570.69368987018","2000-01-27 16:38:54.807","0.10366406590802607","0.9214332489921003","0.3744523054966578","8891205","CRAB-FIELD-1","4","1","83.58103977916183","21.990466023045144","w2_f631n","18.532489776611328","0"
"Y","0.9646424748336081","0.10979609042666758","0","1.0941359996795654","16734342960676","0.3499999940395355","0","4","1","N","51570.39531025011","2000-01-27 09:29:14.810","51570.69368987018","2000-01-27 16:38:54.807","0.10366406590802607","0.9214332489921003","0.3744523054966578","8891205","CRAB-FIELD-1","4","1","83.58103977916183","21.990466023045144","w2_f547m","19.034090042114258","0"
"Y","1.3151723763038372","0","0","1.0941359996795654","16734343001333","0.3499999940395355","0","1","1","N","51570.526560250204","2000-01-27 12:38:14.810","51570.6240139585","2000-01-27 14:58:34.810","0.10360598963038284","0.9214288600462434","0.3744791780420438","74246276","CRAB-FIELD-1","1","1","83.58457561479312","21.99212652322913","w2_f502n","19.73969078063965","0"
"Y","1.9588502591509827","1.0209480884462245","164.88542981200263","1.0941359996795654","16734342998570","0.22166666289170583","0.09990736279931652","5","7","N","51570.39531025011","2000-01-27 09:29:14.810","56383.33731733775","2013-04-01 08:05:44.220","0.10355391092145509","0.921430400437628","0.37448979249558495","12636752","V-CM-TAU","10","1","83.58778416394897","21.992782413673098","w2_f673n","15.535590171813965","0"
"Y","1.9588502591509827","1.0209480884462245","164.88542981200263","1.0941359996795654","16734342998570","0.22166666289170583","0.09990736279931652","5","7","N","51570.39531025011","2000-01-27 09:29:14.810","56383.33731733775","2013-04-01 08:05:44.220","0.10355391092145509","0.921430400437628","0.37448979249558495","12636752","V-CM-TAU","10","1","83.58778416394897","21.992782413673098","w2_f502n","15.567790031433105","0"
"Y","1.9588502591509827","1.0209480884462245","164.88542981200263","1.0941359996795654","16734342998570","0.22166666289170583","0.09990736279931652","5","7","N","51570.39531025011","2000-01-27 09:29:14.810","56383.33731733775","2013-04-01 08:05:44.220","0.10355391092145509","0.921430400437628","0.37448979249558495","12636752","V-CM-TAU","10","1","83.58778416394897","21.992782413673098","w2_f547m","17.56348991394043","0"
"Y","1.9588502591509827","1.0209480884462245","164.88542981200263","1.0941359996795654","16734342998570","0.22166666289170583","0.09990736279931652","5","7","N","51570.39531025011","2000-01-27 09:29:14.810","56383.33731733775","2013-04-01 08:05:44.220","0.10355391092145509","0.921430400437628","0.37448979249558495","12636752","V-CM-TAU","10","11","83.58778416394897","21.992782413673098","a_f550m","18.212900161743164","0.17129898071289062"
"Y","1.9588502591509827","1.0209480884462245","164.88542981200263","1.0941359996795654","16734342998570","0.22166666289170583","0.09990736279931652","5","7","N","51570.39531025011","2000-01-27 09:29:14.810","56383.33731733775","2013-04-01 08:05:44.220","0.10355391092145509","0.921430400437628","0.37448979249558495","12636752","V-CM-TAU","10","1","83.58778416394897","21.992782413673098","w2_f631n","15.354689598083496","0"
"Y","1.0605092401857728","0.105607670512625","204.5228680539874","1.0941359996795654","16734342998740","0.17499999701976776","0","1","2","N","55934.764193217736","2012-01-08 18:20:26.297","55967.20774778677","2012-02-10 04:59:09.410","0.10355016831112197","0.9214307034116118","0.3744900819166653","662596","V-CM-TAU","2","2","83.58801607271235","21.99280029768513","a_f550m","17.616700172424316","0.12580013275146484"
"Y","1.0736781290207786","0","0","1.0941359996795654","16734342993830","0.3499999940395355","0","1","1","N","51570.526560250204","2000-01-27 12:38:14.810","51570.6240139585","2000-01-27 14:58:34.810","0.10352878507120314","0.9214474263999459","0.37445484513229393","105295090","CRAB-FIELD-1","1","1","83.58944450758534","21.990622950609815","w2_f502n","19.95429039001465","0"
"Y","1.2809195737729127","0","0","1.0941359996795654","16734343000051","0.3499999940395355","0","1","1","N","51570.526560250204","2000-01-27 12:38:14.810","51570.6240139585","2000-01-27 14:58:34.810","0.10354762613982173","0.9214203249236713","0.3745163199899117","75862658","CRAB-FIELD-1","1","1","83.5881005582079","21.994421619216553","w2_f502n","19.50809097290039","0"
"Y","0.8497701294120701","0","0","1.0941359996795654","16734342946307","0.3499999940395355","0","1","1","N","51570.526560250204","2000-01-27 12:38:14.810","51570.6240139585","2000-01-27 14:58:34.810","0.103513059485259","0.9214191535466274","0.3745287572321074","60636483","CRAB-FIELD-1","1","1","83.5902151044871","21.995190156531834","w2_f502n","19.39959144592285","0"
"Y","1.0286680490266238","0.06352599545491687","7.586916835539557","1.0941359996795654","16734342996569","0.24499999582767487","0.09036960987252109","5","7","N","51570.39531025011","2000-01-27 09:29:14.810","56383.33731733775","2013-04-01 08:05:44.220","0.10352412142388356","0.921411286865721","0.37454505299291263","8030324","V-CM-TAU","10","1","83.58948154900774","21.99619713044709","w2_f547m","19.209291458129883","0"
"Y","1.0286680490266238","0.06352599545491687","7.586916835539557","1.0941359996795654","16734342996569","0.24499999582767487","0.09036960987252109","5","7","N","51570.39531025011","2000-01-27 09:29:14.810","56383.33731733775","2013-04-01 08:05:44.220","0.10352412142388356","0.921411286865721","0.37454505299291263","8030324","V-CM-TAU","10","1","83.58948154900774","21.99619713044709","w2_f673n","18.691890716552734","0"
"Y","1.0286680490266238","0.06352599545491687","7.586916835539557","1.0941359996795654","16734342996569","0.24499999582767487","0.09036960987252109","5","7","N","51570.39531025011","2000-01-27 09:29:14.810","56383.33731733775","2013-04-01 08:05:44.220","0.10352412142388356","0.921411286865721","0.37454505299291263","8030324","V-CM-TAU","10","6","83.58948154900774","21.99619713044709","a_f550m","19.178099632263184","0.039549827575683594"
"Y","1.0286680490266238","0.06352599545491687","7.586916835539557","1.0941359996795654","16734342996569","0.24499999582767487","0.09036960987252109","5","7","N","51570.39531025011","2000-01-27 09:29:14.810","56383.33731733775","2013-04-01 08:05:44.220","0.10352412142388356","0.921411286865721","0.37454505299291263","8030324","V-CM-TAU","10","1","83.58948154900774","21.99619713044709","w2_f631n","18.832490921020508","0"
"Y","1.0286680490266238","0.06352599545491687","7.586916835539557","1.0941359996795654","16734342996569","0.24499999582767487","0.09036960987252109","5","7","N","51570.39531025011","2000-01-27 09:29:14.810","56383.33731733775","2013-04-01 08:05:44.220","0.10352412142388356","0.921411286865721","0.37454505299291263","8030324","V-CM-TAU","10","1","83.58948154900774","21.99619713044709","w2_f502n","18.22068977355957","0"
"Y","1.3115005250820642","0.41605764031881687","0","1.0941359996795654","16734343041547","0.3499999940395355","0","2","1","N","51184.3557213149","1999-01-06 08:32:14.327","51184.501786148176","1999-01-06 12:02:34.327","0.10387951007979634","0.921343733364266","0.3746128299673217","16424057","LOW","2","1","83.56719129843549","22.000385391264842","w2_f606w","19.84699058532715","0"
"Y","1.889885019981998","0","0","1.0941359996795654","16734343038764","0.3660000264644623","0","1","1","N","51570.526560250204","2000-01-27 12:38:14.810","51570.6240139585","2000-01-27 14:58:34.810","0.10380424359068204","0.9213629813152088","0.3745863527612349","73205674","CRAB-FIELD-1","1","1","83.57194636418684","21.998749224360935","w2_f502n","19.94089126586914","0"
"Y","1.0320689486361099","0","0","1.0941359996795654","16734343745157","0.3499999940395355","0","1","1","N","51570.526560250204","2000-01-27 12:38:14.810","51570.6240139585","2000-01-27 14:58:34.810","0.10374410203827604","0.9213511790558632","0.37463204100163444","89343965","CRAB-FIELD-1","1","1","83.57555786410582","22.001572554713356","w2_f502n","19.779890060424805","0"
"Y","1.2622008225236887","0.40783176269363713","0","1.0941359996795654","16734343753927","0.3499999940395355","0","2","1","N","51184.3557213149","1999-01-06 08:32:14.327","51184.501786148176","1999-01-06 12:02:34.327","0.10381602388517026","0.921315381910217","0.374700147104974","26064163","LOW","2","1","83.57089361970179","22.005781313798273","w2_f606w","19.42719078063965","0"
"Y","1.3403448565252896","0","0","1.0941359996795654","16734343742930","0.3499999940395355","0","1","1","N","51570.526560250204","2000-01-27 12:38:14.810","51570.6240139585","2000-01-27 14:58:34.810","0.1037598582706506","0.9213359991166258","0.37466500843262557","5624401","CRAB-FIELD-1","1","1","83.57448532576772","22.00360983045386","w2_f502n","19.59459114074707","0"
"Y","1.0745976848163823","0","0","1.0941359996795654","16734343856859","0.3499999940395355","0","1","1","N","51570.526560250204","2000-01-27 12:38:14.810","51570.6240139585","2000-01-27 14:58:34.810","0.10371198285315492","0.9213504426084672","0.3746427451829839","108088198","CRAB-FIELD-1","1","1","83.57752515957266","22.002234033710604","w2_f502n","19.97869110107422","0"
"Y","1.0104734642768218","0.061228133758679165","0","1.0941359996795654","16734342955663","0.3499999940395355","0","4","1","N","51570.39531025011","2000-01-27 09:29:14.810","51570.69368987018","2000-01-27 16:38:54.807","0.10369260339049298","0.921379806481866","0.3745758884524788","24543211","CRAB-FIELD-1","4","1","83.5789181623612","21.998102584463915","w2_f502n","19.855491638183594","0"
"Y","1.0104734642768218","0.061228133758679165","0","1.0941359996795654","16734342955663","0.3499999940395355","0","4","1","N","51570.39531025011","2000-01-27 09:29:14.810","51570.69368987018","2000-01-27 16:38:54.807","0.10369260339049298","0.921379806481866","0.3745758884524788","24543211","CRAB-FIELD-1","4","1","83.5789181623612","21.998102584463915","w2_f547m","19.567790985107422","0"
"Y","1.0104734642768218","0.061228133758679165","0","1.0941359996795654","16734342955663","0.3499999940395355","0","4","1","N","51570.39531025011","2000-01-27 09:29:14.810","51570.69368987018","2000-01-27 16:38:54.807","0.10369260339049298","0.921379806481866","0.3745758884524788","24543211","CRAB-FIELD-1","4","1","83.5789181623612","21.998102584463915","w2_f631n","19.27968978881836","0"
"Y","1.0104734642768218","0.061228133758679165","0","1.0941359996795654","16734342955663","0.3499999940395355","0","4","1","N","51570.39531025011","2000-01-27 09:29:14.810","51570.69368987018","2000-01-27 16:38:54.807","0.10369260339049298","0.921379806481866","0.3745758884524788","24543211","CRAB-FIELD-1","4","1","83.5789181623612","21.998102584463915","w2_f673n","19.088991165161133","0"
"Y","1.0253449650078321","0.04826233683677017","16.69190426144407","1.0941359996795654","16734342943732","0.24499999582767487","0.09036960987252109","5","7","N","51570.39531025011","2000-01-27 09:29:14.810","56383.33731733775","2013-04-01 08:05:44.220","0.10349728108792026","0.9214070335292115","0.37456293379334127","51675736","V-CM-TAU","10","1","83.59110041320936","21.997302057926547","w2_f547m","19.839191436767578","0"
"Y","1.0253449650078321","0.04826233683677017","16.69190426144407","1.0941359996795654","16734342943732","0.24499999582767487","0.09036960987252109","5","7","N","51570.39531025011","2000-01-27 09:29:14.810","56383.33731733775","2013-04-01 08:05:44.220","0.10349728108792026","0.9214070335292115","0.37456293379334127","51675736","V-CM-TAU","10","1","83.59110041320936","21.997302057926547","w2_f631n","19.34379005432129","0"
"Y","1.0253449650078321","0.04826233683677017","16.69190426144407","1.0941359996795654","16734342943732","0.24499999582767487","0.09036960987252109","5","7","N","51570.39531025011","2000-01-27 09:29:14.810","56383.33731733775","2013-04-01 08:05:44.220","0.10349728108792026","0.9214070335292115","0.37456293379334127","51675736","V-CM-TAU","10","1","83.59110041320936","21.997302057926547","w2_f673n","19.09809112548828","0"
"Y","1.0253449650078321","0.04826233683677017","16.69190426144407","1.0941359996795654","16734342943732","0.24499999582767487","0.09036960987252109","5","7","N","51570.39531025011","2000-01-27 09:29:14.810","56383.33731733775","2013-04-01 08:05:44.220","0.10349728108792026","0.9214070335292115","0.37456293379334127","51675736","V-CM-TAU","10","6","83.59110041320936","21.997302057926547","a_f550m","19.73604965209961","0.0139007568359375"
"Y","0.8020689432648407","0","0","1.0941359996795654","16734342943552","0.3499999940395355","0","1","1","N","51570.526560250204","2000-01-27 12:38:14.810","51570.6240139585","2000-01-27 14:58:34.810","0.10349273701393567","0.9214032458327885","0.37457350674406664","51184756","CRAB-FIELD-1","1","1","83.5913533311501","21.997955407674333","w2_f502n","19.558490753173828","0"
"Y","2.4391955342786065","0","0","1.0941359996795654","16734343828285","0.3499999940395355","0","1","1","N","51570.526560250204","2000-01-27 12:38:14.810","51570.6240139585","2000-01-27 14:58:34.810","0.10353972096400357","0.921387634405769","0.3745989233129399","18367603","CRAB-FIELD-1","1","1","83.58836040754913","21.999526023025307","w2_f502n","19.72199058532715","0"
"Y","0.9082758563688432","0","0","1.0941359996795654","16734343859253","0.3499999940395355","0","1","1","N","51570.526560250204","2000-01-27 12:38:14.810","51570.6240139585","2000-01-27 14:58:34.810","0.10367697132493561","0.9213368474783019","0.3746858672221261","106416632","CRAB-FIELD-1","1","1","83.57958123238635","22.004898848221398","w2_f502n","19.852890014648438","0"
"Y","0.8201149688369926","0","0","1.0941359996795654","16734343871916","0.3499999940395355","0","1","1","N","51570.526560250204","2000-01-27 12:38:14.810","51570.6240139585","2000-01-27 14:58:34.810","0.10364726949089523","0.9213247205321486","0.3747239021783625","14446512","CRAB-FIELD-1","1","1","83.58132144991764","22.00724933762385","w2_f502n","19.67719078063965","0"
"Y","1.2183237557066056","0.02670821341218796","0","1.0941359996795654","16748365901049","0.3499999940395355","0","2","1","N","51184.3557213149","1999-01-06 08:32:14.327","51184.501786148176","1999-01-06 12:02:34.327","0.1041824003653511","0.9211977930259749","0.3748875212359831","83462966","LOW","2","1","83.54757907880027","22.0173611349312","w2_f606w","19.8826904296875","0"
"Y","1.114221956451412","0.42371986248952415","0","1.0941359996795654","16734343464320","0.3499999940395355","0","2","1","N","51184.3557213149","1999-01-06 08:32:14.327","51184.501786148176","1999-01-06 12:02:34.327","0.1040593026787243","0.9212743296517182","0.3747336001094508","70870097","LOW","2","1","83.55566972826136","22.00784865792608","w2_f606w","19.46129035949707","0"
"Y","1.1458740467685056","0.4044458928101929","0","1.0941359996795654","16734343467236","0.3499999940395355","0","2","1","N","51184.3557213149","1999-01-06 08:32:14.327","51184.501786148176","1999-01-06 12:02:34.327","0.10395177415641979","0.9212531936191257","0.3748153970910526","51731774","LOW","2","1","83.56212651264683","22.012903712342936","w2_f606w","19.851991653442383","0"
"Y","1.5094420898667757","0.18496556686549553","0","1.0941359996795654","16734343503334","0.3499999940395355","0","2","1","N","51184.3557213149","1999-01-06 08:32:14.327","51184.501786148176","1999-01-06 12:02:34.327","0.1041239916204821","0.9212021930356585","0.37489293660401524","30880531","LOW","2","1","83.55119661935649","22.017695821630017","w2_f450w","18.903791427612305","0"
"Y","1.5094420898667757","0.18496556686549553","0","1.0941359996795654","16734343503334","0.3499999940395355","0","2","1","N","51184.3557213149","1999-01-06 08:32:14.327","51184.501786148176","1999-01-06 12:02:34.327","0.1041239916204821","0.9212021930356585","0.37489293660401524","30880531","LOW","2","1","83.55119661935649","22.017695821630017","w2_f606w","18.6276912689209","0"
"Y","1.1295113764140634","0.011544271802812176","0","1.0941359996795654","16734343522641","0.3499999940395355","0","2","1","N","51184.3557213149","1999-01-06 08:32:14.327","51184.501786148176","1999-01-06 12:02:34.327","0.1039964840251722","0.9212387395296786","0.3748385200328417","592232","LOW","2","1","83.55928062883503","22.01433274310389","w2_f606w","19.912391662597656","0"
"Y","0.7958811941123576","0.03853203286336965","0","1.0941359996795654","16734343520333","0.7275","0","2","1","N","51184.3557213149","1999-01-06 08:32:14.327","51184.501786148176","1999-01-06 12:02:34.327","0.10393622072470811","0.9212450273920187","0.3748397811428026","107644330","LOW","2","1","83.56302509230582","22.014410681911396","w2_f606w","19.534090042114258","0"
"Y","1.2239900587244883","0.39987467337352545","0","1.0941359996795654","16748365904624","0.3499999940395355","0","2","1","N","51184.3557213149","1999-01-06 08:32:14.327","51184.501786148176","1999-01-06 12:02:34.327","0.10420867805191512","0.9211733209178395","0.3749403475863505","14640894","LOW","2","1","83.54579531738894","22.02062600253333","w2_f606w","19.189889907836914","0"
"Y","1.2239900587244883","0.39987467337352545","0","1.0941359996795654","16748365904624","0.3499999940395355","0","2","1","N","51184.3557213149","1999-01-06 08:32:14.327","51184.501786148176","1999-01-06 12:02:34.327","0.10420867805191512","0.9211733209178395","0.3749403475863505","14640894","LOW","2","1","83.54579531738894","22.02062600253333","w2_f450w","19.60089111328125","0"
"Y","1.1546603079592244","0.22889233614921192","0","1.0941359996795654","16734343511684","0.3499999940395355","0","2","1","N","51184.3557213149","1999-01-06 08:32:14.327","51184.501786148176","1999-01-06 12:02:34.327","0.10406250462722001","0.92118143840214","0.374961001537996","61646637","LOW","2","1","83.55482870848061","22.021902515068085","w2_f606w","19.38109016418457","0"
"Y","1.1546603079592244","0.22889233614921192","0","1.0941359996795654","16734343511684","0.3499999940395355","0","2","1","N","51184.3557213149","1999-01-06 08:32:14.327","51184.501786148176","1999-01-06 12:02:34.327","0.10406250462722001","0.92118143840214","0.374961001537996","61646637","LOW","2","1","83.55482870848061","22.021902515068085","w2_f450w","19.70629119873047","0"
"Y","1.060371020692492","0.04946605623675369","0","1.0941359996795654","16734343511740","0.3499999940395355","0","2","1","N","51184.3557213149","1999-01-06 08:32:14.327","51184.501786148176","1999-01-06 12:02:34.327","0.10406355062929423","0.9211803529564085","0.37496337788887457","99044317","LOW","2","1","83.55475693823696","22.02204938560285","w2_f606w","19.770891189575195","0"
"Y","1.0536411458434856","0.22471371684739225","0","1.0941359996795654","16734343506222","0.45499999999999996","0","2","1","N","51184.3557213149","1999-01-06 08:32:14.327","51184.501786148176","1999-01-06 12:02:34.327","0.10400106715191254","0.9211867469061942","0.3749650055084472","20304310","LOW","2","1","83.55863869084668","22.02214998083398","w2_f606w","19.35529136657715","0"
"Y","1.0607545128029385","0.048101558899354226","0","1.0941359996795654","16734343776136","0.3499999940395355","0","2","1","N","51184.3557213149","1999-01-06 08:32:14.327","51184.501786148176","1999-01-06 12:02:34.327","0.10382573640981078","0.9212785564807038","0.3747879905066491","49063395","LOW","2","1","83.57004232412162","22.011209965023394","w2_f606w","19.950090408325195","0"
"Y","1.0909195603995487","0","0","1.0941359996795654","16734343865001","0.3499999940395355","0","1","1","N","51570.526560250204","2000-01-27 12:38:14.810","51570.6240139585","2000-01-27 14:58:34.810","0.10370030243658494","0.9212953616730852","0.37478140806948534","13340302","CRAB-FIELD-1","1","1","83.57786171280048","22.010803168519537","w2_f502n","18.8284912109375","0"
"Y","1.2134482120645458","0","0","1.0941359996795654","16734343861587","0.3499999940395355","0","1","1","N","51570.526560250204","2000-01-27 12:38:14.810","51570.6240139585","2000-01-27 14:58:34.810","0.10361244345059895","0.9213143651835427","0.37475899197878787","105440666","CRAB-FIELD-1","1","1","83.58338865126227","22.009417856450064","w2_f502n","19.704490661621094","0"
"Y","1.5315463838651198","0.7743149743833201","0","1.0941359996795654","16734343884222","0.3499999940395355","0","2","1","N","51570.39531025011","2000-01-27 09:29:14.810","51570.6240139585","2000-01-27 14:58:34.810","0.10350593480962615","0.9212937528311016","0.3748390887485307","101021106","CRAB-FIELD-1","2","1","83.58978747173614","22.014367890725453","w2_f502n","19.904390335083008","0"
"Y","1.144022982696007","0","0","1.0941359996795654","16734343897785","0.3499999940395355","0","1","1","N","51570.526560250204","2000-01-27 12:38:14.810","51570.6240139585","2000-01-27 14:58:34.810","0.10358088081213425","0.9212410674543764","0.3749478587296298","71643487","CRAB-FIELD-1","1","1","83.58482087462389","22.02109022561465","w2_f502n","19.727991104125977","0"
"Y","1.0934002115964474","0.05890157576077839","16.369713422501018","1.0941359996795654","16734343709695","0.24499999582767487","0.09036960987252109","5","7","N","51570.39531025011","2000-01-27 09:29:14.810","56383.33731733775","2013-04-01 08:05:44.220","0.10351840970033756","0.9212251769167293","0.3750041496696216","92939824","V-CM-TAU","10","1","83.58854806398828","22.02456931211291","w2_f502n","18.953691482543945","0"
"Y","1.0934002115964474","0.05890157576077839","16.369713422501018","1.0941359996795654","16734343709695","0.24499999582767487","0.09036960987252109","5","7","N","51570.39531025011","2000-01-27 09:29:14.810","56383.33731733775","2013-04-01 08:05:44.220","0.10351840970033756","0.9212251769167293","0.3750041496696216","92939824","V-CM-TAU","10","1","83.58854806398828","22.02456931211291","w2_f673n","18.233091354370117","0"
"Y","1.0934002115964474","0.05890157576077839","16.369713422501018","1.0941359996795654","16734343709695","0.24499999582767487","0.09036960987252109","5","7","N","51570.39531025011","2000-01-27 09:29:14.810","56383.33731733775","2013-04-01 08:05:44.220","0.10351840970033756","0.9212251769167293","0.3750041496696216","92939824","V-CM-TAU","10","1","83.58854806398828","22.02456931211291","w2_f631n","18.40829086303711","0"
"Y","1.0934002115964474","0.05890157576077839","16.369713422501018","1.0941359996795654","16734343709695","0.24499999582767487","0.09036960987252109","5","7","N","51570.39531025011","2000-01-27 09:29:14.810","56383.33731733775","2013-04-01 08:05:44.220","0.10351840970033756","0.9212251769167293","0.3750041496696216","92939824","V-CM-TAU","10","6","83.58854806398828","22.02456931211291","a_f550m","18.613699913024902","0.018949508666992188"
"Y","1.0934002115964474","0.05890157576077839","16.369713422501018","1.0941359996795654","16734343709695","0.24499999582767487","0.09036960987252109","5","7","N","51570.39531025011","2000-01-27 09:29:14.810","56383.33731733775","2013-04-01 08:05:44.220","0.10351840970033756","0.9212251769167293","0.3750041496696216","92939824","V-CM-TAU","10","1","83.58854806398828","22.02456931211291","w2_f547m","18.906190872192383","0"
"Y","1.460804610416807","0","0","1.0941359996795654","16734343568079","0.3499999940395355","0","1","1","N","51569.52031025011","2000-01-26 12:29:14.810","51569.617763958406","2000-01-26 14:49:34.810","0.10363234385739678","0.9211650900126778","0.37512026637944246","57159995","CRAB-FIELD-2","1","1","83.58113518837547","22.031746226871636","w2_f502n","19.211000442504883","0"
"Y","1.2729884564191445","0","0","1.0941359996795654","16734343688180","0.3499999940395355","0","1","1","N","51569.52031025011","2000-01-26 12:29:14.810","51569.617763958406","2000-01-26 14:49:34.810","0.10357724725561696","0.9211766107607666","0.3751071921974808","37433022","CRAB-FIELD-2","1","1","83.58459891338266","22.03093812268482","w2_f502n","19.885400772094727","0"
"Y","2.092873502051693","0","0","1.0941359996795654","16734343684642","0.3499999940395355","0","1","1","N","51569.52031025011","2000-01-26 12:29:14.810","51569.617763958406","2000-01-26 14:49:34.810","0.10355073289107478","0.9211725412286834","0.37512450600304653","10823574","CRAB-FIELD-2","1","1","83.58619938353318","22.032008275429927","w2_f502n","19.64739990234375","0"
"Y","2.566918592120326","2.3935564789380646","0","1.0941359996795654","16734343720672","0.3499999940395355","0","2","1","N","51569.389754661825","2000-01-26 09:21:14.807","51569.68674545828","2000-01-26 16:28:54.810","0.10352739407061144","0.9211770289517248","0.37511992750137785","91372942","CRAB-FIELD-2","2","1","83.58766389738655","22.03172528104546","w2_f673n","19.860300064086914","0"
"Y","1.899437336760381","1.1595365214912725","92.74046113863879","1.0941359996795654","16734343722707","0.24499999582767487","0.09036960987252109","5","7","N","51569.389754661825","2000-01-26 09:21:14.807","56383.33731733775","2013-04-01 08:05:44.220","0.10349126507734908","0.9211883020233339","0.37510221309589215","46208425","V-CM-TAU","10","1","83.58996083629654","22.030630369801823","w2_f673n","17.329700469970703","0"
"Y","1.899437336760381","1.1595365214912725","92.74046113863879","1.0941359996795654","16734343722707","0.24499999582767487","0.09036960987252109","5","7","N","51569.389754661825","2000-01-26 09:21:14.807","56383.33731733775","2013-04-01 08:05:44.220","0.10349126507734908","0.9211883020233339","0.37510221309589215","46208425","V-CM-TAU","10","6","83.58996083629654","22.030630369801823","a_f550m","17.4552001953125","0.005499839782714844"
"Y","1.899437336760381","1.1595365214912725","92.74046113863879","1.0941359996795654","16734343722707","0.24499999582767487","0.09036960987252109","5","7","N","51569.389754661825","2000-01-26 09:21:14.807","56383.33731733775","2013-04-01 08:05:44.220","0.10349126507734908","0.9211883020233339","0.37510221309589215","46208425","V-CM-TAU","10","1","83.58996083629654","22.030630369801823","w2_f631n","17.575700759887695","0"
"Y","1.899437336760381","1.1595365214912725","92.74046113863879","1.0941359996795654","16734343722707","0.24499999582767487","0.09036960987252109","5","7","N","51569.389754661825","2000-01-26 09:21:14.807","56383.33731733775","2013-04-01 08:05:44.220","0.10349126507734908","0.9211883020233339","0.37510221309589215","46208425","V-CM-TAU","10","1","83.58996083629654","22.030630369801823","w2_f547m","18.87929916381836","0"
"Y","1.899437336760381","1.1595365214912725","92.74046113863879","1.0941359996795654","16734343722707","0.24499999582767487","0.09036960987252109","5","7","N","51569.389754661825","2000-01-26 09:21:14.807","56383.33731733775","2013-04-01 08:05:44.220","0.10349126507734908","0.9211883020233339","0.37510221309589215","46208425","V-CM-TAU","10","1","83.58996083629654","22.030630369801823","w2_f502n","17.947599411010742","0"
"Y","1.1984476839096807","0.33502451180141496","35.82460367911389","1.7212369441986084","16734347923863","0.2099999964237213","0.07181848342289927","5","17","N","51570.39531025011","2000-01-27 09:29:14.810","57491.28130570147","2016-04-13 06:45:04.813","0.10327201798116051","0.9215023173667586","0.3743906641344501","73575312","V-CM-TAU","20","1","83.60558955138292","21.986657172068732","w2_f502n","18.22149085998535","0"
"Y","1.1984476839096807","0.33502451180141496","35.82460367911389","1.7212369441986084","16734347923863","0.2099999964237213","0.07181848342289927","5","17","N","51570.39531025011","2000-01-27 09:29:14.810","57491.28130570147","2016-04-13 06:45:04.813","0.10327201798116051","0.9215023173667586","0.3743906641344501","73575312","V-CM-TAU","20","1","83.60558955138292","21.986657172068732","w2_f673n","17.02229118347168","0"
"Y","1.1984476839096807","0.33502451180141496","35.82460367911389","1.7212369441986084","16734347923863","0.2099999964237213","0.07181848342289927","5","17","N","51570.39531025011","2000-01-27 09:29:14.810","57491.28130570147","2016-04-13 06:45:04.813","0.10327201798116051","0.9215023173667586","0.3743906641344501","73575312","V-CM-TAU","20","1","83.60558955138292","21.986657172068732","w2_f631n","17.286291122436523","0"
"Y","1.1984476839096807","0.33502451180141496","35.82460367911389","1.7212369441986084","16734347923863","0.2099999964237213","0.07181848342289927","5","17","N","51570.39531025011","2000-01-27 09:29:14.810","57491.28130570147","2016-04-13 06:45:04.813","0.10327201798116051","0.9215023173667586","0.3743906641344501","73575312","V-CM-TAU","20","16","83.60558955138292","21.986657172068732","a_f550m","17.668999671936035","0.014949798583984375"
"Y","1.1984476839096807","0.33502451180141496","35.82460367911389","1.7212369441986084","16734347923863","0.2099999964237213","0.07181848342289927","5","17","N","51570.39531025011","2000-01-27 09:29:14.810","57491.28130570147","2016-04-13 06:45:04.813","0.10327201798116051","0.9215023173667586","0.3743906641344501","73575312","V-CM-TAU","20","1","83.60558955138292","21.986657172068732","w2_f547m","18.53089141845703","0"
"Y","0.9159769820070814","0","0","1.0941359996795654","16734347212308","0.3499999940395355","0","1","1","N","51570.526560250204","2000-01-27 12:38:14.810","51570.6240139585","2000-01-27 14:58:34.810","0.10335036367799424","0.9214798572058381","0.3744243249202405","58513442","CRAB-FIELD-1","1","1","83.60062407719663","21.988737076396106","w2_f502n","19.833391189575195","0"
"Y","0.8300000223620184","0","0","1.7212369441986084","16734347926625","0.3499999940395355","0","1","1","N","51570.526560250204","2000-01-27 12:38:14.810","51570.6240139585","2000-01-27 14:58:34.810","0.10327095889670967","0.9214832387531154","0.37443791173711266","44905169","CRAB-FIELD-1","1","1","83.60552329125727","21.989576616208943","w2_f502n","19.428791046142578","0"
"Y","1.1385484594112518","0.2169852654052117","21.030884911122094","1.0941359996795654","16734342951227","0.24499999582767487","0.09036960987252109","5","7","N","51570.39531025011","2000-01-27 09:29:14.810","56383.33731733775","2013-04-01 08:05:44.220","0.10346381221676684","0.9214452088223256","0.37447825931754775","74436693","V-CM-TAU","10","1","83.59341890979027","21.992069753349906","w2_f673n","19.77389144897461","0"
"Y","1.1385484594112518","0.2169852654052117","21.030884911122094","1.0941359996795654","16734342951227","0.24499999582767487","0.09036960987252109","5","7","N","51570.39531025011","2000-01-27 09:29:14.810","56383.33731733775","2013-04-01 08:05:44.220","0.10346381221676684","0.9214452088223256","0.37447825931754775","74436693","V-CM-TAU","10","1","83.59341890979027","21.992069753349906","w2_f631n","19.947891235351562","0"
"Y","1.3263218704311328","0","0","1.0941359996795654","16734342951242","0.3499999940395355","0","1","1","N","51570.526560250204","2000-01-27 12:38:14.810","51570.6240139585","2000-01-27 14:58:34.810","0.10346432267927626","0.9214394771790851","0.37449222131958027","52003386","CRAB-FIELD-1","1","1","83.59334804445554","21.992932496489765","w2_f502n","19.993091583251953","0"
"Y","0.8885057493187916","0","0","1.0941359996795654","16734342940949","0.3499999940395355","0","1","1","N","51570.526560250204","2000-01-27 12:38:14.810","51570.6240139585","2000-01-27 14:58:34.810","0.10337241127733433","0.9214427851413571","0.37450946356273224","99427417","CRAB-FIELD-1","1","1","83.59901485445623","21.99399794024453","w2_f502n","19.730491638183594","0"
"Y","2.5669367196756836","0.056625315071827845","0","1.7212369441986084","16734347920129","0.3499999940395355","0","2","1","N","51570.526560250204","2000-01-27 12:38:14.810","51570.69368987018","2000-01-27 16:38:54.807","0.10328665530590682","0.921443973940509","0.37453019868205156","48116711","CRAB-FIELD-1","2","1","83.60428916508775","21.995279228643337","w2_f502n","19.960790634155273","0"
"Y","1.1159504583425075","0.11071950122237062","20.98663017718167","1.7212369441986084","16734347972334","0.2019230734843474","0.06439063367398","5","23","N","51475.62793526845","1999-10-24 15:04:13.610","57607.32353999093","2016-08-07 07:45:53.857","0.10311673708191256","0.921522558865608","0.37438364285434383","105746663","V-CM-TAU","26","1","83.61526388211173","21.98622333010002","w2_f631n","16.29129981994629","0"
"Y","1.1159504583425075","0.11071950122237062","20.98663017718167","1.7212369441986084","16734347972334","0.2019230734843474","0.06439063367398","5","23","N","51475.62793526845","1999-10-24 15:04:13.610","57607.32353999093","2016-08-07 07:45:53.857","0.10311673708191256","0.921522558865608","0.37438364285434383","105746663","V-CM-TAU","26","22","83.61526388211173","21.98622333010002","a_f550m","18.616350173950195","0.030600547790527344"
"Y","2.0427206371907323","2.0172626875036808","30.156760813359924","1.7212369441986084","16734347975707","0.2337096744391226","0.10476137799783682","5","25","N","51475.62793526845","1999-10-24 15:04:13.610","57607.32353999093","2016-08-07 07:45:53.857","0.10314750470839361","0.9214928585659348","0.3744482659672592","61484605","V-CM-TAU","31","2","83.61317042066439","21.990216415337105","w2_f631n","15.718395233154297","0.8531951904296875"
"Y","2.0427206371907323","2.0172626875036808","30.156760813359924","1.7212369441986084","16734347975707","0.2337096744391226","0.10476137799783682","5","25","N","51475.62793526845","1999-10-24 15:04:13.610","57607.32353999093","2016-08-07 07:45:53.857","0.10314750470839361","0.9214928585659348","0.3744482659672592","61484605","V-CM-TAU","31","2","83.61317042066439","21.990216415337105","w2_f547m","18.855595588684082","0.859004020690918"
"Y","2.0427206371907323","2.0172626875036808","30.156760813359924","1.7212369441986084","16734347975707","0.2337096744391226","0.10476137799783682","5","25","N","51475.62793526845","1999-10-24 15:04:13.610","57607.32353999093","2016-08-07 07:45:53.857","0.10314750470839361","0.9214928585659348","0.3744482659672592","61484605","V-CM-TAU","31","2","83.61317042066439","21.990216415337105","w2_f502n","18.207595825195312","1.2256050109863281"
"Y","2.0427206371907323","2.0172626875036808","30.156760813359924","1.7212369441986084","16734347975707","0.2337096744391226","0.10476137799783682","5","25","N","51475.62793526845","1999-10-24 15:04:13.610","57607.32353999093","2016-08-07 07:45:53.857","0.10314750470839361","0.9214928585659348","0.3744482659672592","61484605","V-CM-TAU","31","2","83.61317042066439","21.990216415337105","w2_f673n","17.77494525909424","1.0680551528930664"
"Y","2.0427206371907323","2.0172626875036808","30.156760813359924","1.7212369441986084","16734347975707","0.2337096744391226","0.10476137799783682","5","25","N","51475.62793526845","1999-10-24 15:04:13.610","57607.32353999093","2016-08-07 07:45:53.857","0.10314750470839361","0.9214928585659348","0.3744482659672592","61484605","V-CM-TAU","31","23","83.61317042066439","21.990216415337105","a_f550m","18.154300689697266","0.3339996337890625"
"Y","1.9367593306082265","0","0","1.7212369441986084","16734347975708","0.19550000131130219","0","1","1","N","55998.39691444673","2012-03-12 09:31:33.413","55998.42567665037","2012-03-12 10:12:58.463","0.1031477495617231","0.9214925176834958","0.3744490374066147","60247851","V-CM-TAU","1","1","83.61315304165467","21.990264083534075","a_f550m","19.571300506591797","0"
"Y","3.273671829896312","0.134902091886857","0","1.7212369441986084","16734347976522","0.4549999999999999","6.798699777552591e-17","3","1","N","51475.64251867123","1999-10-24 15:25:13.617","51475.925620592665","1999-10-24 22:12:53.620","0.10315069110355692","0.9214845237693732","0.37446789899832095","75498836","CRAB-FIELD-3","3","1","83.61291745845818","21.991429569593734","w2_f631n","19.044300079345703","0"
"Y","3.9277075965953765","0.45542350521521824","0","1.7212369441986084","16734347930675","0.45499999999999996","0","4","1","N","51475.62793526845","1999-10-24 15:04:13.610","51475.925620592665","1999-10-24 22:12:53.620","0.10319726436436102","0.9214665011929807","0.3744994149645067","92669090","CRAB-FIELD-3","4","1","83.60993354918523","21.99337700982405","w2_f631n","18.91029930114746","0"
"Y","3.388894336222993","0.24446100925588582","0","1.7212369441986084","16734347929065","0.4549999999999999","6.798699777552591e-17","3","1","N","51475.64251867123","1999-10-24 15:25:13.617","51475.925620592665","1999-10-24 22:12:53.620","0.10319962683576075","0.9214631583739216","0.37450698896336737","97487058","CRAB-FIELD-3","3","1","83.60976548273344","21.99384502770333","w2_f631n","19.258800506591797","0"
"Y","1.040984840706141","0.06960325314635053","11.663363743380877","1.7212369441986084","16734347663413","0.17499999701976776","0","1","11","N","56627.23378030071","2013-12-01 05:36:38.620","57607.32353999093","2016-08-07 07:45:53.857","0.10320337295770515","0.9214459290748739","0.3745483461497846","28360019","CRAB-NEBULA","11","11","83.60941693658354","21.996400627369948","a_f550m","18.03569984436035","0.04509925842285156"
"Y","0.9988105449921043","0.054848313809295814","15.159957260811373","1.7212369441986084","16734347663415","0.17499999701976776","0","1","13","N","55543.21419592574","2010-12-13 05:08:26.530","56760.93008142151","2014-04-13 22:19:19.040","0.1032034353406","0.9214458476336893","0.37454852931717314","52685107","V-CM-TAU","13","13","83.6094125454997","21.996411946012056","a_f550m","18.01099967956543","0.019100189208984375"
"Y","1.17247315251258","0.18899628222815393","0","1.7212369441986084","16734347663412","0.45499999999999996","0","4","1","N","51475.62793526845","1999-10-24 15:04:13.610","51475.925620592665","1999-10-24 22:12:53.620","0.1032036888533805","0.921445486388427","0.3745493481817955","87713808","CRAB-FIELD-3","4","1","83.60939449263554","21.996462546870895","w2_f673n","19.933500289916992","0"
"Y","1.17247315251258","0.18899628222815393","0","1.7212369441986084","16734347663412","0.45499999999999996","0","4","1","N","51475.62793526845","1999-10-24 15:04:13.610","51475.925620592665","1999-10-24 22:12:53.620","0.1032036888533805","0.921445486388427","0.3745493481817955","87713808","CRAB-FIELD-3","4","1","83.60939449263554","21.996462546870895","w2_f631n","15.972400665283203","0"
"Y","3.835030180510852","1.3552331059784484","0","1.7212369441986084","16734347928038","0.4549999999999999","6.798699777552591e-17","3","1","N","51475.64251867123","1999-10-24 15:25:13.617","51475.925620592665","1999-10-24 22:12:53.620","0.10315400639025281","0.9214603508836289","0.37452646464165573","104047287","CRAB-FIELD-3","3","1","83.61254769837066","21.995048489641928","w2_f631n","19.465700149536133","0"
"Y","2.8456469010427274","0.10164286723710739","0","1.7212369441986084","16734347957898","0.3499999940395355","0","4","1","N","51570.39531025011","2000-01-27 09:29:14.810","51570.69368987018","2000-01-27 16:38:54.807","0.10308609446358726","0.9214875062284961","0.3744783478299168","78489012","CRAB-FIELD-1","4","1","83.61690474245056","21.992075222722672","w2_f673n","19.99159049987793","0"
"Y","2.8456469010427274","0.10164286723710739","0","1.7212369441986084","16734347957898","0.3499999940395355","0","4","1","N","51570.39531025011","2000-01-27 09:29:14.810","51570.69368987018","2000-01-27 16:38:54.807","0.10308609446358726","0.9214875062284961","0.3744783478299168","78489012","CRAB-FIELD-1","4","1","83.61690474245056","21.992075222722672","w2_f502n","19.606590270996094","0"
"Y","2.6288218276445257","0.20127267181682798","0","1.7212369441986084","16734347960103","0.3499999940395355","0","4","1","N","51570.39531025011","2000-01-27 09:29:14.810","51570.69368987018","2000-01-27 16:38:54.807","0.10307354770218141","0.921478375038874","0.37450426980233426","21246927","CRAB-FIELD-1","4","1","83.6176125049615","21.993677003226843","w2_f673n","18.762691497802734","0"
"Y","2.0632558090742243","0.0925817277575653","0","1.7212369441986084","16734347959295","0.3499999940395355","0","2","1","N","51475.64251867123","1999-10-24 15:25:13.617","51475.925620592665","1999-10-24 22:12:53.620","0.10303865562028276","0.9214797489193067","0.37451049088305366","2531489","CRAB-FIELD-3","2","1","83.61976466217345","21.994061421316466","w2_f631n","19.322399139404297","0"
"Y","2.540523229643356","0.22454743108224498","0","1.7212369441986084","16734347959256","0.3499999940395355","0","2","1","N","51475.64251867123","1999-10-24 15:25:13.617","51475.925620592665","1999-10-24 22:12:53.620","0.10303826323930838","0.9214786575158602","0.3745132842147108","101836053","CRAB-FIELD-3","2","1","83.6197812639233","21.994234029489327","w2_f631n","19.98189926147461","0"
"Y","3.258362317174497","0.39968551359312404","0","1.7212369441986084","16734347661934","0.4549999999999999","6.798699777552591e-17","3","1","N","51475.64251867123","1999-10-24 15:25:13.617","51475.925620592665","1999-10-24 22:12:53.620","0.10314260584183116","0.9214566357399384","0.37453874474201976","100693889","CRAB-FIELD-3","3","1","83.6132222665816","21.99580731998372","w2_f631n","19.438800811767578","0"
"Y","3.14996131630831","1.3345907599593385","0","1.7212369441986084","16734347682584","0.3499999940395355","0","3","1","N","51475.62793526845","1999-10-24 15:04:13.610","51475.925620592665","1999-10-24 22:12:53.620","0.10306481169162149","0.9214594744893438","0.3745531757531231","25870270","CRAB-FIELD-3","3","1","83.61801916022202","21.99669906780979","w2_f631n","19.85610008239746","0"
"Y","1.2285057155565284","0","0","1.0941359996795654","16734342952991","0.3499999940395355","0","1","1","N","51570.526560250204","2000-01-27 12:38:14.810","51570.6240139585","2000-01-27 14:58:34.810","0.10342351552914952","0.9214177320303861","0.37455699103867984","100757405","CRAB-FIELD-1","1","1","83.5957040016054","21.996934829972552","w2_f502n","19.580490112304688","0"
"Y","1.0498850510038178","0","0","1.0941359996795654","16734343847429","0.3499999940395355","0","1","1","N","51570.526560250204","2000-01-27 12:38:14.810","51570.6240139585","2000-01-27 14:58:34.810","0.10347036941852282","0.9213847963166651","0.3746250655912421","107782928","CRAB-FIELD-1","1","1","83.59259966396053","22.001141501694196","w2_f502n","19.543590545654297","0"
"Y","1.2068964969152691","0","0","1.0941359996795654","16734343806805","0.3499999940395355","0","1","1","N","51570.526560250204","2000-01-27 12:38:14.810","51570.6240139585","2000-01-27 14:58:34.810","0.10338484058751386","0.9213954332860376","0.37462251701768856","46867710","CRAB-FIELD-1","1","1","83.59792533707586","22.000984010165524","w2_f502n","19.45939064025879","0"
"Y","1.2722078081849333","0","0","1.0941359996795654","16734343791682","0.7275","0","1","1","N","51570.526560250204","2000-01-27 12:38:14.810","51570.6240139585","2000-01-27 14:58:34.810","0.10333816770794352","0.9213960802261635","0.3746338031183959","44569990","CRAB-FIELD-1","1","1","83.60079601621943","22.001681446830272","w2_f502n","19.6542911529541","0"
"Y","1.0264726323529652","0.0784198841317332","17.412937921301758","1.0941359996795654","16734343852738","0.24499999582767487","0.09036960987252109","5","7","N","51570.39531025011","2000-01-27 09:29:14.810","56383.33731733775","2013-04-01 08:05:44.220","0.10344714581012847","0.9213654377240916","0.3746790869434192","84551214","V-CM-TAU","10","1","83.59389235371385","22.00447984371422","w2_f673n","19.415990829467773","0"
"Y","1.0264726323529652","0.0784198841317332","17.412937921301758","1.0941359996795654","16734343852738","0.24499999582767487","0.09036960987252109","5","7","N","51570.39531025011","2000-01-27 09:29:14.810","56383.33731733775","2013-04-01 08:05:44.220","0.10344714581012847","0.9213654377240916","0.3746790869434192","84551214","V-CM-TAU","10","6","83.59389235371385","22.00447984371422","a_f550m","19.865349769592285","0.06634998321533203"
"Y","1.0264726323529652","0.0784198841317332","17.412937921301758","1.0941359996795654","16734343852738","0.24499999582767487","0.09036960987252109","5","7","N","51570.39531025011","2000-01-27 09:29:14.810","56383.33731733775","2013-04-01 08:05:44.220","0.10344714581012847","0.9213654377240916","0.3746790869434192","84551214","V-CM-TAU","10","1","83.59389235371385","22.00447984371422","w2_f631n","19.603790283203125","0"
"Y","1.7833332905824157","0","0","1.0941359996795654","16734343850345","0.3499999940395355","0","1","1","N","51570.526560250204","2000-01-27 12:38:14.810","51570.6240139585","2000-01-27 14:58:34.810","0.10338631220952094","0.921360684925892","0.3747075642696631","51857933","CRAB-FIELD-1","1","1","83.59759551646731","22.006239680544276","w2_f502n","19.7703914642334","0"
"Y","1.9759701259100615","0","0","1.0941359996795654","16734343796988","0.45499999999999996","0","1","1","N","51570.526560250204","2000-01-27 12:38:14.810","51570.6240139585","2000-01-27 14:58:34.810","0.10332657812001353","0.9213852654790966","0.3746635968603486","30248309","CRAB-FIELD-1","1","1","83.60143326834392","22.003522599462187","w2_f502n","19.874990463256836","0"
"Y","1.5562523497964125","1.0205737466645446","0","1.0941359996795654","16734343848810","0.3499999940395355","0","2","1","N","51570.39531025011","2000-01-27 09:29:14.810","51570.6240139585","2000-01-27 14:58:34.810","0.10335267100176197","0.9213532245483554","0.3747351878479375","12831609","CRAB-FIELD-1","2","1","83.59961013044101","22.0079467784664","w2_f502n","19.623390197753906","0"
"Y","1.117938434779316","0.2585733028810064","28.042251281167474","1.0941359996795654","16734343274567","0.3039285680225917","0.19250712974239853","6","23","N","50080.386308562476","1995-12-29 09:16:17.063","57491.28130570147","2016-04-13 06:45:04.813","0.10331542392354567","0.921358078882762","0.37473352353109823","45074696","V-CM-TAU","28","1","83.60193105413803","22.007843925457355","w2_f631n","19.235191345214844","0"
"Y","1.117938434779316","0.2585733028810064","28.042251281167474","1.0941359996795654","16734343274567","0.3039285680225917","0.19250712974239853","6","23","N","50080.386308562476","1995-12-29 09:16:17.063","57491.28130570147","2016-04-13 06:45:04.813","0.10331542392354567","0.921358078882762","0.37473352353109823","45074696","V-CM-TAU","28","7","83.60193105413803","22.007843925457355","w2_f547m","19.57769012451172","0.013599395751953125"
"Y","1.117938434779316","0.2585733028810064","28.042251281167474","1.0941359996795654","16734343274567","0.3039285680225917","0.19250712974239853","6","23","N","50080.386308562476","1995-12-29 09:16:17.063","57491.28130570147","2016-04-13 06:45:04.813","0.10331542392354567","0.921358078882762","0.37473352353109823","45074696","V-CM-TAU","28","1","83.60193105413803","22.007843925457355","w2_f673n","18.931791305541992","0"
"Y","1.117938434779316","0.2585733028810064","28.042251281167474","1.0941359996795654","16734343274567","0.3039285680225917","0.19250712974239853","6","23","N","50080.386308562476","1995-12-29 09:16:17.063","57491.28130570147","2016-04-13 06:45:04.813","0.10331542392354567","0.921358078882762","0.37473352353109823","45074696","V-CM-TAU","28","16","83.60193105413803","22.007843925457355","a_f550m","19.453499794006348","0.03240013122558594"
"Y","1.117938434779316","0.2585733028810064","28.042251281167474","1.0941359996795654","16734343274567","0.3039285680225917","0.19250712974239853","6","23","N","50080.386308562476","1995-12-29 09:16:17.063","57491.28130570147","2016-04-13 06:45:04.813","0.10331542392354567","0.921358078882762","0.37473352353109823","45074696","V-CM-TAU","28","2","83.60193105413803","22.007843925457355","w2_f814w","18.726195335388184","0.011605262756347656"
"Y","1.028573549217536","0.12325011523815707","17.881290008439706","1.0941359996795654","16734343275293","0.2671666628917058","0.10459019611773007","5","24","N","50080.386308562476","1995-12-29 09:16:17.063","57491.28130570147","2016-04-13 06:45:04.813","0.10329599118828466","0.9213596011053592","0.3747351380061779","102876015","V-CM-TAU","30","2","83.60313497998642","22.007943698288337","w2_f631n","18.193944931030273","1.1351451873779297"
"Y","1.028573549217536","0.12325011523815707","17.881290008439706","1.0941359996795654","16734343275293","0.2671666628917058","0.10459019611773007","5","24","N","50080.386308562476","1995-12-29 09:16:17.063","57491.28130570147","2016-04-13 06:45:04.813","0.10329599118828466","0.9213596011053592","0.3747351380061779","102876015","V-CM-TAU","30","16","83.60313497998642","22.007943698288337","a_f550m","19.53950023651123","0.028900146484375"
"Y","1.028573549217536","0.12325011523815707","17.881290008439706","1.0941359996795654","16734343275293","0.2671666628917058","0.10459019611773007","5","24","N","50080.386308562476","1995-12-29 09:16:17.063","57491.28130570147","2016-04-13 06:45:04.813","0.10329599118828466","0.9213596011053592","0.3747351380061779","102876015","V-CM-TAU","30","8","83.60313497998642","22.007943698288337","w2_f547m","19.687146186828613","0.034801483154296875"
"Y","1.028573549217536","0.12325011523815707","17.881290008439706","1.0941359996795654","16734343275293","0.2671666628917058","0.10459019611773007","5","24","N","50080.386308562476","1995-12-29 09:16:17.063","57491.28130570147","2016-04-13 06:45:04.813","0.10329599118828466","0.9213596011053592","0.3747351380061779","102876015","V-CM-TAU","30","2","83.60313497998642","22.007943698288337","w2_f814w","18.824745178222656","0.07845497131347656"
"Y","1.0836250442748718","0.22375949838983591","26.7608586657441","1.7212369441986084","16734347670149","0.24499999582767487","0.08682431273383667","3","38","N","50080.386308562476","1995-12-29 09:16:17.063","57607.32353999093","2016-08-07 07:45:53.857","0.10315906735651631","0.9214258890765586","0.37460984739169956","66464187","V-CM-TAU","40","24","83.61199997513113","22.00020108115276","a_f550m","19.814200401306152","0.03365039825439453"
"Y","1.0836250442748718","0.22375949838983591","26.7608586657441","1.7212369441986084","16734347670149","0.24499999582767487","0.08682431273383667","3","38","N","50080.386308562476","1995-12-29 09:16:17.063","57607.32353999093","2016-08-07 07:45:53.857","0.10315906735651631","0.9214258890765586","0.37460984739169956","66464187","V-CM-TAU","40","14","83.61199997513113","22.00020108115276","w2_f547m","19.847496032714844","0.02279949188232422"
"Y","1.0836250442748718","0.22375949838983591","26.7608586657441","1.7212369441986084","16734347670149","0.24499999582767487","0.08682431273383667","3","38","N","50080.386308562476","1995-12-29 09:16:17.063","57607.32353999093","2016-08-07 07:45:53.857","0.10315906735651631","0.9214258890765586","0.37460984739169956","66464187","V-CM-TAU","40","2","83.61199997513113","22.00020108115276","w2_f814w","19.128395080566406","0.03930473327636719"
"Y","3.724784094653998","0.2675819766242131","0","1.7212369441986084","16734347659347","0.45499999999999996","0","4","1","N","51570.39531025011","2000-01-27 09:29:14.810","51570.69368987018","2000-01-27 16:38:54.807","0.10322773105327258","0.9214138325893761","0.3746205876014729","1689660","CRAB-FIELD-1","4","1","83.60770029326305","22.00086478017033","w2_f502n","19.95069122314453","0"
"Y","3.2796108432955027","0.23734895984478518","0","1.7212369441986084","16734347659267","0.45499999999999996","0","4","1","N","51570.39531025011","2000-01-27 09:29:14.810","51570.69368987018","2000-01-27 16:38:54.807","0.10321583074058445","0.9214069725478244","0.3746407388753857","7694376","CRAB-FIELD-1","4","1","83.60838391985311","22.002110051053766","w2_f502n","19.969390869140625","0"
"Y","2.695846081757242","0.2822257806312967","0","1.7212369441986084","16734347664925","0.3499999940395355","0","3","1","N","51475.64251867123","1999-10-24 15:25:13.617","51475.925620592665","1999-10-24 22:12:53.620","0.10312063179465866","0.9214412150538686","0.37458273118274776","50856476","CRAB-FIELD-3","3","1","83.61446571959172","21.99852542928039","w2_f631n","19.688800811767578","0"
"Y","1.3264624514403287","0.68696921506092","77.5960851458047","1.7212369441986084","16734347663064","0.2523255770982698","0.08793496390040499","5","39","N","50080.386308562476","1995-12-29 09:16:17.063","57607.32353999093","2016-08-07 07:45:53.857","0.1031224053776315","0.921438085192101","0.37458994202697377","100394064","V-CM-TAU","43","15","83.6143352902353","21.99897102300114","w2_f547m","19.577999114990234","0.03869819641113281"
"Y","1.3264624514403287","0.68696921506092","77.5960851458047","1.7212369441986084","16734347663064","0.2523255770982698","0.08793496390040499","5","39","N","50080.386308562476","1995-12-29 09:16:17.063","57607.32353999093","2016-08-07 07:45:53.857","0.1031224053776315","0.921438085192101","0.37458994202697377","100394064","V-CM-TAU","43","2","83.6143352902353","21.99897102300114","w2_f814w","19.306645393371582","0.16274547576904297"
"Y","1.3264624514403287","0.68696921506092","77.5960851458047","1.7212369441986084","16734347663064","0.2523255770982698","0.08793496390040499","5","39","N","50080.386308562476","1995-12-29 09:16:17.063","57607.32353999093","2016-08-07 07:45:53.857","0.1031224053776315","0.921438085192101","0.37458994202697377","100394064","V-CM-TAU","43","1","83.6143352902353","21.99897102300114","w2_f631n","17.170400619506836","0"
"Y","1.3264624514403287","0.68696921506092","77.5960851458047","1.7212369441986084","16734347663064","0.2523255770982698","0.08793496390040499","5","39","N","50080.386308562476","1995-12-29 09:16:17.063","57607.32353999093","2016-08-07 07:45:53.857","0.1031224053776315","0.921438085192101","0.37458994202697377","100394064","V-CM-TAU","43","24","83.6143352902353","21.99897102300114","a_f550m","19.521650314331055","0.03404998779296875"
"Y","1.236398202308165","0.4155867709142211","40.096672839357865","1.7212369441986084","16734347669619","0.2545454502105713","0.08814508358802821","6","39","N","50080.386308562476","1995-12-29 09:16:17.063","57607.32353999093","2016-08-07 07:45:53.857","0.10313255954985993","0.9214207584107721","0.37462976541061493","100159365","V-CM-TAU","44","24","83.61359260829128","22.001431931955103","a_f550m","18.34220027923584","0.03480052947998047"
"Y","1.236398202308165","0.4155867709142211","40.096672839357865","1.7212369441986084","16734347669619","0.2545454502105713","0.08814508358802821","6","39","N","50080.386308562476","1995-12-29 09:16:17.063","57607.32353999093","2016-08-07 07:45:53.857","0.10313255954985993","0.9214207584107721","0.37462976541061493","100159365","V-CM-TAU","44","1","83.61359260829128","22.001431931955103","w2_f673n","19.9955997467041","0"
"Y","1.236398202308165","0.4155867709142211","40.096672839357865","1.7212369441986084","16734347669619","0.2545454502105713","0.08814508358802821","6","39","N","50080.386308562476","1995-12-29 09:16:17.063","57607.32353999093","2016-08-07 07:45:53.857","0.10313255954985993","0.9214207584107721","0.37462976541061493","100159365","V-CM-TAU","44","2","83.61359260829128","22.001431931955103","w2_f814w","18.644044876098633","0.06915473937988281"
"Y","1.236398202308165","0.4155867709142211","40.096672839357865","1.7212369441986084","16734347669619","0.2545454502105713","0.08814508358802821","6","39","N","50080.386308562476","1995-12-29 09:16:17.063","57607.32353999093","2016-08-07 07:45:53.857","0.10313255954985993","0.9214207584107721","0.37462976541061493","100159365","V-CM-TAU","44","1","83.61359260829128","22.001431931955103","w2_f631n","16.021299362182617","0"
"Y","1.236398202308165","0.4155867709142211","40.096672839357865","1.7212369441986084","16734347669619","0.2545454502105713","0.08814508358802821","6","39","N","50080.386308562476","1995-12-29 09:16:17.063","57607.32353999093","2016-08-07 07:45:53.857","0.10313255954985993","0.9214207584107721","0.37462976541061493","100159365","V-CM-TAU","44","15","83.61359260829128","22.001431931955103","w2_f547m","18.78190040588379","0.07229042053222656"
"Y","0.8730681782419031","0","0","1.7212369441986084","16734347720246","0.3499999940395355","0","1","1","N","49406.28423086554","1994-02-23 06:49:17.550","49406.36779565737","1994-02-23 08:49:37.550","0.10305311925146277","0.9214290801471541","0.3746311584375437","102597463","CRAB-NEB-A","1","1","83.6185284504636","22.001518015638084","w2_f487n","19.343000411987305","0"
"Y","3.436828842563811","2.4877452691480384","195.82271335304085","1.7212369441986084","16734347722298","0.3499999940395355","0","2","2","N","49407.41756419884","1994-02-24 10:01:17.550","51475.63835196989","1999-10-24 15:19:13.613","0.10305801573747994","0.9214278468116648","0.3746328449469857","41096450","CRAB-NEB-A","2","1","83.61821926993261","22.001622235464417","w2_f469n","19.82990074157715","0"
"Y","3.1051265432060178","0.33329822133551135","0","1.7212369441986084","16734343281450","0.4549999999999999","6.798699777552591e-17","3","1","N","51570.40989353694","2000-01-27 09:50:14.807","51570.69368987018","2000-01-27 16:38:54.807","0.1032344065011095","0.9213946130243296","0.3746660171464844","62184295","CRAB-FIELD-1","3","1","83.60715810023022","22.003672166021527","w2_f673n","19.8151912689209","0"
"Y","4.567842951821599","2.2746466848216853","0","1.7212369441986084","16734343279306","0.4549999999999999","6.798699777552591e-17","3","1","N","51570.39531025011","2000-01-27 09:29:14.810","51570.69368987018","2000-01-27 16:38:54.807","0.10322625899827999","0.921379984526095","0.37470423478817755","22901103","CRAB-FIELD-1","3","1","83.60755781252851","22.006033924703466","w2_f502n","19.913490295410156","0"
"Y","3.4621570271259228","0.26753198707287545","0","1.7212369441986084","16734343273094","0.4549999999999999","6.798699777552591e-17","3","1","N","51570.39531025011","2000-01-27 09:29:14.810","51570.69368987018","2000-01-27 16:38:54.807","0.10319577942561403","0.9213893090217137","0.37468970139238467","12297133","CRAB-FIELD-1","3","1","83.60949382647131","22.00513579103159","w2_f502n","19.973291397094727","0"
"Y","4.066423922152291","0.45551213875267493","0","1.7212369441986084","16734343272326","0.45499999999999996","0","2","1","N","51570.526560250204","2000-01-27 12:38:14.810","51570.69368987018","2000-01-27 16:38:54.807","0.10321351630008174","0.9213760078737059","0.37471752316639645","64836631","CRAB-FIELD-1","2","1","83.60831303440841","22.00685512385501","w2_f502n","19.98409080505371","0"
"Y","1.6679310250556332","0","0","1.7212369441986084","16734343270560","0.3499999940395355","0","1","1","N","49722.15436426131","1995-01-05 03:42:17.073","49722.375429053325","1995-01-05 09:00:37.073","0.1031409784614855","0.9213826525449846","0.3747211578674342","58362284","NGC1952-BRTFIL","1","1","83.61281361853493","22.00707974299599","w2_f502n","19.245500564575195","0"
"Y","2.5054069452507552","0.023597530401615663","67.62772092481826","1.7212369441986084","16734343271331","0.3499999940395355","0","2","2","N","49457.16964748595","1994-04-15 04:04:17.547","49721.5712623517","1995-01-04 13:42:37.070","0.10314249726717636","0.9213816304823184","0.3747232529051586","51170343","NGC1952-BRTFIL","2","1","83.61271331445772","22.00720921342019","w2_f658n","19.9768009185791","0"
"Y","1.4604005235686464","0.21040090699101183","25.1582687896687","1.7212369441986084","16734343327029","0.3499999940395355","0","2","7","N","50080.386308562476","1995-12-29 09:16:17.063","52018.775172370486","2001-04-19 18:36:14.897","0.10316483441375325","0.9213711956360703","0.3747427608279156","28122387","CRAB-PULSAR-POS1","9","2","83.61126972622019","22.008414781467366","w2_f814w","18.796945571899414","0.1258544921875"
"Y","1.4604005235686464","0.21040090699101183","25.1582687896687","1.7212369441986084","16734343327029","0.3499999940395355","0","2","7","N","50080.386308562476","1995-12-29 09:16:17.063","52018.775172370486","2001-04-19 18:36:14.897","0.10316483441375325","0.9213711956360703","0.3747427608279156","28122387","CRAB-PULSAR-POS1","9","7","83.61126972622019","22.008414781467366","w2_f547m","19.198890686035156","0.04519081115722656"
"Y","1.0650411954332213","0.11243891339380674","12.372417053009757","1.7212369441986084","16734343327034","0.18666666359813125","0.04755563451172375","4","27","N","49719.473114226945","1995-01-02 11:21:17.070","57607.32353999093","2016-08-07 07:45:53.857","0.1031644126720461","0.921371250607016","0.37474274177683486","81177126","V-CM-TAU","27","1","83.61129600565772","22.008413604113485","w2_f673n","18.51180076599121","0"
"Y","1.0650411954332213","0.11243891339380674","12.372417053009757","1.7212369441986084","16734343327034","0.18666666359813125","0.04755563451172375","4","27","N","49719.473114226945","1995-01-02 11:21:17.070","57607.32353999093","2016-08-07 07:45:53.857","0.1031644126720461","0.921371250607016","0.37474274177683486","81177126","V-CM-TAU","27","1","83.61129600565772","22.008413604113485","w3_f555w","19.253999710083008","0"
"Y","1.0650411954332213","0.11243891339380674","12.372417053009757","1.7212369441986084","16734343327034","0.18666666359813125","0.04755563451172375","4","27","N","49719.473114226945","1995-01-02 11:21:17.070","57607.32353999093","2016-08-07 07:45:53.857","0.1031644126720461","0.921371250607016","0.37474274177683486","81177126","V-CM-TAU","27","1","83.61129600565772","22.008413604113485","w2_f547m","19.217199325561523","0"
"Y","1.0650411954332213","0.11243891339380674","12.372417053009757","1.7212369441986084","16734343327034","0.18666666359813125","0.04755563451172375","4","27","N","49719.473114226945","1995-01-02 11:21:17.070","57607.32353999093","2016-08-07 07:45:53.857","0.1031644126720461","0.921371250607016","0.37474274177683486","81177126","V-CM-TAU","27","24","83.61129600565772","22.008413604113485","a_f550m","19.08009910583496","0.049648284912109375"
"Y","2.871395558434821","0.46989975457597605","147.89577932919784","1.7212369441986084","16734347722015","0.3499999940395355","0","4","5","N","49457.16964748595","1994-04-15 04:04:17.547","51475.925620592665","1999-10-24 22:12:53.620","0.10306120670548094","0.9214130778843967","0.37466829006079255","48078284","NGC1952-BRTFIL","6","1","83.6179218523603","22.003812625570376","w2_f658n","19.762500762939453","0"
"Y","0.9317045184698972","0","0","1.7212369441986084","16734347722118","0.3499999940395355","0","1","1","N","49406.28423086554","1994-02-23 06:49:17.550","49406.36779565737","1994-02-23 08:49:37.550","0.10304144201834659","0.9214130057570947","0.3746739036133169","73467071","CRAB-NEB-A","1","1","83.61913519186653","22.004159527552098","w2_f487n","19.85650062561035","0"
"Y","2.2410000695122614","0","0","1.7212369441986084","16734347713131","0.3499999940395355","0","1","1","N","49407.28978644917","1994-02-24 06:57:17.550","49407.37335124053","1994-02-24 08:57:37.550","0.10304976358276627","0.9214044624354255","0.3746926244669697","77354968","CRAB-NEB-A","1","1","83.61856544745734","22.005316430511698","w2_f375n","18.047100067138672","0"
"Y","1.1601768039917149","0.5411664835140612","79.97420121502905","1.7212369441986084","16734343323898","0.2396777764790588","0.09815110641113327","5","33","N","49723.69950313633","1995-01-06 16:47:17.073","57607.32353999093","2016-08-07 07:45:53.857","0.10312662145199102","0.9213765095793751","0.3747402134069926","87164825","V-CM-TAU","36","1","83.61365312876607","22.00825735308234","w3_f160w","19.5216007232666","0"
"Y","2.005423223718458","0.2990209992416463","0","1.7212369441986084","16734343324528","0.23333332935969034","0.20207259077509326","3","1","N","51475.64251867123","1999-10-24 15:25:13.617","51475.925620592665","1999-10-24 22:12:53.620","0.10313622217887278","0.9213732652015557","0.37474554813736205","544219","CRAB-FIELD-3","3","1","83.6130411910352","22.008587034922808","w2_f631n","18.68120002746582","0"
"Y","0.8061110973358154","0","0","1.7212369441986084","16734343291046","0.3499999940395355","0","1","1","N","49407.28978644917","1994-02-24 06:57:17.550","49407.37335124053","1994-02-24 08:57:37.550","0.10310946368830708","0.9213723793926155","0.3747550893456029","15688870","CRAB-NEB-A","1","1","83.61467849852406","22.009176675511757","w2_f375n","18.70639991760254","0"
"Y","1.5791111522250705","0","0","1.7212369441986084","16734347713891","0.3499999940395355","0","1","1","N","49407.28978644917","1994-02-24 06:57:17.550","49407.37335124053","1994-02-24 08:57:37.550","0.10307869875038712","0.9213931726759377","0.37471242734972715","41327859","CRAB-NEB-A","1","1","83.61671083561066","22.006540210498297","w2_f375n","18.441099166870117","0"
"Y","0.7933333184983995","0","0","1.7212369441986084","16734347695238","0.3499999940395355","0","1","1","N","49407.28978644917","1994-02-24 06:57:17.550","49407.37335124053","1994-02-24 08:57:37.550","0.10303563863604649","0.9213934558781928","0.3747235736326574","56069085","CRAB-NEB-A","1","1","83.61935734038146","22.00722903394493","w2_f375n","18.499399185180664","0"
"Y","1.4782016417880206","0.5500069110613459","54.302664574697175","1.7212369441986084","16734347697853","0.2550249943001704","0.10065091943821461","7","41","N","49421.17311981693","1994-03-10 04:09:17.553","57607.32353999093","2016-08-07 07:45:53.857","0.10306239512957034","0.9213818825000696","0.3747446721593471","83125687","V-CM-TAU","44","24","83.61763456773151","22.008532900179354","a_f550m","17.47684955596924","0.16904926300048828"
"Y","1.4782016417880206","0.5500069110613459","54.302664574697175","1.7212369441986084","16734347697853","0.2550249943001704","0.10065091943821461","7","41","N","49421.17311981693","1994-03-10 04:09:17.553","57607.32353999093","2016-08-07 07:45:53.857","0.10306239512957034","0.9213818825000696","0.3747446721593471","83125687","V-CM-TAU","44","1","83.61763456773151","22.008532900179354","w3_f160w","16.57390022277832","0"
"Y","1.4782016417880206","0.5500069110613459","54.302664574697175","1.7212369441986084","16734347697853","0.2550249943001704","0.10065091943821461","7","41","N","49421.17311981693","1994-03-10 04:09:17.553","57607.32353999093","2016-08-07 07:45:53.857","0.10306239512957034","0.9213818825000696","0.3747446721593471","83125687","V-CM-TAU","44","1","83.61763456773151","22.008532900179354","w2_f631n","17.059099197387695","0"
"Y","1.4782016417880206","0.5500069110613459","54.302664574697175","1.7212369441986084","16734347697853","0.2550249943001704","0.10065091943821461","7","41","N","49421.17311981693","1994-03-10 04:09:17.553","57607.32353999093","2016-08-07 07:45:53.857","0.10306239512957034","0.9213818825000696","0.3747446721593471","83125687","V-CM-TAU","44","15","83.61763456773151","22.008532900179354","w2_f547m","18.232999801635742","0.06319999694824219"
"Y","1.4782016417880206","0.5500069110613459","54.302664574697175","1.7212369441986084","16734347697853","0.2550249943001704","0.10065091943821461","7","41","N","49421.17311981693","1994-03-10 04:09:17.553","57607.32353999093","2016-08-07 07:45:53.857","0.10306239512957034","0.9213818825000696","0.3747446721593471","83125687","V-CM-TAU","44","1","83.61763456773151","22.008532900179354","w2_f814w","18.190200805664062","0"
"Y","1.4782016417880206","0.5500069110613459","54.302664574697175","1.7212369441986084","16734347697853","0.2550249943001704","0.10065091943821461","7","41","N","49421.17311981693","1994-03-10 04:09:17.553","57607.32353999093","2016-08-07 07:45:53.857","0.10306239512957034","0.9213818825000696","0.3747446721593471","83125687","V-CM-TAU","44","1","83.61763456773151","22.008532900179354","w3_f555w","18.939800262451172","0"
"Y","1.4782016417880206","0.5500069110613459","54.302664574697175","1.7212369441986084","16734347697853","0.2550249943001704","0.10065091943821461","7","41","N","49421.17311981693","1994-03-10 04:09:17.553","57607.32353999093","2016-08-07 07:45:53.857","0.10306239512957034","0.9213818825000696","0.3747446721593471","83125687","V-CM-TAU","44","1","83.61763456773151","22.008532900179354","w2_f588n","17.613800048828125","0"
"Y","1.163218350246035","0","0","1.7212369441986084","16734347694869","0.3499999940395355","0","1","1","N","49406.412008657586","1994-02-23 09:53:17.550","49406.50182344904","1994-02-23 12:02:37.550","0.10307719861972321","0.9213791288647988","0.3747473709278834","53604103","CRAB-NEB-A","1","1","83.61670647581658","22.008699682043964","w2_f502n","19.872499465942383","0"
"Y","1.2932954864068464","0","0","1.7212369441986084","16734347698133","0.3499999940395355","0","1","1","N","49407.41756419884","1994-02-24 10:01:17.550","49407.50737899076","1994-02-24 12:10:37.550","0.10305151835232856","0.9213777440182972","0.37475783833469284","842647","CRAB-NEB-A","1","1","83.61827415109694","22.009346561732166","w2_f469n","19.95050048828125","0"
"Y","0.9014772420579736","0","0","1.7212369441986084","16734347697333","0.3499999940395355","0","1","1","N","49407.41756419884","1994-02-24 10:01:17.550","49407.50737899076","1994-02-24 12:10:37.550","0.10303945007166529","0.9213806823817166","0.3747539324183595","89246390","CRAB-NEB-A","1","1","83.61903552680893","22.00910517801585","w2_f469n","19.564199447631836","0"
"Y","1.9899612249330036","0.0528190098968016","17.06842126313711","1.7212369441986084","16734347695459","0.3499999940395355","0","3","3","N","49420.234230865724","1994-03-09 05:37:17.550","49457.390017861035","1994-04-15 09:21:37.547","0.10302998256898692","0.9213806582545478","0.37475659472101824","31087518","NGC1952-BRTFIL","3","1","83.61961682362917","22.00926970696726","w2_f673n","19.471389770507812","0"
"Y","1.0573794668845884","0.10369587472726072","13.553859644139076","1.7212369441986084","16734348086280","0.2243589705381638","0.07977913032097578","4","37","N","51475.62793526845","1999-10-24 15:04:13.610","57607.32353999093","2016-08-07 07:45:53.857","0.10295007141891473","0.9215247600808949","0.3744240902427632","94904644","V-CM-TAU","39","1","83.62551350007854","21.98872257552739","w2_f631n","19.73349952697754","0"
"Y","2.4300730744647137","0.09560299716980374","0","1.7212369441986084","16734348086962","0.3499999940395355","0","3","1","N","51475.64251867123","1999-10-24 15:25:13.617","51475.925620592665","1999-10-24 22:12:53.620","0.10293657189657429","0.9215107021526662","0.37446239862781905","97284767","CRAB-FIELD-3","3","1","83.62624605563263","21.99108969245387","w2_f631n","19.98349952697754","0"
"Y","1.8356976814048234","0.09619939759870141","0","1.7212369441986084","16734347877323","0.3499999940395355","0","2","1","N","51475.64251867123","1999-10-24 15:25:13.617","51475.925620592665","1999-10-24 22:12:53.620","0.10288134168555339","0.9215430799738478","0.3743978916701055","77119992","CRAB-FIELD-3","2","1","83.62985972551924","21.987103759858176","w2_f631n","19.698299407958984","0"
"Y","2.608276164267223","0.3276087313016864","216.65425031552266","1.7212369441986084","16734348083968","0.3499999940395355","0","4","3","N","50102.37171387719","1996-01-20 08:55:16.083","51475.925620592665","1999-10-24 22:12:53.620","0.1029265162844802","0.9215103066446471","0.37446613597837114","76127870","CRAB-PULSAR","5","1","83.62686085533667","21.991320629544166","w2_f631n","19.73240089416504","0"
"Y","1.086085131334142","0.08160095273517322","16.76004140751482","1.7212369441986084","16734347873820","0.2271499950438738","0.0928648119135016","5","37","N","50026.63422531029","1995-11-05 15:13:17.070","57607.32353999093","2016-08-07 07:45:53.857","0.10289157968223765","0.9215152696829557","0.3744635236886037","78026321","V-CM-TAU","40","1","83.62904034579134","21.991159211786883","w3_f160w","18.996200561523438","0"
"Y","1.0560959169457471","0.14244985423686005","14.76665103724923","1.7212369441986084","16734347676002","0.2477999958395958","0.08798863405688274","6","46","N","50026.63422531029","1995-11-05 15:13:17.070","57607.32353999093","2016-08-07 07:45:53.857","0.10295784156062569","0.9214807796400813","0.37453017984738896","31948553","V-CM-TAU","50","1","83.62473458815478","21.99527806477267","w2_f631n","19.047300338745117","0"
"Y","2.4572279792540237","0.015713343354704104","0","1.7212369441986084","16734348083422","0.23333332935969034","0.20207259077509326","3","1","N","51475.64251867123","1999-10-24 15:25:13.617","51475.925620592665","1999-10-24 22:12:53.620","0.10290619780111358","0.9214992179133682","0.3744990064620269","83826577","CRAB-FIELD-3","3","1","83.62803256855733","21.99335176739462","w2_f631n","19.736799240112305","0"
"Y","2.522640486547485","0.10582100102285218","191.28740115653466","1.7212369441986084","16734347870987","0.3499999940395355","0","4","2","N","50102.37171387719","1996-01-20 08:55:16.083","51475.925620592665","1999-10-24 22:12:53.620","0.10288053564863395","0.921507303188482","0.3744861620358977","65206062","CRAB-PULSAR","4","1","83.62966394232969","21.992558079232154","w2_f631n","19.94580078125","0"
"Y","2.4974600852178424","0.16170021843358118","0","1.7212369441986084","16734347871114","0.3499999940395355","0","3","1","N","51475.64251867123","1999-10-24 15:25:13.617","51475.925620592665","1999-10-24 22:12:53.620","0.10289750924090368","0.9215039653434973","0.37448971207510034","65878918","CRAB-FIELD-3","3","1","83.62859869565244","21.992777444294802","w2_f631n","18.72599983215332","0"
"Y","2.5076699312130715","0.09022474539224","0","1.7212369441986084","16734347871018","0.3499999940395355","0","3","1","N","51475.64251867123","1999-10-24 15:25:13.617","51475.925620592665","1999-10-24 22:12:53.620","0.10288401987079862","0.9215057640885709","0.37448899210607955","41546915","CRAB-FIELD-3","3","1","83.62943942123793","21.992732955729675","w2_f631n","18.402400970458984","0"
"Y","2.317868184673694","1.0372042700195696","167.29607227788298","1.7212369441986084","16734347788338","0.3499999940395355","0","3","2","N","51475.64251867123","1999-10-24 15:25:13.617","51863.0584745924","2000-11-15 01:24:12.207","0.1028977500669641","0.9214909771432611","0.374521604284317","107613635","CRAB-PULSAR-POS1","3","1","83.62849484126191","21.99474815229861","w2_f631n","19.84130096435547","0"
"Y","2.584244206894276","0.08855268507177742","0","1.7212369441986084","16734347755556","0.3499999940395355","0","2","1","N","51475.64251867123","1999-10-24 15:25:13.617","51475.925620592665","1999-10-24 22:12:53.620","0.10289645457676619","0.9214925813822092","0.37451801304475485","83916012","CRAB-FIELD-3","2","1","83.62858540017886","21.994526238274727","w2_f631n","19.115699768066406","0"
"Y","2.5659739073612555","0.0944296419503219","82.35784999647092","1.7212369441986084","16734347872713","0.3105333248774211","0.06835827619429406","3","3","N","49721.350197560154","1995-01-04 08:24:17.070","56257.748980823904","2012-11-26 17:58:31.947","0.10284259863793725","0.9215083911039997","0.3744939052005185","36876950","NGC1952-BRTFIL","3","1","83.63200114786616","21.99303654757028","w2_f656n","18.7406005859375","0"
"Y","2.593721068182657","0","0","1.7212369441986084","16734347872731","0.3499999940395355","0","1","1","N","49721.350197560154","1995-01-04 08:24:17.070","49721.5712623517","1995-01-04 13:42:37.070","0.10284088690238832","0.921506158935283","0.3744998678613932","100919091","NGC1952-BRTFIL","1","1","83.63209096934688","21.993404995494632","w2_f656n","18.776599884033203","0"
"Y","2.586744275203971","0","0","1.7212369441986084","16734347759104","0.3499999940395355","0","1","1","N","49721.350197560154","1995-01-04 08:24:17.070","49721.5712623517","1995-01-04 13:42:37.070","0.10285173665246154","0.9215020348674027","0.37450703598925794","26445757","NGC1952-BRTFIL","1","1","83.63139640463766","21.993847933556367","w2_f656n","19.343299865722656","0"
"N","2.593721068182657","0","0","1.7212369441986084","16734347755782","0.3499999940395355","0","1","1","N","49719.473114226945","1995-01-02 11:21:17.070","49719.69487343496","1995-01-02 16:40:37.070","0.10285275901183737","0.9215008977236714","0.37450955322913415","32450389","NGC1952-BRTFIL","1","1","83.6313258256063","21.994003480973472","w2_f673n","19.47279930114746","0"
"Y","1.039675885553407","0.060294544547305394","18.869262039703635","1.7212369441986084","16734347757302","0.2027833250661691","0.10773728592431663","3","11","N","55934.764193217736","2012-01-08 18:20:26.297","56383.33731733775","2013-04-01 08:05:44.220","0.10283526895793425","0.9215022154348095","0.3745111138653761","102943471","V-CM-TAU","12","1","83.63240894953006","21.994099917210345","w3_f555w","19.226299285888672","0"
"Y","1.039675885553407","0.060294544547305394","18.869262039703635","1.7212369441986084","16734347757302","0.2027833250661691","0.10773728592431663","3","11","N","55934.764193217736","2012-01-08 18:20:26.297","56383.33731733775","2013-04-01 08:05:44.220","0.10283526895793425","0.9215022154348095","0.3745111138653761","102943471","V-CM-TAU","12","10","83.63240894953006","21.994099917210345","a_f550m","18.921600341796875","0.032199859619140625"
"Y","1.039675885553407","0.060294544547305394","18.869262039703635","1.7212369441986084","16734347757302","0.2027833250661691","0.10773728592431663","3","11","N","55934.764193217736","2012-01-08 18:20:26.297","56383.33731733775","2013-04-01 08:05:44.220","0.10283526895793425","0.9215022154348095","0.3745111138653761","102943471","V-CM-TAU","12","1","83.63240894953006","21.994099917210345","w3_f160w","15.968500137329102","0"
"Y","1.0593055574982253","0.04013488284253508","13.784745899427666","1.7212369441986084","16734347757302","0.17499999701976776","0","1","2","N","55471.114321747795","2010-10-02 02:44:37.403","55543.29018025007","2010-12-13 06:57:51.577","0.1028354709371773","0.9215021032534543","0.3745113344318537","103038293","CRAB-PSR-PWN","2","2","83.63239577683149","21.994113546660316","a_f550m","18.921199798583984","0.015199661254882812"
"Y","1.5093488559530488","0.6567129163754052","150.58390301895727","1.7212369441986084","16734347757298","0.3499999940395355","0","5","15","N","49719.473114226945","1995-01-02 11:21:17.070","52018.775172370486","2001-04-19 18:36:14.897","0.10283714177161273","0.9215010987409661","0.3745133472824817","105061033","NGC1952-BRTFIL","17","12","83.63228628374027","21.99423792664165","w2_f547m","19.270099639892578","0.20890045166015625"
"Y","1.5093488559530488","0.6567129163754052","150.58390301895727","1.7212369441986084","16734347757298","0.3499999940395355","0","5","15","N","49719.473114226945","1995-01-02 11:21:17.070","52018.775172370486","2001-04-19 18:36:14.897","0.10283714177161273","0.9215010987409661","0.3745133472824817","105061033","NGC1952-BRTFIL","17","2","83.63228628374027","21.99423792664165","w2_f814w","18.402295112609863","0.04100513458251953"
"Y","1.5093488559530488","0.6567129163754052","150.58390301895727","1.7212369441986084","16734347757298","0.3499999940395355","0","5","15","N","49719.473114226945","1995-01-02 11:21:17.070","52018.775172370486","2001-04-19 18:36:14.897","0.10283714177161273","0.9215010987409661","0.3745133472824817","105061033","NGC1952-BRTFIL","17","1","83.63228628374027","21.99423792664165","w2_f673n","18.2185001373291","0"
"Y","1.5093488559530488","0.6567129163754052","150.58390301895727","1.7212369441986084","16734347757298","0.3499999940395355","0","5","15","N","49719.473114226945","1995-01-02 11:21:17.070","52018.775172370486","2001-04-19 18:36:14.897","0.10283714177161273","0.9215010987409661","0.3745133472824817","105061033","NGC1952-BRTFIL","17","1","83.63228628374027","21.99423792664165","w2_f656n","17.961999893188477","0"
"Y","1.114153436252049","0.07103094534630877","20.856150434181743","1.7212369441986084","16734347757303","0.17499999701976776","0","1","7","N","57043.606895835605","2015-01-21 14:33:55.803","57607.32353999093","2016-08-07 07:45:53.857","0.1028349288220108","0.9215024229364255","0.37451069669462517","33684728","CRAB-NEBULA","7","7","83.63243125991478","21.994074139007328","a_f550m","18.945499420166016","0.023799896240234375"
"Y","1.0860390991831022","0.11061580137505357","18.64003585077135","1.7212369441986084","16734347757303","0.17499999701976776","0","1","9","N","56396.08180804178","2013-04-14 01:57:48.217","56977.83521619672","2014-11-16 20:02:42.683","0.10283511438344825","0.9215023058016912","0.374510933956335","56500063","CRAB-NEBULA","9","9","83.63241906151941","21.994088800113758","a_f550m","18.934799194335938","0.050998687744140625"
"Y","1.098628894148779","0.14249211054261313","23.7905430682308","1.7212369441986084","16734347675280","0.25178399562835696","0.09642911900163564","5","47","N","50026.63422531029","1995-11-05 15:13:17.070","57607.32353999093","2016-08-07 07:45:53.857","0.10291880008592169","0.9214719050349065","0.374562743504362","86847953","V-CM-TAU","50","1","83.62707131549665","21.997290299153345","w3_f160w","19.204500198364258","0"
"Y","2.188953549362892","0","0","1.7212369441986084","16734347913749","0.3499999940395355","0","1","1","N","51475.64251867123","1999-10-24 15:25:13.617","51475.724926088005","1999-10-24 17:23:53.617","0.10273492754314317","0.9215588619269166","0.3743992503577141","91865058","CRAB-FIELD-3","1","1","83.63895898073412","21.987187713015196","w2_f631n","19.5664005279541","0"
"Y","1.115010454842212","0.1493453293701168","23.724139187099077","1.7212369441986084","16734347912936","0.19193548060232593","0.052594000970113235","4","31","N","49457.16964748595","1994-04-15 04:04:17.547","57607.32353999093","2016-08-07 07:45:53.857","0.10275480984496431","0.9215424732784112","0.3744341317232883","7830804","V-CM-TAU","31","1","83.63762580326757","21.98934304574792","w2_f547m","19.94700050354004","0"
"Y","1.115010454842212","0.1493453293701168","23.724139187099077","1.7212369441986084","16734347912936","0.19193548060232593","0.052594000970113235","4","31","N","49457.16964748595","1994-04-15 04:04:17.547","57607.32353999093","2016-08-07 07:45:53.857","0.10275480984496431","0.9215424732784112","0.3744341317232883","7830804","V-CM-TAU","31","28","83.63762580326757","21.98934304574792","a_f550m","19.979400634765625","0.09710025787353516"
"Y","1.115010454842212","0.1493453293701168","23.724139187099077","1.7212369441986084","16734347912936","0.19193548060232593","0.052594000970113235","4","31","N","49457.16964748595","1994-04-15 04:04:17.547","57607.32353999093","2016-08-07 07:45:53.857","0.10275480984496431","0.9215424732784112","0.3744341317232883","7830804","V-CM-TAU","31","1","83.63762580326757","21.98934304574792","w2_f658n","19.475299835205078","0"
"Y","2.5104650231294854","0","0","1.7212369441986084","16734347878983","0.3499999940395355","0","1","1","N","49721.350197560154","1995-01-04 08:24:17.070","49721.5712623517","1995-01-04 13:42:37.070","0.10272955140427724","0.9215319104587666","0.3744670576670017","70141900","NGC1952-BRTFIL","1","1","83.63910462395116","21.991377582247488","w2_f656n","19.653799057006836","0"
"Y","1.3564901028960157","0.3246529274405825","15.819903847901651","1.7212369441986084","16734347860517","0.24999999574252538","0.08749999850988387","4","47","N","49943.67103069695","1995-08-14 16:06:17.053","57607.32353999093","2016-08-07 07:45:53.857","0.10264369326905383","0.9215509595659418","0.37444372228217276","27704141","V-CM-TAU","49","19","83.64450764032796","21.989935655740872","w2_f547m","18.265390396118164","0.07999992370605469"
"Y","1.3564901028960157","0.3246529274405825","15.819903847901651","1.7212369441986084","16734347860517","0.24999999574252538","0.08749999850988387","4","47","N","49943.67103069695","1995-08-14 16:06:17.053","57607.32353999093","2016-08-07 07:45:53.857","0.10264369326905383","0.9215509595659418","0.37444372228217276","27704141","V-CM-TAU","49","28","83.64450764032796","21.989935655740872","a_f550m","17.467150688171387","0.06350040435791016"
"Y","1.3564901028960157","0.3246529274405825","15.819903847901651","1.7212369441986084","16734347860517","0.24999999574252538","0.08749999850988387","4","47","N","49943.67103069695","1995-08-14 16:06:17.053","57607.32353999093","2016-08-07 07:45:53.857","0.10264369326905383","0.9215509595659418","0.37444372228217276","27704141","V-CM-TAU","49","1","83.64450764032796","21.989935655740872","w2_f814w","17.930700302124023","0"
"Y","2.1174191799242843","0.051603140090795994","66.30487737333254","1.7212369441986084","16734347761260","0.3499999940395355","0","2","2","N","49719.473114226945","1995-01-02 11:21:17.070","49722.375429053325","1995-01-05 09:00:37.073","0.10270485107368013","0.9214993248777066","0.37455401188329024","29867062","NGC1952-BRTFIL","2","1","83.64039847391932","21.996750735688476","w2_f673n","19.97559928894043","0"
"Y","2.173542893444355","1.0058430318222997","93.31662874905933","1.7212369441986084","16734347768451","0.2677929777848093","0.0961932556106418","6","54","N","49722.15436426131","1995-01-05 03:42:17.073","57607.32353999093","2016-08-07 07:45:53.857","0.10275215047769742","0.9214882477568835","0.37456829126252283","75328449","V-CM-TAU","57","1","83.63741779792994","21.997633119446434","w3_f160w","15.559800148010254","0"
"Y","2.173542893444355","1.0058430318222997","93.31662874905933","1.7212369441986084","16734347768451","0.2677929777848093","0.0961932556106418","6","54","N","49722.15436426131","1995-01-05 03:42:17.073","57607.32353999093","2016-08-07 07:45:53.857","0.10275215047769742","0.9214882477568835","0.37456829126252283","75328449","V-CM-TAU","57","1","83.63741779792994","21.997633119446434","w2_f502n","16.847400665283203","0"
"Y","2.173542893444355","1.0058430318222997","93.31662874905933","1.7212369441986084","16734347768451","0.2677929777848093","0.0961932556106418","6","54","N","49722.15436426131","1995-01-05 03:42:17.073","57607.32353999093","2016-08-07 07:45:53.857","0.10275215047769742","0.9214882477568835","0.37456829126252283","75328449","V-CM-TAU","57","2","83.63741779792994","21.997633119446434","w2_f814w","17.93464469909668","0.07054519653320312"
"Y","2.173542893444355","1.0058430318222997","93.31662874905933","1.7212369441986084","16734347768451","0.2677929777848093","0.0961932556106418","6","54","N","49722.15436426131","1995-01-05 03:42:17.073","57607.32353999093","2016-08-07 07:45:53.857","0.10275215047769742","0.9214882477568835","0.37456829126252283","75328449","V-CM-TAU","57","28","83.63741779792994","21.997633119446434","a_f550m","17.837149620056152","0.4199504852294922"
"Y","2.173542893444355","1.0058430318222997","93.31662874905933","1.7212369441986084","16734347768451","0.2677929777848093","0.0961932556106418","6","54","N","49722.15436426131","1995-01-05 03:42:17.073","57607.32353999093","2016-08-07 07:45:53.857","0.10275215047769742","0.9214882477568835","0.37456829126252283","75328449","V-CM-TAU","57","24","83.63741779792994","21.997633119446434","w2_f547m","18.09109592437744","0.17079925537109375"
"Y","3.117546488676356","0.5537447511608778","147.234842053427","1.7212369441986084","16734347768576","0.3499999940395355","0","2","6","N","50026.63422531029","1995-11-05 15:13:17.070","51928.48765376862","2001-01-19 11:42:13.287","0.1027532487002767","0.9214876837257666","0.374569377584886","16055924","CRAB-PULSAR-POS2","7","6","83.63734648931921","21.99770024816459","w2_f547m","19.251745223999023","0.7665500640869141"
"Y","3.117546488676356","0.5537447511608778","147.234842053427","1.7212369441986084","16734347768576","0.3499999940395355","0","2","6","N","50026.63422531029","1995-11-05 15:13:17.070","51928.48765376862","2001-01-19 11:42:13.287","0.1027532487002767","0.9214876837257666","0.374569377584886","16055924","CRAB-PULSAR-POS2","7","1","83.63734648931921","21.99770024816459","w2_f814w","19.784500122070312","0"
"Y","1.0090784599191682","0.1676103002818305","28.504039664115712","1.7212369441986084","16734347731719","0.3499999940395355","0","2","20","N","49723.69950313633","1995-01-06 16:47:17.073","54332.07913000928","2007-08-20 01:53:56.837","0.10265430319383959","0.9215233776761957","0.3745086893961568","73634495","NGC1952-BRTFIL","21","1","83.64366738426081","21.993950102265966","w2_f814w","18.968799591064453","0"
"Y","2.5848032003651795","0.5719159487560986","58.8913651227502","1.7212369441986084","16734347776449","0.3499999940395355","0","1","13","N","49723.69950313633","1995-01-06 16:47:17.073","52016.30017225444","2001-04-17 07:12:14.887","0.1026726294831347","0.9215149874342584","0.3745243104127966","54943185","NGC1952-BRTFIL","13","13","83.64248450489484","21.994915372735637","w2_f547m","18.74209976196289","0.2076091766357422"
"Y","1.265008735570996","0.34205553457725213","40.56595930002938","1.7212369441986084","16734347776451","0.23048780095286486","0.0824454720772937","4","39","N","49943.67103069695","1995-08-14 16:06:17.053","57607.32353999093","2016-08-07 07:45:53.857","0.10267235257131879","0.9215146984516681","0.3745250973651204","43723981","V-CM-TAU","41","28","83.64249953359649","21.9949640011015","a_f550m","17.567399978637695","0.034099578857421875"
"Y","1.265008735570996","0.34205553457725213","40.56595930002938","1.7212369441986084","16734347776451","0.23048780095286486","0.0824454720772937","4","39","N","49943.67103069695","1995-08-14 16:06:17.053","57607.32353999093","2016-08-07 07:45:53.857","0.10267235257131879","0.9215146984516681","0.3745250973651204","43723981","V-CM-TAU","41","1","83.64249953359649","21.9949640011015","w2_f814w","18.068300247192383","0"
"Y","1.265008735570996","0.34205553457725213","40.56595930002938","1.7212369441986084","16734347776451","0.23048780095286486","0.0824454720772937","4","39","N","49943.67103069695","1995-08-14 16:06:17.053","57607.32353999093","2016-08-07 07:45:53.857","0.10267235257131879","0.9215146984516681","0.3745250973651204","43723981","V-CM-TAU","41","11","83.64249953359649","21.9949640011015","w2_f547m","18.433000564575195","0.11050033569335938"
"Y","2.1641279375830362","0.5341946421680309","23.3234447247809","1.7212369441986084","16734347777288","0.3499999940395355","0","2","2","N","49457.16964748595","1994-04-15 04:04:17.547","49719.69487343496","1995-01-02 16:40:37.070","0.10264689785839924","0.9214944242554428","0.3745819542203277","55167530","NGC1952-BRTFIL","2","1","83.64392410065692","21.998477417022883","w2_f673n","19.819000244140625","0"
"Y","1.7732196835556415","0.110940743984781","0","1.7212369441986084","16734347683860","0.3499999940395355","0","2","1","N","49407.28978644917","1994-02-24 06:57:17.550","49407.50737899076","1994-02-24 12:10:37.550","0.10301682779247545","0.9214415824293218","0.37461038875385794","83279705","CRAB-NEB-A","2","1","83.62084307799499","22.000234534950653","w2_f375n","19.7898006439209","0"
"Y","2.5984884694565173","0.3517444635377344","0","1.7212369441986084","16734347688573","0.3499999940395355","0","2","1","N","51475.64251867123","1999-10-24 15:25:13.617","51475.925620592665","1999-10-24 22:12:53.620","0.10294080655087266","0.9214599610907136","0.374586078832848","85999367","CRAB-FIELD-3","2","1","83.62563790495769","21.99873229695456","w2_f631n","19.905500411987305","0"
"Y","1.1955555280049641","0","0","1.7212369441986084","16734347719848","0.3499999940395355","0","1","1","N","49407.28978644917","1994-02-24 06:57:17.550","49407.37335124053","1994-02-24 08:57:37.550","0.10302314618911823","0.9214331604288496","0.37462936645693207","25719796","CRAB-NEB-A","1","1","83.62039721773716","22.00140727817827","w2_f375n","19.40290069580078","0"
"Y","0.8394444651073879","0","0","1.7212369441986084","16734347720652","0.3499999940395355","0","1","1","N","49407.28978644917","1994-02-24 06:57:17.550","49407.37335124053","1994-02-24 08:57:37.550","0.10302613419293442","0.9214291327041356","0.37463845114704675","22948284","CRAB-NEB-A","1","1","83.62018605702896","22.001968677727522","w2_f375n","18.004100799560547","0"
"Y","3.369884929437747","0","0","1.7212369441986084","16734347678872","0.3499999940395355","0","1","1","N","49406.412008657586","1994-02-23 09:53:17.550","49406.50182344904","1994-02-23 12:02:37.550","0.10299218287307803","0.9214333313747851","0.3746374595512616","91014583","CRAB-NEB-A","1","1","83.62229996175343","22.001907400744678","w2_f502n","19.525699615478516","0"
"Y","0.9654023181432966","0.22351074479030025","149.68470479008062","1.7212369441986084","16734347720665","0.259799987077713","0.127562073171557","2","2","N","49406.412008657586","1994-02-23 09:53:17.550","56257.748980823904","2012-11-26 17:58:31.947","0.10302395909952018","0.9214272771089835","0.37464361311932715","76337664","CRAB-NEB-A","2","1","83.62030689584364","22.0022876691195","w2_f502n","19.476200103759766","0"
"Y","2.743314033330873","0.04793527708219494","22.971241397621167","1.7212369441986084","16734347720602","0.3499999940395355","0","2","2","N","49719.473114226945","1995-01-02 11:21:17.070","49721.5712623517","1995-01-04 13:42:37.070","0.10302048252217229","0.9214268261008254","0.374645678373693","26439365","NGC1952-BRTFIL","2","1","83.62051730896528","22.002415294623784","w2_f673n","18.75149917602539","0"
"Y","2.743314033330873","0.04793527708219494","22.971241397621167","1.7212369441986084","16734347720602","0.3499999940395355","0","2","2","N","49719.473114226945","1995-01-02 11:21:17.070","49721.5712623517","1995-01-04 13:42:37.070","0.10302048252217229","0.9214268261008254","0.374645678373693","26439365","NGC1952-BRTFIL","2","1","83.62051730896528","22.002415294623784","w2_f656n","19.548599243164062","0"
"Y","0.9873333242204454","0","0","1.7212369441986084","16734347708555","0.3499999940395355","0","1","1","N","49407.28978644917","1994-02-24 06:57:17.550","49407.37335124053","1994-02-24 08:57:37.550","0.10300672597023654","0.9214285211604799","0.374645291972879","11669355","CRAB-NEB-A","1","1","83.6213737910559","22.002391416402165","w2_f375n","17.9197998046875","0"
"Y","0.8576136421073567","0","0","1.7212369441986084","16734347719965","0.3499999940395355","0","1","1","N","49407.41756419884","1994-02-24 10:01:17.550","49407.50737899076","1994-02-24 12:10:37.550","0.10302065556289708","0.9214200984453588","0.37466217677902436","51081179","CRAB-NEB-A","1","1","83.62046048666056","22.003434842687984","w2_f469n","19.97130012512207","0"
"Y","2.3159500596188276","0.3866724673136074","88.78778437880631","1.7212369441986084","16734347720080","0.3499999940395355","0","4","6","N","49406.412008657586","1994-02-23 09:53:17.550","49722.375429053325","1995-01-05 09:00:37.073","0.10301304282336314","0.9214229423666422","0.3746572757733487","103168702","NGC1952-BRTFIL","6","2","83.6209475446489","22.003131975624754","w2_f673n","19.482145309448242","0.05055427551269531"
"Y","2.3159500596188276","0.3866724673136074","88.78778437880631","1.7212369441986084","16734347720080","0.3499999940395355","0","4","6","N","49406.412008657586","1994-02-23 09:53:17.550","49722.375429053325","1995-01-05 09:00:37.073","0.10301304282336314","0.9214229423666422","0.3746572757733487","103168702","NGC1952-BRTFIL","6","1","83.6209475446489","22.003131975624754","w2_f656n","19.42690086364746","0"
"Y","1.0392045432871038","0","0","1.7212369441986084","16734347708496","0.3499999940395355","0","1","1","N","49406.28423086554","1994-02-23 06:49:17.550","49406.36779565737","1994-02-23 08:49:37.550","0.10299822461204126","0.921430008918034","0.3746439701803359","7164960","CRAB-NEB-A","1","1","83.62190610712744","22.002309734233442","w2_f487n","19.112899780273438","0"
"Y","3.383444415198432","0","0","1.7212369441986084","16734347679555","0.3499999940395355","0","1","1","N","49407.28978644917","1994-02-24 06:57:17.550","49407.37335124053","1994-02-24 08:57:37.550","0.10298469791444682","0.9214320816150855","0.37464259096715435","80296814","CRAB-NEB-A","1","1","83.62275106415389","22.002224503715574","w2_f375n","19.386999130249023","0"
"Y","0.877666672070821","0","0","1.7212369441986084","16734347708840","0.3499999940395355","0","1","1","N","49407.28978644917","1994-02-24 06:57:17.550","49407.37335124053","1994-02-24 08:57:37.550","0.10297992459459025","0.9214274907338869","0.3746551940797794","85832556","CRAB-NEB-A","1","1","83.62301270277595","22.003003333577347","w2_f375n","19.10460090637207","0"
"Y","0.7904545150019906","0","0","1.7212369441986084","16734347680932","0.3499999940395355","0","1","1","N","49407.41756419884","1994-02-24 10:01:17.550","49407.50737899076","1994-02-24 12:10:37.550","0.10295327371761713","0.9214368078901481","0.37463960348151637","9523015","CRAB-NEB-A","1","1","83.6247133905126","22.002039887802894","w2_f469n","19.705900192260742","0"
"Y","1.5196666452619765","0","0","1.7212369441986084","16734347680557","0.3499999940395355","0","1","1","N","49407.28978644917","1994-02-24 06:57:17.550","49407.37335124053","1994-02-24 08:57:37.550","0.10292583204528666","0.921441980880061","0.3746344204294241","19971934","CRAB-NEB-A","1","1","83.62643419208776","22.001719594318114","w2_f375n","19.84440040588379","0"
"Y","2.5437208109123763","0","0","1.7212369441986084","16734347679375","0.3499999940395355","0","1","1","N","49421.29881423386","1994-03-10 07:10:17.553","49421.388629025314","1994-03-10 09:19:37.553","0.1029620093291002","0.9214343999887823","0.374643125059484","65385972","CRAB-NEB-A","1","1","83.62416037612326","22.00225750871653","w2_f631n","19.891700744628906","0"
"Y","0.9782954373142936","0","0","1.7212369441986084","16734347681741","0.3499999940395355","0","1","1","N","49407.41756419884","1994-02-24 10:01:17.550","49407.50737899076","1994-02-24 12:10:37.550","0.10294618383373126","0.9214360234106692","0.3746434811870781","85328897","CRAB-NEB-A","1","1","83.62514342794108","22.00227951616287","w2_f469n","19.454299926757812","0"
"Y","2.1500020562113615","1.0069200785766623","137.10120503981426","1.7212369441986084","16734347681749","0.3499999940395355","0","3","3","N","49407.28978644917","1994-02-24 06:57:17.550","50108.43282508338","1996-01-26 10:23:16.090","0.10294089144607284","0.9214345663187694","0.3746485190979098","11952040","CRAB-PULSAR","3","1","83.62545845958613","22.00259084166864","w2_f375n","19.128400802612305","0"
"Y","0.8473333385255601","0","0","1.7212369441986084","16734347681191","0.3499999940395355","0","1","1","N","49407.28978644917","1994-02-24 06:57:17.550","49407.37335124053","1994-02-24 08:57:37.550","0.10293457342010325","0.9214363822025786","0.37464578891141453","90146322","CRAB-NEB-A","1","1","83.62585893682588","22.002422125479946","w2_f375n","19.7908992767334","0"
"Y","2.512613839881365","0.07249789847254483","161.69876348854763","1.7212369441986084","16734347680096","0.3499999940395355","0","2","3","N","49406.412008657586","1994-02-23 09:53:17.550","49722.375429053325","1995-01-05 09:00:37.073","0.10292259472848546","0.9214368092957042","0.37464802944947045","41972440","NGC1952-BRTFIL","3","2","83.62659753336229","22.002560583053956","w2_f502n","19.761149406433105","0.057250022888183594"
"Y","1.1833801197727383","0.27090301577039083","140.12584215132858","1.7212369441986084","16734347678479","0.3499999940395355","0","3","3","N","49406.412008657586","1994-02-23 09:53:17.550","51840.82444645371","2000-10-23 19:47:12.177","0.10293386434471667","0.9214282500482295","0.3746659840240442","47809120","CRAB-PULSAR-POS1","3","1","83.62584669215691","22.003670119147863","w2_f502n","19.560699462890625","0"
"Y","2.6956322549403398","0","0","1.7212369441986084","16734347675411","0.3499999940395355","0","1","1","N","49722.15436426131","1995-01-05 03:42:17.073","49722.375429053325","1995-01-05 09:00:37.073","0.10292056600334894","0.9214669846225336","0.37457436290651946","78766650","NGC1952-BRTFIL","1","1","83.62692911571555","21.998008313872827","w2_f502n","19.906999588012695","0"
"Y","2.664022884149661","0","0","1.7212369441986084","16734347675637","0.3499999940395355","0","1","1","N","49722.15436426131","1995-01-05 03:42:17.073","49722.375429053325","1995-01-05 09:00:37.073","0.10292181757756085","0.9214641940748434","0.37458088379826954","4840871","NGC1952-BRTFIL","1","1","83.62683311158646","21.998411270480037","w2_f502n","19.68470001220703","0"
"Y","2.468505673024846","0","0","1.7212369441986084","16734347802092","0.3499999940395355","0","1","1","N","49722.15436426131","1995-01-05 03:42:17.073","49722.375429053325","1995-01-05 09:00:37.073","0.10286236800609702","0.9214565892736336","0.3746159197558558","67662399","NGC1952-BRTFIL","1","1","83.63043197277594","22.000576326881944","w2_f502n","19.769500732421875","0"
"Y","1.0328409346667202","0","0","1.7212369441986084","16734347798179","0.3499999940395355","0","1","1","N","49406.28423086554","1994-02-23 06:49:17.550","49406.36779565737","1994-02-23 08:49:37.550","0.10289509580904815","0.9214396929056112","0.3746484907173513","77916501","CRAB-NEB-A","1","1","83.62830615214219","22.0025890878542","w2_f487n","19.898300170898438","0"
"Y","1.2291848436950905","0.48489017979750504","67.98701343681999","1.7212369441986084","16734347797859","0.264575923482577","0.09060853741722166","6","50","N","49406.412008657586","1994-02-23 09:53:17.550","57607.32353999093","2016-08-07 07:45:53.857","0.10287389235849395","0.9214394803626301","0.37465483621759343","26382532","V-CM-TAU","54","1","83.6296069057157","22.002981218835497","w3_f160w","19.46419906616211","0"
"Y","2.0556322459516854","0","0","1.7212369441986084","16734347707799","0.3499999940395355","0","1","1","N","49406.412008657586","1994-02-23 09:53:17.550","49406.50182344904","1994-02-23 12:02:37.550","0.103008778658787","0.9214111107688618","0.3746875451242134","30432145","CRAB-NEB-A","1","1","83.62112819200829","22.005002538622133","w2_f502n","19.480199813842773","0"
"Y","1.314705727377781","0.31523840410532633","28.559303454697","1.7212369441986084","16734347709087","0.30931249633431435","0.07295886004516715","5","15","N","49406.28423086554","1994-02-23 06:49:17.550","53665.6932938979","2005-10-22 16:38:20.597","0.10299699893774784","0.9214206629922681","0.37466729245348845","81164888","NGC1952-BRTFIL","16","4","83.62191722187424","22.00375097614869","a_f550m","18.840700149536133","0.08419990539550781"
"Y","1.314705727377781","0.31523840410532633","28.559303454697","1.7212369441986084","16734347709087","0.30931249633431435","0.07295886004516715","5","15","N","49406.28423086554","1994-02-23 06:49:17.550","53665.6932938979","2005-10-22 16:38:20.597","0.10299699893774784","0.9214206629922681","0.37466729245348845","81164888","NGC1952-BRTFIL","16","8","83.62191722187424","22.00375097614869","w2_f547m","19.246089935302734","0.1202993392944336"
"Y","1.314705727377781","0.31523840410532633","28.559303454697","1.7212369441986084","16734347709087","0.30931249633431435","0.07295886004516715","5","15","N","49406.28423086554","1994-02-23 06:49:17.550","53665.6932938979","2005-10-22 16:38:20.597","0.10299699893774784","0.9214206629922681","0.37466729245348845","81164888","NGC1952-BRTFIL","16","1","83.62191722187424","22.00375097614869","w2_f673n","18.355199813842773","0"
"Y","1.314705727377781","0.31523840410532633","28.559303454697","1.7212369441986084","16734347709087","0.30931249633431435","0.07295886004516715","5","15","N","49406.28423086554","1994-02-23 06:49:17.550","53665.6932938979","2005-10-22 16:38:20.597","0.10299699893774784","0.9214206629922681","0.37466729245348845","81164888","NGC1952-BRTFIL","16","2","83.62191722187424","22.00375097614869","w2_f502n","19.021349906921387","0.060349464416503906"
"Y","1.314705727377781","0.31523840410532633","28.559303454697","1.7212369441986084","16734347709087","0.30931249633431435","0.07295886004516715","5","15","N","49406.28423086554","1994-02-23 06:49:17.550","53665.6932938979","2005-10-22 16:38:20.597","0.10299699893774784","0.9214206629922681","0.37466729245348845","81164888","NGC1952-BRTFIL","16","1","83.62191722187424","22.00375097614869","w2_f487n","19.32819938659668","0"
"Y","1.1095378350282041","0.17600812679289088","26.73043897070866","1.7212369441986084","16734347709087","0.24733725044072843","0.09526612286215276","9","47","N","49407.41756419884","1994-02-24 10:01:17.550","57607.32353999093","2016-08-07 07:45:53.857","0.10299677388928524","0.9214206418295915","0.374667406351529","13369480","V-CM-TAU","51","1","83.62193089786176","22.00375801483918","w2_f469n","19.291900634765625","0"
"Y","1.1095378350282041","0.17600812679289088","26.73043897070866","1.7212369441986084","16734347709087","0.24733725044072843","0.09526612286215276","9","47","N","49407.41756419884","1994-02-24 10:01:17.550","57607.32353999093","2016-08-07 07:45:53.857","0.10299677388928524","0.9214206418295915","0.374667406351529","13369480","V-CM-TAU","51","1","83.62193089786176","22.00375801483918","w2_f656n","18.412200927734375","0"
"Y","1.1095378350282041","0.17600812679289088","26.73043897070866","1.7212369441986084","16734347709087","0.24733725044072843","0.09526612286215276","9","47","N","49407.41756419884","1994-02-24 10:01:17.550","57607.32353999093","2016-08-07 07:45:53.857","0.10299677388928524","0.9214206418295915","0.374667406351529","13369480","V-CM-TAU","51","1","83.62193089786176","22.00375801483918","w2_f631n","18.475500106811523","0"
"Y","1.1095378350282041","0.17600812679289088","26.73043897070866","1.7212369441986084","16734347709087","0.24733725044072843","0.09526612286215276","9","47","N","49407.41756419884","1994-02-24 10:01:17.550","57607.32353999093","2016-08-07 07:45:53.857","0.10299677388928524","0.9214206418295915","0.374667406351529","13369480","V-CM-TAU","51","1","83.62193089786176","22.00375801483918","w3_f555w","18.900999069213867","0"
"Y","1.1095378350282041","0.17600812679289088","26.73043897070866","1.7212369441986084","16734347709087","0.24733725044072843","0.09526612286215276","9","47","N","49407.41756419884","1994-02-24 10:01:17.550","57607.32353999093","2016-08-07 07:45:53.857","0.10299677388928524","0.9214206418295915","0.374667406351529","13369480","V-CM-TAU","51","1","83.62193089786176","22.00375801483918","w3_f160w","17.92729949951172","0"
"Y","1.1095378350282041","0.17600812679289088","26.73043897070866","1.7212369441986084","16734347709087","0.24733725044072843","0.09526612286215276","9","47","N","49407.41756419884","1994-02-24 10:01:17.550","57607.32353999093","2016-08-07 07:45:53.857","0.10299677388928524","0.9214206418295915","0.374667406351529","13369480","V-CM-TAU","51","1","83.62193089786176","22.00375801483918","w2_f588n","18.624500274658203","0"
"Y","1.1095378350282041","0.17600812679289088","26.73043897070866","1.7212369441986084","16734347709087","0.24733725044072843","0.09526612286215276","9","47","N","49407.41756419884","1994-02-24 10:01:17.550","57607.32353999093","2016-08-07 07:45:53.857","0.10299677388928524","0.9214206418295915","0.374667406351529","13369480","V-CM-TAU","51","30","83.62193089786176","22.00375801483918","a_f550m","18.76430034637451","0.046050071716308594"
"Y","1.1095378350282041","0.17600812679289088","26.73043897070866","1.7212369441986084","16734347709087","0.24733725044072843","0.09526612286215276","9","47","N","49407.41756419884","1994-02-24 10:01:17.550","57607.32353999093","2016-08-07 07:45:53.857","0.10299677388928524","0.9214206418295915","0.374667406351529","13369480","V-CM-TAU","51","13","83.62193089786176","22.00375801483918","w2_f547m","19.151399612426758","0.09280967712402344"
"Y","1.1095378350282041","0.17600812679289088","26.73043897070866","1.7212369441986084","16734347709087","0.24733725044072843","0.09526612286215276","9","47","N","49407.41756419884","1994-02-24 10:01:17.550","57607.32353999093","2016-08-07 07:45:53.857","0.10299677388928524","0.9214206418295915","0.374667406351529","13369480","V-CM-TAU","51","2","83.62193089786176","22.00375801483918","w2_f814w","18.71504497528076","0.1399545669555664"
"Y","0.8282222350438435","0","0","1.7212369441986084","16734347709858","0.3499999940395355","0","1","1","N","49407.28978644917","1994-02-24 06:57:17.550","49407.37335124053","1994-02-24 08:57:37.550","0.10297546304315199","0.9214193228243358","0.37467650785388007","10107578","CRAB-NEB-A","1","1","83.62323064592574","22.004320462680532","w2_f375n","18.815900802612305","0"
"Y","2.0750822729381806","1.4659165391807825","84.87841543353534","1.7212369441986084","16734347721288","0.7651999443769455","0.5871814008638007","2","2","N","49407.41756419884","1994-02-24 10:01:17.550","56257.77187970374","2012-11-26 18:31:30.410","0.1030130910988894","0.9214096599161232","0.3746899273744227","29256456","CRAB-NEB-A","2","1","83.6208533815109","22.005149756207906","w2_f469n","19.57740020751953","0"
"Y","0.8090000020133125","0","0","1.7212369441986084","16734347710069","0.3499999940395355","0","1","1","N","49407.28978644917","1994-02-24 06:57:17.550","49407.37335124053","1994-02-24 08:57:37.550","0.1029812377704424","0.9214107422077993","0.3746960218789034","25570621","CRAB-NEB-A","1","1","83.62281709353238","22.005526383267735","w2_f375n","19.444700241088867","0"
"Y","1.3721111085679796","0","0","1.7212369441986084","16734347708112","0.3499999940395355","0","1","1","N","49407.28978644917","1994-02-24 06:57:17.550","49407.37335124053","1994-02-24 08:57:37.550","0.10297636959884622","0.9214079620202635","0.3747041964409375","62583112","CRAB-NEB-A","1","1","83.62309699229957","22.00603155491317","w2_f375n","19.868600845336914","0"
"Y","2.391789441875755","0.9918516468317247","176.17734520832002","1.7212369441986084","16734347706987","0.7690999954938889","0.5926969060473304","2","2","N","49407.28978644917","1994-02-24 06:57:17.550","56257.77187970374","2012-11-26 18:31:30.410","0.10294798915574466","0.9214202770127957","0.3746817111077475","31678375","CRAB-NEB-A","2","1","83.62492450863554","22.00464201046327","w2_f375n","19.156400680541992","0"
"Y","1.787093414200677","0.06550022995145371","0","1.7212369441986084","16734347706750","0.3499999940395355","0","2","1","N","49407.28978644917","1994-02-24 06:57:17.550","49407.50737899076","1994-02-24 12:10:37.550","0.10295913006092679","0.9214120009301225","0.37469900197312944","50506922","CRAB-NEB-A","2","1","83.62418349146053","22.005710546943522","w2_f469n","18.731599807739258","0"
"Y","1.787093414200677","0.06550022995145371","0","1.7212369441986084","16734347706750","0.3499999940395355","0","2","1","N","49407.28978644917","1994-02-24 06:57:17.550","49407.50737899076","1994-02-24 12:10:37.550","0.10295913006092679","0.9214120009301225","0.37469900197312944","50506922","CRAB-NEB-A","2","1","83.62418349146053","22.005710546943522","w2_f375n","17.949600219726562","0"
"Y","2.9034445020887585","0","0","1.7212369441986084","16734347707197","0.3499999940395355","0","1","1","N","49407.28978644917","1994-02-24 06:57:17.550","49407.37335124053","1994-02-24 08:57:37.550","0.10295323583478264","0.9214153744845809","0.3746923256422985","18594638","CRAB-NEB-A","1","1","83.62456864012248","22.005297963800157","w2_f375n","19.28219985961914","0"
"Y","2.5083867409801863","0.47831366288776533","140.35409879410057","1.7212369441986084","16734347706580","0.6234999696413676","0.47440885429877266","3","2","N","49407.28978644917","1994-02-24 06:57:17.550","56257.77187970374","2012-11-26 18:31:30.410","0.10292584056277121","0.9214139756419253","0.3747032917340944","39869969","CRAB-NEB-A","3","1","83.62624154651748","22.005975645748578","w2_f375n","19.22330093383789","0"
"Y","2.608139431753824","0.04028866257119751","38.96626472895536","1.7212369441986084","16734347706388","0.3499999940395355","0","1","2","N","49420.234230865724","1994-03-09 05:37:17.550","49719.69487343496","1995-01-02 16:40:37.070","0.10292449827779226","0.9214130590799201","0.3747059143008097","96938610","NGC1952-BRTFIL","2","2","83.6263176965096","22.006137715456756","w2_f673n","19.017695426940918","0.04480457305908203"
"Y","2.126521334167599","0.11126740372559844","153.0923118869515","1.7212369441986084","16734347698213","0.3323749974370003","0.035249993205070496","2","4","N","49420.234230865724","1994-03-09 05:37:17.550","53690.7415578193","2005-11-16 17:47:50.600","0.10291884221454875","0.9214110565002529","0.374712392243485","41617867","NGC1952-BRTFIL","4","2","83.6266513328795","22.006538040709472","w2_f673n","18.81919574737549","0.0767049789428711"
"Y","1.203111145231459","0","0","1.7212369441986084","16734347695167","0.3499999940395355","0","1","1","N","49407.28978644917","1994-02-24 06:57:17.550","49407.37335124053","1994-02-24 08:57:37.550","0.1030180772411806","0.9213946706450216","0.37472541502927126","52610771","CRAB-NEB-A","1","1","83.62044423175479","22.00734282979565","w2_f375n","19.244699478149414","0"
"Y","2.5522221238524825","0.6261823157226756","153.24355351065083","1.7212369441986084","16734347701241","0.3669999986886978","0.024041637135250985","2","2","N","49407.28978644917","1994-02-24 06:57:17.550","52859.84719157871","2003-08-08 20:19:57.357","0.1029807305102857","0.9213962123037955","0.3747318896483848","50897087","CRAB-POL","2","1","83.62274851155286","22.00774295306482","w2_f375n","19.37220001220703","0"
"Y","1.2517778078715007","0","0","1.7212369441986084","16734347701109","0.3499999940395355","0","1","1","N","49407.28978644917","1994-02-24 06:57:17.550","49407.37335124053","1994-02-24 08:57:37.550","0.10298522698671474","0.9213924082344773","0.37474000729951185","233841","CRAB-NEB-A","1","1","83.6224462406698","22.008244615835782","w2_f375n","18.595500946044922","0"
"Y","2.8359166781107588","0.9759250754965618","123.12806971138588","1.7212369441986084","16734347700843","0.380500003695488","0.043133527307958316","2","2","N","49407.28978644917","1994-02-24 06:57:17.550","53718.58883813443","2005-12-14 14:07:55.620","0.10297878323870277","0.9213896177397776","0.37474863918609","99398229","CRAB-NEB-A","2","1","83.62282283975618","22.008778058960548","w2_f375n","19.96179962158203","0"
"Y","2.3916431897635193","0.2920088932881717","90.57881143906229","1.7212369441986084","16734347703250","0.3683947403179972","0.13791237308050688","3","19","N","49407.28978644917","1994-02-24 06:57:17.550","53718.58883813443","2005-12-14 14:07:55.620","0.10299288037270066","0.9213863860190727","0.3747527108408039","91681680","CRAB-PULSAR-POS2","19","1","83.6219348523841","22.00902968484687","w2_f375n","19.796100616455078","0"
"Y","2.4108860037488196","0.5099771522669992","206.67376999418792","1.7212369441986084","16734347702710","0.3409999907016754","0.012727926781804889","2","2","N","49406.412008657586","1994-02-23 09:53:17.550","52859.84719157871","2003-08-08 20:19:57.357","0.10298739197830795","0.9213878038423124","0.37475073321795205","20085351","CRAB-POL","2","1","83.62228166600063","22.008907469038373","w2_f502n","19.670799255371094","0"
"Y","0.9701110919316609","0","0","1.7212369441986084","16734347702611","0.3499999940395355","0","1","1","N","49407.28978644917","1994-02-24 06:57:17.550","49407.37335124053","1994-02-24 08:57:37.550","0.10298888435246069","0.9213852209860629","0.37475667338787927","38562615","CRAB-NEB-A","1","1","83.62217227785386","22.009274568544555","w2_f375n","18.9685001373291","0"
"Y","1.9781818444078618","0","0","1.7212369441986084","16734347702737","0.3499999940395355","0","1","1","N","49407.41756419884","1994-02-24 10:01:17.550","49407.50737899076","1994-02-24 12:10:37.550","0.10297848924134208","0.9213868471700338","0.3747555318018974","14338053","CRAB-NEB-A","1","1","83.62282187830942","22.009204019083022","w2_f469n","18.85849952697754","0"
"Y","2.814009210410185","0.9340177043488661","263.335656997291","1.7212369441986084","16734347701649","0.40093750320374966","0.3934966857196864","5","6","N","49407.28978644917","1994-02-24 06:57:17.550","57409.393259884324","2016-01-22 09:26:17.657","0.10296151374900088","0.9213991664739558","0.3747299063417886","39610370","NGC1952-BRTFIL","7","1","83.62394901415254","22.00762038730594","w2_f375n","19.055099487304688","0"
"Y","2.1576666831970215","0","0","1.7212369441986084","16734347701617","0.3499999940395355","0","1","1","N","49407.28978644917","1994-02-24 06:57:17.550","49407.37335124053","1994-02-24 08:57:37.550","0.10294920090205036","0.9213996760500754","0.3747320362726686","28784476","CRAB-NEB-A","1","1","83.62470872463507","22.007752014546085","w2_f375n","19.88330078125","0"
"Y","1.9967075942106296","1.076766811614105","162.1807367370659","1.7212369441986084","16734347699144","0.6202999949455261","0.4681733348550893","3","3","N","49407.28978644917","1994-02-24 06:57:17.550","56257.77187970374","2012-11-26 18:31:30.410","0.10293035308817884","0.9214051442010159","0.3747237684657883","107449326","CRAB-PULSAR","3","1","83.62590381417527","22.007241074369876","w2_f375n","19.33340072631836","0"
"Y","2.0724444919162326","0","0","1.7212369441986084","16734347698961","0.3499999940395355","0","1","1","N","49407.28978644917","1994-02-24 06:57:17.550","49407.37335124053","1994-02-24 08:57:37.550","0.1029355238677101","0.9214032885326439","0.3747269109738267","86161526","CRAB-NEB-A","1","1","83.62557351044143","22.007435277234933","w2_f375n","18.858999252319336","0"
"Y","2.4505500929939936","0.6760316610461734","59.82994230491183","1.7212369441986084","16734347701366","0.3499999940395355","0","1","26","N","50080.386308562476","1995-12-29 09:16:17.063","52018.775172370486","2001-04-19 18:36:14.897","0.1029614309640006","0.9213917895436198","0.374748067234547","66187168","CRAB-PULSAR-POS2","26","26","83.62390347046123","22.00874271329831","w2_f547m","19.336344718933105","0.10095024108886719"
"Y","1.195060031547023","0.2918735446612062","33.260215612599","1.7212369441986084","16734347701356","0.2200548999449786","0.07799236690545638","6","50","N","49407.41756419884","1994-02-24 10:01:17.550","57607.32353999093","2016-08-07 07:45:53.857","0.10296158280360224","0.9213914859634803","0.37474877194749734","40993040","V-CM-TAU","51","1","83.62389206142569","22.008786263898035","w2_f656n","18.802900314331055","0"
"Y","1.195060031547023","0.2918735446612062","33.260215612599","1.7212369441986084","16734347701356","0.2200548999449786","0.07799236690545638","6","50","N","49407.41756419884","1994-02-24 10:01:17.550","57607.32353999093","2016-08-07 07:45:53.857","0.10296158280360224","0.9213914859634803","0.37474877194749734","40993040","V-CM-TAU","51","1","83.62389206142569","22.008786263898035","w3_f555w","18.988100051879883","0"
"Y","1.195060031547023","0.2918735446612062","33.260215612599","1.7212369441986084","16734347701356","0.2200548999449786","0.07799236690545638","6","50","N","49407.41756419884","1994-02-24 10:01:17.550","57607.32353999093","2016-08-07 07:45:53.857","0.10296158280360224","0.9213914859634803","0.37474877194749734","40993040","V-CM-TAU","51","1","83.62389206142569","22.008786263898035","w3_f160w","17.85930061340332","0"
"Y","1.195060031547023","0.2918735446612062","33.260215612599","1.7212369441986084","16734347701356","0.2200548999449786","0.07799236690545638","6","50","N","49407.41756419884","1994-02-24 10:01:17.550","57607.32353999093","2016-08-07 07:45:53.857","0.10296158280360224","0.9213914859634803","0.37474877194749734","40993040","V-CM-TAU","51","41","83.62389206142569","22.008786263898035","a_f550m","18.866100311279297","0.051700592041015625"
"Y","1.195060031547023","0.2918735446612062","33.260215612599","1.7212369441986084","16734347701356","0.2200548999449786","0.07799236690545638","6","50","N","49407.41756419884","1994-02-24 10:01:17.550","57607.32353999093","2016-08-07 07:45:53.857","0.10296158280360224","0.9213914859634803","0.37474877194749734","40993040","V-CM-TAU","51","6","83.62389206142569","22.008786263898035","w2_f547m","18.989194869995117","0.08063030242919922"
"Y","1.195060031547023","0.2918735446612062","33.260215612599","1.7212369441986084","16734347701356","0.2200548999449786","0.07799236690545638","6","50","N","49407.41756419884","1994-02-24 10:01:17.550","57607.32353999093","2016-08-07 07:45:53.857","0.10296158280360224","0.9213914859634803","0.37474877194749734","40993040","V-CM-TAU","51","1","83.62389206142569","22.008786263898035","w2_f469n","19.293399810791016","0"
"Y","1.5164444181654189","0","0","1.7212369441986084","16734347699935","0.3499999940395355","0","1","1","N","49407.28978644917","1994-02-24 06:57:17.550","49407.37335124053","1994-02-24 08:57:37.550","0.10292534401533707","0.9213894983260985","0.3747636134077036","926906","CRAB-NEB-A","1","1","83.626104113771","22.00970345916323","w2_f375n","19.411800384521484","0"
"Y","0.9770077466964722","0.186193818540517","62.64343139545886","1.7212369441986084","16734347796990","0.3499999940395355","0","2","2","N","49407.28978644917","1994-02-24 06:57:17.550","51994.54947753018","2001-03-26 13:11:14.863","0.10290233409162618","0.9214281961526021","0.374674777606281","1551011","CRAB-PULSAR-POS2","2","1","83.62778276235657","22.00421353796367","w2_f375n","18.214599609375","0"
"Y","1.0611110925674438","0","0","1.7212369441986084","16734347678540","0.3499999940395355","0","1","1","N","49407.28978644917","1994-02-24 06:57:17.550","49407.37335124053","1994-02-24 08:57:37.550","0.10291701601024349","0.9214234574309282","0.3746823987224352","54136556","CRAB-NEB-A","1","1","83.62684855992694","22.004684503339075","w2_f375n","19.9281005859375","0"
"Y","1.768888897365994","0","0","1.7212369441986084","16734347799975","0.3499999940395355","0","1","1","N","49407.28978644917","1994-02-24 06:57:17.550","49407.37335124053","1994-02-24 08:57:37.550","0.10286677301095273","0.9214296010584409","0.37468108746593515","40118434","CRAB-NEB-A","1","1","83.62997640691596","22.004603470946","w2_f375n","18.83690071105957","0"
"Y","0.858222246170044","0","0","1.7212369441986084","16734347797358","0.3499999940395355","0","1","1","N","49407.28978644917","1994-02-24 06:57:17.550","49407.37335124053","1994-02-24 08:57:37.550","0.10288722357481969","0.9214208595316118","0.37469696935793734","69530016","CRAB-NEB-A","1","1","83.62866047157932","22.005584935487317","w2_f375n","19.052099227905273","0"
"Y","0.7852222522099812","0","0","1.7212369441986084","16734347798730","0.3499999940395355","0","1","1","N","49407.28978644917","1994-02-24 06:57:17.550","49407.37335124053","1994-02-24 08:57:37.550","0.10282935148976402","0.9214295799121601","0.3746914113458427","26876822","CRAB-NEB-A","1","1","83.63227455105661","22.005241462297008","w2_f375n","18.5398006439209","0"
"Y","0.929666691356235","0","0","1.7212369441986084","16734347843229","0.3499999940395355","0","1","1","N","49407.28978644917","1994-02-24 06:57:17.550","49407.37335124053","1994-02-24 08:57:37.550","0.10284523242636395","0.9214176243798732","0.37471645233488204","27796053","CRAB-NEB-A","1","1","83.63121724526826","22.006788948104386","w2_f375n","19.307600021362305","0"
"Y","2.405649238136901","0.7547880069050857","43.408860734932865","1.7212369441986084","16734347825376","0.39400000870227814","0.05256267658556551","3","3","N","49421.17311981693","1994-03-10 04:09:17.553","56517.74421858322","2013-08-13 17:51:40.487","0.10290059184245394","0.9214095707375215","0.37472105779201753","77810034","CRAB-NEBULA","4","1","83.62776201692249","22.007073558493495","w2_f631n","19.790800094604492","0"
"Y","1.19403918556764","0.4824034926684264","28.55737138425084","1.7212369441986084","16734347841702","0.19849090549078854","0.06987240072218288","4","32","N","50026.63422531029","1995-11-05 15:13:17.070","57607.32353999093","2016-08-07 07:45:53.857","0.10288832571835536","0.92141032622715","0.3747225682479918","71563589","V-CM-TAU","33","1","83.62852054492811","22.007166902540156","w3_f160w","18.823999404907227","0"
"Y","1.176333294974433","0","0","1.7212369441986084","16734347698573","0.3499999940395355","0","1","1","N","49407.28978644917","1994-02-24 06:57:17.550","49407.37335124053","1994-02-24 08:57:37.550","0.10291510494060152","0.9214019651867347","0.3747357732134005","26821149","CRAB-NEB-A","1","1","83.62681849784836","22.00798295343791","w2_f375n","19.621999740600586","0"
"Y","2.3894807163478466","0.4204009577397501","149.8150103037091","1.7212369441986084","16734347825743","0.4048750102519989","0.06428113840378423","3","4","N","49406.412008657586","1994-02-23 09:53:17.550","53619.72436911566","2005-09-06 17:23:05.497","0.1029105295096522","0.9214015298552138","0.37473810017309206","74623700","CRAB-POL","4","1","83.62709652126189","22.008126756940232","w2_f375n","19.910200119018555","0"
"Y","1.9033888847003748","0.4518563219322041","157.9684807147594","1.7212369441986084","16734347842464","0.43808333327372867","0.04826198672486607","2","12","N","49407.28978644917","1994-02-24 06:57:17.550","57327.09149859706","2015-11-01 02:11:45.480","0.10288658482594772","0.9214122105974626","0.37471841274995726","57014075","CRAB-POL","12","1","83.62864038803963","22.006910098440773","w2_f375n","19.45800018310547","0"
"Y","2.038841583661235","0.3240333718473205","98.62011779943408","1.7212369441986084","16734347842508","0.39420625381171703","0.03903742447819884","4","16","N","49407.28978644917","1994-02-24 06:57:17.550","56257.748980823904","2012-11-26 17:58:31.947","0.1028821840303118","0.921411953311592","0.37472025372249207","26664038","CRAB-PULSAR-POS2","16","1","83.62890890660955","22.007023867630796","w2_f375n","19.70319938659668","0"
"Y","1.268091280139063","0.4020885787727362","35.855432023206866","1.7212369441986084","16734347825796","0.2527704190620234","0.08943463655979943","11","65","N","49406.412008657586","1994-02-23 09:53:17.550","57607.32353999093","2016-08-07 07:45:53.857","0.10289464535329931","0.9213958722784285","0.3747563722181184","88082555","V-CM-TAU","71","1","83.62803327939586","22.009255956259736","w3_f160w","18.428600311279297","0"
"Y","1.268091280139063","0.4020885787727362","35.855432023206866","1.7212369441986084","16734347825796","0.2527704190620234","0.08943463655979943","11","65","N","49406.412008657586","1994-02-23 09:53:17.550","57607.32353999093","2016-08-07 07:45:53.857","0.10289464535329931","0.9213958722784285","0.3747563722181184","88082555","V-CM-TAU","71","1","83.62803327939586","22.009255956259736","w2_f656n","19.43950080871582","0"
"Y","1.268091280139063","0.4020885787727362","35.855432023206866","1.7212369441986084","16734347825796","0.2527704190620234","0.08943463655979943","11","65","N","49406.412008657586","1994-02-23 09:53:17.550","57607.32353999093","2016-08-07 07:45:53.857","0.10289464535329931","0.9213958722784285","0.3747563722181184","88082555","V-CM-TAU","71","2","83.62803327939586","22.009255956259736","w2_f631n","18.55655002593994","1.0010499954223633"
"Y","1.268091280139063","0.4020885787727362","35.855432023206866","1.7212369441986084","16734347825796","0.2527704190620234","0.08943463655979943","11","65","N","49406.412008657586","1994-02-23 09:53:17.550","57607.32353999093","2016-08-07 07:45:53.857","0.10289464535329931","0.9213958722784285","0.3747563722181184","88082555","V-CM-TAU","71","1","83.62803327939586","22.009255956259736","w2_f658n","19.53350067138672","0"
"Y","1.268091280139063","0.4020885787727362","35.855432023206866","1.7212369441986084","16734347825796","0.2527704190620234","0.08943463655979943","11","65","N","49406.412008657586","1994-02-23 09:53:17.550","57607.32353999093","2016-08-07 07:45:53.857","0.10289464535329931","0.9213958722784285","0.3747563722181184","88082555","V-CM-TAU","71","41","83.62803327939586","22.009255956259736","a_f550m","19.940099716186523","0.08810043334960938"
"Y","1.268091280139063","0.4020885787727362","35.855432023206866","1.7212369441986084","16734347825796","0.2527704190620234","0.08943463655979943","11","65","N","49406.412008657586","1994-02-23 09:53:17.550","57607.32353999093","2016-08-07 07:45:53.857","0.10289464535329931","0.9213958722784285","0.3747563722181184","88082555","V-CM-TAU","71","17","83.62803327939586","22.009255956259736","w2_f547m","19.98208999633789","0.03469085693359375"
"Y","1.268091280139063","0.4020885787727362","35.855432023206866","1.7212369441986084","16734347825796","0.2527704190620234","0.08943463655979943","11","65","N","49406.412008657586","1994-02-23 09:53:17.550","57607.32353999093","2016-08-07 07:45:53.857","0.10289464535329931","0.9213958722784285","0.3747563722181184","88082555","V-CM-TAU","71","1","83.62803327939586","22.009255956259736","w2_f588n","19.634899139404297","0"
"Y","1.268091280139063","0.4020885787727362","35.855432023206866","1.7212369441986084","16734347825796","0.2527704190620234","0.08943463655979943","11","65","N","49406.412008657586","1994-02-23 09:53:17.550","57607.32353999093","2016-08-07 07:45:53.857","0.10289464535329931","0.9213958722784285","0.3747563722181184","88082555","V-CM-TAU","71","3","83.62803327939586","22.009255956259736","w2_f673n","19.39240074157715","0.13821029663085938"
"Y","2.2045555379655624","0","0","1.7212369441986084","16734347825516","0.3499999940395355","0","1","1","N","49407.28978644917","1994-02-24 06:57:17.550","49407.37335124053","1994-02-24 08:57:37.550","0.10288156950694938","0.9213988074692413","0.3747527454882061","12478550","CRAB-NEB-A","1","1","83.62885649864104","22.009031826388227","w2_f375n","19.701900482177734","0"
"Y","2.3840901283844085","0.18792988244381","86.8802925285813","1.7212369441986084","16734347844879","0.408500000834465","0.08273150300830752","2","2","N","49719.473114226945","1995-01-02 11:21:17.070","53718.58883813443","2005-12-14 14:07:55.620","0.10286125994926204","0.9214020508589675","0.3747503461271209","17908358","NGC1952-BRTFIL","2","1","83.63012610707923","22.008883546785395","w2_f673n","19.964099884033203","0"
"Y","2.3346270303007595","0.32656835595138334","149.22010315242017","1.7212369441986084","16734347828769","0.3999000072479248","0.030968541982056445","2","5","N","49406.412008657586","1994-02-23 09:53:17.550","53665.6932938979","2005-10-22 16:38:20.597","0.10287273523139998","0.9213986505331162","0.37475555657241016","55549991","CRAB-NEB-A","5","1","83.62939800438131","22.00920554942924","w2_f502n","19.95359992980957","0"
"Y","0.9226666556464301","0","0","1.7212369441986084","16734347845589","0.3499999940395355","0","1","1","N","49407.28978644917","1994-02-24 06:57:17.550","49407.37335124053","1994-02-24 08:57:37.550","0.10284698931002147","0.9214094456348532","0.3747360808433431","89238849","CRAB-NEB-A","1","1","83.63105327475266","22.008001964648358","w2_f375n","18.781999588012695","0"
"Y","0.9451111157735188","0","0","1.7212369441986084","16734347843459","0.3499999940395355","0","1","1","N","49407.28978644917","1994-02-24 06:57:17.550","49407.37335124053","1994-02-24 08:57:37.550","0.10281358911736346","0.9214188336672178","0.37472216221814714","22016835","CRAB-NEB-A","1","1","83.63316897893961","22.00714181046398","w2_f375n","19.21769905090332","0"
"Y","1.123888889948527","0","0","1.7212369441986084","16734347842833","0.3499999940395355","0","1","1","N","49407.28978644917","1994-02-24 06:57:17.550","49407.37335124053","1994-02-24 08:57:37.550","0.10282219807638028","0.9214119210937645","0.37473679729947623","35827176","CRAB-NEB-A","1","1","83.63259286264353","22.00804624090943","w2_f375n","19.508699417114258","0"
"Y","1.9639443909680403","0.3338329488587796","46.16830621879798","1.7212369441986084","16734347843861","0.41749998927116394","0.09545940871668815","2","2","N","49407.28978644917","1994-02-24 06:57:17.550","53673.68877983093","2005-10-30 16:31:50.583","0.10285237431803662","0.9214008499214144","0.37475573762986303","16876111","CRAB-NEB-A","2","1","83.6306636104549","22.009216738862147","w2_f375n","19.93000030517578","0"
"Y","2.3342129924397956","0.517300990942646","84.40812942744847","1.7212369441986084","16734347844051","0.367249995470047","0.02439518597398462","2","2","N","49719.473114226945","1995-01-02 11:21:17.070","53682.348351888824","2005-11-08 08:21:37.607","0.1028503303700439","0.921398145954345","0.3747629466729884","32296119","NGC1952-BRTFIL","2","1","83.6307706080707","22.009662254877643","w2_f673n","19.7814998626709","0"
"Y","2.7037368455553508","0.34181893923362355","307.06811065543195","1.7212369441986084","16734347844706","0.31627142429351807","0.062398038909446465","6","6","N","49407.28978644917","1994-02-24 06:57:17.550","56257.748980823904","2012-11-26 17:58:31.947","0.10282710098077115","0.9214069273720753","0.37474773048223947","59926749","CRAB-PULSAR-POS2","7","1","83.63225750997202","22.008721902169373","w2_f375n","19.936899185180664","0"
"Y","2.7037368455553508","0.34181893923362355","307.06811065543195","1.7212369441986084","16734347844706","0.31627142429351807","0.062398038909446465","6","6","N","49407.28978644917","1994-02-24 06:57:17.550","56257.748980823904","2012-11-26 17:58:31.947","0.10282710098077115","0.9214069273720753","0.37474773048223947","59926749","CRAB-PULSAR-POS2","7","1","83.63225750997202","22.008721902169373","w2_f631n","19.475200653076172","0"
"Y","0.7885555426279703","0","0","1.7212369441986084","16734347844189","0.3499999940395355","0","1","1","N","49407.28978644917","1994-02-24 06:57:17.550","49407.37335124053","1994-02-24 08:57:37.550","0.10282206260595002","0.9214007379312851","0.37476433072312515","83544413","CRAB-NEB-A","1","1","83.63252453572166","22.00974778905519","w2_f375n","17.933500289916992","0"
"Y","2.366835032938679","0.6457459376032485","194.3842172929347","1.7212369441986084","16734347769346","0.3499999940395355","0","3","3","N","49457.16964748595","1994-04-15 04:04:17.547","49722.375429053325","1995-01-05 09:00:37.073","0.10275707477435823","0.9214778800960154","0.37459244530346564","100669887","NGC1952-BRTFIL","3","1","83.63704437573105","21.999125713160645","w2_f673n","19.992900848388672","0"
"Y","2.4112894588324827","0.18909028106869194","140.2350311466569","1.7212369441986084","16734347768277","0.3499999940395355","0","3","2","N","49457.16964748595","1994-04-15 04:04:17.547","50108.43282508338","1996-01-26 10:23:16.090","0.10274488933830517","0.9214813687357528","0.3745872058534402","24061404","NGC1952-BRTFIL","3","1","83.6378166277062","21.99880194114523","w2_f658n","19.486799240112305","0"
"Y","2.16127235283104","0.5799413631235126","107.65607770396244","1.7212369441986084","16734347766516","0.3499999940395355","0","4","4","N","49457.16964748595","1994-04-15 04:04:17.547","51983.307810632046","2001-03-15 07:23:14.843","0.10273647113676218","0.9214775410977873","0.3745989305271315","74556207","NGC1952-BRTFIL","5","1","83.63830741845332","21.999526468817287","w2_f658n","19.36989974975586","0"
"Y","2.6899612227151564","0.13343639758648884","165.0788590974124","1.7212369441986084","16734347766644","0.3499999940395355","0","3","3","N","49457.16964748595","1994-04-15 04:04:17.547","51928.48765376862","2001-01-19 11:42:13.287","0.10272856801184753","0.921478894564039","0.37459776853075305","66942518","NGC1952-BRTFIL","3","1","83.63880205417694","21.999454662945446","w2_f658n","19.395200729370117","0"
"Y","2.473837275837743","0.019404409054415612","125.07299565759736","1.7212369441986084","16734347766478","0.3499999940395355","0","2","2","N","49457.16964748595","1994-04-15 04:04:17.547","49721.5712623517","1995-01-04 13:42:37.070","0.10273269028141391","0.9214763551244964","0.37460288479322645","30091098","NGC1952-BRTFIL","2","1","83.6385314985773","21.999770824017393","w2_f656n","19.92770004272461","0"
"Y","2.473837275837743","0.019404409054415612","125.07299565759736","1.7212369441986084","16734347766478","0.3499999940395355","0","2","2","N","49457.16964748595","1994-04-15 04:04:17.547","49721.5712623517","1995-01-04 13:42:37.070","0.10273269028141391","0.9214763551244964","0.37460288479322645","30091098","NGC1952-BRTFIL","2","1","83.6385314985773","21.999770824017393","w2_f658n","18.99850082397461","0"
"Y","1.3842804783927718","0.35948120152666013","22.570752965300432","1.7212369441986084","16734347786697","0.2587499956467322","0.088965006855662","5","54","N","49723.69950313633","1995-01-06 16:47:17.073","57607.32353999093","2016-08-07 07:45:53.857","0.10266170549290227","0.9214869760069887","0.3745962189825615","52621731","V-CM-TAU","56","28","83.64296372976047","21.999358908254592","a_f550m","17.50510025024414","0.05669975280761719"
"Y","1.3842804783927718","0.35948120152666013","22.570752965300432","1.7212369441986084","16734347786697","0.2587499956467322","0.088965006855662","5","54","N","49723.69950313633","1995-01-06 16:47:17.073","57607.32353999093","2016-08-07 07:45:53.857","0.10266170549290227","0.9214869760069887","0.3745962189825615","52621731","V-CM-TAU","56","1","83.64296372976047","21.999358908254592","w2_f814w","17.517799377441406","0"
"Y","1.3842804783927718","0.35948120152666013","22.570752965300432","1.7212369441986084","16734347786697","0.2587499956467322","0.088965006855662","5","54","N","49723.69950313633","1995-01-06 16:47:17.073","57607.32353999093","2016-08-07 07:45:53.857","0.10266170549290227","0.9214869760069887","0.3745962189825615","52621731","V-CM-TAU","56","25","83.64296372976047","21.999358908254592","w2_f547m","18.39719009399414","0.10338973999023438"
"Y","1.3842804783927718","0.35948120152666013","22.570752965300432","1.7212369441986084","16734347786697","0.2587499956467322","0.088965006855662","5","54","N","49723.69950313633","1995-01-06 16:47:17.073","57607.32353999093","2016-08-07 07:45:53.857","0.10266170549290227","0.9214869760069887","0.3745962189825615","52621731","V-CM-TAU","56","1","83.64296372976047","21.999358908254592","w3_f555w","19.212600708007812","0"
"Y","1.085080587263541","0.21768494583597248","27.153940366804243","1.7212369441986084","16734347787249","0.264469638466835","0.1038950625824877","5","54","N","49723.69950313633","1995-01-06 16:47:17.073","57607.32353999093","2016-08-07 07:45:53.857","0.10266813135657904","0.9214834812772605","0.37460305462997756","93329628","V-CM-TAU","56","1","83.64254517090092","21.999781319147843","w3_f160w","19.760799407958984","0"
"Y","1.9825187390005485","0.1191656851527643","0","1.7212369441986084","16734347787996","0.5510000586509705","0","2","1","N","51572.47169912513","2000-01-29 11:19:14.810","51572.63813440967","2000-01-29 15:18:54.813","0.10261856519565013","0.9214825373863871","0.3746189575680134","99445505","CRAB-FIELD-6","2","1","83.64558285771494","22.000764050878693","w2_f673n","19.779090881347656","0"
"Y","2.2190116172613097","0.06832631445547266","0","1.7212369441986084","16734347785882","0.3499999940395355","0","2","1","N","51475.64251867123","1999-10-24 15:25:13.617","51475.925620592665","1999-10-24 22:12:53.620","0.10261942051435706","0.9214774634841602","0.3746312037540752","44231497","CRAB-FIELD-3","2","1","83.6454956241252","22.001520816006916","w2_f631n","19.89699935913086","0"
"Y","1.6610114720699","0.39813018255352134","71.5971308998152","1.7212369441986084","16734347773650","0.3499999940395355","0","3","3","N","49457.16964748595","1994-04-15 04:04:17.547","49943.827743689995","1995-08-14 19:51:57.057","0.10269293682675922","0.921467851885139","0.37463470030102414","15824858","NGC1952-BRTFIL","3","1","83.6409147644166","22.001736889323357","w2_f656n","19.836599349975586","0"
"Y","1.6610114720699","0.39813018255352134","71.5971308998152","1.7212369441986084","16734347773650","0.3499999940395355","0","3","3","N","49457.16964748595","1994-04-15 04:04:17.547","49943.827743689995","1995-08-14 19:51:57.057","0.10269293682675922","0.921467851885139","0.37463470030102414","15824858","NGC1952-BRTFIL","3","1","83.6409147644166","22.001736889323357","w2_f658n","19.514400482177734","0"
"Y","2.7317440787027047","0","0","1.7212369441986084","16734347775818","0.3499999940395355","0","1","1","N","49721.350197560154","1995-01-04 08:24:17.070","49721.5712623517","1995-01-04 13:42:37.070","0.1026783414358812","0.921467168141515","0.374640382552834","99791683","NGC1952-BRTFIL","1","1","83.64180647769865","22.00208803158086","w2_f656n","19.728200912475586","0"
"Y","2.7884883936061415","0.9286121037115582","126.9369971188779","1.7212369441986084","16734347775157","0.3499999940395355","0","2","2","N","49721.350197560154","1995-01-04 08:24:17.070","51972.86820996972","2001-03-04 20:50:13.343","0.10267278137562566","0.9214683938010091","0.3746388917233817","52788350","NGC1952-BRTFIL","2","1","83.64215634361892","22.001995903728275","w2_f656n","19.77989959716797","0"
"Y","1.4401219349539691","0.9556380003868703","94.05013546511691","1.7212369441986084","16734347774748","0.3499999940395355","0","5","16","N","49457.16964748595","1994-04-15 04:04:17.547","52018.775172370486","2001-04-19 18:36:14.897","0.10264557409634535","0.9214635962022352","0.3746581468395516","23981919","NGC1952-BRTFIL","19","1","83.64379449665898","22.003185804791066","w2_f631n","19.62420082092285","0"
"Y","1.2491135438808638","0.6130469333781972","44.28120969286366","1.7212369441986084","16734347774749","0.2209447332118687","0.09102955954715605","4","37","N","51785.94112397451","2000-08-29 22:35:13.113","57607.32353999093","2016-08-07 07:45:53.857","0.10264504471132044","0.9214638638176922","0.3746576336813064","79145779","V-CM-TAU","38","1","83.64382884078037","22.00315409321149","w3_f160w","18.898799896240234","0"
"Y","3.1749999800393747","0.42936190372354344","40.324392093926456","1.7212369441986084","16734347774172","0.3499999940395355","0","1","2","N","49723.69950313633","1995-01-06 16:47:17.073","50026.65899380576","1995-11-05 15:48:57.067","0.10261971103375711","0.9214621976554127","0.3746686712298071","77934323","NGC1952-BRTFIL","2","2","83.64537336750764","22.00383618072385","w2_f547m","19.18644618988037","0.08394527435302734"
"Y","1.100900919863652","0.13673983452232072","11.447929449508507","1.7212369441986084","16734347774167","0.22078683854717956","0.09110588961998808","6","35","N","49943.67103069695","1995-08-14 16:06:17.053","57607.32353999093","2016-08-07 07:45:53.857","0.10261902650250068","0.9214620354604691","0.374669257620779","68555688","V-CM-TAU","38","28","83.64541430031151","22.003872418029346","a_f550m","18.71024990081787","0.05675029754638672"
"Y","1.100900919863652","0.13673983452232072","11.447929449508507","1.7212369441986084","16734347774167","0.22078683854717956","0.09110588961998808","6","35","N","49943.67103069695","1995-08-14 16:06:17.053","57607.32353999093","2016-08-07 07:45:53.857","0.10261902650250068","0.9214620354604691","0.374669257620779","68555688","V-CM-TAU","38","6","83.64541430031151","22.003872418029346","w2_f547m","19.099395751953125","0.1634988784790039"
"Y","1.100900919863652","0.13673983452232072","11.447929449508507","1.7212369441986084","16734347774167","0.22078683854717956","0.09110588961998808","6","35","N","49943.67103069695","1995-08-14 16:06:17.053","57607.32353999093","2016-08-07 07:45:53.857","0.10261902650250068","0.9214620354604691","0.374669257620779","68555688","V-CM-TAU","38","1","83.64541430031151","22.003872418029346","w3_f160w","17.181499481201172","0"
"Y","1.100900919863652","0.13673983452232072","11.447929449508507","1.7212369441986084","16734347774167","0.22078683854717956","0.09110588961998808","6","35","N","49943.67103069695","1995-08-14 16:06:17.053","57607.32353999093","2016-08-07 07:45:53.857","0.10261902650250068","0.9214620354604691","0.374669257620779","68555688","V-CM-TAU","38","1","83.64541430031151","22.003872418029346","w2_f814w","18.121299743652344","0"
"Y","1.100900919863652","0.13673983452232072","11.447929449508507","1.7212369441986084","16734347774167","0.22078683854717956","0.09110588961998808","6","35","N","49943.67103069695","1995-08-14 16:06:17.053","57607.32353999093","2016-08-07 07:45:53.857","0.10261902650250068","0.9214620354604691","0.374669257620779","68555688","V-CM-TAU","38","1","83.64541430031151","22.003872418029346","w3_f555w","18.89590072631836","0"
"Y","1.2069972570878538","0.18779608041543297","23.418940645592794","1.7212369441986084","16734347774167","0.3499999940395355","0","1","17","N","51610.50850524055","2000-03-07 12:12:14.857","52018.775172370486","2001-04-19 18:36:14.897","0.10261921179475975","0.9214619608212732","0.3746693904374699","4699695","CRAB-PULSAR-POS2","17","17","83.64540240960883","22.003880625733352","w2_f547m","19.104990005493164","0.06571006774902344"
"Y","2.7769150384514156","0.13827509821866707","231.84251197691717","1.7212369441986084","16734347785231","0.3649999925068447","0.039686265610849994","6","4","N","49943.752280731685","1995-08-14 18:03:17.057","56257.77187970374","2012-11-26 18:31:30.410","0.10260765875203601","0.921461922411318","0.37467264900398217","90094572","CRAB-PULSAR-POS2","7","1","83.64611170683519","22.00408199610406","w2_f631n","18.675199508666992","0"
"Y","1.2512221601274278","0","0","1.7212369441986084","16734347793602","0.3499999940395355","0","1","1","N","49407.28978644917","1994-02-24 06:57:17.550","49407.37335124053","1994-02-24 08:57:37.550","0.10279835470988069","0.9214356038660458","0.3746851027174603","7974575","CRAB-NEB-A","1","1","83.63421954770598","22.004851603645104","w2_f375n","19.232799530029297","0"
"Y","1.5302222304873996","0","0","1.7212369441986084","16734347793578","0.42500001192092896","0","1","1","N","49407.28978644917","1994-02-24 06:57:17.550","49407.37335124053","1994-02-24 08:57:37.550","0.10279442328787836","0.9214340114954434","0.3746900972827806","90476645","CRAB-NEB-A","1","1","83.63445009203875","22.005160256146844","w2_f375n","19.583900451660156","0"
"Y","2.1003100992173187","0.9193853412786899","49.56392432778542","1.7212369441986084","16734347793989","0.3499999940395355","0","2","2","N","49420.234230865724","1994-03-09 05:37:17.550","51610.535820073914","2000-03-07 12:51:34.857","0.1027822096155864","0.9214348143261606","0.3746914735286568","41329656","CRAB-PULSAR-POS2","3","1","83.63520571710369","22.00524530506137","w2_f673n","19.84299087524414","0"
"Y","0.8473863655870612","0","0","1.7212369441986084","16734347848092","0.3499999940395355","0","1","1","N","49407.41756419884","1994-02-24 10:01:17.550","49407.50737899076","1994-02-24 12:10:37.550","0.10277447891802126","0.9214336145719432","0.37469654444841016","62726801","CRAB-NEB-A","1","1","83.63567229409018","22.005558676956223","w2_f469n","19.121599197387695","0"
"Y","1.2122507885744034","0.421557282607955","38.97318413341992","1.7212369441986084","16734347847695","0.27196516515163893","0.08983636360661214","7","84","N","49420.234230865724","1994-03-09 05:37:17.550","57607.32353999093","2016-08-07 07:45:53.857","0.10280530072810914","0.9214289313414409","0.3746996058695278","86939145","V-CM-TAU","89","1","83.63374722501773","22.00574786642044","w3_f160w","18.294200897216797","0"
"Y","1.2122507885744034","0.421557282607955","38.97318413341992","1.7212369441986084","16734347847695","0.27196516515163893","0.08983636360661214","7","84","N","49420.234230865724","1994-03-09 05:37:17.550","57607.32353999093","2016-08-07 07:45:53.857","0.10280530072810914","0.9214289313414409","0.3746996058695278","86939145","V-CM-TAU","89","3","83.63374722501773","22.00574786642044","w2_f814w","19.63640022277832","0.15089988708496094"
"Y","0.9371590885249051","0","0","1.7212369441986084","16734347848635","0.3499999940395355","0","1","1","N","49407.41756419884","1994-02-24 10:01:17.550","49407.50737899076","1994-02-24 12:10:37.550","0.10277883014561878","0.921430758897488","0.3747023734019142","47257703","CRAB-NEB-A","1","1","83.63538549150427","22.005918894566623","w2_f469n","18.939199447631836","0"
"Y","1.3512221972147624","0","0","1.7212369441986084","16734347848096","0.3499999940395355","0","1","1","N","49407.28978644917","1994-02-24 06:57:17.550","49407.37335124053","1994-02-24 08:57:37.550","0.10277258643006196","0.9214300490554408","0.3747058315235142","92177296","CRAB-NEB-A","1","1","83.63576410061148","22.00613259996263","w2_f375n","17.68709945678711","0"
"Y","2.391275124188594","0.4384453478720562","124.6108988458656","1.7212369441986084","16734347792463","0.36779166509707767","0.04167267639072985","7","10","N","49721.350197560154","1995-01-04 08:24:17.070","57491.28130570147","2016-04-13 06:45:04.813","0.1027308290401822","0.9214420248171423","0.3746878323227348","35949510","NGC1952-BRTFIL","12","1","83.63841074359303","22.00502028653511","w2_f656n","18.64259910583496","0"
"Y","2.391275124188594","0.4384453478720562","124.6108988458656","1.7212369441986084","16734347792463","0.36779166509707767","0.04167267639072985","7","10","N","49721.350197560154","1995-01-04 08:24:17.070","57491.28130570147","2016-04-13 06:45:04.813","0.1027308290401822","0.9214420248171423","0.3746878323227348","35949510","NGC1952-BRTFIL","12","1","83.63841074359303","22.00502028653511","w2_f631n","19.922800064086914","0"
"Y","2.8746306837789413","0.12471710003647433","0","1.7212369441986084","16734347845867","0.3499999940395355","0","3","1","N","51475.64251867123","1999-10-24 15:25:13.617","51475.925620592665","1999-10-24 22:12:53.620","0.10271340130216904","0.921440642170976","0.37469601032129807","10403118","CRAB-FIELD-3","3","1","83.63947164196362","22.005525669012542","w2_f631n","19.57550048828125","0"
"Y","0.9012222290039062","0","0","1.7212369441986084","16734347849030","0.3499999940395355","0","1","1","N","49407.28978644917","1994-02-24 06:57:17.550","49407.37335124053","1994-02-24 08:57:37.550","0.10273818758533453","0.9214302984240732","0.3747146513810007","89543132","CRAB-NEB-A","1","1","83.63787850177386","22.006677651986166","w2_f375n","18.8528995513916","0"
"Y","2.3060334494361836","0.938489584491895","153.7930825734572","1.7212369441986084","16734347850654","0.3499999940395355","0","3","4","N","49406.412008657586","1994-02-23 09:53:17.550","51928.48765376862","2001-01-19 11:42:13.287","0.10278870525097684","0.9214185794281714","0.37472961393180426","30509946","NGC1952-BRTFIL","4","1","83.63469554508212","22.00760231670908","w2_f502n","19.696699142456055","0"
"Y","2.84222231970893","0","0","1.7212369441986084","16734347850180","0.3499999940395355","0","1","1","N","49407.28978644917","1994-02-24 06:57:17.550","49407.37335124053","1994-02-24 08:57:37.550","0.10278064228548787","0.9214183428602976","0.3747324072100619","97502416","CRAB-NEB-A","1","1","83.63518913467097","22.007774938048748","w2_f375n","19.777599334716797","0"
"Y","2.2647575813104104","0.448500215602768","97.49778051468395","1.7212369441986084","16734347853271","0.36209999918937685","0.027056434043142695","4","4","N","49421.17311981693","1994-03-10 04:09:17.553","53619.72436911566","2005-09-06 17:23:05.497","0.10279869047905332","0.9214073452591536","0.3747544974407684","87197176","CRAB-PULSAR","5","1","83.63400529616435","22.00914009594194","w2_f631n","19.794200897216797","0"
"Y","1.0756666792763603","0","0","1.7212369441986084","16734347851317","0.3499999940395355","0","1","1","N","49407.28978644917","1994-02-24 06:57:17.550","49407.37335124053","1994-02-24 08:57:37.550","0.10275862003395063","0.9214141432773644","0.3747487726180938","39338249","CRAB-NEB-A","1","1","83.63651293483403","22.008786305502113","w2_f375n","18.732099533081055","0"
"Y","0.850000029260462","0","0","1.7212369441986084","16734347851498","0.3499999940395355","0","1","1","N","49407.41756419884","1994-02-24 10:01:17.550","49407.50737899076","1994-02-24 12:10:37.550","0.10275182162517717","0.9214120947677839","0.37475567343270655","24575001","CRAB-NEB-A","1","1","83.63691645310914","22.00921277178311","w2_f469n","19.46739959716797","0"
"Y","2.439649194641956","0.24792041164770948","104.63467826422817","1.7212369441986084","16734347853383","0.3399444388018714","0.030166665712992348","6","8","N","49406.412008657586","1994-02-23 09:53:17.550","52859.84719157871","2003-08-08 20:19:57.357","0.10276608385100545","0.9214077514323095","0.374762441577151","76719771","NGC1952-BRTFIL","9","1","83.63601073360407","22.0096310403166","w2_f502n","18.958900451660156","0"
"Y","2.439649194641956","0.24792041164770948","104.63467826422817","1.7212369441986084","16734347853383","0.3399444388018714","0.030166665712992348","6","8","N","49406.412008657586","1994-02-23 09:53:17.550","52859.84719157871","2003-08-08 20:19:57.357","0.10276608385100545","0.9214077514323095","0.374762441577151","76719771","NGC1952-BRTFIL","9","1","83.63601073360407","22.0096310403166","w2_f375n","19.858400344848633","0"
"Y","0.9146666526794434","0","0","1.7212369441986084","16734347849723","0.3499999940395355","0","1","1","N","49407.28978644917","1994-02-24 06:57:17.550","49407.37335124053","1994-02-24 08:57:37.550","0.10274461758009153","0.9214259437706576","0.37472359640994035","79214031","CRAB-NEB-A","1","1","83.63745376327473","22.007230441533835","w2_f375n","19.159099578857422","0"
"Y","2.6227346930864965","0.5263567558377704","99.06685356740248","1.7212369441986084","16734347849543","0.5592499673366547","0.41507446873877857","4","3","N","49406.412008657586","1994-02-23 09:53:17.550","56257.77187970374","2012-11-26 18:31:30.410","0.1027389928671831","0.9214219230886611","0.37473502507787637","79869809","CRAB-NEB-A","4","1","83.6377716878873","22.007936719174147","w2_f502n","19.88249969482422","0"
"Y","0.7877777682410346","0","0","1.7212369441986084","16734347849425","0.3499999940395355","0","1","1","N","49407.28978644917","1994-02-24 06:57:17.550","49407.37335124053","1994-02-24 08:57:37.550","0.10272300512634182","0.9214266590145841","0.3747277628851454","29175468","CRAB-NEB-A","1","1","83.63878605762686","22.007487924268005","w2_f375n","18.721799850463867","0"
"Y","0.9961111015743679","0","0","1.7212369441986084","16734347813382","0.3499999940395355","0","1","1","N","49407.28978644917","1994-02-24 06:57:17.550","49407.37335124053","1994-02-24 08:57:37.550","0.10270908973167163","0.9214261127137431","0.37473292048830786","60982923","CRAB-NEB-A","1","1","83.63963697840425","22.007806658066176","w2_f375n","18.842599868774414","0"
"Y","2.5109899751067406","0.44875451714027814","117.09295605905973","1.7212369441986084","16734347847046","0.34581818092953076","0.12074172458424326","5","10","N","49406.412008657586","1994-02-23 09:53:17.550","53682.348351888824","2005-11-08 08:21:37.607","0.10273937647363722","0.9214114957825104","0.37476055819906073","68160472","CRAB-PULSAR-POS2","11","1","83.63767671834331","22.009514648031537","w2_f631n","19.73110008239746","0"
"Y","1.9892454462373987","1.625439235755516","125.02802531802512","1.7212369441986084","16734347846857","0.3499999940395355","0","2","2","N","49407.41756419884","1994-02-24 10:01:17.550","51580.14762515295","2000-02-06 03:32:34.817","0.10272340578576034","0.9214104840250585","0.37476742365564236","72137572","CRAB-PULSAR-POS2","2","1","83.63865069626227","22.009938931604598","w2_f469n","19.88909912109375","0"
"Y","2.7610464151515517","0.05179965301101001","0","1.7212369441986084","16734347745046","0.3499999940395355","0","2","1","N","51475.64251867123","1999-10-24 15:25:13.617","51475.925620592665","1999-10-24 22:12:53.620","0.10262750585542248","0.9214504786611063","0.3746953568158394","41253192","CRAB-FIELD-3","2","1","83.64481446686044","22.005485283755046","w2_f631n","19.032100677490234","0"
"Y","1.1274152540264784","0.18169334442827986","28.87767267387131","1.7212369441986084","16734347745171","0.2541999965906143","0.1064200850691811","5","49","N","49943.67103069695","1995-08-14 16:06:17.053","57607.32353999093","2016-08-07 07:45:53.857","0.10261876346687121","0.9214490795340013","0.37470119190315593","56506366","V-CM-TAU","51","1","83.6453418385254","22.005845880225266","w3_f160w","19.07159996032715","0"
"Y","2.622499992681104","0.05500634207120139","0","1.7212369441986084","16734347746478","0.3499999940395355","0","2","1","N","51475.64251867123","1999-10-24 15:25:13.617","51475.925620592665","1999-10-24 22:12:53.620","0.10263111785824255","0.9214424803290857","0.37471403642566725","61633739","CRAB-FIELD-3","2","1","83.64453790954309","22.006639648730456","w2_f631n","18.215499877929688","0"
"Y","3.2291473344314934","1.1784379277982067","0","1.7212369441986084","16734347746417","0.3499999940395355","0","3","1","N","51475.62793526845","1999-10-24 15:04:13.610","51475.925620592665","1999-10-24 22:12:53.620","0.10262690369027225","0.9214389019219317","0.3747239899794729","40152510","CRAB-FIELD-3","3","1","83.64477225941998","22.007254763591398","w2_f631n","18.180400848388672","0"
"Y","2.586289322292338","0.1605513560314564","188.0105589662744","1.7212369441986084","16734347752016","0.3499999940395355","0","3","2","N","49457.16964748595","1994-04-15 04:04:17.547","51475.925620592665","1999-10-24 22:12:53.620","0.1025955847739417","0.9214476065841353","0.37471116117172276","7725972","NGC1952-BRTFIL","3","1","83.64675536655739","22.006461962808427","w2_f658n","19.39349937438965","0"
"Y","2.754500839710873","0.13491898019259801","0","1.7212369441986084","16734347746306","0.3499999940395355","0","4","1","N","51475.62793526845","1999-10-24 15:04:13.610","51475.925620592665","1999-10-24 22:12:53.620","0.10260958471553107","0.921440829852971","0.374723992035021","27343994","CRAB-FIELD-3","4","1","83.64584915974332","22.00725489062144","w2_f631n","19.04800033569336","0"
"Y","2.9871683127950415","0.1328142548906474","0","1.7212369441986084","16734347746572","0.3499999940395355","0","3","1","N","51475.64251867123","1999-10-24 15:25:13.617","51475.925620592665","1999-10-24 22:12:53.620","0.10265529908064858","0.921433659207473","0.37472910382364977","60818322","CRAB-FIELD-3","3","1","83.64299237884616","22.00757079261405","w2_f631n","18.55500030517578","0"
"Y","2.4915697962738745","0.07687741993869915","0","1.7212369441986084","16734347816062","0.3499999940395355","0","2","1","N","51475.64251867123","1999-10-24 15:25:13.617","51475.925620592665","1999-10-24 22:12:53.620","0.10267617796676781","0.9214176257859836","0.37476280681438645","42782455","CRAB-FIELD-3","2","1","83.64160029249183","22.00965361191313","w2_f631n","19.500999450683594","0"
"Y","1.0237997860634178","0.1273160246569173","15.454042415145286","1.7212369441986084","16734347814729","0.28187535693680027","0.10760530674808645","10","64","N","49457.16964748595","1994-04-15 04:04:17.547","57607.32353999093","2016-08-07 07:45:53.857","0.10263862423429486","0.9214253901789307","0.37475400351533733","93531047","V-CM-TAU","69","1","83.64395995715863","22.009109571752237","w3_f160w","19.30590057373047","0"
"Y","1.0237997860634178","0.1273160246569173","15.454042415145286","1.7212369441986084","16734347814729","0.28187535693680027","0.10760530674808645","10","64","N","49457.16964748595","1994-04-15 04:04:17.547","57607.32353999093","2016-08-07 07:45:53.857","0.10263862423429486","0.9214253901789307","0.37475400351533733","93531047","V-CM-TAU","69","1","83.64395995715863","22.009109571752237","w2_f814w","19.693700790405273","0"
"Y","2.829494330161376","0.1555974544801961","0","1.7212369441986084","16734347746368","0.3499999940395355","0","3","1","N","51475.64251867123","1999-10-24 15:25:13.617","51475.925620592665","1999-10-24 22:12:53.620","0.10263288539679465","0.9214365252873415","0.3747281957683575","33395074","CRAB-FIELD-3","3","1","83.644388611301","22.007514675908123","w2_f631n","19.141300201416016","0"
"Y","4.1303488635277565","0.6856726726414678","49.91706484598476","1.7212369441986084","16734347745743","0.3499999940395355","0","1","3","N","51580.12031031959","2000-02-06 02:53:14.817","51785.97098509967","2000-08-29 23:18:13.113","0.10263738138769586","0.9214313164830568","0.3747397723042376","94742257","CRAB-PULSAR-POS2","3","3","83.6440768369483","22.008230093344448","w2_f547m","19.849891662597656","0.22719192504882812"
"Y","1.1492399973992433","0.31553342351127195","35.24029373411781","1.7212369441986084","16734347745729","0.26061249607139164","0.09019865814361755","6","69","N","49723.69950313633","1995-01-06 16:47:17.073","57607.32353999093","2016-08-07 07:45:53.857","0.10263631739914111","0.9214312931551072","0.37474012108924354","41593630","V-CM-TAU","72","1","83.64414202670916","22.008251647841327","w3_f160w","18.01609992980957","0"
"Y","1.1492399973992433","0.31553342351127195","35.24029373411781","1.7212369441986084","16734347745729","0.26061249607139164","0.09019865814361755","6","69","N","49723.69950313633","1995-01-06 16:47:17.073","57607.32353999093","2016-08-07 07:45:53.857","0.10263631739914111","0.9214312931551072","0.37474012108924354","41593630","V-CM-TAU","72","1","83.64414202670916","22.008251647841327","w2_f814w","18.71649932861328","0"
"Y","1.1492399973992433","0.31553342351127195","35.24029373411781","1.7212369441986084","16734347745729","0.26061249607139164","0.09019865814361755","6","69","N","49723.69950313633","1995-01-06 16:47:17.073","57607.32353999093","2016-08-07 07:45:53.857","0.10263631739914111","0.9214312931551072","0.37474012108924354","41593630","V-CM-TAU","72","1","83.64414202670916","22.008251647841327","w3_f555w","19.578100204467773","0"
"Y","1.1492399973992433","0.31553342351127195","35.24029373411781","1.7212369441986084","16734347745729","0.26061249607139164","0.09019865814361755","6","69","N","49723.69950313633","1995-01-06 16:47:17.073","57607.32353999093","2016-08-07 07:45:53.857","0.10263631739914111","0.9214312931551072","0.37474012108924354","41593630","V-CM-TAU","72","39","83.64414202670916","22.008251647841327","a_f550m","19.3617000579834","0.036899566650390625"
"Y","1.1492399973992433","0.31553342351127195","35.24029373411781","1.7212369441986084","16734347745729","0.26061249607139164","0.09019865814361755","6","69","N","49723.69950313633","1995-01-06 16:47:17.073","57607.32353999093","2016-08-07 07:45:53.857","0.10263631739914111","0.9214312931551072","0.37474012108924354","41593630","V-CM-TAU","72","29","83.64414202670916","22.008251647841327","w2_f547m","19.48430061340332","0.08041000366210938"
"Y","2.6878487925196803","0.15237814038203093","48.225649000658656","1.7212369441986084","16734347814081","0.3499999940395355","0","3","3","N","49719.473114226945","1995-01-02 11:21:17.070","51571.63188440958","2000-01-28 15:09:54.813","0.10263274079740725","0.9214212812902344","0.3747657173522955","96958595","NGC1952-BRTFIL","4","2","83.64429320576295","22.0098334824059","w2_f673n","18.624600410461426","0.1148996353149414"
"Y","1.1865517188762797","0","0","1.0941359996795654","16734343842599","0.3499999940395355","0","1","1","N","51570.526560250204","2000-01-27 12:38:14.810","51570.6240139585","2000-01-27 14:58:34.810","0.10346536754651219","0.9213340363063176","0.37475126585812024","13446395","CRAB-FIELD-1","1","1","83.59255677200197","22.008940386135542","w2_f502n","19.80879020690918","0"
"Y","1.0904597825017468","0","0","1.0941359996795654","16734343815329","0.3499999940395355","0","1","1","N","51570.526560250204","2000-01-27 12:38:14.810","51570.6240139585","2000-01-27 14:58:34.810","0.10333586796376716","0.921343049873308","0.3747648367210965","89973373","CRAB-FIELD-1","1","1","83.60057198661488","22.00977905961149","w2_f502n","19.901390075683594","0"
"Y","4.1740835968128005","2.842434091485844","0","1.7212369441986084","16734343323188","0.45499999999999996","0","2","1","N","51570.39531025011","2000-01-27 09:29:14.810","51570.6240139585","2000-01-27 14:58:34.810","0.1032690051785654","0.9213549796826876","0.3747539379160748","66192300","CRAB-FIELD-1","2","1","83.60476049739437","22.00910551777204","w2_f502n","19.476791381835938","0"
"Y","1.0238990960005199","0.10575627629028798","18.807696717338807","1.0941359996795654","16734343306989","0.2342307653564673","0.08617066983615225","4","24","N","50080.386308562476","1995-12-29 09:16:17.063","57491.28130570147","2016-04-13 06:45:04.813","0.10327597745508688","0.9213326013472628","0.37480703058552095","34849851","V-CM-TAU","26","2","83.60417823842927","22.01238665391758","w2_f814w","19.918545722961426","0.01834583282470703"
"Y","1.0015153198442794","0.10155470362965847","18.67500609774846","1.0941359996795654","16734343301784","0.23187499617536864","0.08561557627233696","4","22","N","50080.386308562476","1995-12-29 09:16:17.063","57491.28130570147","2016-04-13 06:45:04.813","0.10327616914414861","0.921288972265366","0.37491420681277926","4327699","V-CM-TAU","24","2","83.60386609095083","22.019010394767854","w2_f814w","19.470345497131348","0.07315540313720703"
"Y","2.5564873738631286","0.04976237152336602","169.98958609179783","1.7212369441986084","16734343330244","0.3499999940395355","0","2","3","N","49722.15436426131","1995-01-05 03:42:17.073","50108.43282508338","1996-01-26 10:23:16.090","0.10321436593575417","0.9213383129840538","0.37480996210442835","32288886","NGC1952-BRTFIL","3","1","83.60800151251736","22.01256782451063","w2_f502n","19.912900924682617","0"
"Y","2.262222193295036","0.16592092320241358","0","1.7212369441986084","16734343330866","0.3499999940395355","0","3","1","N","51475.64251867123","1999-10-24 15:25:13.617","51475.925620592665","1999-10-24 22:12:53.620","0.1031766504914692","0.921335688224799","0.3748267978668543","100849772","CRAB-FIELD-3","3","1","83.61029983138097","22.01360829471137","w2_f631n","19.783199310302734","0"
"Y","1.2317901224265864","0.253002187125262","69.4340975367991","1.7212369441986084","16734343328989","0.17499999701976776","0","1","9","N","55934.764193217736","2012-01-08 18:20:26.297","57491.28130570147","2016-04-13 06:45:04.813","0.10313584246337275","0.9213427419173512","0.37482069035321874","69056424","V-CM-TAU","9","9","83.61285466650367","22.0132308422057","a_f550m","17.293800354003906","0.4026012420654297"
"Y","2.859790743552852","3.053648676685563","128.68958052967403","1.7212369441986084","16734343328979","0.24246345857015023","0.1508876527935875","6","35","N","49407.28978644917","1994-02-24 06:57:17.550","57607.32353999093","2016-08-07 07:45:53.857","0.10313386614570808","0.9213428996833566","0.3748208463539833","50362596","V-CM-TAU","37","38","83.61297713196215","22.01324048321063","a_f550m","18.196049690246582","0.19685077667236328"
"Y","2.859790743552852","3.053648676685563","128.68958052967403","1.7212369441986084","16734343328979","0.24246345857015023","0.1508876527935875","6","35","N","49407.28978644917","1994-02-24 06:57:17.550","57607.32353999093","2016-08-07 07:45:53.857","0.10313386614570808","0.9213428996833566","0.3748208463539833","50362596","V-CM-TAU","37","10","83.61297713196215","22.01324048321063","w2_f547m","16.386799812316895","0.05745410919189453"
"Y","2.859790743552852","3.053648676685563","128.68958052967403","1.7212369441986084","16734343328979","0.24246345857015023","0.1508876527935875","6","35","N","49407.28978644917","1994-02-24 06:57:17.550","57607.32353999093","2016-08-07 07:45:53.857","0.10313386614570808","0.9213428996833566","0.3748208463539833","50362596","V-CM-TAU","37","1","83.61297713196215","22.01324048321063","w3_f160w","13.721400260925293","0"
"Y","2.859790743552852","3.053648676685563","128.68958052967403","1.7212369441986084","16734343328979","0.24246345857015023","0.1508876527935875","6","35","N","49407.28978644917","1994-02-24 06:57:17.550","57607.32353999093","2016-08-07 07:45:53.857","0.10313386614570808","0.9213428996833566","0.3748208463539833","50362596","V-CM-TAU","37","1","83.61297713196215","22.01324048321063","w2_f469n","15.678999900817871","0"
"Y","2.859790743552852","3.053648676685563","128.68958052967403","1.7212369441986084","16734343328979","0.24246345857015023","0.1508876527935875","6","35","N","49407.28978644917","1994-02-24 06:57:17.550","57607.32353999093","2016-08-07 07:45:53.857","0.10313386614570808","0.9213428996833566","0.3748208463539833","50362596","V-CM-TAU","37","1","83.61297713196215","22.01324048321063","w3_f555w","18.901100158691406","0"
"Y","2.859790743552852","3.053648676685563","128.68958052967403","1.7212369441986084","16734343328979","0.24246345857015023","0.1508876527935875","6","35","N","49407.28978644917","1994-02-24 06:57:17.550","57607.32353999093","2016-08-07 07:45:53.857","0.10313386614570808","0.9213428996833566","0.3748208463539833","50362596","V-CM-TAU","37","1","83.61297713196215","22.01324048321063","w2_f375n","17.35110092163086","0"
"Y","2.296802332234937","0.11716588647804323","0","1.7212369441986084","16734343318516","0.3499999940395355","0","2","1","N","51475.64251867123","1999-10-24 15:25:13.617","51475.925620592665","1999-10-24 22:12:53.620","0.1031403235617606","0.9213322458598998","0.3748452566016824","86562623","CRAB-FIELD-3","2","1","83.61250728237664","22.01474907534536","w2_f631n","19.58970069885254","0"
"Y","1.6861418585593313","0.3218010947276356","0","1.7212369441986084","16734343318506","0.3499999940395355","0","3","1","N","51475.64251867123","1999-10-24 15:25:13.617","51475.925620592665","1999-10-24 22:12:53.620","0.10314110417149623","0.9213307215518306","0.3748487883901012","18324202","CRAB-FIELD-3","3","1","83.61244885807751","22.014967346813528","w2_f631n","19.796600341796875","0"
"Y","0.9654444456100464","0","0","1.7212369441986084","16734343291761","0.3499999940395355","0","1","1","N","49407.28978644917","1994-02-24 06:57:17.550","49407.37335124053","1994-02-24 08:57:37.550","0.10310806299985859","0.9213702571154704","0.3747606925059248","31243065","CRAB-NEB-A","1","1","83.61474993714945","22.00952294837748","w2_f375n","19.116300582885742","0"
"Y","1.2729999754163954","0","0","1.7212369441986084","16734343291543","0.3499999940395355","0","1","1","N","49407.28978644917","1994-02-24 06:57:17.550","49407.37335124053","1994-02-24 08:57:37.550","0.10310442580922098","0.9213647145627876","0.3747753195413462","74349871","CRAB-NEB-A","1","1","83.61493522744261","22.010426896777776","w2_f375n","18.95240020751953","0"
"Y","1.060111125310262","0","0","1.7212369441986084","16734343294614","0.3499999940395355","0","1","1","N","49407.28978644917","1994-02-24 06:57:17.550","49407.37335124053","1994-02-24 08:57:37.550","0.10308073994090908","0.9213653626723683","0.37478024163639234","58545916","CRAB-NEB-A","1","1","83.61639439238793","22.01073108274364","w2_f375n","19.167499542236328","0"
"Y","2.5365556610955133","0","0","1.7212369441986084","16734343325222","0.3499999940395355","0","1","1","N","49407.28978644917","1994-02-24 06:57:17.550","49407.37335124053","1994-02-24 08:57:37.550","0.10312743178572768","0.9213593092961949","0.37478227811172254","26195806","CRAB-NEB-A","1","1","83.61348512306182","22.0108569373148","w2_f375n","19.759899139404297","0"
"Y","4.070666631062825","0","0","1.7212369441986084","16734343293332","0.3499999940395355","0","1","1","N","49407.28978644917","1994-02-24 06:57:17.550","49407.37335124053","1994-02-24 08:57:37.550","0.10311435037577506","0.9213541429208153","0.37479857799803507","88592163","CRAB-NEB-A","1","1","83.61425303003841","22.01186427747497","w2_f375n","19.064699172973633","0"
"Y","1.4999785612929952","0.4976763667168886","0","1.7212369441986084","16734343294445","0.3499999940395355","0","2","1","N","49407.28978644917","1994-02-24 06:57:17.550","49407.50737899076","1994-02-24 12:10:37.550","0.1031046453101024","0.9213613337528863","0.37478357058536305","63871839","CRAB-NEB-A","2","1","83.61489851074975","22.010936812493807","w2_f375n","19.417999267578125","0"
"Y","2.271136862919303","1.0335123136217514","136.42085450659403","1.7212369441986084","16734343294953","0.7060499638319016","0.5035306961628948","2","2","N","49407.28978644917","1994-02-24 06:57:17.550","56257.77187970374","2012-11-26 18:31:30.410","0.10308432842209689","0.9213611418072203","0.374789631128652","91699156","CRAB-NEB-A","2","1","83.61614499513367","22.0113113561165","w2_f375n","19.08769989013672","0"
"Y","2.8912210187246634","0.01915760495080993","0","1.7212369441986084","16734343294949","0.3499999940395355","0","2","1","N","49421.17311981693","1994-03-10 04:09:17.553","49421.388629025314","1994-03-10 09:19:37.553","0.10308266136841097","0.9213599360318465","0.3747930538333502","99693584","CRAB-NEB-A","2","1","83.61623909555485","22.011522880848144","w2_f631n","19.907699584960938","0"
"Y","2.107354977610361","0.3626923274409641","109.80200858055295","1.7212369441986084","16734343294883","0.3499999940395355","0","3","2","N","49406.412008657586","1994-02-23 09:53:17.550","51475.925620592665","1999-10-24 22:12:53.620","0.10308293839515109","0.9213566623047318","0.3748010253983839","30643559","CRAB-NEB-A","3","1","83.61619958599175","22.012015528501514","w2_f631n","18.98240089416504","0"
"Y","1.3264444139268663","0","0","1.7212369441986084","16734347694616","0.3499999940395355","0","1","1","N","49407.28978644917","1994-02-24 06:57:17.550","49407.37335124053","1994-02-24 08:57:37.550","0.1030744243791565","0.9213708554708356","0.37476847483218895","76353294","CRAB-NEB-A","1","1","83.61682001526131","22.01000389415125","w2_f375n","19.765600204467773","0"
"Y","2.561649275854057","0.3092167131719443","88.6784880044189","1.7212369441986084","16734347697654","0.7456999868154526","0.5596042964146376","2","2","N","49407.28978644917","1994-02-24 06:57:17.550","56257.77187970374","2012-11-26 18:31:30.410","0.10305952449363381","0.9213739416085758","0.3747649852054832","80684303","CRAB-NEB-A","2","1","83.61775632007365","22.009788235910193","w2_f375n","19.45829963684082","0"
"Y","2.3483334647284613","0","0","1.7212369441986084","16734347697437","0.3499999940395355","0","1","1","N","49407.28978644917","1994-02-24 06:57:17.550","49407.37335124053","1994-02-24 08:57:37.550","0.10306620021595403","0.9213726565411471","0.37476630871994504","54799037","CRAB-NEB-A","1","1","83.61733749063596","22.00987002880394","w2_f375n","19.295000076293945","0"
"Y","1.9813953444015149","0.17562552568118855","0","1.7212369441986084","16734343294472","0.17499999701976776","0.2474873692006068","2","1","N","51475.64251867123","1999-10-24 15:25:13.617","51475.925620592665","1999-10-24 22:12:53.620","0.10307283851078804","0.9213677977359424","0.37477642836613567","55558115","CRAB-FIELD-3","2","1","83.6168964054891","22.01049542217835","w2_f631n","19.889400482177734","0"
"Y","1.502444486559173","0.4095648584326056","92.27262580862663","1.7212369441986084","16734347696948","0.42250000437100727","0.06406833162700555","2","3","N","49407.28978644917","1994-02-24 06:57:17.550","53699.73406963423","2005-11-25 17:37:03.620","0.10304077381262962","0.9213701287766053","0.3747795148664855","33515597","CRAB-NEB-A","3","1","83.61888173993195","22.010686167866268","w2_f375n","17.096200942993164","0"
"Y","1.6958287082336567","0.4752675405606906","112.77746633389185","1.7212369441986084","16734347696818","0.42612500488758087","0.051650073480095045","2","4","N","49407.28978644917","1994-02-24 06:57:17.550","53673.68877983093","2005-10-30 16:31:50.583","0.10303163881041588","0.9213727273686565","0.37477563781800804","47575145","CRAB-POL","4","1","83.61946063442919","22.010446565865163","w2_f375n","19.62220001220703","0"
"Y","1.24305383468571","0.5071569994243965","54.06264821439806","1.7212369441986084","16734343294828","0.27247825749542404","0.12034819632288933","5","43","N","49723.69950313633","1995-01-06 16:47:17.073","57607.32353999093","2016-08-07 07:45:53.857","0.10307842866816491","0.9213602577114461","0.3747934271787766","73412469","V-CM-TAU","46","2","83.61650126708436","22.01154595376428","w2_f814w","19.037145614624023","0.2877540588378906"
"Y","1.24305383468571","0.5071569994243965","54.06264821439806","1.7212369441986084","16734343294828","0.27247825749542404","0.12034819632288933","5","43","N","49723.69950313633","1995-01-06 16:47:17.073","57607.32353999093","2016-08-07 07:45:53.857","0.10307842866816491","0.9213602577114461","0.3747934271787766","73412469","V-CM-TAU","46","1","83.61650126708436","22.01154595376428","w3_f555w","18.682899475097656","0"
"Y","1.24305383468571","0.5071569994243965","54.06264821439806","1.7212369441986084","16734343294828","0.27247825749542404","0.12034819632288933","5","43","N","49723.69950313633","1995-01-06 16:47:17.073","57607.32353999093","2016-08-07 07:45:53.857","0.10307842866816491","0.9213602577114461","0.3747934271787766","73412469","V-CM-TAU","46","1","83.61650126708436","22.01154595376428","w3_f160w","18.013200759887695","0"
"Y","1.24305383468571","0.5071569994243965","54.06264821439806","1.7212369441986084","16734343294828","0.27247825749542404","0.12034819632288933","5","43","N","49723.69950313633","1995-01-06 16:47:17.073","57607.32353999093","2016-08-07 07:45:53.857","0.10307842866816491","0.9213602577114461","0.3747934271787766","73412469","V-CM-TAU","46","25","83.61650126708436","22.01154595376428","a_f550m","18.54680061340332","0.029300689697265625"
"Y","1.24305383468571","0.5071569994243965","54.06264821439806","1.7212369441986084","16734343294828","0.27247825749542404","0.12034819632288933","5","43","N","49723.69950313633","1995-01-06 16:47:17.073","57607.32353999093","2016-08-07 07:45:53.857","0.10307842866816491","0.9213602577114461","0.3747934271787766","73412469","V-CM-TAU","46","17","83.61650126708436","22.01154595376428","w2_f547m","18.864099502563477","0.06450080871582031"
"Y","2.542206131783493","0.2852967500478407","126.03356681737866","1.7212369441986084","16734343292636","0.38499999046325684","0.06062177207061432","3","3","N","49406.412008657586","1994-02-23 09:53:17.550","56257.77187970374","2012-11-26 18:31:30.410","0.10306307092022972","0.9213634919465004","0.3747896998594358","93550091","CRAB-PULSAR","3","1","83.61746672072229","22.011315603707914","w2_f502n","19.363100051879883","0"
"Y","2.054333289464315","0","0","1.7212369441986084","16734343292228","0.3499999940395355","0","1","1","N","49407.28978644917","1994-02-24 06:57:17.550","49407.37335124053","1994-02-24 08:57:37.550","0.10306354347557284","0.9213569629846726","0.3748056199767351","93034593","CRAB-NEB-A","1","1","83.61739284245417","22.01229947707683","w2_f375n","19.73259925842285","0"
"Y","1.8905556201934814","0","0","1.7212369441986084","16734343292713","0.3499999940395355","0","1","1","N","49407.28978644917","1994-02-24 06:57:17.550","49407.37335124053","1994-02-24 08:57:37.550","0.1030574869269298","0.9213572633255239","0.37480654704240096","61596183","CRAB-NEB-A","1","1","83.61776688585365","22.01235677053464","w2_f375n","19.58060073852539","0"
"Y","0.9343181821432981","0","0","1.7212369441986084","16734347697143","0.3499999940395355","0","1","1","N","49407.41756419884","1994-02-24 10:01:17.550","49407.50737899076","1994-02-24 12:10:37.550","0.10303221021931178","0.9213672960765431","0.3747888330489967","18812982","CRAB-NEB-A","1","1","83.61938823795293","22.011262034465176","w2_f469n","19.40880012512207","0"
"Y","1.4054544947364114","0","0","1.7212369441986084","16734343293826","0.3499999940395355","0","1","1","N","49407.41756419884","1994-02-24 10:01:17.550","49407.50737899076","1994-02-24 12:10:37.550","0.10311786955200206","0.9213502839348805","0.3748070960804842","64677551","CRAB-NEB-A","1","1","83.61401036606549","22.01239070157427","w2_f469n","19.488399505615234","0"
"Y","1.3828198822978812","0.8009758552787117","97.17659500016687","1.7212369441986084","16734343293036","0.32099999487400055","0.041012192128708","2","2","N","49407.28978644917","1994-02-24 06:57:17.550","56257.748980823904","2012-11-26 17:58:31.947","0.10311724800019206","0.9213470519568595","0.3748152118249545","15922413","CRAB-NEB-A","2","1","83.61402632406504","22.01289226269352","w2_f375n","17.462600708007812","0"
"Y","1.401478208723405","0.8384498265019085","146.8471015376819","1.7212369441986084","16734343324899","0.3215000033378601","0.040305073377816476","2","2","N","52018.74531124532","2001-04-19 17:53:14.897","53709.526083694305","2005-12-05 12:37:33.637","0.1031316505295217","0.9213440988026198","0.37481850849499443","20917211","CRAB-PULSAR-POS1","2","1","83.61312145375328","22.013096000128616","w2_f547m","19.488590240478516","0"
"Y","1.552299400906504","0.43607709924003213","109.41858036842171","1.7212369441986084","16734343328801","0.21766666819651923","0.10256445840736031","1","6","N","53709.49729825696","2005-12-05 11:56:06.573","57491.28130570147","2016-04-13 06:45:04.813","0.1031311896294243","0.9213431905642938","0.3748208678072034","106209013","CRAB-NEBULA","6","6","83.61314351716398","22.013241808899533","a_f550m","17.600299835205078","0.5614500045776367"
"Y","2.986807734903725","1.164435731256118","158.5228730152379","1.7212369441986084","16734343328802","0.314999994635582","0.07826237787969226","5","3","N","49406.28423086554","1994-02-23 06:49:17.550","56357.06590460194","2013-03-06 01:34:54.160","0.10313226813558153","0.9213427419936596","0.374821673660068","18051039","CRAB-NEB-A","5","1","83.61307419393577","22.013291611826226","w2_f487n","18.079999923706055","0"
"Y","2.986807734903725","1.164435731256118","158.5228730152379","1.7212369441986084","16734343328802","0.314999994635582","0.07826237787969226","5","3","N","49406.28423086554","1994-02-23 06:49:17.550","56357.06590460194","2013-03-06 01:34:54.160","0.10313226813558153","0.9213427419936596","0.374821673660068","18051039","CRAB-NEB-A","5","1","83.61307419393577","22.013291611826226","w2_f502n","18.55069923400879","0"
"Y","2.986807734903725","1.164435731256118","158.5228730152379","1.7212369441986084","16734343328802","0.314999994635582","0.07826237787969226","5","3","N","49406.28423086554","1994-02-23 06:49:17.550","56357.06590460194","2013-03-06 01:34:54.160","0.10313226813558153","0.9213427419936596","0.374821673660068","18051039","CRAB-NEB-A","5","1","83.61307419393577","22.013291611826226","a_f550m","16.679100036621094","0"
"Y","2.986807734903725","1.164435731256118","158.5228730152379","1.7212369441986084","16734343328802","0.314999994635582","0.07826237787969226","5","3","N","49406.28423086554","1994-02-23 06:49:17.550","56357.06590460194","2013-03-06 01:34:54.160","0.10313226813558153","0.9213427419936596","0.374821673660068","18051039","CRAB-NEB-A","5","1","83.61307419393577","22.013291611826226","w2_f588n","17.50429916381836","0"
"Y","2.986807734903725","1.164435731256118","158.5228730152379","1.7212369441986084","16734343328802","0.314999994635582","0.07826237787969226","5","3","N","49406.28423086554","1994-02-23 06:49:17.550","56357.06590460194","2013-03-06 01:34:54.160","0.10313226813558153","0.9213427419936596","0.374821673660068","18051039","CRAB-NEB-A","5","1","83.61307419393577","22.013291611826226","w2_f631n","17.60569953918457","0"
"Y","2.5434808256068906","0.4402402715820293","149.36313122509566","1.7212369441986084","16734343293893","0.24499999731779099","0.14849241941302163","2","2","N","49407.28978644917","1994-02-24 06:57:17.550","56257.748980823904","2012-11-26 17:58:31.947","0.1031048599411621","0.9213495235122808","0.37481254432073186","107814297","CRAB-NEB-A","2","1","83.61480415770478","22.012727408072415","w2_f375n","19.649999618530273","0"
"Y","2.502333323160807","0","0","1.7212369441986084","16734343293588","0.3499999940395355","0","1","1","N","49407.28978644917","1994-02-24 06:57:17.550","49407.37335124053","1994-02-24 08:57:37.550","0.10308798531759618","0.9213509167990209","0.37481376094926916","7432403","CRAB-NEB-A","1","1","83.61585013434629","22.01280259699516","w2_f375n","19.591699600219727","0"
"Y","2.673563189890193","0","0","1.7212369441986084","16734343293691","0.3499999940395355","0","1","1","N","49406.412008657586","1994-02-23 09:53:17.550","49406.50182344904","1994-02-23 12:02:37.550","0.10308761352233763","0.9213500055827466","0.37481610311085584","71871349","CRAB-NEB-A","1","1","83.61586670742352","22.012947345159414","w2_f502n","18.842199325561523","0"
"Y","2.5374073395252896","0.3884833084744575","327.99243555518916","1.7212369441986084","16734343293487","0.22220832978685698","0.17683678065289085","5","10","N","49407.28978644917","1994-02-24 06:57:17.550","56257.748980823904","2012-11-26 17:58:31.947","0.10307946649943345","0.9213501103634736","0.37481808617982554","3683419","CRAB-PULSAR-POS2","12","1","83.61636780084372","22.01306990103041","w2_f375n","19.460599899291992","0"
"Y","2.4130000008477106","0","0","1.7212369441986084","16734343293771","0.3499999940395355","0","1","1","N","49407.28978644917","1994-02-24 06:57:17.550","49407.37335124053","1994-02-24 08:57:37.550","0.103096422557733","0.9213464971444588","0.3748223043731435","67275170","CRAB-NEB-A","1","1","83.61530156391031","22.013330590712965","w2_f375n","19.03459930419922","0"
"Y","2.1946667300330267","0","0","1.7212369441986084","16734343287847","0.3499999940395355","0","1","1","N","49407.28978644917","1994-02-24 06:57:17.550","49407.37335124053","1994-02-24 08:57:37.550","0.10311958300867287","0.9213374687724564","0.37483812537708866","25296907","CRAB-NEB-A","1","1","83.6138170377057","22.01430835269623","w2_f375n","19.846099853515625","0"
"Y","0.7974444495307075","0","0","1.7212369441986084","16734343317611","0.3499999940395355","0","1","1","N","49407.28978644917","1994-02-24 06:57:17.550","49407.37335124053","1994-02-24 08:57:37.550","0.10312583761023052","0.9213341583203045","0.3748445415495998","7718298","CRAB-NEB-A","1","1","83.61341013341196","22.014704883788653","w2_f375n","18.096799850463867","0"
"Y","1.0795555512110393","0","0","1.7212369441986084","16734343317728","0.3499999940395355","0","1","1","N","49407.28978644917","1994-02-24 06:57:17.550","49407.37335124053","1994-02-24 08:57:37.550","0.10312256168629855","0.921335777059244","0.3748414640645058","2969984","CRAB-NEB-A","1","1","83.61362246319773","22.01451468949251","w2_f375n","19.160900115966797","0"
"Y","1.387509533500306","0.8387207335230588","124.57811918964596","1.7212369441986084","16734343295942","0.3499999940395355","0","2","2","N","49406.412008657586","1994-02-23 09:53:17.550","49407.37335124053","1994-02-24 08:57:37.550","0.10309215331904464","0.9213398797363623","0.37483974433279094","46689038","CRAB-NEB-A","2","1","83.61551829531673","22.01440840698979","w2_f375n","18.74449920654297","0"
"Y","1.105111108885871","0","0","1.7212369441986084","16734343295933","0.3499999940395355","0","1","1","N","49407.28978644917","1994-02-24 06:57:17.550","49407.37335124053","1994-02-24 08:57:37.550","0.10309067182187595","0.9213416184917441","0.37483587797662743","24678098","CRAB-NEB-A","1","1","83.61562123577005","22.01416945953545","w2_f375n","19.41990089416504","0"
"Y","2.637755750818187","0.7319516360656513","118.84694148503736","1.7212369441986084","16734343295957","0.3499999940395355","0","3","2","N","49407.28978644917","1994-02-24 06:57:17.550","50102.401575002354","1996-01-20 09:38:16.083","0.10308590210751531","0.92133964022046","0.3748420522634275","81194410","CRAB-PULSAR","3","1","83.61590058957603","22.014551041261004","w2_f375n","19.78420066833496","0"
"Y","3.377666738298204","0","0","1.7212369441986084","16734343295982","0.3499999940395355","0","1","1","N","49407.28978644917","1994-02-24 06:57:17.550","49407.37335124053","1994-02-24 08:57:37.550","0.10308606185078069","0.9213373621765357","0.37484760758190966","49105222","CRAB-NEB-A","1","1","83.61587512372796","22.014894370534407","w2_f375n","19.3351993560791","0"
"Y","2.447383764178254","0.013073168280664954","0","1.7212369441986084","16734343293495","0.3499999940395355","0","2","1","N","49421.17311981693","1994-03-10 04:09:17.553","49421.388629025314","1994-03-10 09:19:37.553","0.1030771648409346","0.9213496113894224","0.3748199456831158","57617136","CRAB-NEB-A","2","1","83.61650573558731","22.01318482066863","w2_f631n","19.380699157714844","0"
"Y","2.2810008522014518","0.29986227519650066","222.18005371922735","1.7212369441986084","16734343291916","0.3670625053346157","0.031207191652348174","4","22","N","49407.28978644917","1994-02-24 06:57:17.550","53718.58883813443","2005-12-14 14:07:55.620","0.10302338927098766","0.9213567632686255","0.3748171501951361","86044223","NGC1952-BRTFIL","22","1","83.6198576652878","22.013012055730375","w2_f375n","19.855899810791016","0"
"Y","2.2420282644616627","1.2806888643877545","100.6219149527812","1.7212369441986084","16734343298600","0.7911999672651291","0.6239509858542809","2","2","N","49407.28978644917","1994-02-24 06:57:17.550","56257.77187970374","2012-11-26 18:31:30.410","0.10306488164193911","0.9213443930576373","0.37483615027583106","106645786","CRAB-NEB-A","2","1","83.61722429468618","22.01418628808039","w2_f375n","19.835899353027344","0"
"Y","1.5451110733879936","0","0","1.7212369441986084","16734343296719","0.3499999940395355","0","1","1","N","49407.28978644917","1994-02-24 06:57:17.550","49407.37335124053","1994-02-24 08:57:37.550","0.10304897736716837","0.9213476565776815","0.3748325012357806","96510301","CRAB-NEB-A","1","1","83.61822353322444","22.013960771478867","w2_f375n","19.48889923095703","0"
"Y","2.682900499787765","0.6499946833236929","242.26227840234424","1.7212369441986084","16734343296978","0.326399989426136","0.04720000922679901","3","4","N","49407.28978644917","1994-02-24 06:57:17.550","56257.748980823904","2012-11-26 17:58:31.947","0.10303259295742143","0.9213453198109318","0.3748427489630094","42738692","CRAB-PULSAR","4","1","83.61921379309317","22.014594098586993","w2_f375n","19.681699752807617","0"
"Y","2.209722972827888","0.45603613818653355","193.84604935171578","1.7212369441986084","16734343319125","0.44897501170635223","0.4617657002812502","4","2","N","51475.64251867123","1999-10-24 15:25:13.617","56257.77187970374","2012-11-26 18:31:30.410","0.1031668976200065","0.9213194854282749","0.37486930656788064","71443837","CRAB-FIELD-3","4","1","83.61078739629345","22.016235417208566","w2_f631n","19.44230079650879","0"
"Y","2.4255556530422635","0","0","1.7212369441986084","16734343319456","0.3499999940395355","0","1","1","N","49407.28978644917","1994-02-24 06:57:17.550","49407.37335124053","1994-02-24 08:57:37.550","0.10315893389739128","0.921324531593193","0.3748590959838556","59076843","CRAB-NEB-A","1","1","83.6113112204963","22.01560437832348","w2_f375n","19.604000091552734","0"
"Y","2.478222265892986","0.2440291033865255","228.10134099716691","1.7212369441986084","16734343319460","0.3499999940395355","0","2","3","N","49407.28978644917","1994-02-24 06:57:17.550","50108.43282508338","1996-01-26 10:23:16.090","0.10315495256695406","0.9213250864054322","0.37485882798761744","83814661","CRAB-PULSAR","3","1","83.61155956317899","22.015587815551818","w2_f375n","19.51219940185547","0"
"Y","2.290424522284797","0.06646749688480538","247.70968598353676","1.7212369441986084","16734343318330","0.3499999940395355","0","4","4","N","49407.28978644917","1994-02-24 06:57:17.550","50108.43282508338","1996-01-26 10:23:16.090","0.10314413688992276","0.9213282562564789","0.3748540132476552","103840723","CRAB-PULSAR","5","1","83.61224564250797","22.015290253936943","w2_f375n","19.343900680541992","0"
"Y","1.579478269221794","0.5956364523890687","187.13686753649068","1.7212369441986084","16734343319315","0.3499999940395355","0","3","2","N","49407.28978644917","1994-02-24 06:57:17.550","50102.401575002354","1996-01-20 09:38:16.083","0.10315873389553493","0.9213193522267468","0.3748718805582051","106218557","CRAB-PULSAR","3","1","83.61128788613959","22.0163944965225","w2_f375n","19.684600830078125","0"
"Y","2.326279185539068","0","0","1.7212369441986084","16734343319357","0.3499999940395355","0","1","1","N","49421.29881423386","1994-03-10 07:10:17.553","49421.388629025314","1994-03-10 09:19:37.553","0.10315366339819027","0.9213188951161208","0.3748743992731255","33026726","CRAB-NEB-A","1","1","83.61159616697103","22.016550159816468","w2_f631n","19.712799072265625","0"
"Y","0.9526666667726305","0","0","1.7212369441986084","16734343315752","0.3499999940395355","0","1","1","N","49407.28978644917","1994-02-24 06:57:17.550","49407.37335124053","1994-02-24 08:57:37.550","0.10316279441677093","0.9213114860934444","0.3748900951486298","85661125","CRAB-NEB-A","1","1","83.6109843960592","22.01752021069415","w2_f375n","18.018800735473633","0"
"Y","2.9518181627446953","0","0","1.7212369441986084","16734343319020","0.3499999940395355","0","1","1","N","49407.41756419884","1994-02-24 10:01:17.550","49407.50737899076","1994-02-24 12:10:37.550","0.1031383112006331","0.9213196995851944","0.3748766462705749","7640554","CRAB-NEB-A","1","1","83.61254461561823","22.01668903041102","w2_f469n","19.758899688720703","0"
"Y","1.132272725755518","0","0","1.7212369441986084","16734343316144","0.3499999940395355","0","1","1","N","49407.41756419884","1994-02-24 10:01:17.550","49407.50737899076","1994-02-24 12:10:37.550","0.10313701014582898","0.9213157683507408","0.37488666570928575","20116220","CRAB-NEB-A","1","1","83.61259749572305","22.017308260776414","w2_f469n","19.4862003326416","0"
"Y","2.656908825669081","0.29290199962406","165.84252597791175","1.7212369441986084","16734343312622","0.3499999940395355","0","4","3","N","50102.37171387719","1996-01-20 08:55:16.083","51475.925620592665","1999-10-24 22:12:53.620","0.10323836652548896","0.9212880781565622","0.37492681515779713","105447173","CRAB-PULSAR","5","1","83.60618174959947","22.01978964026089","w2_f631n","18.661800384521484","0"
"Y","2.74333749516555","0.2786000928452198","149.28572592426553","1.7212369441986084","16734343307398","0.3062499947845936","0.1237436846003034","5","7","N","49406.412008657586","1994-02-23 09:53:17.550","50108.43282508338","1996-01-26 10:23:16.090","0.10314584239658857","0.9213048476126996","0.37491107340516694","14048916","NGC1952-BRTFIL","8","2","83.61197993094265","22.018816738482805","w2_f673n","19.89774513244629","0.03075408935546875"
"Y","2.1212222841050887","0","0","1.7212369441986084","16734343307299","0.3499999940395355","0","1","1","N","49407.28978644917","1994-02-24 06:57:17.550","49407.37335124053","1994-02-24 08:57:37.550","0.1031360795545245","0.9213022101879852","0.374920240313967","14587311","CRAB-NEB-A","1","1","83.61256143084393","22.019383288429925","w2_f375n","17.97599983215332","0"
"Y","0.8303333653344048","0","0","1.7212369441986084","16734343307757","0.3499999940395355","0","1","1","N","49407.28978644917","1994-02-24 06:57:17.550","49407.37335124053","1994-02-24 08:57:37.550","0.10317215273987791","0.9212963715670952","0.3749246626143963","58078661","CRAB-NEB-A","1","1","83.61030565636803","22.01965660428387","w2_f375n","19.25909996032715","0"
"Y","1.0961296271394798","0.0684832064423613","21.55439925069362","1.7212369441986084","16734343310851","0.17499999701976776","0","1","10","N","56879.33964444231","2014-08-10 08:09:05.283","57607.32353999093","2016-08-07 07:45:53.857","0.10317746319032914","0.9212923676569951","0.3749330398735847","70918917","CRAB-NEBULA","10","10","83.60995194688674","22.020174353828114","a_f550m","19.511099815368652","0.07349967956542969"
"Y","1.0638590930319176","0.10641151563234053","26.229023441033544","1.7212369441986084","16734343310848","0.172666663924853","0.009036960217759453","2","15","N","55543.21419592574","2010-12-13 05:08:26.530","56760.93008142151","2014-04-13 22:19:19.040","0.10317725461760548","0.9212922793191936","0.3749333143339862","84261833","V-CM-TAU","15","14","83.60996414985037","22.020191316672157","a_f550m","19.47889995574951","0.0438995361328125"
"Y","1.0638590930319176","0.10641151563234053","26.229023441033544","1.7212369441986084","16734343310848","0.172666663924853","0.009036960217759453","2","15","N","55543.21419592574","2010-12-13 05:08:26.530","56760.93008142151","2014-04-13 22:19:19.040","0.10317725461760548","0.9212922793191936","0.3749333143339862","84261833","V-CM-TAU","15","1","83.60996414985037","22.020191316672157","w3_f555w","19.745399475097656","0"
"Y","1.083837206973586","0","0","1.7212369441986084","16734343310848","0.3499999940395355","0","1","1","N","54494.32172723161","2008-01-29 07:43:17.237","54494.3284387663","2008-01-29 07:52:57.113","0.10317670158267372","0.9212922099537814","0.3749336369669162","81981039","CRAB-POSITION1","1","1","83.60999764030235","22.020211256782854","w2_f547m","19.57863998413086","0"
"Y","1.0491176197727043","0.04667138069038896","34.44767488048379","1.7212369441986084","16734343307520","0.3499999940395355","0","4","2","N","51569.389754661825","2000-01-26 09:21:14.807","52018.775172370486","2001-04-19 18:36:14.897","0.1031760493449094","0.9212919813728693","0.3749343781247262","5448243","CRAB-PULSAR-POS1","5","2","83.61003612867194","22.020257063531822","w2_f547m","19.8005952835083","0.21739482879638672"
"Y","1.0491176197727043","0.04667138069038896","34.44767488048379","1.7212369441986084","16734343307520","0.3499999940395355","0","4","2","N","51569.389754661825","2000-01-26 09:21:14.807","52018.775172370486","2001-04-19 18:36:14.897","0.1031760493449094","0.9212919813728693","0.3749343781247262","5448243","CRAB-PULSAR-POS1","5","1","83.61003612867194","22.020257063531822","w2_f673n","18.724899291992188","0"
"Y","1.0491176197727043","0.04667138069038896","34.44767488048379","1.7212369441986084","16734343307520","0.3499999940395355","0","4","2","N","51569.389754661825","2000-01-26 09:21:14.807","52018.775172370486","2001-04-19 18:36:14.897","0.1031760493449094","0.9212919813728693","0.3749343781247262","5448243","CRAB-PULSAR-POS1","5","1","83.61003612867194","22.020257063531822","w2_f631n","19.054899215698242","0"
"Y","1.2522662084006888","0.5779894674557575","36.26618506694124","1.7212369441986084","16734343336448","0.3499999940395355","0","8","10","N","49406.28423086554","1994-02-23 06:49:17.550","50189.65065444447","1996-04-16 15:36:56.547","0.10317551972399572","0.9212918197531987","0.37493492100064446","24042388","CRAB-PULSAR","15","7","83.61006754648375","22.020290615612303","w2_f547m","19.580039978027344","0.008859634399414062"
"Y","1.2522662084006888","0.5779894674557575","36.26618506694124","1.7212369441986084","16734343336448","0.3499999940395355","0","8","10","N","49406.28423086554","1994-02-23 06:49:17.550","50189.65065444447","1996-04-16 15:36:56.547","0.10317551972399572","0.9212918197531987","0.37493492100064446","24042388","CRAB-PULSAR","15","1","83.61006754648375","22.020290615612303","w2_f588n","19.764799118041992","0"
"Y","1.2522662084006888","0.5779894674557575","36.26618506694124","1.7212369441986084","16734343336448","0.3499999940395355","0","8","10","N","49406.28423086554","1994-02-23 06:49:17.550","50189.65065444447","1996-04-16 15:36:56.547","0.10317551972399572","0.9212918197531987","0.37493492100064446","24042388","CRAB-PULSAR","15","1","83.61006754648375","22.020290615612303","w2_f631n","18.91069984436035","0"
"Y","1.2522662084006888","0.5779894674557575","36.26618506694124","1.7212369441986084","16734343336448","0.3499999940395355","0","8","10","N","49406.28423086554","1994-02-23 06:49:17.550","50189.65065444447","1996-04-16 15:36:56.547","0.10317551972399572","0.9212918197531987","0.37493492100064446","24042388","CRAB-PULSAR","15","1","83.61006754648375","22.020290615612303","w2_f673n","18.692890167236328","0"
"Y","1.2522662084006888","0.5779894674557575","36.26618506694124","1.7212369441986084","16734343336448","0.3499999940395355","0","8","10","N","49406.28423086554","1994-02-23 06:49:17.550","50189.65065444447","1996-04-16 15:36:56.547","0.10317551972399572","0.9212918197531987","0.37493492100064446","24042388","CRAB-PULSAR","15","2","83.61006754648375","22.020290615612303","w2_f814w","18.46094512939453","0.22425460815429688"
"Y","1.1144318363883279","0","0","1.7212369441986084","16734343339295","0.3499999940395355","0","1","1","N","49407.41756419884","1994-02-24 10:01:17.550","49407.50737899076","1994-02-24 12:10:37.550","0.10316846996578219","0.9212891738053975","0.3749433624350879","64415389","CRAB-NEB-A","1","1","83.61048234673372","22.020812333821205","w2_f469n","19.204500198364258","0"
"Y","2.2166957952205744","0.2514694020024071","140.74530660143222","1.7212369441986084","16734343339491","0.3499999940395355","0","2","3","N","49420.234230865724","1994-03-09 05:37:17.550","50108.43282508338","1996-01-26 10:23:16.090","0.10316490190513784","0.9212880303506449","0.3749471538062951","66084010","CRAB-PULSAR","3","1","83.61069363495218","22.021046658060737","w2_f673n","19.835590362548828","0"
"Y","1.979000038570828","0","0","1.7212369441986084","16734343307332","0.3499999940395355","0","1","1","N","49407.28978644917","1994-02-24 06:57:17.550","49407.37335124053","1994-02-24 08:57:37.550","0.10315001665556224","0.9212979298817074","0.37492692415970946","27207906","CRAB-NEB-A","1","1","83.61167597725935","22.019796377032748","w2_f375n","18.695100784301758","0"
"Y","1.018222239282396","0","0","1.7212369441986084","16734343336523","0.3499999940395355","0","1","1","N","49407.28978644917","1994-02-24 06:57:17.550","49407.37335124053","1994-02-24 08:57:37.550","0.10315525963264724","0.9212947650818725","0.3749332583848622","97513867","CRAB-NEB-A","1","1","83.61133218734672","22.020187858785654","w2_f375n","19.378999710083008","0"
"Y","0.9962222311231825","0","0","1.7212369441986084","16734343307490","0.3499999940395355","0","1","1","N","49407.28978644917","1994-02-24 06:57:17.550","49407.37335124053","1994-02-24 08:57:37.550","0.10313822086508727","0.9212989439894245","0.3749276772938958","52152026","CRAB-NEB-A","1","1","83.61240745286976","22.019842923835906","w2_f375n","18.462799072265625","0"
"Y","0.98755817080653","0","0","1.7212369441986084","16734343336870","0.9180000424385071","0","1","1","N","51475.64251867123","1999-10-24 15:25:13.617","51475.724926088005","1999-10-24 17:23:53.617","0.10313426107076613","0.9212915909229072","0.37494683448558724","66735532","CRAB-FIELD-3","1","1","83.6126001076264","22.021026922520953","w2_f631n","19.372800827026367","0"
"Y","0.8585555685891045","0","0","1.7212369441986084","16734343318836","0.3499999940395355","0","1","1","N","49407.28978644917","1994-02-24 06:57:17.550","49407.37335124053","1994-02-24 08:57:37.550","0.10313010729513047","0.9213215341800416","0.37487439446511045","67454561","CRAB-NEB-A","1","1","83.61306110571465","22.01654986267613","w2_f375n","18.324800491333008","0"
"Y","3.2772223154703775","0","0","1.7212369441986084","16734343288527","0.3499999940395355","0","1","1","N","49407.28978644917","1994-02-24 06:57:17.550","49407.37335124053","1994-02-24 08:57:37.550","0.10311164277589369","0.9213261001182778","0.37486825201005913","85905741","CRAB-NEB-A","1","1","83.61422656818496","22.016170242853395","w2_f375n","19.92289924621582","0"
"Y","0.8859999974568684","0","0","1.7212369441986084","16734343288554","0.3499999940395355","0","1","1","N","49407.28978644917","1994-02-24 06:57:17.550","49407.37335124053","1994-02-24 08:57:37.550","0.10311708956366894","0.921324703919003","0.37487018524903837","47828607","CRAB-NEB-A","1","1","83.61388243394134","22.016289721980026","w2_f375n","19.28380012512207","0"
"Y","0.7756666342417399","0","0","1.7212369441986084","16734343288465","0.3499999940395355","0","1","1","N","49407.28978644917","1994-02-24 06:57:17.550","49407.37335124053","1994-02-24 08:57:37.550","0.10310995644582686","0.9213229766386482","0.37487639242773124","5673502","CRAB-NEB-A","1","1","83.61430867111807","22.016673342221853","w2_f375n","19.462600708007812","0"
"Y","1.9952057648186732","1.715889171955161","0","1.7212369441986084","16734343318786","0.3499999940395355","0","2","1","N","49407.28978644917","1994-02-24 06:57:17.550","49407.50737899076","1994-02-24 12:10:37.550","0.10312568600679886","0.9213204092811921","0.3748783753802427","48040580","CRAB-NEB-A","2","1","83.61332492401165","22.01679589420892","w2_f375n","17.88089942932129","0"
"Y","1.677170878216979","0.2607915394289553","37.6205093171879","1.7212369441986084","16734343287042","0.3499999940395355","0","3","4","N","49406.412008657586","1994-02-23 09:53:17.550","49722.375429053325","1995-01-05 09:00:37.073","0.10312213003116605","0.9213191023317376","0.37488256558177796","74439799","NGC1952-BRTFIL","4","2","83.61353434472784","22.01705486067399","w2_f502n","19.840800285339355","0.08010005950927734"
"Y","2.5924106997488643","1.6667023877105174","175.44915668279074","1.7212369441986084","16734343316079","0.38499999602635704","0.06062178170618645","3","2","N","49407.28978644917","1994-02-24 06:57:17.550","51818.84875164833","2000-10-01 20:22:12.147","0.10312582883375458","0.921314018551521","0.3748940418941617","84128024","CRAB-PULSAR-POS1","3","1","83.6132722162766","22.017764132122455","w2_f375n","18.942899703979492","0"
"Y","1.1466666062672932","0","0","1.7212369441986084","16734343287217","0.3499999940395355","0","1","1","N","49407.28978644917","1994-02-24 06:57:17.550","49407.37335124053","1994-02-24 08:57:37.550","0.10311779132628941","0.9213126670892289","0.37489957398366464","39556992","CRAB-NEB-A","1","1","83.61375658727565","22.018106033551614","w2_f375n","18.188100814819336","0"
"Y","0.9852221939298842","0","0","1.7212369441986084","16734343290056","0.3499999940395355","0","1","1","N","49407.28978644917","1994-02-24 06:57:17.550","49407.37335124053","1994-02-24 08:57:37.550","0.10308020273070535","0.9213220848570872","0.37488676658405845","63382431","CRAB-NEB-A","1","1","83.61613000232431","22.01731449514246","w2_f375n","18.240400314331055","0"
"Y","0.9246666563881768","0","0","1.7212369441986084","16734343290532","0.3499999940395355","0","1","1","N","49407.28978644917","1994-02-24 06:57:17.550","49407.37335124053","1994-02-24 08:57:37.550","0.10309912965518563","0.9213168874857697","0.3748943348439857","31257539","CRAB-NEB-A","1","1","83.61493179476668","22.017782237366596","w2_f375n","19.84589958190918","0"
"Y","1.4048677968339445","0.7502890589144711","78.03215194049366","1.7212369441986084","16734343290644","0.3499999940395355","0","2","2","N","49407.28978644917","1994-02-24 06:57:17.550","49722.375429053325","1995-01-05 09:00:37.073","0.10309308358576144","0.9213176088572774","0.37489422471805206","88042797","NGC1952-BRTFIL","2","1","83.61530810164233","22.01777543122218","w2_f375n","18.88249969482422","0"
"Y","0.9367777903874714","0","0","1.7212369441986084","16734343290245","0.3499999940395355","0","1","1","N","49407.28978644917","1994-02-24 06:57:17.550","49407.37335124053","1994-02-24 08:57:37.550","0.10307464326203593","0.9213160345018663","0.37490316414570796","56417449","CRAB-NEB-A","1","1","83.61642988899543","22.018327917883123","w2_f375n","18.966899871826172","0"
"Y","0.8436666594611274","0","0","1.7212369441986084","16734343298948","0.3499999940395355","0","1","1","N","49407.28978644917","1994-02-24 06:57:17.550","49407.37335124053","1994-02-24 08:57:37.550","0.10305073302140919","0.9213337618059019","0.3748661704937379","53084459","CRAB-NEB-A","1","1","83.61802025135799","22.016041599918","w2_f375n","18.190900802612305","0"
"Y","1.0984444618225098","0","0","1.7212369441986084","16734343297398","0.3499999940395355","0","1","1","N","49407.28978644917","1994-02-24 06:57:17.550","49407.37335124053","1994-02-24 08:57:37.550","0.10305221418777387","0.9213301856910849","0.3748745524648739","14359740","CRAB-NEB-A","1","1","83.61790471147764","22.016559627487243","w2_f375n","19.579999923706055","0"
"Y","2.8493332862854004","0","0","1.7212369441986084","16734343298124","0.3499999940395355","0","1","1","N","49407.28978644917","1994-02-24 06:57:17.550","49407.37335124053","1994-02-24 08:57:37.550","0.103043890314845","0.9213336383510098","0.37486835490875686","53865434","CRAB-NEB-A","1","1","83.61843967918728","22.016176602252525","w2_f375n","18.675500869750977","0"
"Y","0.7945555448532104","0","0","1.7212369441986084","16734343297584","0.3499999940395355","0","1","1","N","49407.28978644917","1994-02-24 06:57:17.550","49407.37335124053","1994-02-24 08:57:37.550","0.10302653830103643","0.9213329142858794","0.3748749037473366","88026998","CRAB-NEB-A","1","1","83.61950046208833","22.01658133769563","w2_f375n","18.645700454711914","0"
"Y","2.627332717750834","0.29892330896313646","168.48335346669552","1.7212369441986084","16734343289490","0.44327500090003014","0.18550099468616263","6","4","N","51475.64251867123","1999-10-24 15:25:13.617","56627.30947536556","2013-12-01 07:25:38.677","0.10307205565612539","0.9213219982314829","0.374889219527532","102469102","CRAB-NEBULA","8","2","83.61662979937951","22.017466094579433","w2_f631n","19.877849578857422","0.9810504913330078"
"Y","2.731315246197637","0.48575932839144975","209.072815172877","1.7212369441986084","16734343289554","0.3646111057864295","0.04383333524068197","7","7","N","49406.412008657586","1994-02-23 09:53:17.550","53709.526083694305","2005-12-05 12:37:33.637","0.10306955132185647","0.9213226310420322","0.3748883528915147","29644987","CRAB-PULSAR","9","1","83.6167879636075","22.017412533640854","w2_f375n","19.76569938659668","0"
"Y","2.731315246197637","0.48575932839144975","209.072815172877","1.7212369441986084","16734343289554","0.3646111057864295","0.04383333524068197","7","7","N","49406.412008657586","1994-02-23 09:53:17.550","53709.526083694305","2005-12-05 12:37:33.637","0.10306955132185647","0.9213226310420322","0.3748883528915147","29644987","CRAB-PULSAR","9","1","83.6167879636075","22.017412533640854","w2_f502n","19.70549964904785","0"
"Y","2.731315246197637","0.48575932839144975","209.072815172877","1.7212369441986084","16734343289554","0.3646111057864295","0.04383333524068197","7","7","N","49406.412008657586","1994-02-23 09:53:17.550","53709.526083694305","2005-12-05 12:37:33.637","0.10306955132185647","0.9213226310420322","0.3748883528915147","29644987","CRAB-PULSAR","9","1","83.6167879636075","22.017412533640854","w2_f673n","19.92868995666504","0"
"Y","1.097666687435574","0","0","1.7212369441986084","16734343297824","0.3499999940395355","0","1","1","N","49407.28978644917","1994-02-24 06:57:17.550","49407.37335124053","1994-02-24 08:57:37.550","0.10304663776760445","0.9213271049645182","0.37488365675610685","94273359","CRAB-NEB-A","1","1","83.61822605055048","22.017122298458563","w2_f375n","19.17620086669922","0"
"Y","2.2654490493510826","0.7252029446718139","178.67879608306131","1.7212369441986084","16734343297890","0.3499999940395355","0","4","2","N","49421.29881423386","1994-03-10 07:10:17.553","51569.68674545828","2000-01-26 16:28:54.810","0.10303374707011487","0.9213279828364653","0.3748850423891864","28330961","CRAB-NEB-A","5","1","83.6190238280314","22.01720793470578","w2_f673n","19.913700103759766","0"
"Y","3.4542467525488103","1.4370426793678441","48.41113942926444","1.7212369441986084","16734343297925","0.4024999970197678","0.05612486398761137","1","8","N","51796.86126296548","2000-09-09 20:40:13.123","54494.3284387663","2008-01-29 07:52:57.113","0.10304485237062298","0.9213236323312571","0.374892681854855","105643630","CRAB-PULSAR-POS2","8","8","83.618311854434","22.017680077314317","w2_f547m","19.37345027923584","0.2049551010131836"
"Y","1.356214596773148","0.21490108298303914","39.3704825295469","1.7212369441986084","16734343297978","0.35340908660130066","0.043654113338661364","3","20","N","50080.386308562476","1995-12-29 09:16:17.063","53718.58883813443","2005-12-14 14:07:55.620","0.10304400073623962","0.9213238075425781","0.3748924853511005","10694831","CRAB-PULSAR-POS2","22","2","83.61836536562706","22.017667932699705","w2_f814w","18.760894775390625","0.09810447692871094"
"Y","1.356214596773148","0.21490108298303914","39.3704825295469","1.7212369441986084","16734343297978","0.35340908660130066","0.043654113338661364","3","20","N","50080.386308562476","1995-12-29 09:16:17.063","53718.58883813443","2005-12-14 14:07:55.620","0.10304400073623962","0.9213238075425781","0.3748924853511005","10694831","CRAB-PULSAR-POS2","22","19","83.61836536562706","22.017667932699705","w2_f547m","19.169200897216797","0.1344013214111328"
"Y","1.103328721837134","0.16419770104679884","21.936334425015563","1.7212369441986084","16734343297932","0.23718420621595884","0.1053732341599468","7","36","N","49407.41756419884","1994-02-24 10:01:17.550","57607.32353999093","2016-08-07 07:45:53.857","0.10304403171950377","0.9213236958185101","0.3748927514025945","21708521","V-CM-TAU","38","1","83.61836269514464","22.01768437554733","w2_f469n","19.539100646972656","0"
"Y","1.103328721837134","0.16419770104679884","21.936334425015563","1.7212369441986084","16734343297932","0.23718420621595884","0.1053732341599468","7","36","N","49407.41756419884","1994-02-24 10:01:17.550","57607.32353999093","2016-08-07 07:45:53.857","0.10304403171950377","0.9213236958185101","0.3748927514025945","21708521","V-CM-TAU","38","7","83.61836269514464","22.01768437554733","w2_f547m","19.1697998046875","0.08790016174316406"
"Y","1.103328721837134","0.16419770104679884","21.936334425015563","1.7212369441986084","16734343297932","0.23718420621595884","0.1053732341599468","7","36","N","49407.41756419884","1994-02-24 10:01:17.550","57607.32353999093","2016-08-07 07:45:53.857","0.10304403171950377","0.9213236958185101","0.3748927514025945","21708521","V-CM-TAU","38","26","83.61836269514464","22.01768437554733","a_f550m","18.973899841308594","0.030150413513183594"
"Y","1.103328721837134","0.16419770104679884","21.936334425015563","1.7212369441986084","16734343297932","0.23718420621595884","0.1053732341599468","7","36","N","49407.41756419884","1994-02-24 10:01:17.550","57607.32353999093","2016-08-07 07:45:53.857","0.10304403171950377","0.9213236958185101","0.3748927514025945","21708521","V-CM-TAU","38","1","83.61836269514464","22.01768437554733","w3_f555w","19.13010025024414","0"
"Y","1.103328721837134","0.16419770104679884","21.936334425015563","1.7212369441986084","16734343297932","0.23718420621595884","0.1053732341599468","7","36","N","49407.41756419884","1994-02-24 10:01:17.550","57607.32353999093","2016-08-07 07:45:53.857","0.10304403171950377","0.9213236958185101","0.3748927514025945","21708521","V-CM-TAU","38","1","83.61836269514464","22.01768437554733","w2_f588n","18.859100341796875","0"
"Y","1.103328721837134","0.16419770104679884","21.936334425015563","1.7212369441986084","16734343297932","0.23718420621595884","0.1053732341599468","7","36","N","49407.41756419884","1994-02-24 10:01:17.550","57607.32353999093","2016-08-07 07:45:53.857","0.10304403171950377","0.9213236958185101","0.3748927514025945","21708521","V-CM-TAU","38","1","83.61836269514464","22.01768437554733","w2_f631n","18.649099349975586","0"
"Y","1.103328721837134","0.16419770104679884","21.936334425015563","1.7212369441986084","16734343297932","0.23718420621595884","0.1053732341599468","7","36","N","49407.41756419884","1994-02-24 10:01:17.550","57607.32353999093","2016-08-07 07:45:53.857","0.10304403171950377","0.9213236958185101","0.3748927514025945","21708521","V-CM-TAU","38","1","83.61836269514464","22.01768437554733","w3_f160w","18.068300247192383","0"
"Y","0.841111143430074","0","0","1.7212369441986084","16734343297127","0.3499999940395355","0","1","1","N","49407.28978644917","1994-02-24 06:57:17.550","49407.37335124053","1994-02-24 08:57:37.550","0.10303910968174575","0.9213204155738176","0.3749021655355837","14655580","CRAB-NEB-A","1","1","83.61864247555417","22.018266200315217","w2_f375n","19.05190086364746","0"
"Y","2.097582059903046","0.2843366971316817","203.0092106539998","1.7212369441986084","16734343297198","0.3996904818784623","0.03498637189485381","4","17","N","49407.28978644917","1994-02-24 06:57:17.550","56627.30947536556","2013-12-01 07:25:38.677","0.1030301919144914","0.9213241539981999","0.37489542923957603","34067121","CRAB-PULSAR-POS2","17","1","83.61921588774416","22.017849873987746","w2_f375n","19.78969955444336","0"
"Y","0.778777798016866","0","0","1.7212369441986084","16734343287036","0.3499999940395355","0","1","1","N","49407.28978644917","1994-02-24 06:57:17.550","49407.37335124053","1994-02-24 08:57:37.550","0.10311618781000391","0.9213048307862383","0.3749192720863089","70939363","CRAB-NEB-A","1","1","83.61380120545941","22.019323448158246","w2_f375n","19.55900001525879","0"
"Y","1.7339583584154497","0.20123083279136747","0","1.7212369441986084","16734343287746","0.3499999940395355","0","2","1","N","49407.28978644917","1994-02-24 06:57:17.550","49407.50737899076","1994-02-24 12:10:37.550","0.10310930894354038","0.9213074617477","0.3749146987481988","31851124","CRAB-NEB-A","2","1","83.6142417936796","22.019040798245886","w2_f375n","19.2322998046875","0"
"Y","1.6740177527397029","1.2771885498890734","96.22150660657633","1.7212369441986084","16734343286952","0.29679999500513077","0.07523616015269076","2","2","N","49406.28423086554","1994-02-23 06:49:17.550","56257.748980823904","2012-11-26 17:58:31.947","0.1031114169638982","0.921304560152806","0.3749212492425489","78302291","CRAB-NEB-A","2","1","83.61409237255968","22.019445644204797","w2_f487n","19.375600814819336","0"
"Y","0.798777805434333","0","0","1.7212369441986084","16734343286913","0.3499999940395355","0","1","1","N","49407.28978644917","1994-02-24 06:57:17.550","49407.37335124053","1994-02-24 08:57:37.550","0.10310169798735656","0.9213037224424256","0.3749259805430239","64905592","CRAB-NEB-A","1","1","83.6146835595866","22.01973805764496","w2_f375n","17.906200408935547","0"
"Y","1.6021959135236832","0.21723823452224109","37.32512689295499","1.7212369441986084","16734343290236","0.3426066696643829","0.0866726061016802","5","29","N","50102.37171387719","1996-01-20 08:55:16.083","57607.32353999093","2016-08-07 07:45:53.857","0.10309107920119645","0.9213135901375605","0.37490465190689126","23953876","V-CM-TAU","30","1","83.6154035916239","22.01841986668267","w3_f160w","19.731700897216797","0"
"Y","2.748911304608987","2.236819141717112","0","1.7212369441986084","16734343287320","0.3499999940395355","0","2","1","N","51569.389754661825","2000-01-26 09:21:14.807","51569.617763958406","2000-01-26 14:49:34.810","0.10308150793909138","0.9213066632448922","0.3749243056692895","28182820","CRAB-FIELD-2","2","1","83.615943858957","22.01963454363098","w2_f502n","19.752199172973633","0"
"Y","0.7772413478500542","0","0","1.7212369441986084","16734343356421","0.3499999940395355","0","1","1","N","51569.52031025011","2000-01-26 12:29:14.810","51569.617763958406","2000-01-26 14:49:34.810","0.10311921440158998","0.9212999718816745","0.3749303794467115","94119737","CRAB-FIELD-2","1","1","83.6135819077582","22.020009928168797","w2_f502n","19.405000686645508","0"
"Y","0.8616666661368476","0","0","1.7212369441986084","16734343389394","0.3499999940395355","0","1","1","N","49407.28978644917","1994-02-24 06:57:17.550","49407.37335124053","1994-02-24 08:57:37.550","0.10312269864229626","0.921294277863531","0.3749434125317371","71778995","CRAB-NEB-A","1","1","83.61332875728968","22.020815430022097","w2_f375n","17.947399139404297","0"
"Y","2.2907518633098345","0.2687885487219687","0","1.7212369441986084","16734343356597","0.3499999940395355","0","2","1","N","51569.389754661825","2000-01-26 09:21:14.807","51569.617763958406","2000-01-26 14:49:34.810","0.10310194745386035","0.9212959546795163","0.3749449990630748","62140255","CRAB-FIELD-2","2","1","83.61461484492447","22.020913484937843","w2_f502n","19.8085994720459","0"
"Y","1.0390000210867987","0","0","1.7212369441986084","16734343356722","0.3499999940395355","0","1","1","N","49407.28978644917","1994-02-24 06:57:17.550","49407.37335124053","1994-02-24 08:57:37.550","0.1030784813497111","0.9213049360406638","0.3749293820309287","63747121","CRAB-NEB-A","1","1","83.61611788528329","22.01994828368077","w2_f375n","17.0447998046875","0"
"Y","0.7802273062142459","0","0","1.7212369441986084","16734343358175","0.3499999940395355","0","1","1","N","49407.41756419884","1994-02-24 10:01:17.550","49407.50737899076","1994-02-24 12:10:37.550","0.10305886772239242","0.9213059582435862","0.37493226200081187","78656569","CRAB-NEB-A","1","1","83.61732959903922","22.0201262779874","w2_f469n","19.50029945373535","0"
"Y","0.9232222371631198","0","0","1.7212369441986084","16734343360156","0.3499999940395355","0","1","1","N","49407.28978644917","1994-02-24 06:57:17.550","49407.37335124053","1994-02-24 08:57:37.550","0.10307203559198853","0.921301074343908","0.3749406431584512","64707154","CRAB-NEB-A","1","1","83.61648725422299","22.0206442702141","w2_f375n","18.9242000579834","0"
"Y","2.0622727545824917","0","0","1.7212369441986084","16734343360095","0.3499999940395355","0","1","1","N","49406.28423086554","1994-02-23 06:49:17.550","49406.36779565737","1994-02-23 08:49:37.550","0.10306022735983444","0.9213006810665189","0.3749448554163467","24528951","CRAB-NEB-A","1","1","83.6172098300651","22.020904606905606","w2_f487n","18.639999389648438","0"
"Y","1.0885223261506543","0.2423801528947603","19.042454520100883","1.7212369441986084","16734343359676","0.23348610972364744","0.09826468770381715","6","34","N","49421.17311981693","1994-03-10 04:09:17.553","57607.32353999093","2016-08-07 07:45:53.857","0.10304595694866599","0.9212994113804216","0.3749518973860644","107698902","V-CM-TAU","36","1","83.61807761895882","22.0213398336456","w3_f160w","19.63759994506836","0"
"Y","1.0065909136425366","0","0","1.7212369441986084","16734343362373","0.3499999940395355","0","1","1","N","49407.41756419884","1994-02-24 10:01:17.550","49407.50737899076","1994-02-24 12:10:37.550","0.1030176392126696","0.9213056876638465","0.3749442570434087","92791148","CRAB-NEB-A","1","1","83.6198600567577","22.02086762470518","w2_f469n","19.447799682617188","0"
"Y","2.6557146658460202","0.08377235885182747","0","1.0941359996795654","16734343707171","0.3869999945163727","0","3","1","N","51569.404338041786","2000-01-26 09:42:14.810","51569.68674545828","2000-01-26 16:28:54.810","0.10338178958690078","0.9212349513839473","0.3750178261502301","61551842","CRAB-FIELD-2","3","1","83.59700673401346","22.025414605984572","w2_f673n","19.839399337768555","0"
"Y","2.485854911642747","0.07691828322812556","0","1.0941359996795654","16734343694290","0.3499999940395355","0","3","1","N","51569.404338041786","2000-01-26 09:42:14.810","51569.68674545828","2000-01-26 16:28:54.810","0.10335488933567294","0.9212382412566299","0.3750171592031753","7221770","CRAB-FIELD-2","3","1","83.59868165078286","22.02537338427978","w2_f673n","19.04599952697754","0"
"Y","3.343923589973538","3.2215917252141986","44.59553788251074","1.0941359996795654","16734343707621","0.17499999701976776","0","1","15","N","55934.764193217736","2012-01-08 18:20:26.297","57491.28130570147","2016-04-13 06:45:04.813","0.10336725573076276","0.9212297422604073","0.3750346282928076","55418388","V-CM-TAU","15","16","83.59786351964233","22.0264530926039","a_f550m","17.513450622558594","0.8082008361816406"
"Y","1.0574058147853818","0.07623456827438327","5.626124672331025","1.0941359996795654","16734343806978","0.17281249724328518","0.008749999105930328","2","16","N","55934.764193217736","2012-01-08 18:20:26.297","57491.28130570147","2016-04-13 06:45:04.813","0.1033298766646031","0.9212688955930549","0.3749487412999255","32476404","V-CM-TAU","16","15","83.60042914386986","22.021144772593036","a_f550m","19.57040023803711","0.055500030517578125"
"Y","1.0574058147853818","0.07623456827438327","5.626124672331025","1.0941359996795654","16734343806978","0.17281249724328518","0.008749999105930328","2","16","N","55934.764193217736","2012-01-08 18:20:26.297","57491.28130570147","2016-04-13 06:45:04.813","0.1033298766646031","0.9212688955930549","0.3749487412999255","32476404","V-CM-TAU","16","1","83.60042914386986","22.021144772593036","w3_f555w","19.842899322509766","0"
"Y","1.1209703985006032","0.14354783446425276","32.56655404001228","1.0941359996795654","16734343702656","0.27499999531677793","0.08987170189678571","5","8","N","51569.389754661825","2000-01-26 09:21:14.807","56383.33731733775","2013-04-01 08:05:44.220","0.10343625831506001","0.921221284659247","0.37503637844596177","55216023","V-CM-TAU","14","2","83.59356697996574","22.02656126440313","w2_f673n","19.571595191955566","0.014504432678222656"
"Y","1.1209703985006032","0.14354783446425276","32.56655404001228","1.0941359996795654","16734343702656","0.27499999531677793","0.08987170189678571","5","8","N","51569.389754661825","2000-01-26 09:21:14.807","56383.33731733775","2013-04-01 08:05:44.220","0.10343625831506001","0.921221284659247","0.37503637844596177","55216023","V-CM-TAU","14","2","83.59356697996574","22.02656126440313","w2_f631n","19.930445671081543","0.014054298400878906"
"Y","2.45103452397489","0","0","1.0941359996795654","16734343228972","0.3499999940395355","0","1","1","N","51569.52031025011","2000-01-26 12:29:14.810","51569.617763958406","2000-01-26 14:49:34.810","0.10332620634637042","0.9212057374094557","0.3751048979232046","12909866","CRAB-FIELD-2","1","1","83.60021947208982","22.03079631599796","w2_f502n","19.497299194335938","0"
"Y","0.8667777644263374","0","0","1.0941359996795654","16734343230028","0.3499999940395355","0","1","1","N","49407.28978644917","1994-02-24 06:57:17.550","49407.37335124053","1994-02-24 08:57:37.550","0.10323729510430207","0.9212146788857908","0.3751074196889888","106861020","CRAB-NEB-A","1","1","83.60574234260469","22.030952183694676","w2_f375n","18.953399658203125","0"
"Y","1.118111080593533","0","0","1.0941359996795654","16734343227542","0.3499999940395355","0","1","1","N","49407.28978644917","1994-02-24 06:57:17.550","49407.37335124053","1994-02-24 08:57:37.550","0.1032524541206227","0.9212052625379972","0.3751263720285539","55571708","CRAB-NEB-A","1","1","83.60474638105507","22.03212361347547","w2_f375n","19.61090087890625","0"
"Y","2.3188887702094183","0","0","1.0941359996795654","16734343227401","0.3499999940395355","0","1","1","N","49407.28978644917","1994-02-24 06:57:17.550","49407.37335124053","1994-02-24 08:57:37.550","0.10323983936782041","0.9212033201672121","0.37513461381374846","38781234","CRAB-NEB-A","1","1","83.60550787058891","22.032633035011532","w2_f375n","18.912900924682617","0"
"Y","0.7957777712080214","0","0","1.7212369441986084","16734343346589","0.3499999940395355","0","1","1","N","49407.28978644917","1994-02-24 06:57:17.550","49407.37335124053","1994-02-24 08:57:37.550","0.1031936552934745","0.9212750629629083","0.374971102713475","96235305","CRAB-NEB-A","1","1","83.60883837249162","22.022526819987917","w2_f375n","18.78569984436035","0"
"Y","1.0463333129882812","0","0","1.7212369441986084","16734343347588","0.3499999940395355","0","1","1","N","49407.28978644917","1994-02-24 06:57:17.550","49407.37335124053","1994-02-24 08:57:37.550","0.10319755081258815","0.9212680099757873","0.37498735885611173","12002228","CRAB-NEB-A","1","1","83.60855057917308","22.023531539507687","w2_f375n","18.254499435424805","0"
"Y","2.368821683472133","0.2731625052480112","144.5381329274048","1.7212369441986084","16734343348120","0.3499999940395355","0","2","2","N","49407.28978644917","1994-02-24 06:57:17.550","49421.388629025314","1994-03-10 09:19:37.553","0.10319710576624369","0.9212657727937024","0.3749929775882469","104683216","CRAB-NEB-A","2","1","83.60856252227781","22.02387880988725","w2_f375n","19.823200225830078","0"
"Y","2.1380290138119205","0.19577672756216719","0","1.7212369441986084","16734343339500","0.3499999940395355","0","3","1","N","51569.404338041786","2000-01-26 09:42:14.810","51569.68674545828","2000-01-26 16:28:54.810","0.10316697955714356","0.9212874261212088","0.37494806680397774","93333613","CRAB-FIELD-2","3","1","83.6105618681044","22.02110308558705","w2_f673n","19.865100860595703","0"
"Y","2.520155014439848","0.34096766756894376","179.16978631301237","1.7212369441986084","16734343339378","0.3499999940395355","0","3","3","N","49406.412008657586","1994-02-23 09:53:17.550","49421.388629025314","1994-03-10 09:19:37.553","0.10316122168337531","0.9212855735915783","0.3749542028472936","6008498","CRAB-NEB-A","3","1","83.61090278049397","22.021482322350806","w2_f673n","19.61659049987793","0"
"Y","0.9926666816075642","0","0","1.7212369441986084","16734343338632","0.3499999940395355","0","1","1","N","49407.28978644917","1994-02-24 06:57:17.550","49407.37335124053","1994-02-24 08:57:37.550","0.1031826671507536","0.9212807743328585","0.3749600939361145","11172868","CRAB-NEB-A","1","1","83.60955256758649","22.021846420709867","w2_f375n","19.03030014038086","0"
"Y","2.5965233211350975","0.2547524526700317","125.98005775990046","1.7212369441986084","16734343336290","0.3499999940395355","0","4","2","N","50102.37171387719","1996-01-20 08:55:16.083","51569.68674545828","2000-01-26 16:28:54.810","0.10314031635799334","0.921283511306265","0.37496502095083145","31014136","CRAB-PULSAR","4","1","83.6121726286811","22.022150935257656","w2_f673n","19.999500274658203","0"
"Y","2.3651100018652627","0.04644725492139123","72.8458275014384","1.7212369441986084","16734343336428","0.3499999940395355","0","3","3","N","49406.412008657586","1994-02-23 09:53:17.550","49421.388629025314","1994-03-10 09:19:37.553","0.10313714866010089","0.9212841672660127","0.37496428058095815","87334584","CRAB-NEB-A","3","1","83.61237170374599","22.02210517659041","w2_f673n","19.767990112304688","0"
"Y","0.9129885284379982","0","0","1.7212369441986084","16734343336418","0.3499999940395355","0","1","1","N","49406.412008657586","1994-02-23 09:53:17.550","49406.50182344904","1994-02-23 12:02:37.550","0.10313730630609369","0.9212830565304984","0.3749669662760879","82038900","CRAB-NEB-A","1","1","83.61235438336553","22.022271166415123","w2_f502n","19.448299407958984","0"
"Y","2.9260492445242523","0.10128241900985639","0","1.7212369441986084","16734343337220","0.3499999940395355","0","2","1","N","49407.28978644917","1994-02-24 06:57:17.550","49407.50737899076","1994-02-24 12:10:37.550","0.10317232679315408","0.9212722868290086","0.37498379232346535","41419485","CRAB-NEB-A","2","1","83.61012930215725","22.02331110745494","w2_f375n","19.417999267578125","0"
"Y","2.2427813752199106","0.1539059522709805","0","1.7212369441986084","16734343339177","0.3499999940395355","0","2","1","N","51569.52031025011","2000-01-26 12:29:14.810","51569.68674545828","2000-01-26 16:28:54.810","0.10316500361863362","0.9212769555253177","0.3749743367837215","107513046","CRAB-FIELD-2","2","1","83.61061121581278","22.02272670285067","w2_f502n","19.97170066833496","0"
"Y","2.6137913281422804","0.04376350328858978","0","1.7212369441986084","16734343347487","0.3499999940395355","0","3","1","N","51569.404338041786","2000-01-26 09:42:14.810","51569.68674545828","2000-01-26 16:28:54.810","0.10318043673972183","0.9212678516203566","0.3749924573175215","46279526","CRAB-FIELD-2","3","1","83.60960066570068","22.02384665409197","w2_f673n","19.841899871826172","0"
"Y","0.7704444726308186","0","0","1.7212369441986084","16734343337671","0.3499999940395355","0","1","1","N","49407.28978644917","1994-02-24 06:57:17.550","49407.37335124053","1994-02-24 08:57:37.550","0.10313875015892233","0.9212741283161543","0.3749885047723053","41085872","CRAB-NEB-A","1","1","83.6122043069001","22.023602363734216","w2_f375n","18.45319938659668","0"
"Y","2.544015458079888","0.27303648601691166","207.82715856230175","1.7212369441986084","16734343347287","0.3499999940395355","0","3","2","N","49407.28978644917","1994-02-24 06:57:17.550","49421.388629025314","1994-03-10 09:19:37.553","0.10320790496232198","0.9212638162451656","0.3749948122716368","12922615","CRAB-NEB-A","3","1","83.60788575464535","22.023992204195984","w2_f375n","19.331100463867188","0"
"Y","1.415632236963031","0","0","1.7212369441986084","16734343347991","0.3499999940395355","0","1","1","N","51569.52031025011","2000-01-26 12:29:14.810","51569.617763958406","2000-01-26 14:49:34.810","0.10319086618811314","0.9212612766990315","0.3750057402097149","54281492","CRAB-FIELD-2","1","1","83.60891483575814","22.024667617408372","w2_f502n","19.495800018310547","0"
"Y","2.481744178505831","0","0","1.7212369441986084","16734343347957","0.3499999940395355","0","1","1","N","49421.29881423386","1994-03-10 07:10:17.553","49421.388629025314","1994-03-10 09:19:37.553","0.10318982238833167","0.9212570944887585","0.37501630152576076","93617672","CRAB-NEB-A","1","1","83.60895017506269","22.025320374199534","w2_f631n","19.975799560546875","0"
"Y","2.8331033114729256","0","0","1.0941359996795654","16734343345214","0.3499999940395355","0","1","1","N","49406.412008657586","1994-02-23 09:53:17.550","49406.50182344904","1994-02-23 12:02:37.550","0.10322643726342781","0.9212456459764258","0.37503434832089294","43782120","CRAB-NEB-A","1","1","83.60662241763009","22.026435788375206","w2_f502n","19.71109962463379","0"
"Y","2.2765554322136774","0","0","1.0941359996795654","16734343341061","0.3499999940395355","0","1","1","N","49407.28978644917","1994-02-24 06:57:17.550","49407.37335124053","1994-02-24 08:57:37.550","0.10322525120918452","0.9212431343394923","0.37504084436988977","22113910","CRAB-NEB-A","1","1","83.60667798210679","22.026837290362373","w2_f375n","19.96109962463379","0"
"Y","2.0926437158694213","0","0","1.7212369441986084","16734343345291","0.3499999940395355","0","1","1","N","49406.412008657586","1994-02-23 09:53:17.550","49406.50182344904","1994-02-23 12:02:37.550","0.10321068350286577","0.9212481123793897","0.3750326255798315","16694382","CRAB-NEB-A","1","1","83.60760702917045","22.026329310929906","w2_f502n","19.47960090637207","0"
"Y","2.3996511171030446","0","0","1.7212369441986084","16734343345826","0.3499999940395355","0","1","1","N","49421.29881423386","1994-03-10 07:10:17.553","49421.388629025314","1994-03-10 09:19:37.553","0.1032030297410431","0.9212526912772919","0.37502348388747986","41761812","CRAB-NEB-A","1","1","83.60810865111388","22.025764291752434","w2_f631n","19.914600372314453","0"
"Y","0.9245454587719657","0","0","1.7212369441986084","16734343344994","0.3499999940395355","0","1","1","N","49407.41756419884","1994-02-24 10:01:17.550","49407.50737899076","1994-02-24 12:10:37.550","0.10316385572019915","0.9212628687115093","0.37500926069475543","1051449","CRAB-NEB-A","1","1","83.61058483185285","22.024885205533206","w2_f469n","19.897499084472656","0"
"Y","0.9842222266727023","0","0","1.7212369441986084","16734343344186","0.3499999940395355","0","1","1","N","49407.28978644917","1994-02-24 06:57:17.550","49407.37335124053","1994-02-24 08:57:37.550","0.10313655476852024","0.9212590768564282","0.3750260849336466","742583","CRAB-NEB-A","1","1","83.61223565385882","22.025925053985777","w2_f375n","19.200700759887695","0"
"Y","1.6223103184809629","1.083726464713578","179.46112726781183","1.7212369441986084","16734343344131","0.3203999996185303","0.041860713556353575","2","2","N","49407.28978644917","1994-02-24 06:57:17.550","56257.748980823904","2012-11-26 17:58:31.947","0.10313139394749181","0.9212593167793415","0.37502691480715933","98992204","CRAB-NEB-A","2","1","83.61255429730359","22.025976345821924","w2_f375n","18.327800750732422","0"
"Y","1.1856667200724285","0","0","1.7212369441986084","16734343391235","0.3499999940395355","0","1","1","N","49407.28978644917","1994-02-24 06:57:17.550","49407.37335124053","1994-02-24 08:57:37.550","0.1031283387144745","0.9212595973977356","0.37502706563274446","82093926","CRAB-NEB-A","1","1","83.61274388887522","22.0259856678659","w2_f375n","19.697799682617188","0"
"Y","1.069999999470181","0","0","1.7212369441986084","16734343343043","0.3499999940395355","0","1","1","N","49407.28978644917","1994-02-24 06:57:17.550","49407.37335124053","1994-02-24 08:57:37.550","0.10314362278578158","0.9212516671394781","0.37504234277205006","35261633","CRAB-NEB-A","1","1","83.61175055870405","22.026929902422456","w2_f375n","17.694299697875977","0"
"Y","0.8638888597488403","0","0","1.7212369441986084","16734343392694","0.3499999940395355","0","1","1","N","49407.28978644917","1994-02-24 06:57:17.550","49407.37335124053","1994-02-24 08:57:37.550","0.10310521628960082","0.9212764069852696","0.37499212832625367","76560963","CRAB-NEB-A","1","1","83.61427969869432","22.023826320491047","w2_f375n","19.34910011291504","0"
"Y","1.016152746448613","0.2158050427161375","49.832689597289715","1.7212369441986084","16734343393059","0.3499999940395355","0","2","2","N","49406.28423086554","1994-02-23 06:49:17.550","49407.37335124053","1994-02-24 08:57:37.550","0.10310117471693754","0.9212788795197744","0.374987165011303","16456707","CRAB-NEB-A","2","1","83.61454493778729","22.023519558783402","w2_f375n","18.63290023803711","0"
"Y","0.8461111121707492","0","0","1.7212369441986084","16734343392981","0.3499999940395355","0","1","1","N","49407.28978644917","1994-02-24 06:57:17.550","49407.37335124053","1994-02-24 08:57:37.550","0.1030851329057137","0.9212835668732205","0.3749800591813314","6890104","CRAB-NEB-A","1","1","83.61556247984535","22.0230803783521","w2_f375n","17.89579963684082","0"
"Y","0.7856666379504733","0","0","1.7212369441986084","16734343359827","0.3499999940395355","0","1","1","N","49407.28978644917","1994-02-24 06:57:17.550","49407.37335124053","1994-02-24 08:57:37.550","0.10306437795582653","0.9212948099064325","0.3749581406457248","82251450","CRAB-NEB-A","1","1","83.61691455269916","22.02172569761844","w2_f375n","17.447900772094727","0"
"Y","1.537777715259128","0","0","1.7212369441986084","16734343359676","0.3499999940395355","0","1","1","N","49407.28978644917","1994-02-24 06:57:17.550","49407.37335124053","1994-02-24 08:57:37.550","0.10304549607246251","0.9212990987694247","0.37495279215697086","26496867","CRAB-NEB-A","1","1","83.61810377919386","22.021395134860526","w2_f375n","19.583099365234375","0"
"Y","0.9627778000301784","0","0","1.7212369441986084","16734343359638","0.3499999940395355","0","1","1","N","49407.28978644917","1994-02-24 06:57:17.550","49407.37335124053","1994-02-24 08:57:37.550","0.10304147532831583","0.9212981605164233","0.37495620249799927","8116404","CRAB-NEB-A","1","1","83.6183442952563","22.021605910522307","w2_f375n","19.271099090576172","0"
"Y","1.4886666668785942","0","0","1.7212369441986084","16734343392315","0.3499999940395355","0","1","1","N","49407.28978644917","1994-02-24 06:57:17.550","49407.37335124053","1994-02-24 08:57:37.550","0.10308390133000812","0.9212692425439714","0.37501558904881455","69341150","CRAB-NEB-A","1","1","83.61553967859021","22.025276338476985","w2_f375n","19.42729949951172","0"
"Y","1.7652505964431109","0.7189211550744413","185.28616891278696","1.7212369441986084","16734343393401","0.3499999940395355","0","2","2","N","49406.412008657586","1994-02-23 09:53:17.550","51569.68674545828","2000-01-26 16:28:54.810","0.10310634793165224","0.9212604978573873","0.3750309001984604","5123109","CRAB-NEB-A","2","1","83.61410082611062","22.026222670387163","w2_f502n","19.94420051574707","0"
"Y","1.2898888852861192","0","0","1.7212369441986084","16734343386359","0.3499999940395355","0","1","1","N","49407.28978644917","1994-02-24 06:57:17.550","49407.37335124053","1994-02-24 08:57:37.550","0.10311987792972832","0.9212535875135525","0.3750441550935012","8135891","CRAB-NEB-A","1","1","83.61322225739879","22.027041917040037","w2_f375n","18.193599700927734","0"
"Y","1.2505555152893066","0","0","1.7212369441986084","16734343393578","0.3499999940395355","0","1","1","N","49407.28978644917","1994-02-24 06:57:17.550","49407.37335124053","1994-02-24 08:57:37.550","0.10308520612186517","0.9212643759907158","0.3750271854277715","79010622","CRAB-NEB-A","1","1","83.61542608645603","22.02599307201499","w2_f375n","18.16200065612793","0"
"Y","0.8928889036178589","0","0","1.7212369441986084","16734343394062","0.3499999940395355","0","1","1","N","49407.28978644917","1994-02-24 06:57:17.550","49407.37335124053","1994-02-24 08:57:37.550","0.10308245093837196","0.921256801664902","0.37504654870482534","46215613","CRAB-NEB-A","1","1","83.61554326206816","22.027189859725663","w2_f375n","19.266700744628906","0"
"Y","1.4874445067511664","0","0","1.7212369441986084","16734343397074","0.3499999940395355","0","1","1","N","49407.28978644917","1994-02-24 06:57:17.550","49407.37335124053","1994-02-24 08:57:37.550","0.10307575220420932","0.9212616575173438","0.3750364618228661","90016844","CRAB-NEB-A","1","1","83.61598809728463","22.026566417692894","w2_f375n","19.99410057067871","0"
"Y","0.9656666384802924","0","0","1.7212369441986084","16734343390649","0.3499999940395355","0","1","1","N","49407.28978644917","1994-02-24 06:57:17.550","49407.37335124053","1994-02-24 08:57:37.550","0.10306122784825798","0.921270895067692","0.3750177612010223","59642775","CRAB-NEB-A","1","1","83.6169437151376","22.02541059168953","w2_f375n","19.327499389648438","0"
"Y","2.6025554868910046","0","0","1.7212369441986084","16734343390497","0.3499999940395355","0","1","1","N","49407.28978644917","1994-02-24 06:57:17.550","49407.37335124053","1994-02-24 08:57:37.550","0.10306757454657718","0.9212687760341303","0.37502122257587417","101191258","CRAB-NEB-A","1","1","83.61653931798715","22.025624527557177","w2_f375n","18.24169921875","0"
"Y","0.7947727360508658","0","0","1.7212369441986084","16734343394456","0.3499999940395355","0","1","1","N","49406.28423086554","1994-02-23 06:49:17.550","49406.36779565737","1994-02-23 08:49:37.550","0.10304468267252376","0.9212720989504065","0.37501935025921446","18091575","CRAB-NEB-A","1","1","83.61796824943801","22.025508805962183","w2_f487n","19.605899810791016","0"
"Y","2.325444486406114","0","0","1.7212369441986084","16734343390237","0.3499999940395355","0","1","1","N","49407.28978644917","1994-02-24 06:57:17.550","49407.37335124053","1994-02-24 08:57:37.550","0.10303714451264533","0.9212739795893005","0.375016801467713","44549052","CRAB-NEB-A","1","1","83.61844419019086","22.025351273877614","w2_f375n","19.033700942993164","0"
"Y","0.8348275875223095","0","0","1.7212369441986084","16734343360527","0.3499999940395355","0","1","1","N","49406.412008657586","1994-02-23 09:53:17.550","49406.50182344904","1994-02-23 12:02:37.550","0.10302417735916372","0.9212762951716547","0.3750146754923252","70787995","CRAB-NEB-A","1","1","83.6192565858039","22.0252198747516","w2_f502n","19.626699447631836","0"
"Y","1.8296512060387191","0","0","1.7212369441986084","16734343360520","0.3499999940395355","0","1","1","N","49421.29881423386","1994-03-10 07:10:17.553","49421.388629025314","1994-03-10 09:19:37.553","0.10302205240945089","0.9212761572627141","0.3750155980446469","19430424","CRAB-NEB-A","1","1","83.619386160673","22.025276894482566","w2_f631n","19.971200942993164","0"
"Y","1.1152269933393166","0.20466705397594534","17.866738004795124","1.7212369441986084","16734343383048","0.20507619033257166","0.07139423253870036","4","41","N","50135.27449128684","1996-02-22 06:35:16.050","57607.32353999093","2016-08-07 07:45:53.857","0.10302707402288973","0.921272933424269","0.3750221382415027","59394972","V-CM-TAU","42","1","83.6190555702198","22.025681121661034","w3_f160w","19.35110092163086","0"
"Y","1.0563636367971247","0","0","1.7212369441986084","16734343395224","0.3499999940395355","0","1","1","N","49406.28423086554","1994-02-23 06:49:17.550","49406.36779565737","1994-02-23 08:49:37.550","0.10303542378211096","0.9212639151595096","0.37504199774355224","45099597","CRAB-NEB-A","1","1","83.61848074403001","22.026908577168893","w2_f487n","18.687000274658203","0"
"Y","1.0812499983744188","0","0","1.0941359996795654","16734343223510","0.3499999940395355","0","1","1","N","49407.41756419884","1994-02-24 10:01:17.550","49407.50737899076","1994-02-24 12:10:37.550","0.10322763213311571","0.9212384993547104","0.3750515741487381","84553589","CRAB-NEB-A","1","1","83.60649983831544","22.027500469419547","w2_f469n","19.92799949645996","0"
"Y","1.0399999943646518","0","0","1.0941359996795654","16734343224163","0.3499999940395355","0","1","1","N","49407.41756419884","1994-02-24 10:01:17.550","49407.50737899076","1994-02-24 12:10:37.550","0.10322116756072006","0.9212304693729112","0.37507307670244366","4712427","CRAB-NEB-A","1","1","83.6068416479082","22.028829494350795","w2_f469n","19.556900024414062","0"
"Y","0.8028409020467238","0","0","1.0941359996795654","16734343223988","0.3499999940395355","0","1","1","N","49406.28423086554","1994-02-23 06:49:17.550","49406.36779565737","1994-02-23 08:49:37.550","0.10321415219411453","0.9212282616296066","0.3750804297253479","6513912","CRAB-NEB-A","1","1","83.60725736450556","22.029283971168145","w2_f487n","19.404800415039062","0"
"Y","2.509741072751171","0.1031939317177889","184.54349707419487","1.7212369441986084","16734343223665","0.3499999940395355","0","3","3","N","49406.412008657586","1994-02-23 09:53:17.550","49421.388629025314","1994-03-10 09:19:37.553","0.10320201692664088","0.921229269901542","0.3750812924942599","38873594","CRAB-NEB-A","3","1","83.608009699557","22.029337297435053","w2_f375n","19.80109977722168","0"
"Y","2.509741072751171","0.1031939317177889","184.54349707419487","1.7212369441986084","16734343223665","0.3499999940395355","0","3","3","N","49406.412008657586","1994-02-23 09:53:17.550","49421.388629025314","1994-03-10 09:19:37.553","0.10320201692664088","0.921229269901542","0.3750812924942599","38873594","CRAB-NEB-A","3","1","83.608009699557","22.029337297435053","w2_f502n","19.921899795532227","0"
"Y","3.133888774447971","0","0","1.7212369441986084","16734343344055","0.3499999940395355","0","1","1","N","49407.28978644917","1994-02-24 06:57:17.550","49407.37335124053","1994-02-24 08:57:37.550","0.10316123089552545","0.9212435159184659","0.37505752201354187","106021416","CRAB-NEB-A","1","1","83.61061294434072","22.027868092441388","w2_f375n","19.362300872802734","0"
"Y","1.093555556403266","0","0","1.7212369441986084","16734343342590","0.3499999940395355","0","1","1","N","49407.28978644917","1994-02-24 06:57:17.550","49407.37335124053","1994-02-24 08:57:37.550","0.10313997038602551","0.921244182311306","0.37506173234151674","54390525","CRAB-NEB-A","1","1","83.61192343010215","22.028128323125067","w2_f375n","19.92840003967285","0"
"Y","3.229573530744213","1.2239182333951837","0","1.7212369441986084","16734343342547","0.3499999940395355","0","3","1","N","51569.389754661825","2000-01-26 09:21:14.807","51569.68674545828","2000-01-26 16:28:54.810","0.10313240608511443","0.9212438204923118","0.3750647011114734","69338856","CRAB-FIELD-2","3","1","83.61238557212027","22.02831181626009","w2_f673n","19.540300369262695","0"
"Y","1.22988511776102","0","0","1.7212369441986084","16734343386852","0.3499999940395355","0","1","1","N","51569.52031025011","2000-01-26 12:29:14.810","51569.617763958406","2000-01-26 14:49:34.810","0.10312565357628067","0.921244566886383","0.3750647244900543","29150270","CRAB-FIELD-2","1","1","83.61280547160679","22.02831326123959","w2_f502n","19.96489906311035","0"
"Y","2.4234884007032527","0.05097749541726743","123.04438030099388","1.7212369441986084","16734343344098","0.3499999940395355","0","2","2","N","49420.234230865724","1994-03-09 05:37:17.550","49421.388629025314","1994-03-10 09:19:37.553","0.10316635516278162","0.9212383722936645","0.3750687464670093","94779989","CRAB-NEB-A","2","1","83.61026281187176","22.028561851149856","w2_f673n","19.085189819335938","0"
"Y","3.225564231070356","1.2250681456852672","0","1.7212369441986084","16734343343894","0.3499999940395355","0","2","1","N","49406.28423086554","1994-02-23 06:49:17.550","49406.50182344904","1994-02-23 12:02:37.550","0.10316455356238309","0.9212382935471797","0.37506943542696947","71043475","CRAB-NEB-A","2","1","83.61037293171195","22.02860443434674","w2_f502n","19.991300582885742","0"
"Y","2.7724098709935463","0.4198693992018698","0","1.7212369441986084","16734343343891","0.3499999940395355","0","2","1","N","51569.52031025011","2000-01-26 12:29:14.810","51569.68674545828","2000-01-26 16:28:54.810","0.10316719783704019","0.9212376573350015","0.37507027074720856","57799218","CRAB-FIELD-2","2","1","83.61020613346216","22.02865606380995","w2_f673n","19.731399536132812","0"
"Y","2.5866860567137255","0.09693931982988471","7.766226370969602","1.7212369441986084","16734343343912","0.3499999940395355","0","2","2","N","49420.234230865724","1994-03-09 05:37:17.550","49421.388629025314","1994-03-10 09:19:37.553","0.1031619190892523","0.9212387609727526","0.37506901195854925","7199237","CRAB-NEB-A","2","1","83.61053796681462","22.028578260635395","w2_f673n","19.72429084777832","0"
"Y","1.438444455464681","0","0","1.7212369441986084","16734343340330","0.3499999940395355","0","1","1","N","49407.28978644917","1994-02-24 06:57:17.550","49407.37335124053","1994-02-24 08:57:37.550","0.10317260457480162","0.9212296935183802","0.37508834352195836","50603800","CRAB-NEB-A","1","1","83.60981924590658","22.029773110018173","w2_f375n","19.98859977722168","0"
"Y","0.9892221954133775","0","0","1.7212369441986084","16734343340850","0.3499999940395355","0","1","1","N","49407.28978644917","1994-02-24 06:57:17.550","49407.37335124053","1994-02-24 08:57:37.550","0.10315093270202472","0.921231660512326","0.37508947299703627","40401562","CRAB-NEB-A","1","1","83.61116396095255","22.029842921165738","w2_f375n","18.81719970703125","0"
"Y","1.2252222167121039","0","0","1.7212369441986084","16734343342343","0.3499999940395355","0","1","1","N","49407.28978644917","1994-02-24 06:57:17.550","49407.37335124053","1994-02-24 08:57:37.550","0.10313564781223533","0.9212400904058239","0.375072971540408","44357589","CRAB-NEB-A","1","1","83.61216080155735","22.02882299448862","w2_f375n","17.701900482177734","0"
"Y","0.8567777607176039","0","0","1.7212369441986084","16734343385553","0.3499999940395355","0","1","1","N","49407.28978644917","1994-02-24 06:57:17.550","49407.37335124053","1994-02-24 08:57:37.550","0.10312905184142906","0.9212337595229099","0.37509033442944617","73685368","CRAB-NEB-A","1","1","83.6125224221546","22.029896165024102","w2_f375n","19.608200073242188","0"
"Y","0.8758888641993204","0","0","1.0941359996795654","16734343222551","0.3499999940395355","0","1","1","N","49407.28978644917","1994-02-24 06:57:17.550","49407.37335124053","1994-02-24 08:57:37.550","0.1032271270386093","0.9212194233751289","0.3750985660337027","16617082","CRAB-NEB-A","1","1","83.60639956750164","22.03040494927591","w2_f375n","19.499300003051758","0"
"Y","1.2064367875285533","0","0","1.7212369441986084","16734343224408","0.3499999940395355","0","1","1","N","49406.412008657586","1994-02-23 09:53:17.550","49406.50182344904","1994-02-23 12:02:37.550","0.1032085204488924","0.9212238724097171","0.3750927594748116","45500069","CRAB-NEB-A","1","1","83.60757308391324","22.0300460535816","w2_f502n","19.44809913635254","0"
"Y","1.2718889448377821","0","0","1.0941359996795654","16734343222717","0.3499999940395355","0","1","1","N","49407.28978644917","1994-02-24 06:57:17.550","49407.37335124053","1994-02-24 08:57:37.550","0.10323114499187545","0.9212153357217987","0.37510749917253683","31741126","CRAB-NEB-A","1","1","83.60612463148891","22.03095709649246","w2_f375n","18.69070053100586","0"
"Y","2.4218122187245394","1.136447813796717","61.87520619520153","1.0941359996795654","16734343222619","0.3499999940395355","0","2","2","N","49406.412008657586","1994-02-23 09:53:17.550","49407.37335124053","1994-02-24 08:57:37.550","0.10321732085942534","0.9212159889960511","0.37510969901307833","59809123","CRAB-NEB-A","2","1","83.60697826974793","22.031093066478423","w2_f375n","19.504499435424805","0"
"Y","1.874203074480839","1.1379434455830122","181.4832031332657","1.7212369441986084","16734343224689","0.3499999940395355","0","2","2","N","49406.412008657586","1994-02-23 09:53:17.550","49407.37335124053","1994-02-24 08:57:37.550","0.1031876368530675","0.921224288828838","0.37509748236035123","16925514","CRAB-NEB-A","2","1","83.60885871259892","22.030337968799305","w2_f375n","17.655799865722656","0"
"Y","2.9481608292152144","0","0","1.7212369441986084","16734343221937","0.3499999940395355","0","1","1","N","49406.412008657586","1994-02-23 09:53:17.550","49406.50182344904","1994-02-23 12:02:37.550","0.10317754396193797","0.9212231257321808","0.3751031152088105","52611404","CRAB-NEB-A","1","1","83.60947066337975","22.030686128375727","w2_f502n","19.972000122070312","0"
"Y","0.8792222208446926","0","0","1.7212369441986084","16734343225024","0.3499999940395355","0","1","1","N","49407.28978644917","1994-02-24 06:57:17.550","49407.37335124053","1994-02-24 08:57:37.550","0.1031961784257141","0.9212186408376464","0.3751090035341966","31094924","CRAB-NEB-A","1","1","83.60829518756553","22.031050079598394","w2_f375n","19.444799423217773","0"
"Y","2.9931565487023555","0.07910294224627541","0","1.0941359996795654","16734343222315","0.3499999940395355","0","2","1","N","49407.28978644917","1994-02-24 06:57:17.550","49407.50737899076","1994-02-24 12:10:37.550","0.10322812660240442","0.9212053927016203","0.3751327476195317","104972564","CRAB-NEB-A","2","1","83.60624159596883","22.032517686112598","w2_f375n","19.6028995513916","0"
"Y","0.9357777569029067","0","0","1.7212369441986084","16734343222827","0.3499999940395355","0","1","1","N","49407.28978644917","1994-02-24 06:57:17.550","49407.37335124053","1994-02-24 08:57:37.550","0.10319611911722307","0.9212114501143269","0.375126678841089","62635792","CRAB-NEB-A","1","1","83.60824935162236","22.03214257740599","w2_f375n","18.367599487304688","0"
"Y","0.9222222036785549","0","0","1.7212369441986084","16734343340666","0.3499999940395355","0","1","1","N","49407.28978644917","1994-02-24 06:57:17.550","49407.37335124053","1994-02-24 08:57:37.550","0.10313567133894568","0.921230755776496","0.3750958916194222","99267249","CRAB-NEB-A","1","1","83.61209516488965","22.03023964716949","w2_f375n","18.465200424194336","0"
"Y","1.452272724021565","0","0","1.7212369441986084","16734343340919","0.3499999940395355","0","1","1","N","49407.41756419884","1994-02-24 10:01:17.550","49407.50737899076","1994-02-24 12:10:37.550","0.10313912353247826","0.9212294873782653","0.37509805755638786","75628479","CRAB-NEB-A","1","1","83.61187439142559","22.030373520931786","w2_f469n","19.771400451660156","0"
"Y","2.3356975511062976","0","0","1.7212369441986084","16734343385523","0.3499999940395355","0","1","1","N","49420.234230865724","1994-03-09 05:37:17.550","49420.31571232388","1994-03-09 07:34:37.550","0.10312681473573583","0.9212315307416532","0.3750964234036168","75616347","CRAB-NEB-A","1","1","83.61264451054782","22.030272516056865","w2_f673n","19.880990982055664","0"
"Y","1.0378888580534193","0","0","1.7212369441986084","16734343250094","0.3499999940395355","0","1","1","N","49407.28978644917","1994-02-24 06:57:17.550","49407.37335124053","1994-02-24 08:57:37.550","0.10314959748044855","0.9212122091250018","0.3751376098176413","61987932","CRAB-NEB-A","1","1","83.61111219341605","22.032818217300175","w2_f375n","19.144899368286133","0"
"Y","2.410697659780813","0","0","1.7212369441986084","16734343221302","0.3499999940395355","0","1","1","N","49421.29881423386","1994-03-10 07:10:17.553","49421.388629025314","1994-03-10 09:19:37.553","0.10314161273440478","0.9212194483791059","0.37512202768011155","51004080","CRAB-NEB-A","1","1","83.6116524515254","22.031855091734645","w2_f631n","19.882600784301758","0"
"Y","0.8234483072127419","0","0","1.7212369441986084","16734343249968","0.3499999940395355","0","1","1","N","49406.412008657586","1994-02-23 09:53:17.550","49406.50182344904","1994-02-23 12:02:37.550","0.10313989545152094","0.9212150572613865","0.37513328330379064","91818666","CRAB-NEB-A","1","1","83.6117277378132","22.032550796582804","w2_f502n","19.58139991760254","0"
"Y","2.54476735758227","0","0","1.7212369441986084","16734343386995","0.3499999940395355","0","1","1","N","51569.65503241215","2000-01-26 15:43:14.807","51569.68674545828","2000-01-26 16:28:54.810","0.10311988999044433","0.9212486811748096","0.3750562034176323","60665781","CRAB-FIELD-2","1","1","83.61318778327909","22.027786593167818","w2_f673n","19.844600677490234","0"
"Y","2.6508140009503034","0","0","1.7212369441986084","16734343386555","0.3499999940395355","0","1","1","N","51569.65503241215","2000-01-26 15:43:14.807","51569.68674545828","2000-01-26 16:28:54.810","0.10309955538767296","0.9212508718892723","0.37505641271965523","32325319","CRAB-FIELD-2","1","1","83.61445187828718","22.0277995296255","w2_f673n","19.900400161743164","0"
"Y","2.6993022408596303","0","0","1.7212369441986084","16734343387135","0.3499999940395355","0","1","1","N","51569.65503241215","2000-01-26 15:43:14.807","51569.68674545828","2000-01-26 16:28:54.810","0.1031137344665965","0.9212482791920574","0.37505888317708364","106340618","CRAB-FIELD-2","1","1","83.61356311679137","22.02795222278273","w2_f673n","19.734100341796875","0"
"Y","1.538160888628028","0","0","1.7212369441986084","16734343396626","0.3499999940395355","0","1","1","N","51569.52031025011","2000-01-26 12:29:14.810","51569.617763958406","2000-01-26 14:49:34.810","0.10307955058641201","0.9212510308229197","0.3750615208984103","63196322","CRAB-FIELD-2","1","1","83.61568175163583","22.02811525430942","w2_f502n","19.924800872802734","0"
"Y","0.818636336109855","0","0","1.7212369441986084","16734343386433","0.3499999940395355","0","1","1","N","49407.41756419884","1994-02-24 10:01:17.550","49407.50737899076","1994-02-24 12:10:37.550","0.10310534449626987","0.9212439514059243","0.37507181970267595","49940611","CRAB-NEB-A","1","1","83.61404871211367","22.02875180165156","w2_f469n","19.602500915527344","0"
"Y","1.5231962634584353","1.1368467411336614","209.637808132924","1.7212369441986084","16734343387777","0.26403333246707916","0.07723342718775227","3","3","N","49407.28978644917","1994-02-24 06:57:17.550","56257.748980823904","2012-11-26 17:58:31.947","0.10308032487470047","0.9212375383578947","0.3750944474983196","4813544","V-CM-TAU","3","1","83.61554145794223","22.030150387991398","w2_f375n","18.839599609375","0"
"Y","3.226397313297747","0.2883533750957211","0","1.7212369441986084","16734343387820","0.4549999999999999","6.798699777552591e-17","3","1","N","51881.53904194897","2000-12-03 12:56:13.227","51881.82214374747","2000-12-03 19:43:53.223","0.10307335284867254","0.9212388093623055","0.3750932418509319","24463585","CRAB-FIELD-4","3","1","83.61597845227917","22.030075868298614","w2_f631n","19.14889144897461","0"
"Y","3.226397313297747","0.2883533750957211","0","1.7212369441986084","16734343387820","0.4549999999999999","6.798699777552591e-17","3","1","N","51881.53904194897","2000-12-03 12:56:13.227","51881.82214374747","2000-12-03 19:43:53.223","0.10307335284867254","0.9212388093623055","0.3750932418509319","24463585","CRAB-FIELD-4","3","1","83.61597845227917","22.030075868298614","w2_f673n","18.303590774536133","0"
"Y","2.2504057284162675","0.2917441315632032","274.0498482089654","1.7212369441986084","16734343387847","0.2977999933063984","0.10440000146627426","4","4","N","49407.28978644917","1994-02-24 06:57:17.550","56257.748980823904","2012-11-26 17:58:31.947","0.10307221277461888","0.9212400567017942","0.3750904915896145","78627665","CRAB-PULSAR","4","1","83.6160570540854","22.029905878882712","w2_f375n","19.741199493408203","0"
"Y","2.2504057284162675","0.2917441315632032","274.0498482089654","1.7212369441986084","16734343387847","0.2977999933063984","0.10440000146627426","4","4","N","49407.28978644917","1994-02-24 06:57:17.550","56257.748980823904","2012-11-26 17:58:31.947","0.10307221277461888","0.9212400567017942","0.3750904915896145","78627665","CRAB-PULSAR","4","1","83.6160570540854","22.029905878882712","w2_f631n","19.05699920654297","0"
"Y","1.9513185494757375","0.4981520573667751","190.77274377688062","1.7212369441986084","16734343397213","0.3399999961256981","0.019999995827674866","4","2","N","51569.404338041786","2000-01-26 09:42:14.810","56257.748980823904","2012-11-26 17:58:31.947","0.10305543348987195","0.9212571436675279","0.3750531333951425","94009205","CRAB-FIELD-2","4","1","83.61720513782721","22.027596842555575","w2_f673n","19.419300079345703","0"
"Y","0.8515555328792995","0","0","1.7212369441986084","16734343396768","0.3499999940395355","0","1","1","N","49407.28978644917","1994-02-24 06:57:17.550","49407.37335124053","1994-02-24 08:57:37.550","0.10306631986297154","0.9212533455512556","0.3750594713126414","55529809","CRAB-NEB-A","1","1","83.61651034944671","22.027988574072083","w2_f375n","19.03860092163086","0"
"Y","2.175856992597913","1.1808725925945276","124.58554782896178","1.7212369441986084","16734343394815","0.2582999956607819","0.09005559463881908","10","43","N","49407.28978644917","1994-02-24 06:57:17.550","57607.32353999093","2016-08-07 07:45:53.857","0.10303709421067805","0.9212601936027732","0.3750506804423704","76116900","V-CM-TAU","49","1","83.61835257246365","22.027445231689022","w2_f588n","16.939800262451172","0"
"Y","2.175856992597913","1.1808725925945276","124.58554782896178","1.7212369441986084","16734343394815","0.2582999956607819","0.09005559463881908","10","43","N","49407.28978644917","1994-02-24 06:57:17.550","57607.32353999093","2016-08-07 07:45:53.857","0.10303709421067805","0.9212601936027732","0.3750506804423704","76116900","V-CM-TAU","49","25","83.61835257246365","22.027445231689022","a_f550m","18.04439926147461","0.46850013732910156"
"Y","2.175856992597913","1.1808725925945276","124.58554782896178","1.7212369441986084","16734343394815","0.2582999956607819","0.09005559463881908","10","43","N","49407.28978644917","1994-02-24 06:57:17.550","57607.32353999093","2016-08-07 07:45:53.857","0.10303709421067805","0.9212601936027732","0.3750506804423704","76116900","V-CM-TAU","49","2","83.61835257246365","22.027445231689022","w2_f631n","16.49114990234375","0.01074981689453125"
"Y","2.175856992597913","1.1808725925945276","124.58554782896178","1.7212369441986084","16734343394815","0.2582999956607819","0.09005559463881908","10","43","N","49407.28978644917","1994-02-24 06:57:17.550","57607.32353999093","2016-08-07 07:45:53.857","0.10303709421067805","0.9212601936027732","0.3750506804423704","76116900","V-CM-TAU","49","1","83.61835257246365","22.027445231689022","w2_f673n","16.164199829101562","0"
"Y","2.175856992597913","1.1808725925945276","124.58554782896178","1.7212369441986084","16734343394815","0.2582999956607819","0.09005559463881908","10","43","N","49407.28978644917","1994-02-24 06:57:17.550","57607.32353999093","2016-08-07 07:45:53.857","0.10303709421067805","0.9212601936027732","0.3750506804423704","76116900","V-CM-TAU","49","1","83.61835257246365","22.027445231689022","w2_f375n","19.388599395751953","0"
"Y","2.175856992597913","1.1808725925945276","124.58554782896178","1.7212369441986084","16734343394815","0.2582999956607819","0.09005559463881908","10","43","N","49407.28978644917","1994-02-24 06:57:17.550","57607.32353999093","2016-08-07 07:45:53.857","0.10303709421067805","0.9212601936027732","0.3750506804423704","76116900","V-CM-TAU","49","16","83.61835257246365","22.027445231689022","w2_f547m","18.10485076904297","0.2754993438720703"
"Y","2.175856992597913","1.1808725925945276","124.58554782896178","1.7212369441986084","16734343394815","0.2582999956607819","0.09005559463881908","10","43","N","49407.28978644917","1994-02-24 06:57:17.550","57607.32353999093","2016-08-07 07:45:53.857","0.10303709421067805","0.9212601936027732","0.3750506804423704","76116900","V-CM-TAU","49","1","83.61835257246365","22.027445231689022","w2_f502n","17.083499908447266","0"
"Y","2.175856992597913","1.1808725925945276","124.58554782896178","1.7212369441986084","16734343394815","0.2582999956607819","0.09005559463881908","10","43","N","49407.28978644917","1994-02-24 06:57:17.550","57607.32353999093","2016-08-07 07:45:53.857","0.10303709421067805","0.9212601936027732","0.3750506804423704","76116900","V-CM-TAU","49","1","83.61835257246365","22.027445231689022","w3_f555w","19.07699966430664","0"
"Y","2.175856992597913","1.1808725925945276","124.58554782896178","1.7212369441986084","16734343394815","0.2582999956607819","0.09005559463881908","10","43","N","49407.28978644917","1994-02-24 06:57:17.550","57607.32353999093","2016-08-07 07:45:53.857","0.10303709421067805","0.9212601936027732","0.3750506804423704","76116900","V-CM-TAU","49","1","83.61835257246365","22.027445231689022","w2_f814w","18.384599685668945","0"
"Y","2.175856992597913","1.1808725925945276","124.58554782896178","1.7212369441986084","16734343394815","0.2582999956607819","0.09005559463881908","10","43","N","49407.28978644917","1994-02-24 06:57:17.550","57607.32353999093","2016-08-07 07:45:53.857","0.10303709421067805","0.9212601936027732","0.3750506804423704","76116900","V-CM-TAU","49","1","83.61835257246365","22.027445231689022","w2_f469n","17.429000854492188","0"
"Y","0.7822222179836696","0","0","1.7212369441986084","16734343396283","0.3499999940395355","0","1","1","N","49407.28978644917","1994-02-24 06:57:17.550","49407.37335124053","1994-02-24 08:57:37.550","0.10305343693615791","0.9212428125162068","0.37508888216505554","37359518","CRAB-NEB-A","1","1","83.61722930348348","22.029806402727562","w2_f375n","19.19809913635254","0"
"Y","1.3003333409627278","0","0","1.7212369441986084","16734343382434","0.3499999940395355","0","1","1","N","49407.28978644917","1994-02-24 06:57:17.550","49407.37335124053","1994-02-24 08:57:37.550","0.10301969733758831","0.9212468060475266","0.3750883420059131","15103769","CRAB-NEB-A","1","1","83.61932921061029","22.029773016310504","w2_f375n","19.992799758911133","0"
"Y","0.8321590721607208","0","0","1.7212369441986084","16734343388505","0.3499999940395355","0","1","1","N","49407.41756419884","1994-02-24 10:01:17.550","49407.50737899076","1994-02-24 12:10:37.550","0.10309770646834539","0.921233858945841","0.37509870708072535","104317498","CRAB-NEB-A","1","1","83.61444849725821","22.030413667214873","w2_f469n","19.631999969482422","0"
"Y","0.9356666935814751","0","0","1.7212369441986084","16734343388534","0.3499999940395355","0","1","1","N","49407.28978644917","1994-02-24 06:57:17.550","49407.37335124053","1994-02-24 08:57:37.550","0.10309845712010082","0.9212314946087675","0.37510430746831985","82583555","CRAB-NEB-A","1","1","83.61438613502057","22.030759820612975","w2_f375n","19.254899978637695","0"
"Y","3.5694784060304463","0.10693490528652728","0","1.7212369441986084","16734343387904","0.4549999999999999","6.798699777552591e-17","3","1","N","51881.53904194897","2000-12-03 12:56:13.227","51881.82214374747","2000-12-03 19:43:53.223","0.10308001858577925","0.921236457903863","0.37509718530284675","52623226","CRAB-FIELD-4","3","1","83.61555284579862","22.030319607773155","w2_f673n","18.917190551757812","0"
"Y","3.5694784060304463","0.10693490528652728","0","1.7212369441986084","16734343387904","0.4549999999999999","6.798699777552591e-17","3","1","N","51881.53904194897","2000-12-03 12:56:13.227","51881.82214374747","2000-12-03 19:43:53.223","0.10308001858577925","0.921236457903863","0.37509718530284675","52623226","CRAB-FIELD-4","3","1","83.61555284579862","22.030319607773155","w2_f631n","19.755590438842773","0"
"Y","3.582222196790907","0","0","1.7212369441986084","16734343388613","0.3499999940395355","0","1","1","N","49407.28978644917","1994-02-24 06:57:17.550","49407.37335124053","1994-02-24 08:57:37.550","0.10309111794756953","0.921232570916964","0.3751036812442504","93668540","CRAB-NEB-A","1","1","83.61484434567456","22.030721114394495","w2_f375n","19.150699615478516","0"
"Y","2.4786100432822424","0.22560880386829826","123.9075220574586","1.7212369441986084","16734343388600","0.32739998400211334","0.03196124070469053","2","2","N","49421.29881423386","1994-03-10 07:10:17.553","56257.748980823904","2012-11-26 17:58:31.947","0.10308227978650893","0.9212341588144707","0.3751022103739938","2177996","CRAB-NEB-A","2","1","83.61539814851794","22.030630201579886","w2_f631n","19.054399490356445","0"
"Y","3.9447169766103065","0.3668843177208653","0","1.7212369441986084","16734343388566","0.4549999999999999","6.798699777552591e-17","3","1","N","51881.53904194897","2000-12-03 12:56:13.227","51881.82214374747","2000-12-03 19:43:53.223","0.10308598445441937","0.9212326529832425","0.37510489054607216","33323018","CRAB-FIELD-4","3","1","83.61516023719544","22.030795859734962","w2_f631n","19.283889770507812","0"
"Y","3.9447169766103065","0.3668843177208653","0","1.7212369441986084","16734343388566","0.4549999999999999","6.798699777552591e-17","3","1","N","51881.53904194897","2000-12-03 12:56:13.227","51881.82214374747","2000-12-03 19:43:53.223","0.10308598445441937","0.9212326529832425","0.37510489054607216","33323018","CRAB-FIELD-4","3","1","83.61516023719544","22.030795859734962","w2_f673n","17.987791061401367","0"
"Y","0.8001110951105753","0","0","1.7212369441986084","16734343385608","0.3499999940395355","0","1","1","N","49407.28978644917","1994-02-24 06:57:17.550","49407.37335124053","1994-02-24 08:57:37.550","0.10308790001780557","0.9212276865115641","0.3751165611853044","62399745","CRAB-NEB-A","1","1","83.61500843475083","22.031517211459565","w2_f375n","18.05820083618164","0"
"Y","2.213522791862488","0","0","1.7212369441986084","16734343369132","0.3499999940395355","0","1","1","N","49406.28423086554","1994-02-23 06:49:17.550","49406.36779565737","1994-02-23 08:49:37.550","0.10309803569140141","0.9212208640844093","0.37513053010002734","24141952","CRAB-NEB-A","1","1","83.61433894297866","22.03238062202603","w2_f487n","19.082399368286133","0"
"Y","1.5812499956651167","0","0","1.7212369441986084","16734343368927","0.3499999940395355","0","1","1","N","49407.41756419884","1994-02-24 10:01:17.550","49407.50737899076","1994-02-24 12:10:37.550","0.10311890918643152","0.9212164389111305","0.37513565979410973","15550265","CRAB-NEB-A","1","1","83.61302634122089","22.032697686780793","w2_f469n","18.552200317382812","0"
"Y","3.275517211563286","0","0","1.7212369441986084","16734343368978","0.3499999940395355","0","1","1","N","49406.412008657586","1994-02-23 09:53:17.550","49406.50182344904","1994-02-23 12:02:37.550","0.10308365042989974","0.921222366502485","0.37513079381802905","74856495","CRAB-NEB-A","1","1","83.61523290239238","22.032396922334804","w2_f502n","19.48310089111328","0"
"Y","3.8610088090772905","0.9753334247280614","0","1.7212369441986084","16734343370284","0.4549999999999999","6.798699777552591e-17","3","1","N","51881.53904194897","2000-12-03 12:56:13.227","51881.82214374747","2000-12-03 19:43:53.223","0.10307247503447008","0.9212248619070668","0.3751277365373978","63170538","CRAB-FIELD-4","3","1","83.6159365162605","22.03220795282957","w2_f673n","19.779390335083008","0"
"Y","1.5897674615993056","0","0","1.7212369441986084","16734343383031","0.3499999940395355","0","1","1","N","49420.234230865724","1994-03-09 05:37:17.550","49420.31571232388","1994-03-09 07:34:37.550","0.10301233400680691","0.9212432356038466","0.37509913342572837","4073447","CRAB-NEB-A","1","1","83.61975698424312","22.030440019079762","w2_f673n","19.43498992919922","0"
"Y","0.8070149528446482","0","0","1.7212369441986084","16734343370574","0.45499999999999996","0","1","1","N","51881.65640307404","2000-12-03 15:45:13.227","51881.75385674089","2000-12-03 18:05:33.227","0.10305470449657826","0.921229209684602","0.37512194168034796","2714092","CRAB-FIELD-4","1","1","83.61705797212356","22.03184977585459","w2_f502n","19.989789962768555","0"
"Y","2.550155063008153","0.02033209598447384","0","1.7212369441986084","16734347697189","0.3499999940395355","0","3","1","N","51475.62793526845","1999-10-24 15:04:13.610","51475.925620592665","1999-10-24 22:12:53.620","0.10302480369130383","0.9213781453725091","0.37476419660446564","77024170","CRAB-FIELD-3","3","1","83.61991763671324","22.009739500544764","w2_f631n","18.39229965209961","0"
"Y","2.7430354231667025","0.31918550603787177","101.91840057539025","1.7212369441986084","16734347697204","0.6176999608675638","0.4636699437306482","3","3","N","49457.16964748595","1994-04-15 04:04:17.547","56257.77187970374","2012-11-26 18:31:30.410","0.10302304989009135","0.9213780681592549","0.37476486855993096","47774851","NGC1952-BRTFIL","3","1","83.62002481967151","22.00978102724337","w2_f673n","19.80190086364746","0"
"Y","2.8311692333195944","0.3002560770176097","174.6203168460359","1.7212369441986084","16734347695372","0.27999999523162844","0.15652475575938452","4","3","N","49457.16964748595","1994-04-15 04:04:17.547","51475.925620592665","1999-10-24 22:12:53.620","0.10301903264175162","0.9213786910422984","0.37476444149268745","93078873","NGC1952-BRTFIL","5","1","83.62027582454319","22.009754634592458","w2_f631n","18.392499923706055","0"
"Y","2.6458998346616234","0.39642584448113594","167.706046336084","1.7212369441986084","16734347705611","0.3843333423137665","0.05946710360492525","3","3","N","49407.28978644917","1994-02-24 06:57:17.550","53699.73406963423","2005-11-25 17:37:03.620","0.10301136112734222","0.9213758195221574","0.3747736099239871","80673191","CRAB-NEB-A","3","1","83.62072726922774","22.01032124221259","w2_f375n","19.836999893188477","0"
"Y","2.487238857003713","0.2449641578973452","0","1.7212369441986084","16734347705639","0.3499999940395355","0","2","1","N","49406.28423086554","1994-02-23 06:49:17.550","49406.50182344904","1994-02-23 12:02:37.550","0.10300868799499294","0.9213750709443365","0.374776184995788","58615552","CRAB-NEB-A","2","1","83.62088630591144","22.010480381901658","w2_f502n","18.93440055847168","0"
"Y","2.2483056996290656","0.21914646343350588","138.04574443461172","1.7212369441986084","16734347704829","0.31111110581292045","0.11666666467984517","6","6","N","49420.234230865724","1994-03-09 05:37:17.550","51475.925620592665","1999-10-24 22:12:53.620","0.10300958232342662","0.9213713622197384","0.3747850568411664","3517042","NGC1952-BRTFIL","9","1","83.620805912675","22.011028663508135","w2_f656n","18.793500900268555","0"
"Y","2.2483056996290656","0.21914646343350588","138.04574443461172","1.7212369441986084","16734347704829","0.31111110581292045","0.11666666467984517","6","6","N","49420.234230865724","1994-03-09 05:37:17.550","51475.925620592665","1999-10-24 22:12:53.620","0.10300958232342662","0.9213713622197384","0.3747850568411664","3517042","NGC1952-BRTFIL","9","2","83.620805912675","22.011028663508135","w2_f631n","19.388450622558594","0.8638496398925781"
"Y","2.46866676542494","0","0","1.7212369441986084","16734347706015","0.3499999940395355","0","1","1","N","49407.28978644917","1994-02-24 06:57:17.550","49407.37335124053","1994-02-24 08:57:37.550","0.1029809441875226","0.9213816612428857","0.3747676072715197","96066627","CRAB-NEB-A","1","1","83.6226355040932","22.009950279039575","w2_f375n","19.52589988708496","0"
"Y","2.346024697209582","0.5385570936239135","34.104261853733426","1.7212369441986084","16734347705769","0.4035000006357829","0.04862355604332451","2","3","N","49407.28978644917","1994-02-24 06:57:17.550","53682.348351888824","2005-11-08 08:21:37.607","0.10299540173407946","0.9213749315097725","0.3747801793592538","1945016","CRAB-NEB-A","3","1","83.62170135780109","22.010727233619665","w2_f375n","19.802499771118164","0"
"Y","1.0181818496097217","0","0","1.7212369441986084","16734347696317","0.3499999940395355","0","1","1","N","49407.41756419884","1994-02-24 10:01:17.550","49407.50737899076","1994-02-24 12:10:37.550","0.10302199414357027","0.9213640339902515","0.374799660608477","63536709","CRAB-NEB-A","1","1","83.619993283318","22.011931183528606","w2_f469n","19.44339942932129","0"
"Y","1.8266027623956855","0.8723294160630415","113.91830235391228","1.7212369441986084","16734347704392","0.5181999951601028","0.2378707227758761","2","2","N","49407.41756419884","1994-02-24 10:01:17.550","56257.77187970374","2012-11-26 18:31:30.410","0.10301748273393141","0.9213643573142036","0.374800105819598","52886064","CRAB-NEB-A","2","1","83.62027258527503","22.011958697886804","w2_f469n","19.86910057067871","0"
"Y","2.636279061783192","0.0695595508460867","0","1.7212369441986084","16734347705421","0.3499999940395355","0","2","1","N","49421.17311981693","1994-03-10 04:09:17.553","49421.388629025314","1994-03-10 09:19:37.553","0.10298865814225601","0.9213703207289249","0.3747933675707332","103700559","CRAB-NEB-A","2","1","83.62208387991717","22.01154226998091","w2_f631n","19.770700454711914","0"
"Y","1.8355555004543729","0","0","1.7212369441986084","16734347705435","0.3499999940395355","0","1","1","N","49407.28978644917","1994-02-24 06:57:17.550","49407.37335124053","1994-02-24 08:57:37.550","0.10298368315783556","0.9213713003806956","0.37479232628015885","34159716","CRAB-NEB-A","1","1","83.6223961589642","22.01147791770357","w2_f375n","18.972200393676758","0"
"Y","2.3830814467453036","0.3134493143724335","142.20274563733386","1.7212369441986084","16734347705449","0.385479998588562","0.053840058101942714","4","4","N","49407.28978644917","1994-02-24 06:57:17.550","56257.748980823904","2012-11-26 17:58:31.947","0.10297995668927833","0.9213691703673474","0.37479858649842307","77388796","CRAB-NEB-A","5","1","83.62261040974816","22.01186480252385","w2_f375n","19.621700286865234","0"
"Y","2.506352379477438","0.3973274836180438","128.5960264065432","1.7212369441986084","16734347699692","0.42925000190734863","0.062098918571824945","3","6","N","49407.28978644917","1994-02-24 06:57:17.550","53709.526083694305","2005-12-05 12:37:33.637","0.1029502903638777","0.9213849843612856","0.3747678592791919","88349388","CRAB-PULSAR-POS2","6","1","83.6245409940237","22.00996585259953","w2_f375n","19.840900421142578","0"
"Y","2.148252028416807","0.4510380770453935","202.71551299861613","1.7212369441986084","16734347703965","0.3312000036239624","0.02710533964569579","3","5","N","49407.28978644917","1994-02-24 06:57:17.550","53709.526083694305","2005-12-05 12:37:33.637","0.10296566235340539","0.9213783248102636","0.3747800087717533","54187410","CRAB-PULSAR-POS2","5","1","83.62355117664782","22.01071669133722","w2_f375n","19.938899993896484","0"
"Y","1.1184444692399766","0","0","1.7212369441986084","16734347699811","0.3499999940395355","0","1","1","N","49407.28978644917","1994-02-24 06:57:17.550","49407.37335124053","1994-02-24 08:57:37.550","0.10291538247287615","0.9213869383533628","0.3747726429223619","40829069","CRAB-NEB-A","1","1","83.62669836785597","22.01026148172377","w2_f375n","17.772899627685547","0"
"Y","1.5933934614098157","0.824385142562891","123.83482998509399","1.7212369441986084","16734347699830","0.3499999940395355","0","2","2","N","49722.15436426131","1995-01-05 03:42:17.073","52005.19322764594","2001-04-06 04:38:14.873","0.10291739387003239","0.9213855140985184","0.3747755921205419","250194","NGC1952-BRTFIL","2","1","83.62656506103635","22.010443742173486","w2_f502n","19.423900604248047","0"
"Y","2.54830545229661","0.31321517595302995","230.0444542648565","1.7212369441986084","16734347700087","0.3998055573966768","0.06454459993524839","4","18","N","49407.28978644917","1994-02-24 06:57:17.550","53709.526083694305","2005-12-05 12:37:33.637","0.1029226870291771","0.9213835109594805","0.3747790632466894","36627528","NGC1952-BRTFIL","18","1","83.62622622266926","22.01065825783703","w2_f375n","19.895599365234375","0"
"Y","2.54830545229661","0.31321517595302995","230.0444542648565","1.7212369441986084","16734347700087","0.3998055573966768","0.06454459993524839","4","18","N","49407.28978644917","1994-02-24 06:57:17.550","53709.526083694305","2005-12-05 12:37:33.637","0.1029226870291771","0.9213835109594805","0.3747790632466894","36627528","NGC1952-BRTFIL","18","1","83.62622622266926","22.01065825783703","w2_f502n","19.102800369262695","0"
"Y","2.3976667722066245","0","0","1.7212369441986084","16734347703939","0.3499999940395355","0","1","1","N","49407.28978644917","1994-02-24 06:57:17.550","49407.37335124053","1994-02-24 08:57:37.550","0.10296525785906403","0.9213753041902141","0.37478754582154145","104861224","CRAB-NEB-A","1","1","83.62355528764576","22.011182483316013","w2_f375n","19.731700897216797","0"
"Y","3.814555539025201","0","0","1.7212369441986084","16734347704182","0.3499999940395355","0","1","1","N","49407.28978644917","1994-02-24 06:57:17.550","49407.37335124053","1994-02-24 08:57:37.550","0.10294666085813343","0.9213766763255152","0.3747892812529554","10192402","CRAB-NEB-A","1","1","83.62470689771057","22.011289733647462","w2_f375n","19.065500259399414","0"
"Y","0.7967045361345465","0","0","1.7212369441986084","16734347703596","0.3499999940395355","0","1","1","N","49407.41756419884","1994-02-24 10:01:17.550","49407.50737899076","1994-02-24 12:10:37.550","0.10295952948547861","0.9213666732593074","0.37481033696492105","6287098","CRAB-NEB-A","1","1","83.6238478770542","22.012590991253493","w2_f469n","19.443099975585938","0"
"Y","1.1326666673024495","0","0","1.7212369441986084","16734347704222","0.3499999940395355","0","1","1","N","49407.28978644917","1994-02-24 06:57:17.550","49407.37335124053","1994-02-24 08:57:37.550","0.10295086045053224","0.9213713705350445","0.37480117114471834","2374528","CRAB-NEB-A","1","1","83.62441255450632","22.01202453573799","w2_f375n","19.947900772094727","0"
"Y","0.8539999855889214","0","0","1.7212369441986084","16734347703360","0.3499999940395355","0","1","1","N","49407.28978644917","1994-02-24 06:57:17.550","49407.37335124053","1994-02-24 08:57:37.550","0.1029415590731081","0.9213686978768609","0.37481029600174903","96977647","CRAB-NEB-A","1","1","83.62496549184318","22.012588459688626","w2_f375n","18.342100143432617","0"
"Y","2.3789814666465476","0.18685952020777488","160.30139464543134","1.7212369441986084","16734347696164","0.35599999129772186","0.008485277496728507","2","2","N","49407.28978644917","1994-02-24 06:57:17.550","53645.77053846279","2005-10-02 18:29:34.527","0.10301909393602449","0.9213594247635715","0.3748117883815111","36324508","CRAB-NEB-A","2","1","83.62013975535277","22.012680689953278","w2_f375n","19.946699142456055","0"
"Y","1.0121111075083415","0","0","1.7212369441986084","16734347704365","0.3499999940395355","0","1","1","N","49407.28978644917","1994-02-24 06:57:17.550","49407.37335124053","1994-02-24 08:57:37.550","0.10300922883654047","0.9213590348923361","0.37481545805522093","7242079","CRAB-NEB-A","1","1","83.62074297644774","22.012907479994738","w2_f375n","19.254499435424805","0"
"Y","2.1368241962508776","1.0828818808420588","181.45326136573064","1.7212369441986084","16734347704453","0.7190499752759933","0.5219154886581349","2","2","N","49407.28978644917","1994-02-24 06:57:17.550","56257.77187970374","2012-11-26 18:31:30.410","0.10299911463956615","0.921360230867321","0.37481529765953947","90615639","CRAB-NEB-A","2","1","83.62137238712874","22.012897567367162","w2_f375n","19.534099578857422","0"
"Y","2.1330233230147253","0","0","1.7212369441986084","16734347704906","0.3499999940395355","0","1","1","N","51475.64251867123","1999-10-24 15:25:13.617","51475.724926088005","1999-10-24 17:23:53.617","0.10298930518965496","0.921362026826629","0.3748135783838034","48815604","CRAB-FIELD-3","1","1","83.62198719967785","22.01279131422883","w2_f631n","19.957399368286133","0"
"Y","2.481641957363237","0.2522874421134885","258.9914287695443","1.7212369441986084","16734347692027","0.37842857199055807","0.05126398040499365","4","14","N","49407.28978644917","1994-02-24 06:57:17.550","56257.748980823904","2012-11-26 17:58:31.947","0.10298657457288422","0.921355735771907","0.37482979288984286","73021756","CRAB-PULSAR-POS2","14","1","83.62211172092753","22.013793391306624","w2_f375n","19.217500686645508","0"
"Y","2.020555602179633","0","0","1.7212369441986084","16734347691608","0.3499999940395355","0","1","1","N","49407.28978644917","1994-02-24 06:57:17.550","49407.37335124053","1994-02-24 08:57:37.550","0.10298692898218208","0.9213512175626276","0.3748408013479222","89783556","CRAB-NEB-A","1","1","83.62205893459465","22.014473732405897","w2_f375n","19.762100219726562","0"
"Y","1.6743332809872098","0","0","1.7212369441986084","16734347693291","0.3499999940395355","0","1","1","N","49407.28978644917","1994-02-24 06:57:17.550","49407.37335124053","1994-02-24 08:57:37.550","0.10295983784401837","0.9213602698334992","0.37482599291408963","31860324","CRAB-NEB-A","1","1","83.62378498885064","22.01355854751698","w2_f375n","19.125499725341797","0"
"Y","0.9204444620344374","0","0","1.7212369441986084","16734347692752","0.3499999940395355","0","1","1","N","49407.28978644917","1994-02-24 06:57:17.550","49407.37335124053","1994-02-24 08:57:37.550","0.10295493004366614","0.9213615177311929","0.37482427352607817","38760270","CRAB-NEB-A","1","1","83.62409498618192","22.013452286971518","w2_f375n","18.573999404907227","0"
"Y","1.3537367228055472","0.5832518419070942","59.119738837341615","1.7212369441986084","16734347693235","0.2574422513431227","0.09461117792632247","4","70","N","49723.69950313633","1995-01-06 16:47:17.073","57607.32353999093","2016-08-07 07:45:53.857","0.10296289344342398","0.9213573101632364","0.3748324286849264","69659442","V-CM-TAU","71","1","83.62357700257485","22.01395628759402","w3_f160w","18.175800323486328","0"
"Y","1.9416575097656157","0.6576878740608054","46.30627385540973","1.7212369441986084","16734347693235","0.3499999940395355","0","2","5","N","50080.386308562476","1995-12-29 09:16:17.063","50189.65065444447","1996-04-16 15:36:56.547","0.10296248906082997","0.9213571251801408","0.37483299444735285","51013354","CRAB-PULSAR","6","1","83.62360056979112","22.01399125273505","w2_f814w","19.444700241088867","0"
"Y","2.6219064470311095","0.4022028211476729","195.18494527556336","1.7212369441986084","16734347822303","0.5668000131845474","0.3407668124383513","6","3","N","51881.524458581116","2000-12-03 12:35:13.223","56257.77187970374","2012-11-26 18:31:30.410","0.10291266833127403","0.9213669335547876","0.3748225666757857","105190910","CRAB-FIELD-4","6","1","83.62672782964357","22.013346800889316","w2_f673n","19.599191665649414","0"
"Y","2.4401163407998494","0.14772844127118073","63.52325432296724","1.7212369441986084","16734347692125","0.3499999940395355","0","3","2","N","49421.17311981693","1994-03-10 04:09:17.553","49457.390017861035","1994-04-15 09:21:37.547","0.10292628779136613","0.9213645865108153","0.3748245963190323","96773032","NGC1952-BRTFIL","3","1","83.62587522895616","22.013472236015303","w2_f658n","19.006399154663086","0"
"Y","2.6531325932246723","0.35838751265782215","231.59929483643535","1.7212369441986084","16734347692368","0.4802857041358948","0.1624948298577103","5","5","N","49406.412008657586","1994-02-23 09:53:17.550","51881.82214374747","2000-12-03 19:43:53.223","0.1029302561943242","0.9213600287421839","0.37483470997221086","44127256","NGC1952-BRTFIL","7","1","83.62560021941057","22.0140972748913","w2_f673n","19.886991500854492","0"
"Y","1.4229885463056893","0","0","1.7212369441986084","16734347822215","0.3499999940395355","0","1","1","N","51881.65640307404","2000-12-03 15:45:13.227","51881.75385674089","2000-12-03 18:05:33.227","0.10291645820176597","0.9213639533728846","0.3748288517176726","28469741","CRAB-FIELD-4","1","1","83.62647461264997","22.01373522542097","w2_f502n","19.549991607666016","0"
"Y","1.1940149332348142","0.3321909186198311","37.670387546013124","1.7212369441986084","16734347693900","0.25427856852327074","0.08933346485699789","4","69","N","49723.69950313633","1995-01-06 16:47:17.073","57607.32353999093","2016-08-07 07:45:53.857","0.10296354198627292","0.9213541092766434","0.3748401183867675","79817046","V-CM-TAU","70","1","83.62351519948417","22.014431524056544","w3_f160w","19.082700729370117","0"
"Y","2.491713084194","0.6658460056522597","173.1708768143031","1.7212369441986084","16734347693737","0.8074499219655991","0.6469318921796339","2","2","N","49407.28978644917","1994-02-24 06:57:17.550","56257.77187970374","2012-11-26 18:31:30.410","0.10295584785268279","0.9213494393163344","0.3748537102184792","56843024","CRAB-NEB-A","2","1","83.62395571799763","22.015271526071743","w2_f375n","19.570999145507812","0"
"Y","1.586222251256307","0","0","1.7212369441986084","16734347693867","0.3499999940395355","0","1","1","N","49407.28978644917","1994-02-24 06:57:17.550","49407.37335124053","1994-02-24 08:57:37.550","0.10294713811894841","0.921351963143315","0.3748498989805156","42513770","CRAB-NEB-A","1","1","83.62450798963546","22.01503598357542","w2_f375n","19.714399337768555","0"
"Y","1.3396667109595404","0","0","1.7212369441986084","16734347690498","0.3499999940395355","0","1","1","N","49407.28978644917","1994-02-24 06:57:17.550","49407.37335124053","1994-02-24 08:57:37.550","0.10292062286774388","0.921351604997904","0.37485806028021407","98915989","CRAB-NEB-A","1","1","83.62613409977298","22.015540369472028","w2_f375n","18.240400314331055","0"
"Y","1.269564159516606","0.3578375992854486","47.92522421245834","1.7212369441986084","16734347829150","0.24592063327630362","0.09659539753384087","8","60","N","49421.17311981693","1994-03-10 04:09:17.553","57607.32353999093","2016-08-07 07:45:53.857","0.1028861852129314","0.9213905972657502","0.37477166405118517","98989802","V-CM-TAU","63","1","83.62851670576578","22.010200987392313","w3_f160w","19.264799118041992","0"
"Y","1.677816755834899","1.1846946856932885","124.91945046444384","1.7212369441986084","16734347828427","0.624799981713295","0.38862586950819","2","2","N","49407.28978644917","1994-02-24 06:57:17.550","56257.77187970374","2012-11-26 18:31:30.410","0.10287582141704676","0.9213867498162505","0.3747839679485784","99498730","CRAB-NEB-A","2","1","83.62912684827526","22.01096136964054","w2_f375n","19.432100296020508","0"
"Y","1.5327272090044888","0","0","1.7212369441986084","16734347828361","0.3499999940395355","0","1","1","N","49407.41756419884","1994-02-24 10:01:17.550","49407.50737899076","1994-02-24 12:10:37.550","0.10286839143975736","0.9213896878459574","0.3747787843177384","88612829","CRAB-NEB-A","1","1","83.62960333392176","22.010641020228004","w2_f469n","19.53230094909668","0"
"Y","1.7954444885253906","0","0","1.7212369441986084","16734347827437","0.3499999940395355","0","1","1","N","49407.28978644917","1994-02-24 06:57:17.550","49407.37335124053","1994-02-24 08:57:37.550","0.10291238119559384","0.9213770947259009","0.3747976668975623","50563930","CRAB-NEB-A","1","1","83.62681517281409","22.011807970867885","w2_f375n","19.054000854492188","0"
"Y","2.572564027911792","0.26401547317732343","234.675255090794","1.7212369441986084","16734347828258","0.48827998638153075","0.36464329129323414","4","3","N","49406.412008657586","1994-02-23 09:53:17.550","56257.77187970374","2012-11-26 18:31:30.410","0.10286750603289976","0.9213848538222351","0.37479091150778887","55961062","CRAB-PULSAR-POS1","4","1","83.62962456722734","22.011390484115523","w2_f502n","19.926599502563477","0"
"Y","2.0789999432033963","0","0","1.7212369441986084","16734347828230","0.3499999940395355","0","1","1","N","49407.28978644917","1994-02-24 06:57:17.550","49407.37335124053","1994-02-24 08:57:37.550","0.10286923517258771","0.9213813678757474","0.37479900665206384","46415764","CRAB-NEB-A","1","1","83.62949446157903","22.011890768569906","w2_f375n","19.446500778198242","0"
"Y","2.3206277970678477","0.49706754264281755","188.261934003447","1.7212369441986084","16734347835896","0.48363999724388124","0.26021657069618714","5","8","N","49407.28978644917","1994-02-24 06:57:17.550","56357.06590460194","2013-03-06 01:34:54.160","0.10287672443931047","0.9213754473278637","0.3748115055176259","69476856","CRAB-PULSAR-POS2","9","1","83.62899387649271","22.012663208533166","w2_f375n","19.747499465942383","0"
"Y","0.7897701071596693","0","0","1.7212369441986084","16734347843662","0.3499999940395355","0","1","1","N","49406.412008657586","1994-02-23 09:53:17.550","49406.50182344904","1994-02-23 12:02:37.550","0.10283462521321282","0.9213945272193464","0.37477615328028635","3647052","CRAB-NEB-A","1","1","83.63171038754696","22.01047842188249","w2_f502n","19.836299896240234","0"
"Y","2.5250973788900133","0.437972030716826","309.0349443681069","1.7212369441986084","16734347827107","0.3852500021457672","0.06435733701426609","3","12","N","51580.12031031959","2000-02-06 02:53:14.817","53718.58883813443","2005-12-14 14:07:55.620","0.10284059026976237","0.9213885649022241","0.37478917470402995","47335442","CRAB-PULSAR-POS2","13","1","83.63130314865562","22.011283148714252","w2_f673n","19.654090881347656","0"
"Y","1.2734444936116536","0","0","1.7212369441986084","16734347843612","0.3499999940395355","0","1","1","N","49407.28978644917","1994-02-24 06:57:17.550","49407.37335124053","1994-02-24 08:57:37.550","0.10282086576787997","0.921391010636596","0.37478857384134073","83371634","CRAB-NEB-A","1","1","83.63253137401072","22.011246015319326","w2_f375n","19.074199676513672","0"
"Y","1.1124444007873535","0","0","1.7212369441986084","16734347826215","0.3499999940395355","0","1","1","N","49407.28978644917","1994-02-24 06:57:17.550","49407.37335124053","1994-02-24 08:57:37.550","0.10282236655677494","0.9213898363757825","0.3747910489329681","23683586","CRAB-NEB-A","1","1","83.6324311484009","22.011398977032083","w2_f375n","19.65019989013672","0"
"Y","1.266396350896395","0.48126709059182327","49.030382494277625","1.7212369441986084","16734347851976","0.32951368082197086","0.15452010446117256","12","83","N","49406.28423086554","1994-02-23 06:49:17.550","57607.32353999093","2016-08-07 07:45:53.857","0.1028065920763513","0.921394300289264","0.3747844020595733","78894593","V-CM-TAU","95","1","83.63343059745978","22.010988197742176","w2_f588n","18.21820068359375","0"
"Y","1.266396350896395","0.48126709059182327","49.030382494277625","1.7212369441986084","16734347851976","0.32951368082197086","0.15452010446117256","12","83","N","49406.28423086554","1994-02-23 06:49:17.550","57607.32353999093","2016-08-07 07:45:53.857","0.1028065920763513","0.921394300289264","0.3747844020595733","78894593","V-CM-TAU","95","1","83.63343059745978","22.010988197742176","w2_f487n","19.00950050354004","0"
"Y","1.266396350896395","0.48126709059182327","49.030382494277625","1.7212369441986084","16734347851976","0.32951368082197086","0.15452010446117256","12","83","N","49406.28423086554","1994-02-23 06:49:17.550","57607.32353999093","2016-08-07 07:45:53.857","0.1028065920763513","0.921394300289264","0.3747844020595733","78894593","V-CM-TAU","95","1","83.63343059745978","22.010988197742176","w2_f469n","18.961599349975586","0"
"Y","1.266396350896395","0.48126709059182327","49.030382494277625","1.7212369441986084","16734347851976","0.32951368082197086","0.15452010446117256","12","83","N","49406.28423086554","1994-02-23 06:49:17.550","57607.32353999093","2016-08-07 07:45:53.857","0.1028065920763513","0.921394300289264","0.3747844020595733","78894593","V-CM-TAU","95","4","83.63343059745978","22.010988197742176","w2_f502n","18.845894813537598","0.20594501495361328"
"Y","1.266396350896395","0.48126709059182327","49.030382494277625","1.7212369441986084","16734347851976","0.32951368082197086","0.15452010446117256","12","83","N","49406.28423086554","1994-02-23 06:49:17.550","57607.32353999093","2016-08-07 07:45:53.857","0.1028065920763513","0.921394300289264","0.3747844020595733","78894593","V-CM-TAU","95","1","83.63343059745978","22.010988197742176","w3_f555w","18.674100875854492","0"
"Y","1.266396350896395","0.48126709059182327","49.030382494277625","1.7212369441986084","16734347851976","0.32951368082197086","0.15452010446117256","12","83","N","49406.28423086554","1994-02-23 06:49:17.550","57607.32353999093","2016-08-07 07:45:53.857","0.1028065920763513","0.921394300289264","0.3747844020595733","78894593","V-CM-TAU","95","36","83.63343059745978","22.010988197742176","a_f550m","18.519949913024902","0.03464984893798828"
"Y","1.266396350896395","0.48126709059182327","49.030382494277625","1.7212369441986084","16734347851976","0.32951368082197086","0.15452010446117256","12","83","N","49406.28423086554","1994-02-23 06:49:17.550","57607.32353999093","2016-08-07 07:45:53.857","0.1028065920763513","0.921394300289264","0.3747844020595733","78894593","V-CM-TAU","95","3","83.63343059745978","22.010988197742176","w2_f631n","18.19499969482422","0.09849166870117188"
"Y","1.266396350896395","0.48126709059182327","49.030382494277625","1.7212369441986084","16734347851976","0.32951368082197086","0.15452010446117256","12","83","N","49406.28423086554","1994-02-23 06:49:17.550","57607.32353999093","2016-08-07 07:45:53.857","0.1028065920763513","0.921394300289264","0.3747844020595733","78894593","V-CM-TAU","95","1","83.63343059745978","22.010988197742176","w3_f160w","17.578899383544922","0"
"Y","1.266396350896395","0.48126709059182327","49.030382494277625","1.7212369441986084","16734347851976","0.32951368082197086","0.15452010446117256","12","83","N","49406.28423086554","1994-02-23 06:49:17.550","57607.32353999093","2016-08-07 07:45:53.857","0.1028065920763513","0.921394300289264","0.3747844020595733","78894593","V-CM-TAU","95","41","83.63343059745978","22.010988197742176","w2_f547m","18.924190521240234","0.08910942077636719"
"Y","1.266396350896395","0.48126709059182327","49.030382494277625","1.7212369441986084","16734347851976","0.32951368082197086","0.15452010446117256","12","83","N","49406.28423086554","1994-02-23 06:49:17.550","57607.32353999093","2016-08-07 07:45:53.857","0.1028065920763513","0.921394300289264","0.3747844020595733","78894593","V-CM-TAU","95","3","83.63343059745978","22.010988197742176","w2_f814w","18.135299682617188","0.16659927368164062"
"Y","1.266396350896395","0.48126709059182327","49.030382494277625","1.7212369441986084","16734347851976","0.32951368082197086","0.15452010446117256","12","83","N","49406.28423086554","1994-02-23 06:49:17.550","57607.32353999093","2016-08-07 07:45:53.857","0.1028065920763513","0.921394300289264","0.3747844020595733","78894593","V-CM-TAU","95","1","83.63343059745978","22.010988197742176","w2_f658n","18.198200225830078","0"
"Y","1.266396350896395","0.48126709059182327","49.030382494277625","1.7212369441986084","16734347851976","0.32951368082197086","0.15452010446117256","12","83","N","49406.28423086554","1994-02-23 06:49:17.550","57607.32353999093","2016-08-07 07:45:53.857","0.1028065920763513","0.921394300289264","0.3747844020595733","78894593","V-CM-TAU","95","2","83.63343059745978","22.010988197742176","w2_f673n","19.220745086669922","1.0411548614501953"
"Y","2.0804100509092422","1.6435818176768053","147.62108643850246","1.7212369441986084","16734347834099","0.40249999701976774","0.07424621623927231","2","2","N","49407.28978644917","1994-02-24 06:57:17.550","49943.827743689995","1995-08-14 19:51:57.057","0.1028504683081726","0.9213795284488198","0.37480867882818936","88825327","CRAB-PULSAR","2","1","83.63063449623202","22.012488516818003","w2_f375n","18.386899948120117","0"
"Y","1.2322662897084495","0.5017857709099264","66.47373885633264","1.7212369441986084","16734347831452","0.2883922195169659","0.10598639458192723","9","85","N","49407.41756419884","1994-02-24 10:01:17.550","57607.32353999093","2016-08-07 07:45:53.857","0.10281269333988384","0.9213813947744298","0.37481445471211233","87537358","V-CM-TAU","90","1","83.6329674158315","22.01284547218044","w2_f631n","18.86720085144043","0"
"Y","1.2322662897084495","0.5017857709099264","66.47373885633264","1.7212369441986084","16734347831452","0.2883922195169659","0.10598639458192723","9","85","N","49407.41756419884","1994-02-24 10:01:17.550","57607.32353999093","2016-08-07 07:45:53.857","0.10281269333988384","0.9213813947744298","0.37481445471211233","87537358","V-CM-TAU","90","3","83.6329674158315","22.01284547218044","w2_f814w","18.218589782714844","0.004589080810546875"
"Y","1.2322662897084495","0.5017857709099264","66.47373885633264","1.7212369441986084","16734347831452","0.2883922195169659","0.10598639458192723","9","85","N","49407.41756419884","1994-02-24 10:01:17.550","57607.32353999093","2016-08-07 07:45:53.857","0.10281269333988384","0.9213813947744298","0.37481445471211233","87537358","V-CM-TAU","90","1","83.6329674158315","22.01284547218044","w2_f588n","19.26930046081543","0"
"Y","1.2322662897084495","0.5017857709099264","66.47373885633264","1.7212369441986084","16734347831452","0.2883922195169659","0.10598639458192723","9","85","N","49407.41756419884","1994-02-24 10:01:17.550","57607.32353999093","2016-08-07 07:45:53.857","0.10281269333988384","0.9213813947744298","0.37481445471211233","87537358","V-CM-TAU","90","1","83.6329674158315","22.01284547218044","w3_f555w","19.90719985961914","0"
"Y","1.2322662897084495","0.5017857709099264","66.47373885633264","1.7212369441986084","16734347831452","0.2883922195169659","0.10598639458192723","9","85","N","49407.41756419884","1994-02-24 10:01:17.550","57607.32353999093","2016-08-07 07:45:53.857","0.10281269333988384","0.9213813947744298","0.37481445471211233","87537358","V-CM-TAU","90","1","83.6329674158315","22.01284547218044","w2_f656n","18.529300689697266","0"
"Y","1.2322662897084495","0.5017857709099264","66.47373885633264","1.7212369441986084","16734347831452","0.2883922195169659","0.10598639458192723","9","85","N","49407.41756419884","1994-02-24 10:01:17.550","57607.32353999093","2016-08-07 07:45:53.857","0.10281269333988384","0.9213813947744298","0.37481445471211233","87537358","V-CM-TAU","90","41","83.6329674158315","22.01284547218044","a_f550m","19.432199478149414","0.04599952697753906"
"Y","1.2322662897084495","0.5017857709099264","66.47373885633264","1.7212369441986084","16734347831452","0.2883922195169659","0.10598639458192723","9","85","N","49407.41756419884","1994-02-24 10:01:17.550","57607.32353999093","2016-08-07 07:45:53.857","0.10281269333988384","0.9213813947744298","0.37481445471211233","87537358","V-CM-TAU","90","40","83.6329674158315","22.01284547218044","w2_f547m","19.597399711608887","0.044750213623046875"
"Y","1.2322662897084495","0.5017857709099264","66.47373885633264","1.7212369441986084","16734347831452","0.2883922195169659","0.10598639458192723","9","85","N","49407.41756419884","1994-02-24 10:01:17.550","57607.32353999093","2016-08-07 07:45:53.857","0.10281269333988384","0.9213813947744298","0.37481445471211233","87537358","V-CM-TAU","90","1","83.6329674158315","22.01284547218044","w3_f160w","17.058700561523438","0"
"Y","2.904360516126766","0.2618762086968568","113.55319127331231","1.7212369441986084","16734347822333","0.3499999940395355","0","2","2","N","49719.473114226945","1995-01-02 11:21:17.070","51600.269847638905","2000-02-26 06:28:34.840","0.10290960847602251","0.9213668983038741","0.374823493385259","78985146","NGC1952-BRTFIL","2","1","83.6269155222494","22.013404073224542","w2_f673n","19.525800704956055","0"
"Y","1.6042684846454196","0.822980624767299","124.26406566998813","1.7212369441986084","16734347822196","0.38324999809265137","0.04702260668087681","2","2","N","49407.28978644917","1994-02-24 06:57:17.550","56180.97556529846","2012-09-10 23:24:48.843","0.10289821461713358","0.9213674619598482","0.3748252359075136","49104515","V-CM-TAU","2","1","83.6276191936032","22.01351176343246","w2_f375n","17.29949951171875","0"
"Y","0.8951110972298516","0","0","1.7212369441986084","16734347835472","0.3499999940395355","0","1","1","N","49407.28978644917","1994-02-24 06:57:17.550","49407.37335124053","1994-02-24 08:57:37.550","0.10289177951247001","0.9213715959752273","0.37481684038962826","28688531","CRAB-NEB-A","1","1","83.62804278979485","22.01299290982336","w2_f375n","19.33049964904785","0"
"Y","0.8905555804570515","0","0","1.7212369441986084","16734347836273","0.3499999940395355","0","1","1","N","49407.28978644917","1994-02-24 06:57:17.550","49407.37335124053","1994-02-24 08:57:37.550","0.10288535017979092","0.9213685684926872","0.37482604727126057","19965549","CRAB-NEB-A","1","1","83.62841691179837","22.013561906862535","w2_f375n","19.906700134277344","0"
"Y","1.808574928474651","1.0202437459680276","228.9293245241576","1.7212369441986084","16734347835747","0.5737750008702278","0.3926242634506519","4","4","N","49407.28978644917","1994-02-24 06:57:17.550","56257.77187970374","2012-11-26 18:31:30.410","0.1028671781571903","0.9213746990240324","0.37481596504977677","85195988","V-CM-TAU","4","1","83.62957507222536","22.012938812833465","w2_f375n","19.94070053100586","0"
"Y","2.2348379647290266","0.2634608704261788","76.49219433823437","1.7212369441986084","16734347836855","0.3986250013113022","0.03121898126537267","2","8","N","49407.28978644917","1994-02-24 06:57:17.550","55471.14296835661","2010-10-02 03:25:52.470","0.10286010345633761","0.9213716915846812","0.3748252994562996","97485895","CRAB-POL","8","1","83.62998897606911","22.013515690298618","w2_f375n","19.44499969482422","0"
"Y","2.4567426059597226","0.23931667292282427","179.2048091041637","1.7212369441986084","16734347836140","0.7907499894499779","0.2084999829530716","4","2","N","51475.62793526845","1999-10-24 15:04:13.610","52859.84719157871","2003-08-08 20:19:57.357","0.10287624235148352","0.9213646285033797","0.3748382319440471","74380866","CRAB-POL","4","1","83.6289492920154","22.01431493843643","w2_f631n","19.943899154663086","0"
"Y","1.7080865103453013","1.128979079716241","46.71360975320327","1.7212369441986084","16734347836156","0.3499999940395355","0","2","2","N","49407.28978644917","1994-02-24 06:57:17.550","51881.53487528255","2000-12-03 12:50:13.227","0.1028759382021183","0.9213657777430979","0.3748354905223519","23720329","CRAB-NEB-A","2","1","83.6289758542701","22.014145514078145","w2_f375n","19.679800033569336","0"
"Y","1.6398333840899997","0.5659211888002279","211.3710906480073","1.7212369441986084","16734347836153","0.3894999921321869","0.05586143301633895","2","2","N","49407.28978644917","1994-02-24 06:57:17.550","57327.09149859706","2015-11-01 02:11:45.480","0.10287332406258924","0.9213654975650447","0.37483689665585584","39458565","CRAB-NEBULA","2","1","83.6291344933268","22.014232415606628","w2_f375n","19.15290069580078","0"
"Y","1.4082218360419225","0.6327564691367247","91.8229547439036","1.7212369441986084","16734347836540","0.41600000858306885","0.09333811568428635","2","2","N","49407.41756419884","1994-02-24 10:01:17.550","53673.68877983093","2005-10-30 16:31:50.583","0.10286295301072088","0.9213678792663575","0.3748338885150876","70770320","CRAB-NEB-A","2","1","83.62978781592318","22.014046507261753","w2_f469n","19.941999435424805","0"
"Y","2.0648813511507584","0.46617817602932915","122.34598344995095","1.7212369441986084","16734347834115","0.446857145854405","0.13013988714922536","3","13","N","49407.28978644917","1994-02-24 06:57:17.550","56257.77187970374","2012-11-26 18:31:30.410","0.10283998692489656","0.9213746145172952","0.37482363433342636","96470541","CRAB-NEBULA-AND-PULSAR","13","1","83.63124457096048","22.013412783520444","w2_f375n","18.992399215698242","0"
"Y","0.8846666415532429","0","0","1.7212369441986084","16734347833410","0.3499999940395355","0","1","1","N","49407.28978644917","1994-02-24 06:57:17.550","49407.37335124053","1994-02-24 08:57:37.550","0.10281574550252508","0.9213791129633847","0.37481922665841183","67601407","CRAB-NEB-A","1","1","83.63276431337349","22.013140384056857","w2_f375n","18.13089942932129","0"
"Y","1.0305555661519368","0","0","1.7212369441986084","16734347834245","0.3499999940395355","0","1","1","N","49407.28978644917","1994-02-24 06:57:17.550","49407.37335124053","1994-02-24 08:57:37.550","0.1028203612921639","0.9213779962087608","0.3748207056811236","26792205","CRAB-NEB-A","1","1","83.63247315739765","22.013231789490153","w2_f375n","19.294300079345703","0"
"Y","2.56418599638828","0","0","1.7212369441986084","16734347831477","0.3499999940395355","0","1","1","N","49721.350197560154","1995-01-04 08:24:17.070","49721.5712623517","1995-01-04 13:42:37.070","0.10281020661838865","0.9213795781915082","0.3748196023522295","80136708","NGC1952-BRTFIL","1","1","83.63310770024981","22.01316360239949","w2_f656n","19.90679931640625","0"
"Y","2.3031305980758887","0.3034736190055645","200.15615987008434","1.7212369441986084","16734347836965","0.4391818209127946","0.26553639943411356","3","8","N","53619.695583678316","2005-09-06 16:41:38.433","56257.77187970374","2012-11-26 18:31:30.410","0.10282529030903902","0.9213694213996153","0.374840431402692","65019145","V-CM-TAU","9","1","83.63211164137648","22.014450868767117","w3_f160w","19.836299896240234","0"
"Y","2.8150999059735504","1.383716333082775","73.3652245400481","1.7212369441986084","16734347831856","0.38341666261355084","0.0382445018571179","4","5","N","49406.28423086554","1994-02-23 06:49:17.550","53673.68877983093","2005-10-30 16:31:50.583","0.10280957133357896","0.9213712645164056","0.3748402126177979","11619031","CRAB-PULSAR-POS2","6","1","83.63308974214537","22.01443734749139","w2_f502n","17.446699142456055","0"
"Y","2.8150999059735504","1.383716333082775","73.3652245400481","1.7212369441986084","16734347831856","0.38341666261355084","0.0382445018571179","4","5","N","49406.28423086554","1994-02-23 06:49:17.550","53673.68877983093","2005-10-30 16:31:50.583","0.10280957133357896","0.9213712645164056","0.3748402126177979","11619031","CRAB-PULSAR-POS2","6","1","83.63308974214537","22.01443734749139","w2_f547m","19.088699340820312","0"
"Y","2.8150999059735504","1.383716333082775","73.3652245400481","1.7212369441986084","16734347831856","0.38341666261355084","0.0382445018571179","4","5","N","49406.28423086554","1994-02-23 06:49:17.550","53673.68877983093","2005-10-30 16:31:50.583","0.10280957133357896","0.9213712645164056","0.3748402126177979","11619031","CRAB-PULSAR-POS2","6","1","83.63308974214537","22.01443734749139","w2_f487n","17.572599411010742","0"
"Y","2.391455533634653","1.6801038595266957","51.4295107865121","1.7212369441986084","16734347831859","0.20640908723527734","0.10594908951022523","4","32","N","51928.457792574074","2001-01-19 10:59:13.280","57607.32353999093","2016-08-07 07:45:53.857","0.10280993062565248","0.9213708515142784","0.37484112920817214","34555901","V-CM-TAU","33","3","83.63306484368835","22.01449399474902","w2_f547m","18.621400833129883","1.0110893249511719"
"Y","2.391455533634653","1.6801038595266957","51.4295107865121","1.7212369441986084","16734347831859","0.20640908723527734","0.10594908951022523","4","32","N","51928.457792574074","2001-01-19 10:59:13.280","57607.32353999093","2016-08-07 07:45:53.857","0.10280993062565248","0.9213708515142784","0.37484112920817214","34555901","V-CM-TAU","33","1","83.63306484368835","22.01449399474902","w3_f160w","16.225500106811523","0"
"Y","2.391455533634653","1.6801038595266957","51.4295107865121","1.7212369441986084","16734347831859","0.20640908723527734","0.10594908951022523","4","32","N","51928.457792574074","2001-01-19 10:59:13.280","57607.32353999093","2016-08-07 07:45:53.857","0.10280993062565248","0.9213708515142784","0.37484112920817214","34555901","V-CM-TAU","33","1","83.63306484368835","22.01449399474902","w3_f555w","19.17099952697754","0"
"Y","2.391455533634653","1.6801038595266957","51.4295107865121","1.7212369441986084","16734347831859","0.20640908723527734","0.10594908951022523","4","32","N","51928.457792574074","2001-01-19 10:59:13.280","57607.32353999093","2016-08-07 07:45:53.857","0.10280993062565248","0.9213708515142784","0.37484112920817214","34555901","V-CM-TAU","33","28","83.63306484368835","22.01449399474902","a_f550m","18.244600296020508","0.2575998306274414"
"Y","2.000964952004619","0.5235770603120651","32.23986083704789","1.7212369441986084","16734347831848","0.4304166626930237","0.1412553729138325","4","22","N","49407.28978644917","1994-02-24 06:57:17.550","52018.775172370486","2001-04-19 18:36:14.897","0.10280878543331386","0.9213711395575545","0.37484073528462614","10283514","NGC1952-BRTFIL","24","21","83.63313715621332","22.01446964957419","w2_f547m","18.089290618896484","0.16349029541015625"
"Y","2.000964952004619","0.5235770603120651","32.23986083704789","1.7212369441986084","16734347831848","0.4304166626930237","0.1412553729138325","4","22","N","49407.28978644917","1994-02-24 06:57:17.550","52018.775172370486","2001-04-19 18:36:14.897","0.10280878543331386","0.9213711395575545","0.37484073528462614","10283514","NGC1952-BRTFIL","24","1","83.63313715621332","22.01446964957419","w2_f469n","17.214399337768555","0"
"Y","2.000964952004619","0.5235770603120651","32.23986083704789","1.7212369441986084","16734347831848","0.4304166626930237","0.1412553729138325","4","22","N","49407.28978644917","1994-02-24 06:57:17.550","52018.775172370486","2001-04-19 18:36:14.897","0.10280878543331386","0.9213711395575545","0.37484073528462614","10283514","NGC1952-BRTFIL","24","1","83.63313715621332","22.01446964957419","w2_f375n","17.632600784301758","0"
"Y","2.000964952004619","0.5235770603120651","32.23986083704789","1.7212369441986084","16734347831848","0.4304166626930237","0.1412553729138325","4","22","N","49407.28978644917","1994-02-24 06:57:17.550","52018.775172370486","2001-04-19 18:36:14.897","0.10280878543331386","0.9213711395575545","0.37484073528462614","10283514","NGC1952-BRTFIL","24","1","83.63313715621332","22.01446964957419","w2_f814w","17.178791046142578","0"
"Y","2.3890494566144453","0.6013143068172908","299.80367328473284","1.7212369441986084","16734347834879","0.3916000030934811","0.13504647466505892","3","17","N","49407.28978644917","1994-02-24 06:57:17.550","57409.393259884324","2016-01-22 09:26:17.657","0.10285022417761625","0.9213589962811899","0.3748592154315852","57006895","V-CM-TAU","17","1","83.63050871834818","22.015611760055233","w2_f375n","19.323200225830078","0"
"Y","2.270642619483701","0.3583739922664176","292.3153871010171","1.7212369441986084","16734347834705","0.317677421492915","0.14826126966006561","3","24","N","50080.386308562476","1995-12-29 09:16:17.063","57607.32353999093","2016-08-07 07:45:53.857","0.10284380386533679","0.9213594682521989","0.3748598168659483","12750388","V-CM-TAU","24","1","83.63090629514218","22.01564893012343","w3_f160w","18.683399200439453","0"
"Y","2.4511458239780755","0.42120877939357493","159.75664967842954","1.7212369441986084","16734347833614","0.41407272295518355","0.26981199320741334","4","10","N","51620.37100535631","2000-03-17 08:54:14.867","56517.74421858322","2013-08-13 17:51:40.487","0.10281818944979969","0.9213689685512411","0.3748434923159817","83729508","V-CM-TAU","11","1","83.63254467610534","22.014640038913328","w3_f160w","19.51099967956543","0"
"Y","1.8691265803796273","0.5280615929784426","211.46513314071623","1.7212369441986084","16734347832322","0.34558333953221637","0.13987260166960994","2","6","N","49407.28978644917","1994-02-24 06:57:17.550","55998.42567665037","2012-03-12 10:12:58.463","0.10281329394816939","0.9213674880902315","0.37484847406735006","76913712","V-CM-TAU","6","1","83.63283521425032","22.01494792068447","w2_f375n","18.693700790405273","0"
"Y","2.0357837252937836","0.48679477101186003","71.68650484330512","1.7212369441986084","16734347831848","0.412133330821991","0.04708027765693797","3","14","N","50026.63422531029","1995-11-05 15:13:17.070","54332.07913000928","2007-08-20 01:53:56.837","0.10280934690616392","0.9213708358214949","0.37484132790351005","96585486","CRAB-PULSAR-POS2","15","9","83.63310058855254","22.014506274287285","w2_f547m","17.71150016784668","0.25930023193359375"
"Y","2.0357837252937836","0.48679477101186003","71.68650484330512","1.7212369441986084","16734347831848","0.412133330821991","0.04708027765693797","3","14","N","50026.63422531029","1995-11-05 15:13:17.070","54332.07913000928","2007-08-20 01:53:56.837","0.10280934690616392","0.9213708358214949","0.37484132790351005","96585486","CRAB-PULSAR-POS2","15","1","83.63310058855254","22.014506274287285","w2_f814w","17.34819984436035","0"
"Y","1.3575754857532367","0.17683067568778257","47.63666543137742","1.7212369441986084","16734347835125","0.17499999701976776","0.2474873692006068","2","2","N","49407.41756419884","1994-02-24 10:01:17.550","56257.77187970374","2012-11-26 18:31:30.410","0.10282491044947292","0.9213624010086732","0.3748577914347724","10600110","CRAB-NEB-A","2","1","83.6320868506774","22.01552375421588","w2_f469n","18.764999389648438","0"
"Y","2.1226971391275984","0.21999888654825506","235.96060401579723","1.7212369441986084","16734347830548","0.3974761984177998","0.06780237023557664","3","18","N","49407.28978644917","1994-02-24 06:57:17.550","57327.09149859706","2015-11-01 02:11:45.480","0.1028100709890788","0.9213643028495474","0.3748571871540208","32238435","V-CM-TAU","18","1","83.63301134058675","22.015486408046552","w2_f375n","19.662200927734375","0"
"Y","0.8493181656707417","0","0","1.7212369441986084","16734343285276","0.3499999940395355","0","1","1","N","49407.41756419884","1994-02-24 10:01:17.550","49407.50737899076","1994-02-24 12:10:37.550","0.10301741607072375","0.9213393042008085","0.37486170586133966","66136644","CRAB-NEB-A","1","1","83.62010463215843","22.01576567482106","w2_f469n","19.439599990844727","0"
"Y","1.166047034964408","0.32804648041520507","37.52581704226937","1.7212369441986084","16734343285053","0.29754146009683596","0.16101601027619394","8","79","N","49420.234230865724","1994-03-09 05:37:17.550","57607.32353999093","2016-08-07 07:45:53.857","0.1029785887237098","0.9213441147697887","0.37486055067674984","98547090","V-CM-TAU","82","1","83.6225224283116","22.01569428159017","w3_f160w","19.301599502563477","0"
"Y","2.178117032888572","0.4229166060582915","185.6342950699266","1.7212369441986084","16734343284083","0.4024999886751175","0.07424620443815476","2","2","N","49421.29881423386","1994-03-10 07:10:17.553","56257.77187970374","2012-11-26 18:31:30.410","0.10300632252424452","0.9213303777427959","0.3748866929733024","42782236","CRAB-NEB-A","2","1","83.62072469792514","22.01730994577599","w2_f631n","19.952199935913086","0"
"Y","0.9222222036785549","0","0","1.7212369441986084","16734343286414","0.3499999940395355","0","1","1","N","49407.28978644917","1994-02-24 06:57:17.550","49407.37335124053","1994-02-24 08:57:37.550","0.10297160616369601","0.9213325081467713","0.3748909944992435","99678922","CRAB-NEB-A","1","1","83.62287162265612","22.017575793380246","w2_f375n","18.60059928894043","0"
"Y","2.848026082656563","0.23011961373558754","217.82675736216638","1.7212369441986084","16734347690342","0.34293332695961","0.017309728527941156","3","6","N","49407.28978644917","1994-02-24 06:57:17.550","56257.748980823904","2012-11-26 17:58:31.947","0.10295224896723333","0.9213463943872394","0.37486218265114307","90760186","CRAB-PULSAR-POS2","6","1","83.62415586341389","22.015795141567473","w2_f375n","19.953399658203125","0"
"Y","2.194432818766404","1.9976387736396783","186.0962133644542","1.7212369441986084","16734343283220","0.3499999940395355","0","2","2","N","49407.28978644917","1994-02-24 06:57:17.550","51961.4911264861","2001-02-21 11:47:13.330","0.10296351794318863","0.9213405510915217","0.37487344916302956","10868721","CRAB-PULSAR-POS2","2","1","83.62342361458276","22.016491440462385","w2_f375n","19.080900192260742","0"
"Y","2.841820252958194","0.3573395441908601","164.47104312763284","1.7212369441986084","16734343283437","0.3022000014781952","0.1756394078197174","3","5","N","49407.28978644917","1994-02-24 06:57:17.550","53628.78375628451","2005-09-15 18:48:36.543","0.10295971980192972","0.9213401842399179","0.3748753939819447","1114692","CRAB-PULSAR-POS2","5","1","83.62365437981148","22.016611635417874","w2_f375n","19.997699737548828","0"
"Y","0.8051136677915399","0","0","1.7212369441986084","16734347690724","0.3499999940395355","0","1","1","N","49407.41756419884","1994-02-24 10:01:17.550","49407.50737899076","1994-02-24 12:10:37.550","0.10292453066438648","0.9213462938876211","0.3748700411179863","106142200","CRAB-NEB-A","1","1","83.62585764088816","22.016280814301307","w2_f469n","19.829999923706055","0"
"Y","0.7936666409174601","0","0","1.7212369441986084","16734347690608","0.3499999940395355","0","1","1","N","49407.28978644917","1994-02-24 06:57:17.550","49407.37335124053","1994-02-24 08:57:37.550","0.10292438447806929","0.9213455662230168","0.374871869685819","92771152","CRAB-NEB-A","1","1","83.62586162697106","22.01639382456816","w2_f375n","18.526100158691406","0"
"Y","2.4472223387824164","0","0","1.7212369441986084","16734347821461","0.3499999940395355","0","1","1","N","49407.28978644917","1994-02-24 06:57:17.550","49407.37335124053","1994-02-24 08:57:37.550","0.10291551987396258","0.9213449475081942","0.37487582406842496","104419529","CRAB-NEB-A","1","1","83.62640185181006","22.01663821604675","w2_f375n","17.65250015258789","0"
"Y","0.9649425402454946","0","0","1.7212369441986084","16734343282836","0.3499999940395355","0","1","1","N","49406.412008657586","1994-02-23 09:53:17.550","49406.50182344904","1994-02-23 12:02:37.550","0.10293830962139895","0.9213339035752192","0.3748967091548956","13741747","CRAB-NEB-A","1","1","83.62492630493439","22.017928977555485","w2_f502n","19.76609992980957","0"
"Y","0.9730959385948503","0.09099886410089479","211.27921543812906","1.7212369441986084","16734343282772","0.3499999940395355","0","2","2","N","49407.41756419884","1994-02-24 10:01:17.550","51961.4911264861","2001-02-21 11:47:13.330","0.10294045393422546","0.921331481322694","0.37490207317077073","3499782","CRAB-PULSAR-POS2","2","1","83.62477797592899","22.018260491853233","w2_f469n","19.67919921875","0"
"Y","2.288682192795036","0.4979621248282455","99.27446032437359","1.7212369441986084","16734343282696","0.3499999940395355","0","3","3","N","49420.234230865724","1994-03-09 05:37:17.550","51928.48765376862","2001-01-19 11:42:13.287","0.10292610456419127","0.9213328072195051","0.3749027545116583","1214191","NGC1952-BRTFIL","3","1","83.6256684316783","22.01830260107744","w2_f658n","19.115699768066406","0"
"Y","2.288682192795036","0.4979621248282455","99.27446032437359","1.7212369441986084","16734343282696","0.3499999940395355","0","3","3","N","49420.234230865724","1994-03-09 05:37:17.550","51928.48765376862","2001-01-19 11:42:13.287","0.10292610456419127","0.9213328072195051","0.3749027545116583","1214191","NGC1952-BRTFIL","3","1","83.6256684316783","22.01830260107744","w2_f673n","18.483890533447266","0"
"Y","3.068236272670668","0.820526655484202","238.94706104598566","1.7212369441986084","16734343282741","0.3562749996781349","0.04323002203685487","6","6","N","49406.412008657586","1994-02-23 09:53:17.550","56257.748980823904","2012-11-26 17:58:31.947","0.1029280334691844","0.9213322937024152","0.3749034869386354","35529813","NGC1952-BRTFIL","8","1","83.62554643204935","22.0183478674805","w2_f673n","18.89759063720703","0"
"Y","0.9405555327733357","0","0","1.7212369441986084","16734343284330","0.3499999940395355","0","1","1","N","49407.28978644917","1994-02-24 06:57:17.550","49407.37335124053","1994-02-24 08:57:37.550","0.10299056153965498","0.9213221629703509","0.3749112111606341","66890501","CRAB-NEB-A","1","1","83.62163634301254","22.018825252275263","w2_f375n","18.212299346923828","0"
"Y","0.915222234196133","0","0","1.7212369441986084","16734343284277","0.3499999940395355","0","1","1","N","49407.28978644917","1994-02-24 06:57:17.550","49407.37335124053","1994-02-24 08:57:37.550","0.10297817772557426","0.9213245674043279","0.3749087041002628","25460885","CRAB-NEB-A","1","1","83.62241347883199","22.018670306761354","w2_f375n","18.47599983215332","0"
"Y","1.9828747055019211","1.0026573708713058","200.95898168194194","1.7212369441986084","16734343350461","0.3499999940395355","0","2","2","N","49407.28978644917","1994-02-24 06:57:17.550","49723.78052163636","1995-01-06 18:43:57.073","0.10300266571753292","0.9213125223738854","0.37493157638713015","66314024","NGC1952-BRTFIL","2","1","83.62082669124135","22.020083904149512","w2_f375n","18.057199478149414","0"
"Y","0.9557777643203735","0","0","1.7212369441986084","16734343362508","0.3499999940395355","0","1","1","N","49407.28978644917","1994-02-24 06:57:17.550","49407.37335124053","1994-02-24 08:57:37.550","0.10300804671715237","0.9213059455992365","0.3749462587032785","95846845","CRAB-NEB-A","1","1","83.62045101712103","22.020991336521273","w2_f375n","18.094900131225586","0"
"Y","1.821111175749037","0","0","1.7212369441986084","16734343362517","0.3499999940395355","0","1","1","N","49407.28978644917","1994-02-24 06:57:17.550","49407.37335124053","1994-02-24 08:57:37.550","0.10300483135800817","0.9213046354901322","0.3749503611705095","13610976","CRAB-NEB-A","1","1","83.6206395139975","22.02124488826411","w2_f375n","18.604700088500977","0"
"Y","0.9171111053890652","0","0","1.7212369441986084","16734343349105","0.3499999940395355","0","1","1","N","49407.28978644917","1994-02-24 06:57:17.550","49407.37335124053","1994-02-24 08:57:37.550","0.10294255783224589","0.921324429425089","0.37491882525719145","71384104","CRAB-NEB-A","1","1","83.62460035618987","22.019295832367032","w2_f375n","18.030799865722656","0"
"Y","1.1181818490678614","0","0","1.7212369441986084","16734343349126","0.3499999940395355","0","1","1","N","49406.28423086554","1994-02-23 06:49:17.550","49406.36779565737","1994-02-23 08:49:37.550","0.10292582144971497","0.921321044734983","0.3749317375301868","34361701","CRAB-NEB-A","1","1","83.62560511010146","22.020093863474017","w2_f487n","19.7637996673584","0"
"Y","2.708726516501432","0.4186165584242074","136.0266264555868","1.7212369441986084","16734343349028","0.33653124421834946","0.09260875766053465","4","15","N","49407.28978644917","1994-02-24 06:57:17.550","53709.526083694305","2005-12-05 12:37:33.637","0.10293995109116784","0.9213188246444297","0.3749333138507049","30118795","CRAB-PULSAR-POS2","16","1","83.62472200265984","22.020191286700555","w2_f375n","19.595199584960938","0"
"Y","1.9016589320599264","0.7537649529986906","122.36328414835012","1.7212369441986084","16734343352054","0.3499999940395355","0","2","2","N","49407.28978644917","1994-02-24 06:57:17.550","49421.388629025314","1994-03-10 09:19:37.553","0.10293902555207035","0.9213114321956593","0.3749517327929042","105459835","CRAB-NEB-A","2","1","83.62472811867737","22.02132966107338","w2_f375n","19.786300659179688","0"
"Y","0.9949999776753512","0","0","1.7212369441986084","16734343348662","0.3499999940395355","0","1","1","N","49406.28423086554","1994-02-23 06:49:17.550","49406.36779565737","1994-02-23 08:49:37.550","0.10292691652965894","0.9213195066566283","0.3749352164144537","71244306","CRAB-NEB-A","1","1","83.62552729382088","22.02030887346966","w2_f487n","19.60140037536621","0"
"Y","2.7154269679115757","0.24361398504737297","250.69697475670378","1.7212369441986084","16734343171430","0.3230769175749559","0.09707253268627968","6","10","N","49406.412008657586","1994-02-23 09:53:17.550","51918.514736870304","2001-01-09 12:21:13.267","0.10290621983916375","0.9213138334758861","0.3749548374983086","34921894","NGC1952-BRTFIL","13","1","83.62675961261166","22.02152154688238","w2_f656n","19.329999923706055","0"
"Y","2.7154269679115757","0.24361398504737297","250.69697475670378","1.7212369441986084","16734343171430","0.3230769175749559","0.09707253268627968","6","10","N","49406.412008657586","1994-02-23 09:53:17.550","51918.514736870304","2001-01-09 12:21:13.267","0.10290621983916375","0.9213138334758861","0.3749548374983086","34921894","NGC1952-BRTFIL","13","1","83.62675961261166","22.02152154688238","w2_f658n","18.512800216674805","0"
"Y","1.4585904044362017","0.856938061786632","47.929227981457956","1.7212369441986084","16734343171346","0.39925000071525574","0.069650027387769","2","2","N","49406.412008657586","1994-02-23 09:53:17.550","53638.70960104419","2005-09-25 17:01:49.533","0.10291236696966174","0.9213128419138953","0.37495558680275387","87057347","CRAB-NEB-A","2","1","83.62637523509173","22.0215678572505","w2_f502n","19.91349983215332","0"
"Y","0.8492222097184923","0","0","1.7212369441986084","16734347821833","0.3499999940395355","0","1","1","N","49407.28978644917","1994-02-24 06:57:17.550","49407.37335124053","1994-02-24 08:57:37.550","0.10289789918640355","0.9213449939458667","0.3748805469410048","94612204","CRAB-NEB-A","1","1","83.62748444849781","22.016930102824215","w2_f375n","18.019899368286133","0"
"Y","0.8764444457160102","0","0","1.7212369441986084","16734347824478","0.3499999940395355","0","1","1","N","49407.28978644917","1994-02-24 06:57:17.550","49407.37335124053","1994-02-24 08:57:37.550","0.10288230651001877","0.9213467265799804","0.3748805682193705","56784555","CRAB-NEB-A","1","1","83.62845405163252","22.016931417887438","w2_f375n","19.66029930114746","0"
"Y","2.2550755543090917","1.212634269592116","115.53690573596641","1.7212369441986084","16734347824441","0.7807999700307846","0.6092431687168282","2","2","N","49407.41756419884","1994-02-24 10:01:17.550","56257.77187970374","2012-11-26 18:31:30.410","0.10287506653516856","0.9213422540391594","0.3748935470343008","70920062","CRAB-NEB-A","2","1","83.62886806600639","22.01773354817933","w2_f469n","19.64929962158203","0"
"Y","1.0149999775669791","0","0","1.7212369441986084","16734347608347","0.3499999940395355","0","1","1","N","49407.41756419884","1994-02-24 10:01:17.550","49407.50737899076","1994-02-24 12:10:37.550","0.1028712884643365","0.9213361833105006","0.3749095028584513","43507335","CRAB-NEB-A","1","1","83.62905848795896","22.018719672919335","w2_f469n","19.24370002746582","0"
"Y","1.602851880921258","0.6588139668341989","93.9064121640268","1.7212369441986084","16734347823189","0.34825000166893005","0.0024748629445596974","2","2","N","49407.28978644917","1994-02-24 06:57:17.550","57491.28130570147","2016-04-13 06:45:04.813","0.10283988943549166","0.9213468204644985","0.37489197585786016","85023838","CRAB-NEBULA","2","1","83.6310600128917","22.017636444434853","w2_f375n","18.262500762939453","0"
"Y","1.3686944047609964","0.7871276588042","22.72272875457815","1.7212369441986084","16734347609340","0.3869999945163727","0.052325902482154095","2","2","N","49407.28978644917","1994-02-24 06:57:17.550","53673.68877983093","2005-10-30 16:31:50.583","0.10282796168077749","0.9213423350296406","0.3749062709587496","42806741","CRAB-NEB-A","2","1","83.63176188931257","22.018519929577625","w2_f375n","18.75189971923828","0"
"Y","0.9634444448682997","0","0","1.7212369441986084","16734347834372","0.3499999940395355","0","1","1","N","49407.28978644917","1994-02-24 06:57:17.550","49407.37335124053","1994-02-24 08:57:37.550","0.10282368874861285","0.9213490071137278","0.37489104567052706","41386866","CRAB-NEB-A","1","1","83.63207007819051","22.017578955918975","w2_f375n","17.812299728393555","0"
"Y","2.4473982258081883","0.5490693174817015","234.59158275568367","1.7212369441986084","16734347614248","0.49900000005960465","0.16080993070352625","3","4","N","49407.41756419884","1994-02-24 10:01:17.550","56303.04192187032","2013-01-11 01:00:22.050","0.10280667655548187","0.9213465880086773","0.37490165649663126","27068129","CRAB-PULSAR-POS1","4","1","83.633098420736","22.018234739685823","w2_f469n","19.951200485229492","0"
"Y","0.8377272974361073","0","0","1.7212369441986084","16734343168090","0.3499999940395355","0","1","1","N","49407.41756419884","1994-02-24 10:01:17.550","49407.50737899076","1994-02-24 12:10:37.550","0.1029054172945467","0.9213250383644729","0.3749275246965153","4265944","CRAB-NEB-A","1","1","83.62688577840512","22.019833492678426","w2_f469n","19.953399658203125","0"
"Y","1.569884165037041","1.0991718825572319","139.2829108105137","1.7212369441986084","16734347608194","0.6263666351636251","0.47868106394407745","3","3","N","49407.28978644917","1994-02-24 06:57:17.550","56257.77187970374","2012-11-26 18:31:30.410","0.10289709276314403","0.9213264945167161","0.37492623114784607","81652835","CRAB-PULSAR-POS2","3","1","83.62740707890855","22.01975354604994","w2_f375n","19.66309928894043","0"
"Y","1.5927545514525676","0.8431527087180295","74.44956332400238","1.7212369441986084","16734347608951","0.3499999940395355","0","2","2","N","49407.28978644917","1994-02-24 06:57:17.550","51873.11751404172","2000-11-25 02:49:13.217","0.10289095190675726","0.9213271627083591","0.3749262744489702","55435959","CRAB-PULSAR-POS1","2","1","83.62778884765707","22.01975622223237","w2_f375n","19.952899932861328","0"
"Y","2.256074272076905","0.9384121745834659","206.25265122290486","1.7212369441986084","16734347608444","0.3499999940395355","0","2","4","N","49407.28978644917","1994-02-24 06:57:17.550","52018.775172370486","2001-04-19 18:36:14.897","0.10287418872739991","0.921331709036271","0.37491970236025085","104055490","CRAB-PULSAR-POS2","4","1","83.62884966241906","22.01935004077829","w2_f375n","18.738800048828125","0"
"Y","0.8322727273810994","0","0","1.7212369441986084","16734343168981","0.3499999940395355","0","1","1","N","49406.28423086554","1994-02-23 06:49:17.550","49406.36779565737","1994-02-23 08:49:37.550","0.10290251690636852","0.9213203068189089","0.37493994753495513","78352519","CRAB-NEB-A","1","1","83.62703146701112","22.020601277568915","w2_f487n","19.703100204467773","0"
"Y","0.9396590969779275","0","0","1.7212369441986084","16734343168440","0.3499999940395355","0","1","1","N","49407.41756419884","1994-02-24 10:01:17.550","49407.50737899076","1994-02-24 12:10:37.550","0.1028906717288601","0.9213236099960866","0.3749350814954035","16143839","CRAB-NEB-A","1","1","83.62778168714685","22.020300534875755","w2_f469n","18.927499771118164","0"
"Y","1.0741379069185806","0","0","1.7212369441986084","16734343168321","0.3499999940395355","0","1","1","N","51881.65640307404","2000-12-03 15:45:13.227","51881.75385674089","2000-12-03 18:05:33.227","0.10289622573126382","0.9213162974786676","0.37495152587299907","67559767","CRAB-FIELD-4","1","1","83.62739038352541","22.0213168721594","w2_f502n","19.95859146118164","0"
"Y","3.0872153978382437","1.0570044697776022","159.4543948612271","1.7212369441986084","16734343168369","0.3495599955320358","0.001391397450773714","8","9","N","49406.28423086554","1994-02-23 06:49:17.550","56257.748980823904","2012-11-26 17:58:31.947","0.10289090758194848","0.921318043774591","0.37494869429653455","35787096","NGC1952-BRTFIL","10","1","83.62772901875107","22.02114186754847","w2_f658n","18.744300842285156","0"
"Y","3.0872153978382437","1.0570044697776022","159.4543948612271","1.7212369441986084","16734343168369","0.3495599955320358","0.001391397450773714","8","9","N","49406.28423086554","1994-02-23 06:49:17.550","56257.748980823904","2012-11-26 17:58:31.947","0.10289090758194848","0.921318043774591","0.37494869429653455","35787096","NGC1952-BRTFIL","10","1","83.62772901875107","22.02114186754847","w2_f656n","19.54360008239746","0"
"Y","1.0246666934755113","0","0","1.7212369441986084","16734347611430","0.3499999940395355","0","1","1","N","49407.28978644917","1994-02-24 06:57:17.550","49407.37335124053","1994-02-24 08:57:37.550","0.10286310733371326","0.9213205852481737","0.3749500771419927","89637090","CRAB-NEB-A","1","1","83.62945402404603","22.021227333946445","w2_f375n","18.962600708007812","0"
"Y","1.8832027644055278","0.7929030803436706","149.9127061050863","1.7212369441986084","16734347609864","0.5895500183105469","0.3341620585003776","3","4","N","49406.28423086554","1994-02-23 06:49:17.550","56257.77187970374","2012-11-26 18:31:30.410","0.10283973972804933","0.9213342230158095","0.37492297536600033","13210957","CRAB-NEB-A","4","1","83.63098284106542","22.019552325237864","w2_f487n","19.467899322509766","0"
"Y","2.4073639568923966","0.3548320162536972","129.8095150399428","1.7212369441986084","16734347610010","0.40833333134651184","0.05614563944069167","2","3","N","49407.41756419884","1994-02-24 10:01:17.550","53709.526083694305","2005-12-05 12:37:33.637","0.10282854712756341","0.9213365880421202","0.3749202334903192","34047989","CRAB-NEB-A","3","1","83.63168653307915","22.01938286612615","w2_f469n","19.009599685668945","0"
"Y","2.296293799715148","0.13060260225401094","140.31629292240234","1.7212369441986084","16734347610041","0.41200000047683716","0.0719675929685595","3","4","N","49406.412008657586","1994-02-23 09:53:17.550","53690.7415578193","2005-11-16 17:47:50.600","0.10282725016935595","0.9213370526070965","0.3749194475362118","20928991","NGC1952-BRTFIL","4","1","83.63176938027082","22.019334291362867","w2_f502n","19.5216007232666","0"
"Y","1.612729915104911","0.7715998711225328","65.36507502993413","1.7212369441986084","16734347609580","0.4087500125169754","0.08308507292046541","2","2","N","49406.412008657586","1994-02-23 09:53:17.550","52859.84719157871","2003-08-08 20:19:57.357","0.10282992000593438","0.9213317280146359","0.37493179983659397","83181231","CRAB-POL","2","1","83.63156889005305","22.020097714002482","w2_f502n","19.792400360107422","0"
"Y","0.9235226972536608","0","0","1.7212369441986084","16734347623329","0.3499999940395355","0","1","1","N","49406.28423086554","1994-02-23 06:49:17.550","49406.36779565737","1994-02-23 08:49:37.550","0.1028036270671822","0.921339485655936","0.37491994669953965","29153225","CRAB-NEB-A","1","1","83.63323705098813","22.019365141904153","w2_f487n","18.502300262451172","0"
"Y","1.5262205768313875","0.7856504380169808","178.84825717969656","1.7212369441986084","16734347623316","0.3922499865293503","0.059750512389257444","2","2","N","49407.41756419884","1994-02-24 10:01:17.550","53655.69594266219","2005-10-12 16:42:09.447","0.10279959359792736","0.9213376926571935","0.3749254588177745","15975591","CRAB-NEB-A","2","1","83.63347250985652","22.019705812611495","w2_f469n","19.018699645996094","0"
"Y","2.7875563884787677","0.17642586310177652","126.38915435837616","1.7212369441986084","16734347611211","0.3499999940395355","0","5","6","N","49406.412008657586","1994-02-23 09:53:17.550","49721.5712623517","1995-01-04 13:42:37.070","0.10284180324493573","0.9213244473130805","0.3749464312253888","64271980","NGC1952-BRTFIL","6","2","83.63078907023306","22.021001999194556","w2_f673n","19.61274528503418","0.049755096435546875"
"Y","2.7875563884787677","0.17642586310177652","126.38915435837616","1.7212369441986084","16734347611211","0.3499999940395355","0","5","6","N","49406.412008657586","1994-02-23 09:53:17.550","49721.5712623517","1995-01-04 13:42:37.070","0.10284180324493573","0.9213244473130805","0.3749464312253888","64271980","NGC1952-BRTFIL","6","1","83.63078907023306","22.021001999194556","w2_f375n","19.272499084472656","0"
"Y","1.5573157554329797","0.7299932999851213","129.22246551467217","1.7212369441986084","16734347623444","0.32632199707627296","0.1270007133173222","14","85","N","49406.28423086554","1994-02-23 06:49:17.550","57607.32353999093","2016-08-07 07:45:53.857","0.10280859450427006","0.9213270895416419","0.3749490458459162","17981555","V-CM-TAU","97","1","83.63284697452033","22.0211635948915","w2_f375n","19.51409912109375","0"
"Y","1.5573157554329797","0.7299932999851213","129.22246551467217","1.7212369441986084","16734347623444","0.32632199707627296","0.1270007133173222","14","85","N","49406.28423086554","1994-02-23 06:49:17.550","57607.32353999093","2016-08-07 07:45:53.857","0.10280859450427006","0.9213270895416419","0.3749490458459162","17981555","V-CM-TAU","97","1","83.63284697452033","22.0211635948915","w2_f469n","18.111900329589844","0"
"Y","1.5573157554329797","0.7299932999851213","129.22246551467217","1.7212369441986084","16734347623444","0.32632199707627296","0.1270007133173222","14","85","N","49406.28423086554","1994-02-23 06:49:17.550","57607.32353999093","2016-08-07 07:45:53.857","0.10280859450427006","0.9213270895416419","0.3749490458459162","17981555","V-CM-TAU","97","1","83.63284697452033","22.0211635948915","w2_f487n","18.1200008392334","0"
"Y","1.5573157554329797","0.7299932999851213","129.22246551467217","1.7212369441986084","16734347623444","0.32632199707627296","0.1270007133173222","14","85","N","49406.28423086554","1994-02-23 06:49:17.550","57607.32353999093","2016-08-07 07:45:53.857","0.10280859450427006","0.9213270895416419","0.3749490458459162","17981555","V-CM-TAU","97","42","83.63284697452033","22.0211635948915","w2_f547m","18.389345169067383","0.21650028228759766"
"Y","1.5573157554329797","0.7299932999851213","129.22246551467217","1.7212369441986084","16734347623444","0.32632199707627296","0.1270007133173222","14","85","N","49406.28423086554","1994-02-23 06:49:17.550","57607.32353999093","2016-08-07 07:45:53.857","0.10280859450427006","0.9213270895416419","0.3749490458459162","17981555","V-CM-TAU","97","3","83.63284697452033","22.0211635948915","w2_f502n","17.97920036315918","0.014801025390625"
"Y","1.5573157554329797","0.7299932999851213","129.22246551467217","1.7212369441986084","16734347623444","0.32632199707627296","0.1270007133173222","14","85","N","49406.28423086554","1994-02-23 06:49:17.550","57607.32353999093","2016-08-07 07:45:53.857","0.10280859450427006","0.9213270895416419","0.3749490458459162","17981555","V-CM-TAU","97","39","83.63284697452033","22.0211635948915","a_f550m","17.715900421142578","0.10390090942382812"
"Y","1.5573157554329797","0.7299932999851213","129.22246551467217","1.7212369441986084","16734347623444","0.32632199707627296","0.1270007133173222","14","85","N","49406.28423086554","1994-02-23 06:49:17.550","57607.32353999093","2016-08-07 07:45:53.857","0.10280859450427006","0.9213270895416419","0.3749490458459162","17981555","V-CM-TAU","97","1","83.63284697452033","22.0211635948915","w3_f555w","18.96780014038086","0"
"Y","1.5573157554329797","0.7299932999851213","129.22246551467217","1.7212369441986084","16734347623444","0.32632199707627296","0.1270007133173222","14","85","N","49406.28423086554","1994-02-23 06:49:17.550","57607.32353999093","2016-08-07 07:45:53.857","0.10280859450427006","0.9213270895416419","0.3749490458459162","17981555","V-CM-TAU","97","1","83.63284697452033","22.0211635948915","w2_f588n","17.470699310302734","0"
"Y","1.5573157554329797","0.7299932999851213","129.22246551467217","1.7212369441986084","16734347623444","0.32632199707627296","0.1270007133173222","14","85","N","49406.28423086554","1994-02-23 06:49:17.550","57607.32353999093","2016-08-07 07:45:53.857","0.10280859450427006","0.9213270895416419","0.3749490458459162","17981555","V-CM-TAU","97","2","83.63284697452033","22.0211635948915","w2_f631n","17.37859535217285","0.0312957763671875"
"Y","1.5573157554329797","0.7299932999851213","129.22246551467217","1.7212369441986084","16734347623444","0.32632199707627296","0.1270007133173222","14","85","N","49406.28423086554","1994-02-23 06:49:17.550","57607.32353999093","2016-08-07 07:45:53.857","0.10280859450427006","0.9213270895416419","0.3749490458459162","17981555","V-CM-TAU","97","1","83.63284697452033","22.0211635948915","w2_f656n","17.388200759887695","0"
"Y","1.5573157554329797","0.7299932999851213","129.22246551467217","1.7212369441986084","16734347623444","0.32632199707627296","0.1270007133173222","14","85","N","49406.28423086554","1994-02-23 06:49:17.550","57607.32353999093","2016-08-07 07:45:53.857","0.10280859450427006","0.9213270895416419","0.3749490458459162","17981555","V-CM-TAU","97","3","83.63284697452033","22.0211635948915","w2_f673n","17.317991256713867","0.007099151611328125"
"Y","1.5573157554329797","0.7299932999851213","129.22246551467217","1.7212369441986084","16734347623444","0.32632199707627296","0.1270007133173222","14","85","N","49406.28423086554","1994-02-23 06:49:17.550","57607.32353999093","2016-08-07 07:45:53.857","0.10280859450427006","0.9213270895416419","0.3749490458459162","17981555","V-CM-TAU","97","3","83.63284697452033","22.0211635948915","w2_f814w","17.50469970703125","0.024690628051757812"
"Y","1.5573157554329797","0.7299932999851213","129.22246551467217","1.7212369441986084","16734347623444","0.32632199707627296","0.1270007133173222","14","85","N","49406.28423086554","1994-02-23 06:49:17.550","57607.32353999093","2016-08-07 07:45:53.857","0.10280859450427006","0.9213270895416419","0.3749490458459162","17981555","V-CM-TAU","97","1","83.63284697452033","22.0211635948915","w3_f160w","16.627899169921875","0"
"Y","0.9086666504542033","0","0","1.7212369441986084","16734347852227","0.3499999940395355","0","1","1","N","49407.28978644917","1994-02-24 06:57:17.550","49407.37335124053","1994-02-24 08:57:37.550","0.10280049870990556","0.9214009973806896","0.37476960854930463","32305523","CRAB-NEB-A","1","1","83.63385073910091","22.010073957702353","w2_f375n","18.643600463867188","0"
"Y","2.500734833569108","0.3413340822017411","148.29965596712574","1.7212369441986084","16734347852774","0.4021833254893621","0.16144040153333253","6","4","N","49457.16964748595","1994-04-15 04:04:17.547","56257.748980823904","2012-11-26 17:58:31.947","0.10279225531308321","0.9213970038103063","0.3747816879502901","21209410","NGC1952-BRTFIL","6","1","83.6343296752755","22.01082046514597","w2_f673n","19.295190811157227","0"
"Y","1.3443609528412386","0.3765949962474945","52.93454499586036","1.7212369441986084","16734347851934","0.31973290729371806","0.14563386587217836","13","69","N","49406.28423086554","1994-02-23 06:49:17.550","57607.32353999093","2016-08-07 07:45:53.857","0.10280020098844342","0.9213915829621397","0.3747928354826042","97841096","V-CM-TAU","78","1","83.63380451220101","22.011509386606523","w3_f160w","16.40530014038086","0"
"Y","1.3443609528412386","0.3765949962474945","52.93454499586036","1.7212369441986084","16734347851934","0.31973290729371806","0.14563386587217836","13","69","N","49406.28423086554","1994-02-23 06:49:17.550","57607.32353999093","2016-08-07 07:45:53.857","0.10280020098844342","0.9213915829621397","0.3747928354826042","97841096","V-CM-TAU","78","1","83.63380451220101","22.011509386606523","w2_f469n","18.047500610351562","0"
"Y","1.3443609528412386","0.3765949962474945","52.93454499586036","1.7212369441986084","16734347851934","0.31973290729371806","0.14563386587217836","13","69","N","49406.28423086554","1994-02-23 06:49:17.550","57607.32353999093","2016-08-07 07:45:53.857","0.10280020098844342","0.9213915829621397","0.3747928354826042","97841096","V-CM-TAU","78","1","83.63380451220101","22.011509386606523","w2_f658n","17.135000228881836","0"
"Y","1.3443609528412386","0.3765949962474945","52.93454499586036","1.7212369441986084","16734347851934","0.31973290729371806","0.14563386587217836","13","69","N","49406.28423086554","1994-02-23 06:49:17.550","57607.32353999093","2016-08-07 07:45:53.857","0.10280020098844342","0.9213915829621397","0.3747928354826042","97841096","V-CM-TAU","78","1","83.63380451220101","22.011509386606523","w2_f588n","17.38360023498535","0"
"Y","1.3443609528412386","0.3765949962474945","52.93454499586036","1.7212369441986084","16734347851934","0.31973290729371806","0.14563386587217836","13","69","N","49406.28423086554","1994-02-23 06:49:17.550","57607.32353999093","2016-08-07 07:45:53.857","0.10280020098844342","0.9213915829621397","0.3747928354826042","97841096","V-CM-TAU","78","2","83.63380451220101","22.011509386606523","w2_f814w","17.21994972229004","0.05335044860839844"
"Y","1.3443609528412386","0.3765949962474945","52.93454499586036","1.7212369441986084","16734347851934","0.31973290729371806","0.14563386587217836","13","69","N","49406.28423086554","1994-02-23 06:49:17.550","57607.32353999093","2016-08-07 07:45:53.857","0.10280020098844342","0.9213915829621397","0.3747928354826042","97841096","V-CM-TAU","78","1","83.63380451220101","22.011509386606523","w2_f673n","19.19179916381836","0"
"Y","1.3443609528412386","0.3765949962474945","52.93454499586036","1.7212369441986084","16734347851934","0.31973290729371806","0.14563386587217836","13","69","N","49406.28423086554","1994-02-23 06:49:17.550","57607.32353999093","2016-08-07 07:45:53.857","0.10280020098844342","0.9213915829621397","0.3747928354826042","97841096","V-CM-TAU","78","1","83.63380451220101","22.011509386606523","w3_f555w","18.625999450683594","0"
"Y","1.3443609528412386","0.3765949962474945","52.93454499586036","1.7212369441986084","16734347851934","0.31973290729371806","0.14563386587217836","13","69","N","49406.28423086554","1994-02-23 06:49:17.550","57607.32353999093","2016-08-07 07:45:53.857","0.10280020098844342","0.9213915829621397","0.3747928354826042","97841096","V-CM-TAU","78","34","83.63380451220101","22.011509386606523","a_f550m","17.491750717163086","0.04350090026855469"
"Y","1.3443609528412386","0.3765949962474945","52.93454499586036","1.7212369441986084","16734347851934","0.31973290729371806","0.14563386587217836","13","69","N","49406.28423086554","1994-02-23 06:49:17.550","57607.32353999093","2016-08-07 07:45:53.857","0.10280020098844342","0.9213915829621397","0.3747928354826042","97841096","V-CM-TAU","78","30","83.63380451220101","22.011509386606523","w2_f547m","18.330994606018066","0.2010946273803711"
"Y","1.3443609528412386","0.3765949962474945","52.93454499586036","1.7212369441986084","16734347851934","0.31973290729371806","0.14563386587217836","13","69","N","49406.28423086554","1994-02-23 06:49:17.550","57607.32353999093","2016-08-07 07:45:53.857","0.10280020098844342","0.9213915829621397","0.3747928354826042","97841096","V-CM-TAU","78","2","83.63380451220101","22.011509386606523","w2_f631n","16.181599617004395","0.974400520324707"
"Y","1.3443609528412386","0.3765949962474945","52.93454499586036","1.7212369441986084","16734347851934","0.31973290729371806","0.14563386587217836","13","69","N","49406.28423086554","1994-02-23 06:49:17.550","57607.32353999093","2016-08-07 07:45:53.857","0.10280020098844342","0.9213915829621397","0.3747928354826042","97841096","V-CM-TAU","78","1","83.63380451220101","22.011509386606523","w2_f375n","19.597700119018555","0"
"Y","1.3443609528412386","0.3765949962474945","52.93454499586036","1.7212369441986084","16734347851934","0.31973290729371806","0.14563386587217836","13","69","N","49406.28423086554","1994-02-23 06:49:17.550","57607.32353999093","2016-08-07 07:45:53.857","0.10280020098844342","0.9213915829621397","0.3747928354826042","97841096","V-CM-TAU","78","3","83.63380451220101","22.011509386606523","w2_f502n","17.864200592041016","0.05090141296386719"
"Y","1.3443609528412386","0.3765949962474945","52.93454499586036","1.7212369441986084","16734347851934","0.31973290729371806","0.14563386587217836","13","69","N","49406.28423086554","1994-02-23 06:49:17.550","57607.32353999093","2016-08-07 07:45:53.857","0.10280020098844342","0.9213915829621397","0.3747928354826042","97841096","V-CM-TAU","78","1","83.63380451220101","22.011509386606523","w2_f487n","17.98590087890625","0"
"Y","2.042792985062153","0.30029773074852456","102.84381562043237","1.7212369441986084","16734347852508","0.2909250035881996","0.07265962558161422","4","4","N","49406.412008657586","1994-02-23 09:53:17.550","56257.748980823904","2012-11-26 17:58:31.947","0.10277806090648181","0.9213979702988901","0.37478320473233684","95196209","NGC1952-BRTFIL","4","1","83.6352081070256","22.010914202407903","w2_f656n","19.987499237060547","0"
"Y","2.042792985062153","0.30029773074852456","102.84381562043237","1.7212369441986084","16734347852508","0.2909250035881996","0.07265962558161422","4","4","N","49406.412008657586","1994-02-23 09:53:17.550","56257.748980823904","2012-11-26 17:58:31.947","0.10277806090648181","0.9213979702988901","0.37478320473233684","95196209","NGC1952-BRTFIL","4","1","83.6352081070256","22.010914202407903","w2_f502n","19.20490074157715","0"
"Y","2.301887034253396","0.5332588992146726","184.335735571139","1.7212369441986084","16734347853030","0.1725333333015442","0.17505214150822357","3","3","N","49406.412008657586","1994-02-23 09:53:17.550","56257.748980823904","2012-11-26 17:58:31.947","0.10277387672887761","0.9214007335453017","0.3747775586931121","63904448","CRAB-NEB-A","3","1","83.63548402689044","22.010565276320115","w2_f502n","19.04400062561035","0"
"Y","2.5434483056780937","0","0","1.7212369441986084","16734347851082","0.3499999940395355","0","1","1","N","49406.412008657586","1994-02-23 09:53:17.550","49406.50182344904","1994-02-23 12:02:37.550","0.10275969171401866","0.9214044629619182","0.37477227938160956","15563891","CRAB-NEB-A","1","1","83.63638080648433","22.010239014927322","w2_f502n","19.922300338745117","0"
"Y","2.950444486406114","0","0","1.7212369441986084","16734347851568","0.3499999940395355","0","1","1","N","49407.28978644917","1994-02-24 06:57:17.550","49407.37335124053","1994-02-24 08:57:37.550","0.102750322687961","0.9214058192309452","0.37477151369403877","91926953","CRAB-NEB-A","1","1","83.63696553424579","22.01019169546329","w2_f375n","19.837099075317383","0"
"Y","0.8352325406185417","0","0","1.7212369441986084","16734347851025","0.3499999940395355","0","1","1","N","49421.29881423386","1994-03-10 07:10:17.553","49421.388629025314","1994-03-10 09:19:37.553","0.10276005660521774","0.9214005413112742","0.37478182084951484","89890263","CRAB-NEB-A","1","1","83.63633153253186","22.01082867839578","w2_f631n","19.379899978637695","0"
"Y","0.7936363870447333","0","0","1.7212369441986084","16734347838728","0.3499999940395355","0","1","1","N","49407.41756419884","1994-02-24 10:01:17.550","49407.50737899076","1994-02-24 12:10:37.550","0.10276849076563634","0.9213951342992004","0.37479280115423597","1266903","CRAB-NEB-A","1","1","83.6357764713588","22.01150726514588","w2_f469n","19.8528995513916","0"
"Y","1.9235740546826963","0.5863681868438309","143.5106184603493","1.7212369441986084","16734347838573","0.4377500116825104","0.06203561573312213","2","4","N","49407.28978644917","1994-02-24 06:57:17.550","53690.7415578193","2005-11-16 17:47:50.600","0.10279753784424045","0.9213897066944537","0.37479817855549374","108125044","CRAB-NEB-A","4","1","83.6339552239956","22.011839591227293","w2_f375n","18.044700622558594","0"
"Y","1.0548888974719577","0","0","1.7212369441986084","16734347838886","0.3499999940395355","0","1","1","N","49407.28978644917","1994-02-24 06:57:17.550","49407.37335124053","1994-02-24 08:57:37.550","0.1027796069509767","0.9213902611461827","0.3748017330021681","13715159","CRAB-NEB-A","1","1","83.63506033290479","22.0120592589329","w2_f375n","19.077800750732422","0"
"Y","0.8838888671663072","0","0","1.7212369441986084","16734347839378","0.3499999940395355","0","1","1","N","49407.28978644917","1994-02-24 06:57:17.550","49407.37335124053","1994-02-24 08:57:37.550","0.10277865750075822","0.9213893808841628","0.37480415733780703","1348130","CRAB-NEB-A","1","1","83.63511261708267","22.01220908476192","w2_f375n","18.129899978637695","0"
"Y","1.0059999757342868","0","0","1.7212369441986084","16734347839441","0.3499999940395355","0","1","1","N","49407.28978644917","1994-02-24 06:57:17.550","49407.37335124053","1994-02-24 08:57:37.550","0.10277714904357779","0.921388102375265","0.37480771395110724","50060439","CRAB-NEB-A","1","1","83.63519650710113","22.012428886518123","w2_f375n","17.255599975585938","0"
"Y","2.771265274830469","0.7360414594456163","309.18982726365675","1.7212369441986084","16734347832223","0.4459687476977706","0.21008084756717962","5","12","N","50102.313380544074","1996-01-20 07:31:16.083","57491.28130570147","2016-04-13 06:45:04.813","0.102791580493391","0.9213785574084342","0.3748272201195292","51848025","V-CM-TAU","14","1","83.63424472564283","22.013634390384475","w3_f160w","19.61050033569336","0"
"Y","2.3356641106946396","0.47651937016930473","215.3700226692169","1.7212369441986084","16734347839342","0.4619666635990143","0.23646884485501504","4","9","N","49406.28423086554","1994-02-23 06:49:17.550","56585.8071364467","2013-10-20 19:22:16.593","0.10277993464264186","0.9213835272097664","0.37481819704668623","37480174","CRAB-PULSAR-POS2","9","1","83.63499406958452","22.013076752642757","w2_f487n","19.644899368286133","0"
"Y","2.4830556591925355","0.6581588995162079","210.22729100217194","1.7212369441986084","16734347831685","0.5364500097930431","0.4015255361721926","4","3","N","51774.74667925015","2000-08-18 17:55:13.090","56760.93008142151","2014-04-13 22:19:19.040","0.10278636280811893","0.9213801725573056","0.3748246806690327","92253748","CRAB-PULSAR-POS1","4","1","83.63457626489911","22.0134774489694","w3_f160w","19.525299072265625","0"
"Y","1.906305584642622","0.6302924256344508","134.5979175093126","1.7212369441986084","16734347831737","0.38712499290704727","0.108893195571569","2","4","N","49407.28978644917","1994-02-24 06:57:17.550","56303.04192187032","2013-01-11 01:00:22.050","0.10278373241547256","0.9213797151967373","0.37482652627589047","3989639","CRAB-NEBULA","4","1","83.6347346909129","22.013591509739577","w2_f375n","18.737499237060547","0"
"Y","2.5101358229712267","0.4497364665502487","261.12356148149297","1.7212369441986084","16734347831745","0.3492500064894557","0.3513172850694174","4","12","N","51918.484875791706","2001-01-09 11:38:13.270","56257.77187970374","2012-11-26 18:31:30.410","0.10278714450680541","0.9213771999620399","0.3748317734002007","25937397","CRAB-PULSAR-POS2","13","1","83.63450788464337","22.01391578968618","w3_f160w","19.873600006103516","0"
"Y","2.4426254573564323","0.5322696367140923","188.27581145898154","1.7212369441986084","16734347831773","0.4286799907684326","0.4143341535220759","3","4","N","53645.741753025446","2005-10-02 17:48:07.463","57607.32353999093","2016-08-07 07:45:53.857","0.10277965518760482","0.9213779768852405","0.3748319172779471","32419013","CRAB-NEBULA","5","1","83.63497320615633","22.013924681742665","w3_f160w","19.75","0"
"Y","1.7914924606286533","0.6435140575541625","144.73614460851152","1.7212369441986084","16734347841512","0.3499999940395355","0","3","3","N","49721.350197560154","1995-01-04 08:24:17.070","52016.30017225444","2001-04-17 07:12:14.887","0.10274686600504394","0.9213838282589312","0.3748265232838032","26435470","NGC1952-BRTFIL","3","1","83.63702722307634","22.013591325025445","w2_f502n","19.68739128112793","0"
"Y","1.7914924606286533","0.6435140575541625","144.73614460851152","1.7212369441986084","16734347841512","0.3499999940395355","0","3","3","N","49721.350197560154","1995-01-04 08:24:17.070","52016.30017225444","2001-04-17 07:12:14.887","0.10274686600504394","0.9213838282589312","0.3748265232838032","26435470","NGC1952-BRTFIL","3","1","83.63702722307634","22.013591325025445","w2_f656n","19.81570053100586","0"
"Y","0.9612499990246512","0","0","1.7212369441986084","16734347832564","0.3499999940395355","0","1","1","N","49407.41756419884","1994-02-24 10:01:17.550","49407.50737899076","1994-02-24 12:10:37.550","0.10279842720264981","0.9213679788590433","0.37485134506791856","51028282","CRAB-NEB-A","1","1","83.63375170625737","22.015125354751856","w2_f469n","19.458200454711914","0"
"Y","1.7501683648587874","0.4796040350318117","50.39384412266154","1.7212369441986084","16734347832483","0.20609090680425818","0.07998963170355199","1","11","N","53718.560052684974","2005-12-14 13:26:28.557","57409.393259884324","2016-01-22 09:26:17.657","0.10279251947276791","0.9213661307358209","0.3748575077063403","23986820","V-CM-TAU","11","11","83.63410190084831","22.015506219047282","a_f550m","18.909400939941406","0.08519935607910156"
"Y","3.029234025285372","2.2380843657667446","42.45394090461581","1.7212369441986084","16734347832481","0.3415829750958909","0.14972406444792677","7","43","N","49407.28978644917","1994-02-24 06:57:17.550","57607.32353999093","2016-08-07 07:45:53.857","0.10279244570813988","0.9213658611175669","0.3748581906176898","50486432","V-CM-TAU","47","1","83.63410458400747","22.01554842462327","w3_f555w","17.629199981689453","0"
"Y","3.029234025285372","2.2380843657667446","42.45394090461581","1.7212369441986084","16734347832481","0.3415829750958909","0.14972406444792677","7","43","N","49407.28978644917","1994-02-24 06:57:17.550","57607.32353999093","2016-08-07 07:45:53.857","0.10279244570813988","0.9213658611175669","0.3748581906176898","50486432","V-CM-TAU","47","14","83.63410458400747","22.01554842462327","a_f550m","17.972899436950684","0.46140003204345703"
"Y","3.029234025285372","2.2380843657667446","42.45394090461581","1.7212369441986084","16734347832481","0.3415829750958909","0.14972406444792677","7","43","N","49407.28978644917","1994-02-24 06:57:17.550","57607.32353999093","2016-08-07 07:45:53.857","0.10279244570813988","0.9213658611175669","0.3748581906176898","50486432","V-CM-TAU","47","1","83.63410458400747","22.01554842462327","w3_f160w","15.15410041809082","0"
"Y","3.029234025285372","2.2380843657667446","42.45394090461581","1.7212369441986084","16734347832481","0.3415829750958909","0.14972406444792677","7","43","N","49407.28978644917","1994-02-24 06:57:17.550","57607.32353999093","2016-08-07 07:45:53.857","0.10279244570813988","0.9213658611175669","0.3748581906176898","50486432","V-CM-TAU","47","2","83.63410458400747","22.01554842462327","w2_f814w","16.941295623779297","0.11830520629882812"
"Y","3.029234025285372","2.2380843657667446","42.45394090461581","1.7212369441986084","16734347832481","0.3415829750958909","0.14972406444792677","7","43","N","49407.28978644917","1994-02-24 06:57:17.550","57607.32353999093","2016-08-07 07:45:53.857","0.10279244570813988","0.9213658611175669","0.3748581906176898","50486432","V-CM-TAU","47","27","83.63410458400747","22.01554842462327","w2_f547m","17.521900177001953","0.33308982849121094"
"Y","3.029234025285372","2.2380843657667446","42.45394090461581","1.7212369441986084","16734347832481","0.3415829750958909","0.14972406444792677","7","43","N","49407.28978644917","1994-02-24 06:57:17.550","57607.32353999093","2016-08-07 07:45:53.857","0.10279244570813988","0.9213658611175669","0.3748581906176898","50486432","V-CM-TAU","47","1","83.63410458400747","22.01554842462327","w2_f375n","17.81209945678711","0"
"Y","3.029234025285372","2.2380843657667446","42.45394090461581","1.7212369441986084","16734347832481","0.3415829750958909","0.14972406444792677","7","43","N","49407.28978644917","1994-02-24 06:57:17.550","57607.32353999093","2016-08-07 07:45:53.857","0.10279244570813988","0.9213658611175669","0.3748581906176898","50486432","V-CM-TAU","47","1","83.63410458400747","22.01554842462327","w2_f469n","16.46299934387207","0"
"Y","2.1136978175547654","0.28969646107113944","61.051280245726545","1.7212369441986084","16734347832481","0.4045000010728836","0.054240206372485965","6","5","N","49421.17311981693","1994-03-10 04:09:17.553","56396.14587093517","2013-04-14 03:30:03.250","0.10279190163394283","0.9213659005152216","0.3748582429755164","81450222","CRAB-PULSAR-POS2","8","1","83.6341382716698","22.015551660459238","a_f550m","18.912799835205078","0"
"Y","2.1136978175547654","0.28969646107113944","61.051280245726545","1.7212369441986084","16734347832481","0.4045000010728836","0.054240206372485965","6","5","N","49421.17311981693","1994-03-10 04:09:17.553","56396.14587093517","2013-04-14 03:30:03.250","0.10279190163394283","0.9213659005152216","0.3748582429755164","81450222","CRAB-PULSAR-POS2","8","1","83.6341382716698","22.015551660459238","w2_f631n","16.34429931640625","0"
"Y","2.1136978175547654","0.28969646107113944","61.051280245726545","1.7212369441986084","16734347832481","0.4045000010728836","0.054240206372485965","6","5","N","49421.17311981693","1994-03-10 04:09:17.553","56396.14587093517","2013-04-14 03:30:03.250","0.10279190163394283","0.9213659005152216","0.3748582429755164","81450222","CRAB-PULSAR-POS2","8","1","83.6341382716698","22.015551660459238","w2_f300w","19.378000259399414","0"
"Y","2.1136978175547654","0.28969646107113944","61.051280245726545","1.7212369441986084","16734347832481","0.4045000010728836","0.054240206372485965","6","5","N","49421.17311981693","1994-03-10 04:09:17.553","56396.14587093517","2013-04-14 03:30:03.250","0.10279190163394283","0.9213659005152216","0.3748582429755164","81450222","CRAB-PULSAR-POS2","8","1","83.6341382716698","22.015551660459238","w2_f588n","16.93899917602539","0"
"Y","2.1136978175547654","0.28969646107113944","61.051280245726545","1.7212369441986084","16734347832481","0.4045000010728836","0.054240206372485965","6","5","N","49421.17311981693","1994-03-10 04:09:17.553","56396.14587093517","2013-04-14 03:30:03.250","0.10279190163394283","0.9213659005152216","0.3748582429755164","81450222","CRAB-PULSAR-POS2","8","3","83.6341382716698","22.015551660459238","w2_f547m","17.189800262451172","0.32810020446777344"
"Y","2.1136978175547654","0.28969646107113944","61.051280245726545","1.7212369441986084","16734347832481","0.4045000010728836","0.054240206372485965","6","5","N","49421.17311981693","1994-03-10 04:09:17.553","56396.14587093517","2013-04-14 03:30:03.250","0.10279190163394283","0.9213659005152216","0.3748582429755164","81450222","CRAB-PULSAR-POS2","8","1","83.6341382716698","22.015551660459238","w2_f814w","16.48859977722168","0"
"Y","1.6265623180140643","0.43555696593293225","49.14333919556023","1.7212369441986084","16734347832494","0.25915624864399434","0.11621671384210484","4","15","N","49406.28423086554","1994-02-23 06:49:17.550","57409.393259884324","2016-01-22 09:26:17.657","0.10279228254948031","0.9213657199501422","0.37485858235274344","72603033","V-CM-TAU","16","1","83.63411363806364","22.01557263458062","w2_f547m","17.209489822387695","0"
"Y","1.6265623180140643","0.43555696593293225","49.14333919556023","1.7212369441986084","16734347832494","0.25915624864399434","0.11621671384210484","4","15","N","49406.28423086554","1994-02-23 06:49:17.550","57409.393259884324","2016-01-22 09:26:17.657","0.10279228254948031","0.9213657199501422","0.37485858235274344","72603033","V-CM-TAU","16","1","83.63411363806364","22.01557263458062","w2_f502n","16.415800094604492","0"
"Y","1.6265623180140643","0.43555696593293225","49.14333919556023","1.7212369441986084","16734347832494","0.25915624864399434","0.11621671384210484","4","15","N","49406.28423086554","1994-02-23 06:49:17.550","57409.393259884324","2016-01-22 09:26:17.657","0.10279228254948031","0.9213657199501422","0.37485858235274344","72603033","V-CM-TAU","16","1","83.63411363806364","22.01557263458062","w2_f487n","16.611000061035156","0"
"Y","1.6265623180140643","0.43555696593293225","49.14333919556023","1.7212369441986084","16734347832494","0.25915624864399434","0.11621671384210484","4","15","N","49406.28423086554","1994-02-23 06:49:17.550","57409.393259884324","2016-01-22 09:26:17.657","0.10279228254948031","0.9213657199501422","0.37485858235274344","72603033","V-CM-TAU","16","13","83.63411363806364","22.01557263458062","a_f550m","18.1742000579834","0.11809921264648438"
"Y","2.134692585026776","0.6826490164065143","49.98392190421183","1.7212369441986084","16734347829821","0.44220001101493833","0.051641319902626194","2","5","N","49407.28978644917","1994-02-24 06:57:17.550","53718.58883813443","2005-12-14 14:07:55.620","0.10275965010423052","0.9213729964542073","0.3748496442233253","69836871","CRAB-NEB-A","5","1","83.63616781637649","22.015020238386263","w2_f375n","18.593599319458008","0"
"Y","2.4717157422015377","0.0856773983239138","32.650698472181496","1.7212369441986084","16734347841013","0.5595786469170216","0.4236681989544243","2","2","N","49457.16964748595","1994-04-15 04:04:17.547","56257.748980823904","2012-11-26 17:58:31.947","0.10273208411060267","0.9213841763063977","0.37482971940194654","1170996","NGC1952-BRTFIL","2","1","83.63793752253179","22.013788849869297","w2_f658n","19.415800094604492","0"
"Y","2.0319565251346132","0.2665097510370571","97.03485688826157","1.7212369441986084","16734347839852","0.33086250349879265","0.13515851163715017","4","8","N","49420.234230865724","1994-03-09 05:37:17.550","56257.748980823904","2012-11-26 17:58:31.947","0.1027285211255227","0.9213884223058048","0.3748202585491038","27848229","CRAB-PULSAR-POS2","8","1","83.63818544103606","22.013204155831353","w2_f673n","19.145490646362305","0"
"Y","2.5257081797770584","0.48300678174359774","95.67510250578434","1.7212369441986084","16734347840893","0.4885190955128116","0.33004204490251127","3","3","N","49457.16964748595","1994-04-15 04:04:17.547","56257.748980823904","2012-11-26 17:58:31.947","0.10273540738047209","0.9213825404915431","0.3748328296259451","63060217","NGC1952-BRTFIL","3","1","83.63772220150966","22.013981066308094","w2_f658n","19.498899459838867","0"
"Y","1.9153711034273793","0.44169701509861214","83.02956331096769","1.7212369441986084","16734347838403","0.3549087775799266","0.11197861691697666","4","56","N","50026.63422531029","1995-11-05 15:13:17.070","57607.32353999093","2016-08-07 07:45:53.857","0.10272878421007818","0.9213721508009397","0.37486018278421124","72562587","V-CM-TAU","57","1","83.63805785295068","22.015671544932612","w3_f160w","19.534700393676758","0"
"Y","2.4848551484023154","1.1315986773990738","64.43321031661722","1.7212369441986084","16734347808893","0.45368749484419824","0.17094442522072387","2","8","N","49723.69950313633","1995-01-06 16:47:17.073","54332.07913000928","2007-08-20 01:53:56.837","0.10270925853723137","0.9213707757635862","0.37486891281093965","20963829","NGC1952-BRTFIL","8","7","83.63924774142436","22.0162110818881","w2_f547m","18.166200637817383","0.21380996704101562"
"Y","2.0421805556188546","0.295516437746495","60.22916444200709","1.7212369441986084","16734347808858","0.3766428554058075","0.04366034718139285","2","7","N","51994.51961643994","2001-03-26 12:28:14.867","53682.348351888824","2005-11-08 08:21:37.607","0.10270856821008653","0.9213708898485237","0.37486882156009743","72236215","CRAB-PULSAR-POS2","7","4","83.6392909239058","22.016205442244402","w2_f547m","17.942845344543457","0.10370063781738281"
"Y","3.18534748791928","0","0","1.7212369441986084","16734347807553","0.45499999999999996","0","1","1","N","49721.350197560154","1995-01-04 08:24:17.070","49721.5712623517","1995-01-04 13:42:37.070","0.1026074987983045","0.9214097799420258","0.37480090530711074","71315884","NGC1952-BRTFIL","1","1","83.64576490654443","22.01200810677018","w2_f656n","19.487899780273438","0"
"Y","2.661098265721455","0.3375073905120665","46.85709021846921","1.7212369441986084","16734347818287","0.4287499985098838","0.05250000298023222","4","4","N","49457.16964748595","1994-04-15 04:04:17.547","49943.827743689995","1995-08-14 19:51:57.057","0.10261308638363381","0.9214032513796578","0.37481542504386256","58786135","NGC1952-BRTFIL","4","1","83.64537705460111","22.012905439848915","w2_f502n","19.55030059814453","0"
"Y","2.661098265721455","0.3375073905120665","46.85709021846921","1.7212369441986084","16734347818287","0.4287499985098838","0.05250000298023222","4","4","N","49457.16964748595","1994-04-15 04:04:17.547","49943.827743689995","1995-08-14 19:51:57.057","0.10261308638363381","0.9214032513796578","0.37481542504386256","58786135","NGC1952-BRTFIL","4","1","83.64537705460111","22.012905439848915","w2_f658n","19.782899856567383","0"
"Y","2.6253776968065705","0","0","1.7212369441986084","16734347807435","0.45499999999999996","0","1","1","N","49721.350197560154","1995-01-04 08:24:17.070","49721.5712623517","1995-01-04 13:42:37.070","0.10260273281847335","0.9214055663365035","0.3748125685509274","85068660","NGC1952-BRTFIL","1","1","83.64602881918398","22.012728905506478","w2_f656n","19.91629981994629","0"
"Y","2.058940083863932","0.43449392893288763","0","1.7212369441986084","16734347811157","0.6550000309944153","0","3","1","N","51881.53904194897","2000-12-03 12:56:13.227","51881.82214374747","2000-12-03 19:43:53.223","0.10265786240535683","0.9213782431148759","0.37486463746798965","11098144","CRAB-FIELD-4","3","1","83.64245572280865","22.015946854889012","w2_f673n","19.74549102783203","0"
"Y","2.4763273765528866","0.252611973288635","99.18987632320531","1.7212369441986084","16734347830918","0.4024999970197678","0.05751087180272327","3","5","N","49406.412008657586","1994-02-23 09:53:17.550","51881.82214374747","2000-12-03 19:43:53.223","0.10278840036679875","0.9213606768480347","0.3748720420530799","2261834","CRAB-PULSAR","6","1","83.63431752994327","22.016404477271692","w2_f673n","19.502090454101562","0"
"Y","0.7879545742815192","0","0","1.7212369441986084","16734347833075","0.3499999940395355","0","1","1","N","49406.28423086554","1994-02-23 06:49:17.550","49406.36779565737","1994-02-23 08:49:37.550","0.10277436282298627","0.9213602439442027","0.37487695478052413","92301452","CRAB-NEB-A","1","1","83.6351767737579","22.01670809718049","w2_f487n","19.892900466918945","0"
"Y","1.0046453050899566","0","0","1.7212369441986084","16734347615037","0.7275","0","1","1","N","49407.28978644917","1994-02-24 06:57:17.550","49407.37335124053","1994-02-24 08:57:37.550","0.102777140242294","0.9213451995153753","0.3749131669802562","28623692","CRAB-NEB-A","1","1","83.63490310015017","22.01894612919723","w2_f375n","18.40049934387207","0"
"Y","3.775113653548491","0.7937033011630715","176.16734116612946","1.7212369441986084","16734347614465","0.9760499787330628","0.3515027508518417","2","2","N","49407.28978644917","1994-02-24 06:57:17.550","56257.77187970374","2012-11-26 18:31:30.410","0.10276735751063248","0.921354531549645","0.37489291460873025","97348710","CRAB-NEB-A","2","1","83.63556791780448","22.017694462246986","w2_f375n","18.40250015258789","0"
"Y","1.1735091176485013","0","0","1.7212369441986084","16734347615495","0.7275","0","1","1","N","49407.28978644917","1994-02-24 06:57:17.550","49407.37335124053","1994-02-24 08:57:37.550","0.1027626414497396","0.921353982907313","0.37489555572818123","50820192","CRAB-NEB-A","1","1","83.63585383071296","22.01785769197122","w2_f375n","18.489299774169922","0"
"Y","2.3047821549073615","0.22394313181414552","44.89765340172876","1.7212369441986084","16734347616046","0.38499999602635704","0.060621781706186456","3","3","N","49420.234230865724","1994-03-09 05:37:17.550","49722.375429053325","1995-01-05 09:00:37.073","0.10275196101382422","0.9213475535116696","0.37491428373197416","21396044","NGC1952-BRTFIL","3","1","83.63646580790389","22.019015148670928","w2_f673n","19.566490173339844","0"
"Y","1.4169184642976143","0","0","1.7212369441986084","16734347616013","0.45499999999999996","0","1","1","N","49421.29881423386","1994-03-10 07:10:17.553","49421.388629025314","1994-03-10 09:19:37.553","0.10274542845137825","0.9213483935593477","0.37491400963264876","90354990","CRAB-NEB-A","1","1","83.63687281176162","22.018998208292018","w2_f631n","19.995399475097656","0"
"Y","2.268437842533885","1.8395187436432154","25.19201526051184","1.7212369441986084","16734347808853","0.21176176123759327","0.086642154172679","3","34","N","51620.37100535631","2000-03-17 08:54:14.867","57607.32353999093","2016-08-07 07:45:53.857","0.10270878967015248","0.9213707039178287","0.3748692178452678","60328241","V-CM-TAU","34","5","83.63927604830245","22.01622993391856","w2_f547m","18.062700271606445","0.11750984191894531"
"Y","2.268437842533885","1.8395187436432154","25.19201526051184","1.7212369441986084","16734347808853","0.21176176123759327","0.086642154172679","3","34","N","51620.37100535631","2000-03-17 08:54:14.867","57607.32353999093","2016-08-07 07:45:53.857","0.10270878967015248","0.9213707039178287","0.3748692178452678","60328241","V-CM-TAU","34","1","83.63927604830245","22.01622993391856","w3_f160w","15.869199752807617","0"
"Y","2.268437842533885","1.8395187436432154","25.19201526051184","1.7212369441986084","16734347808853","0.21176176123759327","0.086642154172679","3","34","N","51620.37100535631","2000-03-17 08:54:14.867","57607.32353999093","2016-08-07 07:45:53.857","0.10270878967015248","0.9213707039178287","0.3748692178452678","60328241","V-CM-TAU","34","28","83.63927604830245","22.01622993391856","a_f550m","17.96969985961914","0.7045001983642578"
"Y","2.03453469374279","0.5560925851548575","48.04867189573718","1.7212369441986084","16734347808860","0.4233170101092804","0.13944866654596633","5","19","N","49722.15436426131","1995-01-05 03:42:17.073","53699.73406963423","2005-11-25 17:37:03.620","0.10270834035257242","0.9213706372464573","0.37486950482490883","57447958","NGC1952-BRTFIL","21","1","83.63930318984498","22.01624766994958","w2_f502n","17.674299240112305","0"
"Y","2.03453469374279","0.5560925851548575","48.04867189573718","1.7212369441986084","16734347808860","0.4233170101092804","0.13944866654596633","5","19","N","49722.15436426131","1995-01-05 03:42:17.073","53699.73406963423","2005-11-25 17:37:03.620","0.10270834035257242","0.9213706372464573","0.37486950482490883","57447958","NGC1952-BRTFIL","21","1","83.63930318984498","22.01624766994958","w2_f814w","16.58880043029785","0"
"Y","2.03453469374279","0.5560925851548575","48.04867189573718","1.7212369441986084","16734347808860","0.4233170101092804","0.13944866654596633","5","19","N","49722.15436426131","1995-01-05 03:42:17.073","53699.73406963423","2005-11-25 17:37:03.620","0.10270834035257242","0.9213706372464573","0.37486950482490883","57447958","NGC1952-BRTFIL","21","16","83.63930318984498","22.01624766994958","w2_f547m","18.057499885559082","0.18105411529541016"
"Y","2.03453469374279","0.5560925851548575","48.04867189573718","1.7212369441986084","16734347808860","0.4233170101092804","0.13944866654596633","5","19","N","49722.15436426131","1995-01-05 03:42:17.073","53699.73406963423","2005-11-25 17:37:03.620","0.10270834035257242","0.9213706372464573","0.37486950482490883","57447958","NGC1952-BRTFIL","21","1","83.63930318984498","22.01624766994958","w2_f300w","19.965999603271484","0"
"Y","1.2084723896178415","0","0","1.7212369441986084","16734347616134","0.7275","0","1","1","N","49407.41756419884","1994-02-24 10:01:17.550","49407.50737899076","1994-02-24 12:10:37.550","0.10276393430759133","0.9213457498224783","0.37491543458671267","54922111","CRAB-NEB-A","1","1","83.63571801661143","22.019086275846238","w2_f469n","19.68589973449707","0"
"Y","1.7139603488488684","1.0263824062603433","210.72041862200078","1.7212369441986084","16734347623725","0.5942500126361847","0.1884439393159512","2","2","N","49407.28978644917","1994-02-24 06:57:17.550","53682.348351888824","2005-11-08 08:21:37.607","0.1027784579006438","0.9213327290938325","0.37494345029178267","80328049","CRAB-NEB-A","2","1","83.6347367191178","22.02081776348339","w2_f375n","18.91629981994629","0"
"Y","1.0259586625394568","0","0","1.7212369441986084","16734347641624","0.45499999999999996","0","1","1","N","49407.41756419884","1994-02-24 10:01:17.550","49407.50737899076","1994-02-24 12:10:37.550","0.10269868600935723","0.9213490941674592","0.374925094613418","64485088","CRAB-NEB-A","1","1","83.63974868686793","22.01968330355708","w2_f469n","18.334299087524414","0"
"Y","2.447197570913309","0","0","1.7212369441986084","16734347641188","0.45499999999999996","0","1","1","N","49407.41756419884","1994-02-24 10:01:17.550","49407.50737899076","1994-02-24 12:10:37.550","0.10268503651377646","0.9213482162819162","0.3749309904936301","28892426","CRAB-NEB-A","1","1","83.64058108053436","22.02004769342232","w2_f469n","19.799699783325195","0"
"Y","2.7468312631495224","0.17796759409788612","189.68450751264845","1.7212369441986084","16734347613938","0.3629999911785126","0.08623805249019699","3","3","N","49407.28978644917","1994-02-24 06:57:17.550","56257.748980823904","2012-11-26 17:58:31.947","0.10272737096383378","0.9213389607656394","0.3749421377100284","48007518","CRAB-PULSAR-POS2","3","1","83.63791735856569","22.020736640241918","w2_f375n","19.075300216674805","0"
"Y","2.4538164249693577","0.4233575507699557","167.06189496334363","1.7212369441986084","16734347613779","0.3868181829019026","0.04591615895625084","3","10","N","49407.28978644917","1994-02-24 06:57:17.550","53718.58883813443","2005-12-14 14:07:55.620","0.10272984123779566","0.921335881944001","0.37494902638095984","51420331","CRAB-PULSAR-POS2","10","1","83.63774453844009","22.02116239169943","w2_f375n","18.90089988708496","0"
"Y","1.1087356627672569","0","0","1.7212369441986084","16734347644318","0.3499999940395355","0","1","1","N","51881.65640307404","2000-12-03 15:45:13.227","51881.75385674089","2000-12-03 18:05:33.227","0.102702288260011","0.9213399484101991","0.37494658215955334","59764366","CRAB-FIELD-4","1","1","83.63946480320834","22.021011327356327","w2_f502n","19.09889030456543","0"
"Y","2.0967890590386826","0.9403565282588342","142.60930783001893","1.7212369441986084","16734347644704","0.3028750014305115","0.20642528055725687","3","4","N","49407.41756419884","1994-02-24 10:01:17.550","53699.73406963423","2005-11-25 17:37:03.620","0.10269237254533539","0.9213421886109449","0.3749437932806795","11213499","CRAB-PULSAR-POS2","4","1","83.64008920601765","22.020838961898367","w2_f469n","19.457599639892578","0"
"Y","2.744675574804263","0.07460884667070962","118.00908094746343","1.7212369441986084","16734347644824","0.45499999999999996","0","2","2","N","49407.28978644917","1994-02-24 06:57:17.550","49421.388629025314","1994-03-10 09:19:37.553","0.10269305563611811","0.9213394755811338","0.3749502727848164","31818576","CRAB-NEB-A","2","1","83.6400286732819","22.0212394255989","w2_f375n","18.880399703979492","0"
"Y","2.5392227214096","0.21990806917408157","192.05901082022484","1.7212369441986084","16734347643216","0.3617799924612045","0.0330002644213517","6","8","N","49421.29881423386","1994-03-10 07:10:17.553","56257.748980823904","2012-11-26 17:58:31.947","0.10270609455215074","0.921335250774565","0.3749570826436904","47147946","CRAB-PULSAR-POS2","10","1","83.63919883883338","22.02166030783266","w2_f673n","19.822589874267578","0"
"Y","2.705014736603143","0","0","1.7212369441986084","16734347643819","0.45499999999999996","0","1","1","N","49407.41756419884","1994-02-24 10:01:17.550","49407.50737899076","1994-02-24 12:10:37.550","0.10270767711396246","0.9213318009594276","0.37496512585154357","49819151","CRAB-NEB-A","1","1","83.63907800845942","22.022157418635505","w2_f469n","19.792299270629883","0"
"Y","2.703406479840807","0.33213507606261755","275.21599430461373","1.7212369441986084","16734347644018","0.40529472997314053","0.17011170406571194","9","15","N","49406.412008657586","1994-02-23 09:53:17.550","56303.04192187032","2013-01-11 01:00:22.050","0.10268370514269334","0.9213369391724724","0.3749590660521327","3663985","CRAB-PULSAR-POS2","19","1","83.64058565837523","22.02178289234036","w2_f673n","19.3063907623291","0"
"Y","2.654879899288098","0.4858580781258699","272.49006074053256","1.7212369441986084","16734347643706","0.3843999975522359","0.05043355407676181","7","13","N","49406.412008657586","1994-02-23 09:53:17.550","53718.58883813443","2005-12-14 14:07:55.620","0.1026965259541582","0.9213346186541392","0.3749612567162127","92167863","CRAB-PULSAR-POS2","15","1","83.63978225752673","22.0219182862351","w2_f375n","18.8843994140625","0"
"Y","2.654879899288098","0.4858580781258699","272.49006074053256","1.7212369441986084","16734347643706","0.3843999975522359","0.05043355407676181","7","13","N","49406.412008657586","1994-02-23 09:53:17.550","53718.58883813443","2005-12-14 14:07:55.620","0.1026965259541582","0.9213346186541392","0.3749612567162127","92167863","CRAB-PULSAR-POS2","15","1","83.63978225752673","22.0219182862351","w2_f673n","19.21259117126465","0"
"Y","1.369266770237897","0.3128817856458984","13.798971071275076","1.7212369441986084","16734347811123","0.2187941197086783","0.06316843655655989","3","16","N","49943.67103069695","1995-08-14 16:06:17.053","55543.29018025007","2010-12-13 06:57:51.577","0.10265975992723582","0.9213740307651164","0.374874471212671","20998351","CRAB-PULSAR","17","1","83.64231034450616","22.016554605379046","w2_f814w","18.90489959716797","0"
"Y","1.0906265345468975","0.08183729834961354","11.59087698863729","1.7212369441986084","16734347811121","0.18686071197901452","0.06993342794944404","3","27","N","55934.764193217736","2012-01-08 18:20:26.297","57607.32353999093","2016-08-07 07:45:53.857","0.10265959006462547","0.9213740215867566","0.3748745402323224","92489951","V-CM-TAU","28","1","83.64232071509836","22.01655887146768","w3_f160w","17.612600326538086","0"
"Y","3.371752280843222","0","0","1.7212369441986084","16734347634410","0.45499999999999996","0","1","1","N","49721.350197560154","1995-01-04 08:24:17.070","49721.5712623517","1995-01-04 13:42:37.070","0.10265068651111162","0.921371410516717","0.37488339579423463","36139608","NGC1952-BRTFIL","1","1","83.64284972730873","22.017106170237525","w2_f656n","19.85930061340332","0"
"Y","2.2418773569782746","0.6270665488950553","37.297471289785406","1.7212369441986084","16734347636638","0.41030000782012943","0.026475457716088432","2","5","N","49721.350197560154","1995-01-04 08:24:17.070","53673.68877983093","2005-10-30 16:31:50.583","0.10265050722744354","0.9213584744729013","0.3749152369852872","61221528","NGC1952-BRTFIL","5","1","83.64277221475874","22.019074062872118","w2_f656n","19.004600524902344","0"
"Y","2.064114500736368","1.4026391250747323","0","1.7212369441986084","16734347636699","0.3499999940395355","0","2","1","N","51881.65640307404","2000-12-03 15:45:13.227","51881.82214374747","2000-12-03 19:43:53.223","0.10264887199901213","0.9213592389885389","0.37491380586879275","51857293","CRAB-FIELD-4","2","1","83.64287788842859","22.018985614658714","w2_f502n","19.987890243530273","0"
"Y","2.829154092379567","0","0","1.7212369441986084","16734347636675","0.45499999999999996","0","1","1","N","49721.350197560154","1995-01-04 08:24:17.070","49721.5712623517","1995-01-04 13:42:37.070","0.10264260371689436","0.9213601103952512","0.37491338049686584","55789506","NGC1952-BRTFIL","1","1","83.6432688729199","22.01895932533243","w2_f656n","19.674400329589844","0"
"Y","1.187020610567391","0","0","1.7212369441986084","16734347641105","0.45499999999999996","0","1","1","N","49406.28423086554","1994-02-23 06:49:17.550","49406.36779565737","1994-02-23 08:49:37.550","0.10267929770231661","0.9213501494882711","0.3749278115340023","60191624","CRAB-NEB-A","1","1","83.6409468145951","22.019851220428954","w2_f487n","19.892000198364258","0"
"Y","1.7517699604540797","0","0","1.7212369441986084","16734347642576","0.45499999999999996","0","1","1","N","49407.41756419884","1994-02-24 10:01:17.550","49407.50737899076","1994-02-24 12:10:37.550","0.10266598734927242","0.921345792886375","0.3749421621724907","31474433","CRAB-NEB-A","1","1","83.6417345706495","22.020738152109853","w2_f469n","18.702600479125977","0"
"Y","3.405287186544827","0","0","1.7212369441986084","16734347635061","0.45499999999999996","0","1","1","N","49721.350197560154","1995-01-04 08:24:17.070","49721.5712623517","1995-01-04 13:42:37.070","0.10264543100043455","0.9213533277998314","0.3749292744608993","38945504","NGC1952-BRTFIL","1","1","83.643048796928","22.0199416353968","w2_f656n","19.656600952148438","0"
"Y","0.9533910868315815","0","0","1.7212369441986084","16734347634769","0.45499999999999996","0","1","1","N","49407.28978644917","1994-02-24 06:57:17.550","49407.37335124053","1994-02-24 08:57:37.550","0.10263020569518827","0.9213456775119395","0.37495224150782297","10881772","CRAB-NEB-A","1","1","83.64393165590059","22.02136110206864","w2_f375n","18.391300201416016","0"
"Y","0.8056046864276086","0","0","1.7212369441986084","16734347642036","0.45499999999999996","0","1","1","N","49407.41756419884","1994-02-24 10:01:17.550","49407.50737899076","1994-02-24 12:10:37.550","0.10264147035770169","0.921342399863211","0.37495721193189663","11176832","CRAB-NEB-A","1","1","83.64321729725152","22.021668298482084","w2_f469n","19.339399337768555","0"
"Y","0.8465517526385428","0","0","1.7212369441986084","16734347635223","0.3499999940395355","0","1","1","N","51571.46544912504","2000-01-28 11:10:14.810","51571.56290287478","2000-01-28 13:30:34.810","0.1026201435344517","0.9213552835013532","0.3749313906641196","62238335","CRAB-FIELD-5","1","1","83.64461544313289","22.020072425676723","w2_f502n","19.747400283813477","0"
"Y","2.7582289541440215","0.16256600614734817","86.79824829445552","1.7212369441986084","16734347634738","0.659375","0.1782933144078201","3","4","N","49420.234230865724","1994-03-09 05:37:17.550","49722.375429053325","1995-01-05 09:00:37.073","0.10262369876516364","0.9213415488167965","0.3749641674561308","83081456","NGC1952-BRTFIL","4","1","83.64430309588465","22.022098184895242","w2_f658n","19.44809913635254","0"
"Y","0.9260000122918023","0","0","1.7212369441986084","16734343363800","0.3499999940395355","0","1","1","N","49407.28978644917","1994-02-24 06:57:17.550","49407.37335124053","1994-02-24 08:57:37.550","0.10298658925461761","0.9212990454605514","0.37496910708467585","36752405","CRAB-NEB-A","1","1","83.62172160260928","22.022403479577658","w2_f375n","19.456199645996094","0"
"Y","0.9222222036785549","0","0","1.7212369441986084","16734343363126","0.3499999940395355","0","1","1","N","49407.28978644917","1994-02-24 06:57:17.550","49407.37335124053","1994-02-24 08:57:37.550","0.10297145584347518","0.9213005286280779","0.37496961907847254","91800539","CRAB-NEB-A","1","1","83.62266132118215","22.02243512348904","w2_f375n","19.701900482177734","0"
"Y","1.233522729440169","0","0","1.7212369441986084","16734343363314","0.3530000150203705","0","1","1","N","49406.28423086554","1994-02-23 06:49:17.550","49406.36779565737","1994-02-23 08:49:37.550","0.10296775332274521","0.921298081587927","0.3749766481239174","59817235","CRAB-NEB-A","1","1","83.62287194196445","22.022869556222947","w2_f487n","19.68199920654297","0"
"Y","2.6793240812132195","0.4118943644333463","146.05922369294075","1.7212369441986084","16734343363229","0.3499999940395355","0","5","4","N","49406.412008657586","1994-02-23 09:53:17.550","51961.4911264861","2001-02-21 11:47:13.330","0.1029734812070972","0.921296858660057","0.37497807988109094","12303409","CRAB-PULSAR-POS2","5","1","83.622511722489","22.022958046663405","w2_f502n","19.964099884033203","0"
"Y","2.6793240812132195","0.4118943644333463","146.05922369294075","1.7212369441986084","16734343363229","0.3499999940395355","0","5","4","N","49406.412008657586","1994-02-23 09:53:17.550","51961.4911264861","2001-02-21 11:47:13.330","0.1029734812070972","0.921296858660057","0.37497807988109094","12303409","CRAB-PULSAR-POS2","5","1","83.622511722489","22.022958046663405","w2_f375n","19.830299377441406","0"
"Y","1.9967957566327281","0.30716859176337125","81.37155926354605","1.7212369441986084","16734343364409","0.3714666724205017","0.014566926462400712","3","15","N","49407.28978644917","1994-02-24 06:57:17.550","53718.58883813443","2005-12-14 14:07:55.620","0.10299758539299855","0.9212918277565886","0.37498382039989675","49573107","CRAB-PULSAR-POS2","15","1","83.62099662822474","22.02331284216685","w2_f375n","19.090099334716797","0"
"Y","1.1206864435802666","0.22334291688191665","39.773030205309794","1.7212369441986084","16734343361498","0.23618333116173745","0.08609331371928985","8","57","N","49406.412008657586","1994-02-23 09:53:17.550","57607.32353999093","2016-08-07 07:45:53.857","0.10301087060180952","0.9212851645871862","0.37499654140165467","77020130","V-CM-TAU","60","1","83.62013485077046","22.024099074600812","w3_f160w","17.579700469970703","0"
"Y","1.1206864435802666","0.22334291688191665","39.773030205309794","1.7212369441986084","16734343361498","0.23618333116173745","0.08609331371928985","8","57","N","49406.412008657586","1994-02-23 09:53:17.550","57607.32353999093","2016-08-07 07:45:53.857","0.10301087060180952","0.9212851645871862","0.37499654140165467","77020130","V-CM-TAU","60","1","83.62013485077046","22.024099074600812","w2_f814w","19.052200317382812","0"
"Y","2.0569768062857694","0","0","1.7212369441986084","16734343363932","0.3499999940395355","0","1","1","N","49721.350197560154","1995-01-04 08:24:17.070","49721.5712623517","1995-01-04 13:42:37.070","0.10298948034728393","0.9212896641021133","0.374991362242545","104775976","NGC1952-BRTFIL","1","1","83.62147960841072","22.023778972026598","w2_f656n","19.871999740600586","0"
"Y","0.9972221983803643","0","0","1.7212369441986084","16734343361233","0.3499999940395355","0","1","1","N","49407.28978644917","1994-02-24 06:57:17.550","49407.37335124053","1994-02-24 08:57:37.550","0.10298904041640365","0.9212851840691563","0.37500248955115534","88113635","CRAB-NEB-A","1","1","83.62147586865275","22.02446670654096","w2_f375n","18.992000579833984","0"
"Y","1.8433888532497265","0.19005453230389047","152.0464242302557","1.7212369441986084","16734343363273","0.408500000834465","0.08273150300830752","2","2","N","49407.28978644917","1994-02-24 06:57:17.550","53673.68877983093","2005-10-30 16:31:50.583","0.10296304872576327","0.921296829042904","0.3749810174097142","89534113","CRAB-NEB-A","2","1","83.62315231453996","22.02313960191474","w2_f375n","17.8302001953125","0"
"Y","2.6660589972325135","0.5380505982541145","165.53573565530303","1.7212369441986084","16734343349797","0.5815999954938889","0.36762546795645445","4","3","N","49407.28978644917","1994-02-24 06:57:17.550","56396.14587093517","2013-04-14 03:30:03.250","0.10293015141377156","0.9213093881308487","0.3749591914753708","41684410","CRAB-NEBULA","4","1","83.62525916489362","22.0217906441251","w2_f375n","19.86639976501465","0"
"Y","2.6065910404378716","0","0","1.7212369441986084","16734343350009","0.3499999940395355","0","1","1","N","49406.28423086554","1994-02-23 06:49:17.550","49406.36779565737","1994-02-23 08:49:37.550","0.10293259379319478","0.9213070418099638","0.37496428609468985","17327328","CRAB-NEB-A","1","1","83.62509304556505","22.02210551737008","w2_f487n","19.42340087890625","0"
"Y","1.9454444779290092","0","0","1.7212369441986084","16734343349845","0.3499999940395355","0","1","1","N","49407.28978644917","1994-02-24 06:57:17.550","49407.37335124053","1994-02-24 08:57:37.550","0.102930251075743","0.9213043559546543","0.37497152840366876","48620906","CRAB-NEB-A","1","1","83.62521851105976","22.02255312989813","w2_f375n","18.757999420166016","0"
"Y","2.568709393278605","0.4674147805552205","67.81184106691525","1.7212369441986084","16734343363430","0.3499999940395355","0","3","4","N","49406.412008657586","1994-02-23 09:53:17.550","51950.51473737974","2001-02-10 12:21:13.310","0.10295825611289033","0.9212957247215475","0.3749850465130748","106707652","CRAB-PULSAR-POS2","4","1","83.62343911186369","22.023388623483843","w2_f375n","19.819299697875977","0"
"Y","1.1770454320040615","0","0","1.7212369441986084","16734343363468","0.3499999940395355","0","1","1","N","49407.41756419884","1994-02-24 10:01:17.550","49407.50737899076","1994-02-24 12:10:37.550","0.10295307474672423","0.9212887031695269","0.37500371973266294","56664800","CRAB-NEB-A","1","1","83.62370917284208","22.02454273935223","w2_f469n","19.966699600219727","0"
"Y","1.9018605004909426","0.13171919326885478","49.155928111848546","1.7212369441986084","16734343170993","0.3499999940395355","0","2","2","N","49420.234230865724","1994-03-09 05:37:17.550","49421.388629025314","1994-03-10 09:19:37.553","0.10291321048204949","0.9213002803962105","0.3749862190137957","35283019","CRAB-NEB-A","2","1","83.62623723706886","22.023461090718886","w2_f673n","19.423690795898438","0"
"Y","1.8599443945718641","0.523337602483287","52.63356873069137","1.7212369441986084","16734343170282","0.5851499885320663","0.3325523114032957","2","2","N","49407.28978644917","1994-02-24 06:57:17.550","56257.77187970374","2012-11-26 18:31:30.410","0.10291851218226428","0.9212956251214441","0.3749962012913767","51129345","CRAB-NEB-A","2","1","83.62587964433169","22.02407805389921","w2_f375n","19.46579933166504","0"
"Y","1.1923068607293712","0.28314813789873805","38.20903484299895","1.7212369441986084","16734343362565","0.26800999641418455","0.09800923260122864","9","76","N","49406.28423086554","1994-02-23 06:49:17.550","57607.32353999093","2016-08-07 07:45:53.857","0.10293055474773259","0.9212907546167015","0.3750048617919888","7932101","V-CM-TAU","80","1","83.62510651994387","22.024613325595514","w2_f814w","19.870399475097656","0"
"Y","1.1923068607293712","0.28314813789873805","38.20903484299895","1.7212369441986084","16734343362565","0.26800999641418455","0.09800923260122864","9","76","N","49406.28423086554","1994-02-23 06:49:17.550","57607.32353999093","2016-08-07 07:45:53.857","0.10293055474773259","0.9212907546167015","0.3750048617919888","7932101","V-CM-TAU","80","1","83.62510651994387","22.024613325595514","w3_f160w","19.455799102783203","0"
"Y","2.361634801319198","1.1989348956902341","101.2826253386704","1.7212369441986084","16734343355097","0.3499999940395355","0","2","3","N","49407.28978644917","1994-02-24 06:57:17.550","51972.86820996972","2001-03-04 20:50:13.343","0.10296030102463412","0.92128074058509","0.37502129731589484","24445407","CRAB-PULSAR-POS2","3","1","83.62321064756432","22.025629146989107","w2_f375n","19.63089942932129","0"
"Y","1.3302221563127306","0","0","1.7212369441986084","16734343355489","0.3499999940395355","0","1","1","N","49407.28978644917","1994-02-24 06:57:17.550","49407.37335124053","1994-02-24 08:57:37.550","0.10296190119202384","0.9212790281828797","0.3750250646747508","35706167","CRAB-NEB-A","1","1","83.6231006032492","22.0258619950632","w2_f375n","19.3966007232666","0"
"Y","3.2367777824401855","0","0","1.7212369441986084","16734343355513","0.3499999940395355","0","1","1","N","49407.28978644917","1994-02-24 06:57:17.550","49407.37335124053","1994-02-24 08:57:37.550","0.10296019144793075","0.9212766689786425","0.3750313295894353","106924467","CRAB-NEB-A","1","1","83.62318942802591","22.026249209712457","w2_f375n","19.51919937133789","0"
"Y","1.732527751310179","0.8271935161744436","90.92600425409185","1.7212369441986084","16734343355020","0.49699999392032623","0.2078893935002576","2","2","N","49407.41756419884","1994-02-24 10:01:17.550","51620.39832018968","2000-03-17 09:33:34.867","0.10295373696469612","0.9212786367251958","0.3750282676806441","1781172","CRAB-PULSAR-POS2","2","1","83.62359939907456","22.026059962641757","w2_f469n","19.857799530029297","0"
"Y","1.1772518571114803","0.28335056513829704","33.79242496012785","1.7212369441986084","16734343354424","0.24761041781554619","0.08666210720212388","4","47","N","50114.501575152855","1996-02-01 12:02:16.097","57607.32353999093","2016-08-07 07:45:53.857","0.10292578120516822","0.9212883800098748","0.3750120057260727","92437265","V-CM-TAU","48","1","83.62538343526191","22.025054865787624","w3_f160w","19.822599411010742","0"
"Y","0.7721110847261217","0","0","1.7212369441986084","16734343177374","0.3499999940395355","0","1","1","N","49407.28978644917","1994-02-24 06:57:17.550","49407.37335124053","1994-02-24 08:57:37.550","0.10292241862716342","0.9212848902469633","0.3750215017138166","85945322","CRAB-NEB-A","1","1","83.6255660322035","22.02564178013756","w2_f375n","19.00749969482422","0"
"Y","0.8247777488496568","0","0","1.7212369441986084","16734343181461","0.3499999940395355","0","1","1","N","49407.28978644917","1994-02-24 06:57:17.550","49407.37335124053","1994-02-24 08:57:37.550","0.10290636431461649","0.9212876886661919","0.37501903271277304","4077550","CRAB-NEB-A","1","1","83.62657136319339","22.02548917948488","w2_f375n","17.762800216674805","0"
"Y","1.473921230135038","0.5303757881028052","116.66225510786728","1.7212369441986084","16734343177293","0.3499999940395355","0","2","2","N","49407.28978644917","1994-02-24 06:57:17.550","49421.388629025314","1994-03-10 09:19:37.553","0.10290369708854837","0.9212851773976534","0.3750259338144819","52650596","CRAB-NEB-A","2","1","83.62671796706182","22.02591571379492","w2_f375n","18.801000595092773","0"
"Y","3.190387102368574","0.6849527858882747","183.66359388158568","1.7212369441986084","16734343355173","0.3499999940395355","0","4","4","N","49407.28978644917","1994-02-24 06:57:17.550","51589.940680925734","2000-02-15 22:34:34.837","0.10294437701311586","0.9212786715268371","0.3750307515804874","58057456","CRAB-PULSAR-POS2","5","1","83.62417456893357","22.026213484767847","w2_f631n","19.809799194335938","0"
"Y","3.190387102368574","0.6849527858882747","183.66359388158568","1.7212369441986084","16734343355173","0.3499999940395355","0","4","4","N","49407.28978644917","1994-02-24 06:57:17.550","51589.940680925734","2000-02-15 22:34:34.837","0.10294437701311586","0.9212786715268371","0.3750307515804874","58057456","CRAB-PULSAR-POS2","5","1","83.62417456893357","22.026213484767847","w2_f375n","19.481300354003906","0"
"Y","2.451860790065099","0.3099273399816195","121.05983382293229","1.7212369441986084","16734343355172","0.4473571223872049","0.2839319344451387","7","4","N","49406.28423086554","1994-02-23 06:49:17.550","56257.77187970374","2012-11-26 18:31:30.410","0.10294450778521931","0.9212780939608145","0.3750321345095857","84627712","CRAB-PULSAR","7","1","83.62416257209493","22.026298959264487","w2_f502n","19.715900421142578","0"
"Y","1.1498888333638508","0","0","1.7212369441986084","16734343354749","0.3499999940395355","0","1","1","N","49407.28978644917","1994-02-24 06:57:17.550","49407.37335124053","1994-02-24 08:57:37.550","0.10294218208332934","0.9212767527294429","0.37503606763789993","50385913","CRAB-NEB-A","1","1","83.62429622205286","22.026542054270912","w2_f375n","19.724700927734375","0"
"Y","3.8699999622914985","0","0","1.7212369441986084","16734343355743","0.3499999940395355","0","1","1","N","49406.412008657586","1994-02-23 09:53:17.550","49406.50182344904","1994-02-23 12:02:37.550","0.10295005059611079","0.9212705019212483","0.37504926259411175","59373176","CRAB-NEB-A","1","1","83.62376999470237","22.027357598123718","w2_f502n","19.56559944152832","0"
"Y","0.9416666958067152","0","0","1.7212369441986084","16734343177854","0.3499999940395355","0","1","1","N","49407.28978644917","1994-02-24 06:57:17.550","49407.37335124053","1994-02-24 08:57:37.550","0.1029227753441523","0.9212778917816142","0.37503859592187744","15789679","CRAB-NEB-A","1","1","83.62549609621918","22.02669832016439","w2_f375n","17.968399047851562","0"
"Y","1.2653333610958524","0","0","1.7212369441986084","16734343177835","0.3499999940395355","0","1","1","N","49407.28978644917","1994-02-24 06:57:17.550","49407.37335124053","1994-02-24 08:57:37.550","0.10292152272667418","0.9212768358422901","0.375041533568256","28308066","CRAB-NEB-A","1","1","83.6255657922313","22.02687988777713","w2_f375n","18.712200164794922","0"
"Y","2.134069417192795","0.17139532126717824","147.12455670503587","1.7212369441986084","16734343171237","0.3499999940395355","0","4","5","N","49406.412008657586","1994-02-23 09:53:17.550","51881.82214374747","2000-12-03 19:43:53.223","0.10287917254753029","0.921307269346927","0.3749783877892555","102263559","NGC1952-BRTFIL","7","1","83.62837591849397","22.02297707703071","w2_f658n","19.935300827026367","0"
"Y","2.134069417192795","0.17139532126717824","147.12455670503587","1.7212369441986084","16734343171237","0.3499999940395355","0","4","5","N","49406.412008657586","1994-02-23 09:53:17.550","51881.82214374747","2000-12-03 19:43:53.223","0.10287917254753029","0.921307269346927","0.3749783877892555","102263559","NGC1952-BRTFIL","7","2","83.62837591849397","22.02297707703071","w2_f673n","19.828791618347168","0.10039997100830078"
"Y","1.153222190009223","0","0","1.7212369441986084","16734343169846","0.3499999940395355","0","1","1","N","49407.28978644917","1994-02-24 06:57:17.550","49407.37335124053","1994-02-24 08:57:37.550","0.10286383872529838","0.9213079465763163","0.3749809305275087","45628146","CRAB-NEB-A","1","1","83.629322425282","22.02313423238552","w2_f375n","19.78070068359375","0"
"Y","1.1735226620327344","0","0","1.7212369441986084","16734343171292","0.3499999940395355","0","1","1","N","49407.41756419884","1994-02-24 10:01:17.550","49407.50737899076","1994-02-24 12:10:37.550","0.10287881177019476","0.921304202661651","0.374986021403362","84103871","CRAB-NEB-A","1","1","83.6283770444732","22.023448877252083","w2_f469n","19.099899291992188","0"
"Y","0.8953333563274807","0","0","1.7212369441986084","16734343170592","0.3499999940395355","0","1","1","N","49407.28978644917","1994-02-24 06:57:17.550","49407.37335124053","1994-02-24 08:57:37.550","0.10288533790515471","0.9213016496950215","0.37499050323247807","42974880","CRAB-NEB-A","1","1","83.62795867194403","22.023725880170236","w2_f375n","18.944799423217773","0"
"Y","0.891149455103381","0","0","1.7212369441986084","16734343170567","0.3499999940395355","0","1","1","N","51881.65640307404","2000-12-03 15:45:13.227","51881.75385674089","2000-12-03 18:05:33.227","0.10287854251105755","0.92129835211893","0.375000469196884","24336090","CRAB-FIELD-4","1","1","83.62835345443165","22.02434183599055","w2_f502n","18.95108985900879","0"
"Y","1.2586666478051078","0","0","1.7212369441986084","16734343171107","0.3499999940395355","0","1","1","N","49407.28978644917","1994-02-24 06:57:17.550","49407.37335124053","1994-02-24 08:57:37.550","0.10287448922624404","0.9213035952793864","0.3749886995536469","100378777","CRAB-NEB-A","1","1","83.62863838642662","22.023614402338154","w2_f375n","19.867300033569336","0"
"Y","2.69360698452271","0.15274486076952895","237.15182222093102","1.7212369441986084","16734343169438","0.3499999940395355","0","3","9","N","49406.412008657586","1994-02-23 09:53:17.550","52016.30017225444","2001-04-17 07:12:14.887","0.10285912901854771","0.9213022445587319","0.37499623164505913","74259911","CRAB-PULSAR-POS2","10","1","83.62957261133724","22.02407992995339","w2_f502n","19.923200607299805","0"
"Y","2.220780151304984","0.35780388182649514","122.57964163113837","1.7212369441986084","16734343169202","0.38640000478426617","0.0948757071594895","5","14","N","49420.234230865724","1994-03-09 05:37:17.550","53718.58883813443","2005-12-14 14:07:55.620","0.10284155614294109","0.9213101301523323","0.37498167749184214","91510684","CRAB-PULSAR","15","1","83.63070608411107","22.023180398437894","w2_f673n","19.66019058227539","0"
"Y","2.3699146585029736","1.4261566125746838","289.6508341961638","1.7212369441986084","16734343169279","0.44645554489559597","0.3093459637336527","5","7","N","49407.28978644917","1994-02-24 06:57:17.550","56257.77187970374","2012-11-26 18:31:30.410","0.1028396442137945","0.9213076753839453","0.3749882329560545","50324942","CRAB-PULSAR-POS2","8","1","83.63080669184477","22.023585563937147","w2_f375n","19.8966007232666","0"
"Y","1.9873456724248957","0.790836971621612","188.2508633244451","1.7212369441986084","16734347610166","0.3499999940395355","0","2","2","N","49406.412008657586","1994-02-23 09:53:17.550","51994.54947753018","2001-03-26 13:11:14.863","0.10282515170810759","0.9213101017855478","0.3749862457799905","58982943","CRAB-PULSAR-POS2","2","1","83.63171351930814","22.02346274502348","w2_f502n","19.38680076599121","0"
"Y","2.6689368382270424","0.279379845419665","232.57268095464207","1.7212369441986084","16734347610170","0.47813998758792875","0.35151103910427445","5","3","N","49420.234230865724","1994-03-09 05:37:17.550","56257.77187970374","2012-11-26 18:31:30.410","0.10282629209162684","0.92130889673197","0.3749888937776034","86281349","CRAB-NEB-A","5","1","83.63163521075816","22.023626406524674","w2_f673n","18.31159019470215","0"
"Y","1.3397727500308643","0","0","1.7212369441986084","16734343169034","0.3499999940395355","0","1","1","N","49406.28423086554","1994-02-23 06:49:17.550","49406.36779565737","1994-02-23 08:49:37.550","0.10282854937104936","0.9213071502009776","0.37499256582363766","50976212","CRAB-NEB-A","1","1","83.631484585103","22.023853360406864","w2_f487n","19.66160011291504","0"
"Y","1.1846829867557542","0","0","1.7212369441986084","16734347617298","0.7275","0","1","1","N","49407.28978644917","1994-02-24 06:57:17.550","49407.37335124053","1994-02-24 08:57:37.550","0.10281177598036674","0.9213082502132828","0.37499446237280654","37992555","CRAB-NEB-A","1","1","83.63252242422374","22.023970578349108","w2_f375n","18.774700164794922","0"
"Y","2.186144566248451","0.55617365009178","103.61303825981544","1.7212369441986084","16734347621504","0.36800000071525574","0.025455853563609777","2","2","N","49721.350197560154","1995-01-04 08:24:17.070","52859.84719157871","2003-08-08 20:19:57.357","0.10279731331918487","0.9213108747515161","0.3749919791975699","53549254","NGC1952-BRTFIL","2","1","83.6334287774226","22.02381710319447","w2_f656n","19.92060089111328","0"
"Y","2.1254997037434937","0.13168393976808","53.83416833996169","1.7212369441986084","16734343174364","0.47583332935969036","0.2179497300603595","2","3","N","49420.234230865724","1994-03-09 05:37:17.550","49722.375429053325","1995-01-05 09:00:37.073","0.10281706494148184","0.9213014757563531","0.37500965577704987","1049616","NGC1952-BRTFIL","3","2","83.6321511130722","22.024909624130828","w2_f673n","19.649444580078125","0.017154693603515625"
"Y","1.0421591048890895","0","0","1.7212369441986084","16734343182193","0.3499999940395355","0","1","1","N","49407.41756419884","1994-02-24 10:01:17.550","49407.50737899076","1994-02-24 12:10:37.550","0.10289381712879221","0.9212872859280109","0.37502346484627996","21101815","CRAB-NEB-A","1","1","83.62733930745934","22.02576311486949","w2_f469n","19.899999618530273","0"
"Y","0.7852222522099812","0","0","1.7212369441986084","16734343182083","0.3499999940395355","0","1","1","N","49407.28978644917","1994-02-24 06:57:17.550","49407.37335124053","1994-02-24 08:57:37.550","0.1028769527094532","0.9212886555812861","0.37502472678447457","91891276","CRAB-NEB-A","1","1","83.62838459807216","22.025841111155117","w2_f375n","19.61949920654297","0"
"Y","1.7036781913932713","0","0","1.7212369441986084","16734343181924","0.3499999940395355","0","1","1","N","49406.412008657586","1994-02-23 09:53:17.550","49406.50182344904","1994-02-23 12:02:37.550","0.10289298856327547","0.9212832152249298","0.3750336921526033","71113227","CRAB-NEB-A","1","1","83.62736227612746","22.026395232585802","w2_f502n","18.638099670410156","0"
"Y","0.8335227316076105","0","0","1.7212369441986084","16734343177619","0.3499999940395355","0","1","1","N","49406.28423086554","1994-02-23 06:49:17.550","49406.36779565737","1994-02-23 08:49:37.550","0.10289018961249004","0.9212816494134513","0.3750383064912585","48661181","CRAB-NEB-A","1","1","83.62752346045204","22.026680431299315","w2_f487n","19.73069953918457","0"
"Y","0.9343181821432981","0","0","1.7212369441986084","16734343183890","0.3499999940395355","0","1","1","N","49407.41756419884","1994-02-24 10:01:17.550","49407.50737899076","1994-02-24 12:10:37.550","0.10287497891084606","0.9212824676146572","0.3750404692580994","10462050","CRAB-NEB-A","1","1","83.62846339524442","22.026814105747693","w2_f469n","18.999000549316406","0"
"Y","2.0726388610071607","0.5969947969312681","108.49890446694573","1.7212369441986084","16734343179301","0.32531250827014446","0.06742294649191004","2","8","N","49407.28978644917","1994-02-24 06:57:17.550","53718.58883813443","2005-12-14 14:07:55.620","0.10288354396213846","0.9212766769021272","0.37505234438413954","44832099","CRAB-NEB-A","8","1","83.62789756164307","22.027548075164336","w2_f375n","19.805299758911133","0"
"Y","2.6171125623195057","0.13103851140277556","168.44515112017592","1.7212369441986084","16734343178762","0.3499999940395355","0","4","3","N","49406.28423086554","1994-02-23 06:49:17.550","49421.388629025314","1994-03-10 09:19:37.553","0.10287386800178527","0.9212767442050066","0.3750548331505543","39246253","CRAB-NEB-A","4","1","83.62849237622288","22.027701900262276","w2_f375n","19.630300521850586","0"
"Y","2.6171125623195057","0.13103851140277556","168.44515112017592","1.7212369441986084","16734343178762","0.3499999940395355","0","4","3","N","49406.28423086554","1994-02-23 06:49:17.550","49421.388629025314","1994-03-10 09:19:37.553","0.10287386800178527","0.9212767442050066","0.3750548331505543","39246253","CRAB-NEB-A","4","1","83.62849237622288","22.027701900262276","w2_f631n","19.172800064086914","0"
"Y","2.6171125623195057","0.13103851140277556","168.44515112017592","1.7212369441986084","16734343178762","0.3499999940395355","0","4","3","N","49406.28423086554","1994-02-23 06:49:17.550","49421.388629025314","1994-03-10 09:19:37.553","0.10287386800178527","0.9212767442050066","0.3750548331505543","39246253","CRAB-NEB-A","4","1","83.62849237622288","22.027701900262276","w2_f502n","19.13409996032715","0"
"Y","0.9293333027097914","0","0","1.7212369441986084","16734343183916","0.3499999940395355","0","1","1","N","49407.28978644917","1994-02-24 06:57:17.550","49407.37335124053","1994-02-24 08:57:37.550","0.1028679580130638","0.921280744757154","0.3750466271750469","51879877","CRAB-NEB-A","1","1","83.62888284070144","22.027194709753253","w2_f375n","18.126100540161133","0"
"Y","2.6031582881117257","0.3250308398243655","288.5285766773378","1.7212369441986084","16734343183308","0.48550713275160107","0.31806343924097447","7","13","N","49406.412008657586","1994-02-23 09:53:17.550","56257.77187970374","2012-11-26 18:31:30.410","0.1028386429919785","0.9212980931555397","0.3750120492265851","62565687","CRAB-PULSAR-POS2","13","1","83.63080249156835","22.025057554479677","w2_f502n","19.854700088500977","0"
"Y","2.6031582881117257","0.3250308398243655","288.5285766773378","1.7212369441986084","16734343183308","0.48550713275160107","0.31806343924097447","7","13","N","49406.412008657586","1994-02-23 09:53:17.550","56257.77187970374","2012-11-26 18:31:30.410","0.1028386429919785","0.9212980931555397","0.3750120492265851","62565687","CRAB-PULSAR-POS2","13","1","83.63080249156835","22.025057554479677","w2_f673n","19.70458984375","0"
"Y","2.7591147846536703","0.36936977724908265","157.74109167068664","1.7212369441986084","16734343183158","0.7853500097990036","0.6156778966663804","2","2","N","49406.412008657586","1994-02-23 09:53:17.550","56257.77187970374","2012-11-26 18:31:30.410","0.10284330430451008","0.9212945342304362","0.37501951410143336","83232689","CRAB-NEB-A","2","1","83.63049176809268","22.02551893249962","w2_f502n","19.729900360107422","0"
"Y","2.050594273155666","0.2729179630632699","0","1.7212369441986084","16734343174363","0.3499999940395355","0","3","1","N","51881.53904194897","2000-12-03 12:56:13.227","51881.82214374747","2000-12-03 19:43:53.223","0.10281759137673441","0.9213008906081163","0.3750109490297348","49002484","CRAB-FIELD-4","3","1","83.63211476554967","22.02498955510512","w2_f673n","19.64488983154297","0"
"Y","2.6618311039051816","0.3807475014263105","98.15898628297063","1.7212369441986084","16734343175085","0.5009999964237213","0.20676526872288106","4","5","N","49406.28423086554","1994-02-23 06:49:17.550","52016.30017225444","2001-04-17 07:12:14.887","0.10280684318543251","0.9212981305169361","0.3750206763637178","96828970","NGC1952-BRTFIL","5","2","83.63275605591885","22.02559076801728","w2_f673n","19.835495948791504","0.05020427703857422"
"Y","2.9450216334619563","0","0","1.7212369441986084","16734343175076","0.45499999999999996","0","1","1","N","49407.28978644917","1994-02-24 06:57:17.550","49407.37335124053","1994-02-24 08:57:37.550","0.1028046243183218","0.9212991985878245","0.37501866073822127","81339877","CRAB-NEB-A","1","1","83.63289967156754","22.025466188996926","w2_f375n","18.18720054626465","0"
"Y","2.752562546698712","0","0","1.7212369441986084","16734343183638","0.7275","0","1","1","N","49421.29881423386","1994-03-10 07:10:17.553","49421.388629025314","1994-03-10 09:19:37.553","0.1028361448503402","0.9212860398314056","0.37504234444172657","83098018","CRAB-NEB-A","1","1","83.63087329737355","22.026930005624372","w2_f631n","19.770099639892578","0"
"Y","2.3294649328178445","0.32094226371796253","129.07656448770086","1.7212369441986084","16734343175613","0.4254999952316284","0.1688231349668349","5","5","N","49421.29881423386","1994-03-10 07:10:17.553","50114.52634365298","1996-02-01 12:37:56.097","0.10279067723701993","0.9212903033573268","0.37504433552980954","23712475","NGC1952-BRTFIL","5","1","83.63369541482857","22.027053069324623","w2_f673n","19.86210060119629","0"
"Y","1.3169300009430884","0.43690902864523323","59.5973826720105","1.7212369441986084","16734343176110","0.2715610357151403","0.12026540525456576","8","72","N","49421.17311981693","1994-03-10 04:09:17.553","57607.32353999093","2016-08-07 07:45:53.857","0.10279799657780204","0.9212868359181864","0.37505084705205644","83893931","V-CM-TAU","77","3","83.63322205064807","22.02745552929074","w2_f814w","19.15290069580078","0.05168914794921875"
"Y","1.3169300009430884","0.43690902864523323","59.5973826720105","1.7212369441986084","16734343176110","0.2715610357151403","0.12026540525456576","8","72","N","49421.17311981693","1994-03-10 04:09:17.553","57607.32353999093","2016-08-07 07:45:53.857","0.10279799657780204","0.9212868359181864","0.37505084705205644","83893931","V-CM-TAU","77","1","83.63322205064807","22.02745552929074","w3_f160w","17.809499740600586","0"
"Y","1.3169300009430884","0.43690902864523323","59.5973826720105","1.7212369441986084","16734343176110","0.2715610357151403","0.12026540525456576","8","72","N","49421.17311981693","1994-03-10 04:09:17.553","57607.32353999093","2016-08-07 07:45:53.857","0.10279799657780204","0.9212868359181864","0.37505084705205644","83893931","V-CM-TAU","77","1","83.63322205064807","22.02745552929074","w2_f658n","19.611499786376953","0"
"Y","0.7751111189524332","0","0","1.7212369441986084","16734343383695","0.3499999940395355","0","1","1","N","49407.28978644917","1994-02-24 06:57:17.550","49407.37335124053","1994-02-24 08:57:37.550","0.10300795811398143","0.9212587759354873","0.3750621659511878","21687385","CRAB-NEB-A","1","1","83.62013251146543","22.028155123564964","w2_f375n","18.897499084472656","0"
"Y","2.2019767483999564","0","0","1.7212369441986084","16734343383349","0.3499999940395355","0","1","1","N","49457.16964748595","1994-04-15 04:04:17.547","49457.390017861035","1994-04-15 09:21:37.547","0.10298462372405114","0.9212631871324816","0.37505773863675435","74309478","NGC1952-BRTFIL","1","1","83.62159611976689","22.027881481414777","w2_f658n","19.56049919128418","0"
"Y","0.9005970029688593","0","0","1.7212369441986084","16734343384972","0.45499999999999996","0","1","1","N","51881.65640307404","2000-12-03 15:45:13.227","51881.75385674089","2000-12-03 18:05:33.227","0.10300084078799734","0.9212568119924306","0.375068944567811","105336452","CRAB-FIELD-4","1","1","83.62055620593743","22.028574095069683","w2_f502n","19.951290130615234","0"
"Y","3.5560118145264745","2.1403761778303805","0","1.7212369441986084","16734343384558","0.45499999999999996","0","2","1","N","51881.524458581116","2000-12-03 12:35:13.223","51881.75385674089","2000-12-03 18:05:33.227","0.10298194380182268","0.9212574890010874","0.3750724706438349","74539552","CRAB-FIELD-4","2","1","83.62172160882346","22.028792034769697","w2_f502n","19.92238998413086","0"
"Y","1.978270818189979","1.3611457493455064","160.02893313462096","1.7212369441986084","16734343381731","0.7515499442815781","0.5678773856025381","2","2","N","49407.41756419884","1994-02-24 10:01:17.550","56257.77187970374","2012-11-26 18:31:30.410","0.10296692876094532","0.9212590168880015","0.3750728401051798","32068295","CRAB-NEB-A","2","1","83.62265440583877","22.028814870735502","w2_f469n","19.94379997253418","0"
"Y","1.4294030061408654","0","0","1.7212369441986084","16734343384250","0.45499999999999996","0","1","1","N","51881.65640307404","2000-12-03 15:45:13.227","51881.75385674089","2000-12-03 18:05:33.227","0.10300846617616881","0.9212506145870916","0.37508207241043384","30295620","CRAB-FIELD-4","1","1","83.62004525033703","22.029385502438682","w2_f502n","19.471790313720703","0"
"Y","8.54712958782461","0","0","1.7212369441986084","16734343385059","0.45499999999999996","0","1","1","N","51881.524458581116","2000-12-03 12:35:13.223","51881.53487528255","2000-12-03 12:50:13.227","0.10299227254511475","0.9212512283666057","0.37508501176899023","82613680","CRAB-FIELD-4","1","1","83.62104416934551","22.02956717932438","w2_f547m","19.823989868164062","0"
"Y","1.6452726020985486","0.41752723419986437","59.95654428833941","1.7212369441986084","16734343384800","0.3124000072479248","0.02894692910214318","2","5","N","51863.042513856664","2000-11-15 01:01:13.200","53699.73406963423","2005-11-25 17:37:03.620","0.1029916092092609","0.9212458327187127","0.37509844597226927","98753284","CRAB-PULSAR-POS1","5","1","83.62104786250174","22.030397527975452","w2_f547m","18.49839973449707","0"
"Y","1.3099763806260891","0.4657913345937707","17.631550858405657","1.7212369441986084","16734343384800","0.27671874581836164","0.09775340916656164","10","53","N","49406.28423086554","1994-02-23 06:49:17.550","57607.32353999093","2016-08-07 07:45:53.857","0.10299177376044309","0.9212455777003298","0.3750990270673429","79119890","V-CM-TAU","64","1","83.62103600350555","22.030433445182126","w2_f487n","17.842300415039062","0"
"Y","1.3099763806260891","0.4657913345937707","17.631550858405657","1.7212369441986084","16734343384800","0.27671874581836164","0.09775340916656164","10","53","N","49406.28423086554","1994-02-23 06:49:17.550","57607.32353999093","2016-08-07 07:45:53.857","0.10299177376044309","0.9212455777003298","0.3750990270673429","79119890","V-CM-TAU","64","3","83.62103600350555","22.030433445182126","w2_f502n","18.01300048828125","0.024900436401367188"
"Y","1.3099763806260891","0.4657913345937707","17.631550858405657","1.7212369441986084","16734343384800","0.27671874581836164","0.09775340916656164","10","53","N","49406.28423086554","1994-02-23 06:49:17.550","57607.32353999093","2016-08-07 07:45:53.857","0.10299177376044309","0.9212455777003298","0.3750990270673429","79119890","V-CM-TAU","64","1","83.62103600350555","22.030433445182126","w2_f469n","18.283199310302734","0"
"Y","1.3099763806260891","0.4657913345937707","17.631550858405657","1.7212369441986084","16734343384800","0.27671874581836164","0.09775340916656164","10","53","N","49406.28423086554","1994-02-23 06:49:17.550","57607.32353999093","2016-08-07 07:45:53.857","0.10299177376044309","0.9212455777003298","0.3750990270673429","79119890","V-CM-TAU","64","1","83.62103600350555","22.030433445182126","w2_f588n","17.761899948120117","0"
"Y","1.3099763806260891","0.4657913345937707","17.631550858405657","1.7212369441986084","16734343384800","0.27671874581836164","0.09775340916656164","10","53","N","49406.28423086554","1994-02-23 06:49:17.550","57607.32353999093","2016-08-07 07:45:53.857","0.10299177376044309","0.9212455777003298","0.3750990270673429","79119890","V-CM-TAU","64","2","83.62103600350555","22.030433445182126","w2_f814w","18.509696006774902","0.027304649353027344"
"Y","1.3099763806260891","0.4657913345937707","17.631550858405657","1.7212369441986084","16734343384800","0.27671874581836164","0.09775340916656164","10","53","N","49406.28423086554","1994-02-23 06:49:17.550","57607.32353999093","2016-08-07 07:45:53.857","0.10299177376044309","0.9212455777003298","0.3750990270673429","79119890","V-CM-TAU","64","21","83.62103600350555","22.030433445182126","w2_f547m","18.38928985595703","0.1464099884033203"
"Y","1.3099763806260891","0.4657913345937707","17.631550858405657","1.7212369441986084","16734343384800","0.27671874581836164","0.09775340916656164","10","53","N","49406.28423086554","1994-02-23 06:49:17.550","57607.32353999093","2016-08-07 07:45:53.857","0.10299177376044309","0.9212455777003298","0.3750990270673429","79119890","V-CM-TAU","64","3","83.62103600350555","22.030433445182126","w2_f631n","17.1210994720459","0.061199188232421875"
"Y","1.3099763806260891","0.4657913345937707","17.631550858405657","1.7212369441986084","16734343384800","0.27671874581836164","0.09775340916656164","10","53","N","49406.28423086554","1994-02-23 06:49:17.550","57607.32353999093","2016-08-07 07:45:53.857","0.10299177376044309","0.9212455777003298","0.3750990270673429","79119890","V-CM-TAU","64","1","83.62103600350555","22.030433445182126","w3_f555w","18.81730079650879","0"
"Y","1.3099763806260891","0.4657913345937707","17.631550858405657","1.7212369441986084","16734343384800","0.27671874581836164","0.09775340916656164","10","53","N","49406.28423086554","1994-02-23 06:49:17.550","57607.32353999093","2016-08-07 07:45:53.857","0.10299177376044309","0.9212455777003298","0.3750990270673429","79119890","V-CM-TAU","64","3","83.62103600350555","22.030433445182126","w2_f673n","17.072790145874023","0.03550148010253906"
"Y","1.3099763806260891","0.4657913345937707","17.631550858405657","1.7212369441986084","16734343384800","0.27671874581836164","0.09775340916656164","10","53","N","49406.28423086554","1994-02-23 06:49:17.550","57607.32353999093","2016-08-07 07:45:53.857","0.10299177376044309","0.9212455777003298","0.3750990270673429","79119890","V-CM-TAU","64","28","83.62103600350555","22.030433445182126","a_f550m","17.499499320983887","0.019150733947753906"
"Y","2.055930259615876","0","0","1.7212369441986084","16734343384438","0.3499999940395355","0","1","1","N","49721.350197560154","1995-01-04 08:24:17.070","49721.5712623517","1995-01-04 13:42:37.070","0.10298153579218015","0.921255460733417","0.3750775644513478","27168367","NGC1952-BRTFIL","1","1","83.62173274415127","22.02910687369182","w2_f656n","19.774499893188477","0"
"Y","0.8174999871037223","0","0","1.7212369441986084","16734343381693","0.3499999940395355","0","1","1","N","49407.41756419884","1994-02-24 10:01:17.550","49407.50737899076","1994-02-24 12:10:37.550","0.10297484792417552","0.9212552923261658","0.3750798142491386","61750324","CRAB-NEB-A","1","1","83.62214239449598","22.029245929660306","w2_f469n","19.916099548339844","0"
"Y","1.3338889016045463","0","0","1.7212369441986084","16734343179846","0.3499999940395355","0","1","1","N","49407.28978644917","1994-02-24 06:57:17.550","49407.37335124053","1994-02-24 08:57:37.550","0.10290211451922103","0.9212730371610103","0.3750561902287862","66347851","CRAB-NEB-A","1","1","83.6267318833881","22.027785777981567","w2_f375n","19.943899154663086","0"
"Y","2.637714161705146","0.3613525393247188","158.47282303887317","1.7212369441986084","16734343176598","0.5662999749183655","0.3621017832161701","4","4","N","49407.28978644917","1994-02-24 06:57:17.550","56257.77187970374","2012-11-26 18:31:30.410","0.10292290302450112","0.9212643455499254","0.37507183533848926","35117551","CRAB-NEB-A","4","1","83.62539529446961","22.028752767932016","w2_f375n","19.876699447631836","0"
"Y","2.637714161705146","0.3613525393247188","158.47282303887317","1.7212369441986084","16734343176598","0.5662999749183655","0.3621017832161701","4","4","N","49407.28978644917","1994-02-24 06:57:17.550","56257.77187970374","2012-11-26 18:31:30.410","0.10292290302450112","0.9212643455499254","0.37507183533848926","35117551","CRAB-NEB-A","4","1","83.62539529446961","22.028752767932016","w2_f631n","19.546100616455078","0"
"Y","2.591662118240584","0.3099013576269903","0","1.7212369441986084","16734343176626","0.3499999940395355","0","2","1","N","49406.28423086554","1994-02-23 06:49:17.550","49406.50182344904","1994-02-23 12:02:37.550","0.10292333769982957","0.9212636200852102","0.3750734979502605","21563356","CRAB-NEB-A","2","1","83.62536361566546","22.028855530867148","w2_f502n","19.108600616455078","0"
"Y","2.586279081743817","0","0","1.7212369441986084","16734343179927","0.3499999940395355","0","1","1","N","49421.29881423386","1994-03-10 07:10:17.553","49421.388629025314","1994-03-10 09:19:37.553","0.10290945837967705","0.9212679906445667","0.3750665711441614","48923882","CRAB-NEB-A","1","1","83.62624615597859","22.028427398979574","w2_f631n","19.578500747680664","0"
"Y","2.6662790498068167","0.0333818722754562","0","1.7212369441986084","16734343176524","0.3499999940395355","0","2","1","N","49421.17311981693","1994-03-10 04:09:17.553","49421.388629025314","1994-03-10 09:19:37.553","0.10290707792575406","0.9212647582529382","0.3750751638192553","78865680","CRAB-NEB-A","2","1","83.62637019871006","22.028958495061055","w2_f631n","19.89590072631836","0"
"Y","2.3567504628513043","0.5346378487976572","104.00744261334317","1.7212369441986084","16734343176518","0.36666666467984516","0.02886752034203283","3","3","N","49407.28978644917","1994-02-24 06:57:17.550","53682.348351888824","2005-11-08 08:21:37.607","0.10290611550365025","0.921263958207413","0.37507739296920467","14197259","CRAB-PULSAR","3","1","83.62642382714446","22.02909627450008","w2_f375n","19.968399047851562","0"
"Y","2.511777877807617","0","0","1.7212369441986084","16734343352356","0.3499999940395355","0","1","1","N","49407.28978644917","1994-02-24 06:57:17.550","49407.37335124053","1994-02-24 08:57:37.550","0.10292962178075328","0.921253076037011","0.3750976710855629","23342892","CRAB-NEB-A","1","1","83.62490524693956","22.030349633654286","w2_f375n","19.951099395751953","0"
"Y","1.404772698879242","0","0","1.7212369441986084","16734343176368","0.3499999940395355","0","1","1","N","49407.41756419884","1994-02-24 10:01:17.550","49407.50737899076","1994-02-24 12:10:37.550","0.1029146274570892","0.9212547450938622","0.37509768607506877","8558796","CRAB-NEB-A","1","1","83.6258377508541","22.030350560135815","w2_f469n","19.456300735473633","0"
"Y","2.3811840065538536","0.5078470659769746","239.96581352525288","1.7212369441986084","16734343177067","0.3732166637976964","0.130100871928881","5","5","N","49407.28978644917","1994-02-24 06:57:17.550","56257.77187970374","2012-11-26 18:31:30.410","0.10290683119836273","0.921258178050238","0.37509139350823245","82195912","CRAB-PULSAR","6","1","83.62634020449818","22.02996162496718","w2_f375n","19.914899826049805","0"
"Y","1.123156862721281","0.25267580658156685","32.93253997539692","1.7212369441986084","16734343382558","0.26045269886384137","0.09128234580726555","10","65","N","49406.28423086554","1994-02-23 06:49:17.550","57607.32353999093","2016-08-07 07:45:53.857","0.10299160019771739","0.9212416738261731","0.3751086625291455","78578303","V-CM-TAU","74","2","83.62101985601423","22.031029002305093","w2_f814w","18.743295669555664","0.024204254150390625"
"Y","1.123156862721281","0.25267580658156685","32.93253997539692","1.7212369441986084","16734343382558","0.26045269886384137","0.09128234580726555","10","65","N","49406.28423086554","1994-02-23 06:49:17.550","57607.32353999093","2016-08-07 07:45:53.857","0.10299160019771739","0.9212416738261731","0.3751086625291455","78578303","V-CM-TAU","74","3","83.62101985601423","22.031029002305093","w2_f673n","18.404890060424805","0.11250114440917969"
"Y","1.123156862721281","0.25267580658156685","32.93253997539692","1.7212369441986084","16734343382558","0.26045269886384137","0.09128234580726555","10","65","N","49406.28423086554","1994-02-23 06:49:17.550","57607.32353999093","2016-08-07 07:45:53.857","0.10299160019771739","0.9212416738261731","0.3751086625291455","78578303","V-CM-TAU","74","21","83.62101985601423","22.031029002305093","w2_f547m","19.14729118347168","0.14940834045410156"
"Y","1.123156862721281","0.25267580658156685","32.93253997539692","1.7212369441986084","16734343382558","0.26045269886384137","0.09128234580726555","10","65","N","49406.28423086554","1994-02-23 06:49:17.550","57607.32353999093","2016-08-07 07:45:53.857","0.10299160019771739","0.9212416738261731","0.3751086625291455","78578303","V-CM-TAU","74","2","83.62101985601423","22.031029002305093","w2_f502n","19.171499252319336","0.09490013122558594"
"Y","1.123156862721281","0.25267580658156685","32.93253997539692","1.7212369441986084","16734343382558","0.26045269886384137","0.09128234580726555","10","65","N","49406.28423086554","1994-02-23 06:49:17.550","57607.32353999093","2016-08-07 07:45:53.857","0.10299160019771739","0.9212416738261731","0.3751086625291455","78578303","V-CM-TAU","74","39","83.62101985601423","22.031029002305093","a_f550m","18.807300567626953","0.036800384521484375"
"Y","1.123156862721281","0.25267580658156685","32.93253997539692","1.7212369441986084","16734343382558","0.26045269886384137","0.09128234580726555","10","65","N","49406.28423086554","1994-02-23 06:49:17.550","57607.32353999093","2016-08-07 07:45:53.857","0.10299160019771739","0.9212416738261731","0.3751086625291455","78578303","V-CM-TAU","74","1","83.62101985601423","22.031029002305093","w2_f469n","19.182100296020508","0"
"Y","1.123156862721281","0.25267580658156685","32.93253997539692","1.7212369441986084","16734343382558","0.26045269886384137","0.09128234580726555","10","65","N","49406.28423086554","1994-02-23 06:49:17.550","57607.32353999093","2016-08-07 07:45:53.857","0.10299160019771739","0.9212416738261731","0.3751086625291455","78578303","V-CM-TAU","74","3","83.62101985601423","22.031029002305093","w2_f631n","18.52519989013672","0.1490001678466797"
"Y","1.123156862721281","0.25267580658156685","32.93253997539692","1.7212369441986084","16734343382558","0.26045269886384137","0.09128234580726555","10","65","N","49406.28423086554","1994-02-23 06:49:17.550","57607.32353999093","2016-08-07 07:45:53.857","0.10299160019771739","0.9212416738261731","0.3751086625291455","78578303","V-CM-TAU","74","1","83.62101985601423","22.031029002305093","w2_f487n","19.39310073852539","0"
"Y","1.123156862721281","0.25267580658156685","32.93253997539692","1.7212369441986084","16734343382558","0.26045269886384137","0.09128234580726555","10","65","N","49406.28423086554","1994-02-23 06:49:17.550","57607.32353999093","2016-08-07 07:45:53.857","0.10299160019771739","0.9212416738261731","0.3751086625291455","78578303","V-CM-TAU","74","1","83.62101985601423","22.031029002305093","w3_f555w","18.996599197387695","0"
"Y","1.123156862721281","0.25267580658156685","32.93253997539692","1.7212369441986084","16734343382558","0.26045269886384137","0.09128234580726555","10","65","N","49406.28423086554","1994-02-23 06:49:17.550","57607.32353999093","2016-08-07 07:45:53.857","0.10299160019771739","0.9212416738261731","0.3751086625291455","78578303","V-CM-TAU","74","1","83.62101985601423","22.031029002305093","w2_f588n","18.647199630737305","0"
"Y","0.7846666706932915","0","0","1.7212369441986084","16734343375750","0.3499999940395355","0","1","1","N","49407.28978644917","1994-02-24 06:57:17.550","49407.37335124053","1994-02-24 08:57:37.550","0.10300198788076816","0.921237165452672","0.3751168824280906","2544127","CRAB-NEB-A","1","1","83.62035081606207","22.031537067229333","w2_f375n","18.976499557495117","0"
"Y","0.7639772512696006","0","0","1.7212369441986084","16734343381948","0.3499999940395355","0","1","1","N","49407.41756419884","1994-02-24 10:01:17.550","49407.50737899076","1994-02-24 12:10:37.550","0.10295786881748932","0.9212485798252086","0.3751009616355315","43872490","CRAB-NEB-A","1","1","83.62313926957117","22.030553018500736","w2_f469n","19.751399993896484","0"
"Y","3.0436666806538897","0","0","1.7212369441986084","16734343375189","0.3499999940395355","0","1","1","N","49407.28978644917","1994-02-24 06:57:17.550","49407.37335124053","1994-02-24 08:57:37.550","0.1029873874611632","0.9212351117856337","0.3751259346387044","19890257","CRAB-NEB-A","1","1","83.62123356746238","22.032096578625733","w2_f375n","19.608800888061523","0"
"Y","0.9670115065300602","0","0","1.7212369441986084","16734343376834","0.3499999940395355","0","1","1","N","49406.412008657586","1994-02-23 09:53:17.550","49406.50182344904","1994-02-23 12:02:37.550","0.1029664243076933","0.9212295796681671","0.3751452745410374","52123091","CRAB-NEB-A","1","1","83.62248328873348","22.033291973139175","w2_f502n","19.487699508666992","0"
"Y","3.123477751377188","1.5208163403470065","75.60416062771267","1.7212369441986084","16734343376665","0.39499999659402024","0.05612486398761138","4","2","N","51569.389754661825","2000-01-26 09:21:14.807","51881.82214374747","2000-12-03 19:43:53.223","0.10295612050731905","0.9212323956297068","0.3751411874278582","23008842","CRAB-FIELD-4","7","2","83.62313555811147","22.03303934872447","w2_f673n","19.34099578857422","0.02199554443359375"
"Y","3.003580086607034","0.247521950471997","118.28942278102296","1.7212369441986084","16734343176206","0.3499999940395355","0","2","2","N","49407.28978644917","1994-02-24 06:57:17.550","49421.388629025314","1994-03-10 09:19:37.553","0.10292792220335863","0.9212515137819022","0.3751019743830035","24175477","CRAB-NEB-A","2","1","83.62499892439716","22.030615615243295","w2_f375n","19.829999923706055","0"
"Y","1.2245555718739827","0","0","1.7212369441986084","16734343373686","0.3499999940395355","0","1","1","N","49407.28978644917","1994-02-24 06:57:17.550","49407.37335124053","1994-02-24 08:57:37.550","0.1029522765099168","0.9212434614309952","0.375115067057373","37785098","CRAB-NEB-A","1","1","83.62344764920961","22.031424860580834","w2_f375n","19.621599197387695","0"
"Y","1.3847407146736428","0.8407761169046709","145.72643986146016","1.7212369441986084","16734343184451","0.414000004529953","0.09050968282756876","2","2","N","49407.28978644917","1994-02-24 06:57:17.550","57043.63565796288","2015-01-21 15:15:20.850","0.10290414525466735","0.9212537363163592","0.37510303946167023","15483152","CRAB-NEBULA","2","1","83.6264747164227","22.03068144653411","w2_f375n","18.627300262451172","0"
"Y","2.7780734662309245","2.746220423168656","92.05380304924807","1.7212369441986084","16734343373753","0.2592946384102106","0.0889660123965883","9","50","N","49406.28423086554","1994-02-23 06:49:17.550","57607.32353999093","2016-08-07 07:45:53.857","0.10293890780883402","0.9212398184118528","0.37512768257438567","71434652","V-CM-TAU","55","30","83.62424384213166","22.03220461766851","a_f550m","18.168950080871582","0.7916498184204102"
"Y","2.7780734662309245","2.746220423168656","92.05380304924807","1.7212369441986084","16734343373753","0.2592946384102106","0.0889660123965883","9","50","N","49406.28423086554","1994-02-23 06:49:17.550","57607.32353999093","2016-08-07 07:45:53.857","0.10293890780883402","0.9212398184118528","0.37512768257438567","71434652","V-CM-TAU","55","1","83.62424384213166","22.03220461766851","w2_f588n","16.672300338745117","0"
"Y","2.7780734662309245","2.746220423168656","92.05380304924807","1.7212369441986084","16734343373753","0.2592946384102106","0.0889660123965883","9","50","N","49406.28423086554","1994-02-23 06:49:17.550","57607.32353999093","2016-08-07 07:45:53.857","0.10293890780883402","0.9212398184118528","0.37512768257438567","71434652","V-CM-TAU","55","1","83.62424384213166","22.03220461766851","w2_f502n","16.814800262451172","0"
"Y","2.7780734662309245","2.746220423168656","92.05380304924807","1.7212369441986084","16734343373753","0.2592946384102106","0.0889660123965883","9","50","N","49406.28423086554","1994-02-23 06:49:17.550","57607.32353999093","2016-08-07 07:45:53.857","0.10293890780883402","0.9212398184118528","0.37512768257438567","71434652","V-CM-TAU","55","18","83.62424384213166","22.03220461766851","w2_f547m","17.958895683288574","0.07104969024658203"
"Y","2.7780734662309245","2.746220423168656","92.05380304924807","1.7212369441986084","16734343373753","0.2592946384102106","0.0889660123965883","9","50","N","49406.28423086554","1994-02-23 06:49:17.550","57607.32353999093","2016-08-07 07:45:53.857","0.10293890780883402","0.9212398184118528","0.37512768257438567","71434652","V-CM-TAU","55","2","83.62424384213166","22.03220461766851","w2_f814w","18.069345474243164","0.032154083251953125"
"Y","2.7780734662309245","2.746220423168656","92.05380304924807","1.7212369441986084","16734343373753","0.2592946384102106","0.0889660123965883","9","50","N","49406.28423086554","1994-02-23 06:49:17.550","57607.32353999093","2016-08-07 07:45:53.857","0.10293890780883402","0.9212398184118528","0.37512768257438567","71434652","V-CM-TAU","55","1","83.62424384213166","22.03220461766851","w2_f487n","17.020200729370117","0"
"Y","2.7780734662309245","2.746220423168656","92.05380304924807","1.7212369441986084","16734343373753","0.2592946384102106","0.0889660123965883","9","50","N","49406.28423086554","1994-02-23 06:49:17.550","57607.32353999093","2016-08-07 07:45:53.857","0.10293890780883402","0.9212398184118528","0.37512768257438567","71434652","V-CM-TAU","55","1","83.62424384213166","22.03220461766851","w2_f631n","16.489700317382812","0"
"Y","2.7780734662309245","2.746220423168656","92.05380304924807","1.7212369441986084","16734343373753","0.2592946384102106","0.0889660123965883","9","50","N","49406.28423086554","1994-02-23 06:49:17.550","57607.32353999093","2016-08-07 07:45:53.857","0.10293890780883402","0.9212398184118528","0.37512768257438567","71434652","V-CM-TAU","55","1","83.62424384213166","22.03220461766851","w2_f375n","18.295400619506836","0"
"Y","2.7780734662309245","2.746220423168656","92.05380304924807","1.7212369441986084","16734343373753","0.2592946384102106","0.0889660123965883","9","50","N","49406.28423086554","1994-02-23 06:49:17.550","57607.32353999093","2016-08-07 07:45:53.857","0.10293890780883402","0.9212398184118528","0.37512768257438567","71434652","V-CM-TAU","55","1","83.62424384213166","22.03220461766851","w2_f469n","16.92449951171875","0"
"Y","2.6594161063201667","1.775821065425713","69.93141885287316","1.7212369441986084","16734343156241","0.3499999940395355","0","2","2","N","49407.28978644917","1994-02-24 06:57:17.550","51840.82444645371","2000-10-23 19:47:12.177","0.10292892334544214","0.9212344634685252","0.3751435725928821","62218761","CRAB-PULSAR-POS1","2","1","83.62482040865413","22.033186775744007","w2_f375n","19.648099899291992","0"
"Y","1.9217045469717546","0","0","1.7212369441986084","16734343156310","0.3499999940395355","0","1","1","N","49407.41756419884","1994-02-24 10:01:17.550","49407.50737899076","1994-02-24 12:10:37.550","0.10292169546378434","0.9212364544733876","0.3751406663557144","12260265","CRAB-NEB-A","1","1","83.62527806532103","22.03300714143535","w2_f469n","19.787399291992188","0"
"Y","0.9364772926677357","0","0","1.7212369441986084","16734343179457","0.3499999940395355","0","1","1","N","49407.41756419884","1994-02-24 10:01:17.550","49407.50737899076","1994-02-24 12:10:37.550","0.10288782685465812","0.9212724007657478","0.3750616731603745","95660488","CRAB-NEB-A","1","1","83.6276051479007","22.02812466526293","w2_f469n","19.779800415039062","0"
"Y","1.7785738035418697","1.3666275025823273","119.80403050025971","1.7212369441986084","16734343178572","0.4024999886751175","0.07424620443815476","2","2","N","49407.28978644917","1994-02-24 06:57:17.550","56257.77187970374","2012-11-26 18:31:30.410","0.10287526122697978","0.9212667260960694","0.3750790583550482","6914654","CRAB-NEB-A","2","1","83.62833807962619","22.029199209185943","w2_f375n","19.416400909423828","0"
"Y","1.9767658919282842","1.4764935646468447","0","1.7212369441986084","16734343178998","0.3499999940395355","0","2","1","N","49406.28423086554","1994-02-23 06:49:17.550","49406.50182344904","1994-02-23 12:02:37.550","0.10286652247520553","0.9212734761543397","0.3750648753065834","86943843","CRAB-NEB-A","2","1","83.62892116712129","22.02832258287897","w2_f487n","19.86240005493164","0"
"Y","1.2802273035049438","0","0","1.7212369441986084","16734343178380","0.7320000529289246","0","1","1","N","49407.41756419884","1994-02-24 10:01:17.550","49407.50737899076","1994-02-24 12:10:37.550","0.10284853525506485","0.9212705414350787","0.3750770164665926","71032559","CRAB-NEB-A","1","1","83.63000592978547","22.029073003734602","w2_f469n","19.996999740600586","0"
"Y","2.3496511370636695","0","0","1.7212369441986084","16734343179668","0.3499999940395355","0","1","1","N","49457.16964748595","1994-04-15 04:04:17.547","49457.390017861035","1994-04-15 09:21:37.547","0.10288192387222016","0.9212649585714404","0.3750815722604012","106146483","NGC1952-BRTFIL","1","1","83.62791669264537","22.029354589296414","w2_f658n","19.594999313354492","0"
"Y","4.885555373297797","0","0","1.7212369441986084","16734343176804","0.3499999940395355","0","1","1","N","49407.28978644917","1994-02-24 06:57:17.550","49407.37335124053","1994-02-24 08:57:37.550","0.10289650566453476","0.9212557220892628","0.3751002581195731","78904292","CRAB-NEB-A","1","1","83.62695761694272","22.030509535017426","w2_f375n","18.04129981994629","0"
"Y","2.5107583597702083","0.6523586970983115","97.1859147492879","1.7212369441986084","16734343178412","0.4","0.05344623131611396","3","5","N","49406.412008657586","1994-02-23 09:53:17.550","53699.73406963423","2005-11-25 17:37:03.620","0.10284879097841274","0.9212687774628783","0.37508127905404315","20924279","CRAB-NEB-A","5","1","83.62997812504595","22.029336466367507","w2_f375n","18.99810028076172","0"
"Y","2.5107583597702083","0.6523586970983115","97.1859147492879","1.7212369441986084","16734343178412","0.4","0.05344623131611396","3","5","N","49406.412008657586","1994-02-23 09:53:17.550","53699.73406963423","2005-11-25 17:37:03.620","0.10284879097841274","0.9212687774628783","0.37508127905404315","20924279","CRAB-NEB-A","5","1","83.62997812504595","22.029336466367507","w2_f502n","19.565799713134766","0"
"Y","0.838444431622823","0","0","1.7212369441986084","16734343178710","0.3499999940395355","0","1","1","N","49407.28978644917","1994-02-24 06:57:17.550","49407.37335124053","1994-02-24 08:57:37.550","0.10286884395355414","0.9212613661795236","0.37509398306337555","45798924","CRAB-NEB-A","1","1","83.62869550678441","22.03012168188432","w2_f375n","18.497499465942383","0"
"Y","1.5074838700477262","1.011925547987499","208.34665916804207","1.7212369441986084","16734343178630","0.3017500042915344","0.06823578988598594","2","2","N","49721.350197560154","1995-01-04 08:24:17.070","56396.14587093517","2013-04-14 03:30:03.250","0.1028566567458048","0.9212616010980419","0.3750967481929716","102336449","NGC1952-BRTFIL","2","1","83.62944574104621","22.030292590871966","w2_f656n","19.827699661254883","0"
"Y","1.0823329178224559","0.2172193187619755","92.57930106669595","1.7212369441986084","16734343180919","0.3499999940395355","0","2","2","N","49406.412008657586","1994-02-23 09:53:17.550","51906.731634879485","2000-12-28 17:33:33.257","0.10282703270451196","0.9212789542850593","0.37506224781633146","104702398","CRAB-PULSAR-POS2","2","1","83.63138444022512","22.028160183473013","w2_f502n","19.670000076293945","0"
"Y","2.6503332455952964","0","0","1.7212369441986084","16734343180530","0.3499999940395355","0","1","1","N","49407.28978644917","1994-02-24 06:57:17.550","49407.37335124053","1994-02-24 08:57:37.550","0.10283259482432164","0.9212714720873322","0.3750791012060066","76384549","CRAB-NEB-A","1","1","83.63099147870483","22.02920185771633","w2_f375n","18.272300720214844","0"
"Y","2.9891112115648055","0","0","1.7212369441986084","16734343173491","0.3499999940395355","0","1","1","N","49407.28978644917","1994-02-24 06:57:17.550","49407.37335124053","1994-02-24 08:57:37.550","0.10281104310881578","0.9212805406901798","0.37506273443559435","106122419","CRAB-NEB-A","1","1","83.632377499225","22.028190260311405","w2_f375n","19.601200103759766","0"
"Y","2.1157777309417725","0","0","1.7212369441986084","16734343175805","0.3499999940395355","0","1","1","N","49407.28978644917","1994-02-24 06:57:17.550","49407.37335124053","1994-02-24 08:57:37.550","0.10279134205191451","0.9212800761085863","0.3750692754231988","51470351","CRAB-NEB-A","1","1","83.63358448447684","22.028594544828156","w2_f375n","18.236600875854492","0"
"Y","2.035014099544949","1.06602267453729","109.00501293956555","1.7212369441986084","16734343173986","0.4024999886751175","0.07424620443815476","2","2","N","49407.28978644917","1994-02-24 06:57:17.550","56257.77187970374","2012-11-26 18:31:30.410","0.10280265623151938","0.9212745774378113","0.3750796806540434","69090475","CRAB-NEB-A","2","1","83.63285180132475","22.029237672383886","w2_f375n","18.28820037841797","0"
"Y","1.6573333740234375","0","0","1.7212369441986084","16734343190625","0.3499999940395355","0","1","1","N","49407.28978644917","1994-02-24 06:57:17.550","49407.37335124053","1994-02-24 08:57:37.550","0.10281176265570716","0.9212683745576334","0.3750924199467464","38302470","CRAB-NEB-A","1","1","83.63224990027123","22.030025067822983","w2_f375n","19.583900451660156","0"
"Y","0.9384444687101576","0","0","1.7212369441986084","16734343184816","0.3499999940395355","0","1","1","N","49407.28978644917","1994-02-24 06:57:17.550","49407.37335124053","1994-02-24 08:57:37.550","0.10289227172913086","0.9212540020327813","0.37510564399725965","80806345","CRAB-NEB-A","1","1","83.62720589370115","22.03084243001892","w2_f375n","18.679100036621094","0"
"Y","2.572875625944334","0.3219029157857854","84.93100109251381","1.7212369441986084","16734343184662","0.3499999940395355","0","5","7","N","49420.234230865724","1994-03-09 05:37:17.550","50114.52634365298","1996-02-01 12:37:56.097","0.10288184146744749","0.9212541558662378","0.37510812707226043","77468437","NGC1952-BRTFIL","7","1","83.6278476495427","22.03099590635313","w2_f673n","19.12359046936035","0"
"Y","2.572875625944334","0.3219029157857854","84.93100109251381","1.7212369441986084","16734343184662","0.3499999940395355","0","5","7","N","49420.234230865724","1994-03-09 05:37:17.550","50114.52634365298","1996-02-01 12:37:56.097","0.10288184146744749","0.9212541558662378","0.37510812707226043","77468437","NGC1952-BRTFIL","7","1","83.6278476495427","22.03099590635313","w2_f631n","19.997699737548828","0"
"Y","2.320258427332527","0.47487739590984984","55.696507932781294","1.7212369441986084","16734343184879","0.3263888955116272","0.02651269885771861","4","7","N","51881.524458581116","2000-12-03 12:35:13.223","53699.73406963423","2005-11-25 17:37:03.620","0.10288288663645148","0.9212531460916912","0.3751103204389071","56812934","CRAB-FIELD-4","9","1","83.62777652073932","22.031131475699524","w2_f673n","19.20819091796875","0"
"Y","0.9503333436118232","0","0","1.7212369441986084","16734343184758","0.3499999940395355","0","1","1","N","49407.28978644917","1994-02-24 06:57:17.550","49407.37335124053","1994-02-24 08:57:37.550","0.10288118601903772","0.9212510228276989","0.37511600139681167","81740772","CRAB-NEB-A","1","1","83.62786641951242","22.03148261135739","w2_f375n","19.10300064086914","0"
"Y","2.277888986799452","0","0","1.7212369441986084","16734343188101","0.3499999940395355","0","1","1","N","49407.28978644917","1994-02-24 06:57:17.550","49407.37335124053","1994-02-24 08:57:37.550","0.10287690488643116","0.921249861157536","0.3751200284708178","8004579","CRAB-NEB-A","1","1","83.62812142967063","22.03173152187867","w2_f375n","19.82979965209961","0"
"Y","0.8630000220404731","0","0","1.7212369441986084","16734343188109","0.3499999940395355","0","1","1","N","49407.28978644917","1994-02-24 06:57:17.550","49407.37335124053","1994-02-24 08:57:37.550","0.10287605295721414","0.9212488092985549","0.375122845339625","6363076","CRAB-NEB-A","1","1","83.62816654620292","22.031905630755226","w2_f375n","19.225400924682617","0"
"Y","1.7784407105209048","1.317031051631735","114.22962777697269","1.7212369441986084","16734343187985","0.3162499964237213","0.047729704358344074","2","2","N","49407.41756419884","1994-02-24 10:01:17.550","53682.348351888824","2005-11-08 08:21:37.607","0.10286855017713548","0.9212546901849754","0.3751104600271541","16026175","CRAB-NEB-A","2","1","83.62866776185237","22.031140103763924","w2_f469n","19.445999145507812","0"
"Y","2.376241576174761","0.48248381288864994","94.57687510967749","1.7212369441986084","16734343188254","0.3698749914765358","0.05800915338732551","4","3","N","49421.17311981693","1994-03-10 04:09:17.553","56257.77187970374","2012-11-26 18:31:30.410","0.10286761985464944","0.9212489568903375","0.37512479554087824","23508676","CRAB-POL","4","1","83.62868558417787","22.032026171423443","w2_f631n","19.635099411010742","0"
"Y","2.823506446716803","0.16458610348692224","0","1.7212369441986084","16734343188463","0.3499999940395355","0","2","1","N","49406.28423086554","1994-02-23 06:49:17.550","49406.50182344904","1994-02-23 12:02:37.550","0.10286372058479668","0.9212485619270294","0.37512683473122765","43899645","CRAB-NEB-A","2","1","83.62892239847224","22.03215221290264","w2_f502n","19.961000442504883","0"
"Y","3.1133889489703708","2.42215512606827","153.5268560206308","1.7212369441986084","16734343188406","0.17499999701976776","0.2474873692006068","2","2","N","49407.28978644917","1994-02-24 06:57:17.550","53709.526083694305","2005-12-05 12:37:33.637","0.1028560441876149","0.9212446775575156","0.3751384788276274","12060573","CRAB-NEB-A","2","1","83.629367302533","22.03287193006622","w2_f375n","18.030899047851562","0"
"Y","1.595333284801907","0","0","1.7212369441986084","16734343187656","0.3499999940395355","0","1","1","N","49407.28978644917","1994-02-24 06:57:17.550","49407.37335124053","1994-02-24 08:57:37.550","0.1028486131163723","0.9212457563277552","0.3751378669637491","90379658","CRAB-NEB-A","1","1","83.62983117796631","22.03283411144052","w2_f375n","19.96540069580078","0"
"Y","2.366511766300645","0","0","1.7212369441986084","16734343187702","0.3499999940395355","0","1","1","N","49421.29881423386","1994-03-10 07:10:17.553","49421.388629025314","1994-03-10 09:19:37.553","0.10284573231832451","0.9212459593862994","0.37513815809437956","22942710","CRAB-NEB-A","1","1","83.63000953273827","22.032852106192056","w2_f631n","19.030000686645508","0"
"Y","2.211857603693771","0.47138847824636454","189.77641538873286","1.7212369441986084","16734343186397","0.438462495803833","0.29598410069627695","5","6","N","49421.17311981693","1994-03-10 04:09:17.553","56257.77187970374","2012-11-26 18:31:30.410","0.10284155586295833","0.9212554720033305","0.37511594170232204","91714475","CRAB-POL","8","1","83.63033131649938","22.03147892138717","w2_f631n","19.454700469970703","0"
"Y","2.5341375694187063","0.5455544013961904","177.28517021237107","1.7212369441986084","16734343186387","0.5024200022220612","0.3840043606842016","4","4","N","49407.28978644917","1994-02-24 06:57:17.550","56257.77187970374","2012-11-26 18:31:30.410","0.10284177361288367","0.9212544819693139","0.37511831340477103","24932155","NGC1952-BRTFIL","5","1","83.63031115166054","22.03162551485727","w2_f375n","19.983600616455078","0"
"Y","0.8135227317159827","0","0","1.7212369441986084","16734343199218","0.3499999940395355","0","1","1","N","49406.28423086554","1994-02-23 06:49:17.550","49406.36779565737","1994-02-23 08:49:37.550","0.10279309975091078","0.9212548687693959","0.37513070443912333","45035593","CRAB-NEB-A","1","1","83.63330374453818","22.03239139786142","w2_f487n","19.995399475097656","0"
"Y","2.6703044832564835","0.2543760989980492","180.94902319624964","1.7212369441986084","16734343185762","0.38499999046325684","0.06062177207061432","3","3","N","49421.29881423386","1994-03-10 07:10:17.553","56257.77187970374","2012-11-26 18:31:30.410","0.10284111964507754","0.92124988178765","0.37512979009423236","33773154","CRAB-PULSAR","3","1","83.6303197785426","22.03233488257656","w2_f631n","19.78219985961914","0"
"Y","3.09488385222679","0","0","1.7212369441986084","16734343187477","0.3499999940395355","0","1","1","N","49421.29881423386","1994-03-10 07:10:17.553","49421.388629025314","1994-03-10 09:19:37.553","0.10283971275955867","0.921245672356971","0.3751405131990047","72755725","CRAB-NEB-A","1","1","83.63037733550074","22.03299767485458","w2_f631n","19.314199447631836","0"
"Y","2.327132372284328","0.8660923663615495","178.23308822061702","1.7212369441986084","16734343199449","0.738549992442131","0.549492677400995","2","2","N","49406.412008657586","1994-02-23 09:53:17.550","56257.77187970374","2012-11-26 18:31:30.410","0.1028162765432177","0.9212494722899571","0.3751376055308689","45734523","CRAB-NEB-A","2","1","83.6318430384054","22.032817952345678","w2_f502n","19.86199951171875","0"
"Y","3.8296642229538556","0.3545586314831903","165.05341813260137","1.7212369441986084","16734347624030","0.40249999701976774","0.07424621623927231","2","2","N","49407.28978644917","1994-02-24 06:57:17.550","51610.535820073914","2000-03-07 12:51:34.857","0.10278409446343342","0.9213216743414496","0.37496906847738737","20113038","CRAB-PULSAR-POS2","2","1","83.63431474892155","22.02240109344314","w2_f375n","18.95709991455078","0"
"Y","4.1920636467431365","0","0","1.7212369441986084","16734347620740","0.45499999999999996","0","1","1","N","49407.28978644917","1994-02-24 06:57:17.550","49407.37335124053","1994-02-24 08:57:37.550","0.1027509593325189","0.9213180182517348","0.37498713258305366","524769","CRAB-NEB-A","1","1","83.63632500990231","22.023517554514175","w2_f375n","18.547000885009766","0"
"Y","1.3505050114222936","0","0","1.7212369441986084","16734347620468","0.45499999999999996","0","1","1","N","49407.28978644917","1994-02-24 06:57:17.550","49407.37335124053","1994-02-24 08:57:37.550","0.10274071696569043","0.9213201006346247","0.37498482268747807","75667573","CRAB-NEB-A","1","1","83.63696841114425","22.023374789771623","w2_f375n","18.69230079650879","0"
"Y","2.2431403019324874","0.565732385866705","215.70202985079703","1.7212369441986084","16734347620455","0.48837500356137753","0.2356752046283482","5","13","N","49407.28978644917","1994-02-24 06:57:17.550","56257.77187970374","2012-11-26 18:31:30.410","0.10273784412194063","0.9213204390885736","0.3749847782847219","95480019","CRAB-PULSAR-POS2","13","1","83.63714719371934","22.02337204496031","w2_f375n","18.792200088500977","0"
"Y","2.5954577718515286","0.5552316782076656","178.3707706604544","1.7212369441986084","16734347619140","0.6535666541258495","0.43801786406971205","3","3","N","49407.28978644917","1994-02-24 06:57:17.550","56257.77187970374","2012-11-26 18:31:30.410","0.10274123156690929","0.9213169810487081","0.37499234627915407","16802023","CRAB-PULSAR-POS2","3","1","83.63691543313973","22.023839791261338","w2_f375n","18.772199630737305","0"
"Y","0.7971139869304619","0","0","1.7212369441986084","16734347613373","0.45499999999999996","0","1","1","N","49407.28978644917","1994-02-24 06:57:17.550","49407.37335124053","1994-02-24 08:57:37.550","0.10272316321205513","0.9213300501119357","0.37496518572060966","23883944","CRAB-NEB-A","1","1","83.63811479126288","22.02216111885343","w2_f375n","18.087400436401367","0"
"Y","2.6326937061092166","0.6252610217568149","206.58264911556233","1.7212369441986084","16734347643010","0.3631249947845936","0.03712310811963616","5","7","N","49406.412008657586","1994-02-23 09:53:17.550","51972.86820996972","2001-03-04 20:50:13.343","0.1026967428356838","0.9213270971702049","0.3749796781566202","83220176","NGC1952-BRTFIL","8","1","83.63971743782906","22.023056828921426","w2_f502n","19.91819953918457","0"
"Y","2.6326937061092166","0.6252610217568149","206.58264911556233","1.7212369441986084","16734347643010","0.3631249947845936","0.03712310811963616","5","7","N","49406.412008657586","1994-02-23 09:53:17.550","51972.86820996972","2001-03-04 20:50:13.343","0.1026967428356838","0.9213270971702049","0.3749796781566202","83220176","NGC1952-BRTFIL","8","1","83.63971743782906","22.023056828921426","w2_f656n","19.549999237060547","0"
"Y","1.8125541970499324","0","0","1.7212369441986084","16734347654385","0.45499999999999996","0","1","1","N","49407.28978644917","1994-02-24 06:57:17.550","49407.37335124053","1994-02-24 08:57:37.550","0.10270504313123441","0.9213225386258448","0.37498860507710824","72281627","CRAB-NEB-A","1","1","83.63917637748699","22.023608563129773","w2_f375n","18.343299865722656","0"
"Y","3.1180921653133935","0.7902133288799298","123.5393347519087","1.7212369441986084","16734347654398","0.3969000015258789","0.0648020175065129","5","5","N","49421.29881423386","1994-03-10 07:10:17.553","53682.348351888824","2005-11-08 08:21:37.607","0.1027042588066899","0.921322077352045","0.3749899532208271","48546079","NGC1952-BRTFIL","5","1","83.63922139634639","22.02369188614435","w2_f656n","19.689800262451172","0"
"Y","2.315938037292293","1.2179960296572832","197.81760347072236","1.7212369441986084","16734347618410","0.6505332942803701","0.43280226427645146","3","3","N","49407.28978644917","1994-02-24 06:57:17.550","56257.77187970374","2012-11-26 18:31:30.410","0.10272467682091378","0.9213161095302841","0.3749990227885664","99239221","CRAB-PULSAR-POS2","3","1","83.63792634374711","22.02425243943241","w2_f375n","18.434600830078125","0"
"Y","2.3100304291032363","0.6963855104514958","95.81632966955459","1.7212369441986084","16734347654397","0.4370714364733015","0.013103510727962552","2","7","N","49406.412008657586","1994-02-23 09:53:17.550","53699.73406963423","2005-11-25 17:37:03.620","0.10270390539828145","0.9213216451364131","0.3749911119774002","96730875","CRAB-NEB-A","7","1","83.63924014504285","22.023763503678776","w2_f502n","19.937000274658203","0"
"Y","2.4609851847426016","0.6287540554311226","44.09890513134451","1.7212369441986084","16734347650978","0.39149999618530273","0.05868986587305654","2","2","N","49721.350197560154","1995-01-04 08:24:17.070","53619.72436911566","2005-09-06 17:23:05.497","0.10270631403461394","0.9213140257123323","0.37500917203385076","30063776","NGC1952-BRTFIL","2","1","83.63904001909255","22.02487972542698","w2_f656n","19.569499969482422","0"
"Y","1.2414925134004051","0","0","1.7212369441986084","16734347654740","0.45499999999999996","0","1","1","N","49406.412008657586","1994-02-23 09:53:17.550","49406.50182344904","1994-02-23 12:02:37.550","0.10268344793073322","0.9213163668092113","0.37500968223639985","73666578","CRAB-NEB-A","1","1","83.64046061993096","22.024911259481176","w2_f502n","19.965700149536133","0"
"Y","1.7789321888404837","0","0","1.7212369441986084","16734347620043","0.45499999999999996","0","1","1","N","49407.28978644917","1994-02-24 06:57:17.550","49407.37335124053","1994-02-24 08:57:37.550","0.10276479511644131","0.9213005996180674","0.3750261351293001","92285331","CRAB-NEB-A","1","1","83.63535580549575","22.025928156401804","w2_f375n","18.93239974975586","0"
"Y","4.31731596997634","0","0","1.7212369441986084","16734347620011","0.45499999999999996","0","1","1","N","49407.28978644917","1994-02-24 06:57:17.550","49407.37335124053","1994-02-24 08:57:37.550","0.10275966953022928","0.9212996068936177","0.37502997834533797","92630102","CRAB-NEB-A","1","1","83.63566384771867","22.02616569346844","w2_f375n","18.747699737548828","0"
"Y","2.59017427420761","0.15033877016829134","241.3232285133861","1.7212369441986084","16734343175525","0.6211000031232834","0.3407017501876703","4","4","N","49421.29881423386","1994-03-10 07:10:17.553","56257.77187970374","2012-11-26 18:31:30.410","0.10277639775175129","0.9212875432194076","0.3750550289934232","99401226","NGC1952-BRTFIL","4","1","83.63455363597014","22.027714004844754","w2_f673n","19.993600845336914","0"
"N","2.558023153349411","0","0","1.7212369441986084","16734347650799","0.3499999940395355","0","1","1","N","49719.473114226945","1995-01-02 11:21:17.070","49719.69487343496","1995-01-02 16:40:37.070","0.10271781914864257","0.9213074309424608","0.37502222243431854","95939131","NGC1952-BRTFIL","1","1","83.63828814499273","22.025686325491783","w2_f673n","19.103300094604492","0"
"N","2.5413953980734183","0","0","1.7212369441986084","16734347650710","0.3499999940395355","0","1","1","N","49719.473114226945","1995-01-02 11:21:17.070","49719.69487343496","1995-01-02 16:40:37.070","0.10270903814560674","0.921305981017844","0.3750281893724615","69409803","NGC1952-BRTFIL","1","1","83.6388175993284","22.026055122668097","w2_f673n","19.571399688720703","0"
"Y","1.2228139711888655","0.4714058507867662","40.80983155435441","1.7212369441986084","16734347650850","0.26878048413410416","0.09325681530527909","8","77","N","49420.234230865724","1994-03-09 05:37:17.550","57607.32353999093","2016-08-07 07:45:53.857","0.10269814196129232","0.9213108048694565","0.37501932280769584","97745398","V-CM-TAU","82","1","83.63951994250124","22.025507109158166","w3_f160w","19.892499923706055","0"
"Y","1.4210360564795794","0.25846202279883335","105.06008095961603","1.7212369441986084","16734347649951","0.39649999141693115","0.06576092694142625","2","2","N","51881.65640307404","2000-12-03 15:45:13.227","52859.84719157871","2003-08-08 20:19:57.357","0.10271242320966228","0.9212928761971313","0.37505945451638334","101840937","CRAB-POL","2","1","83.63851992235647","22.027987535534038","w2_f502n","19.555789947509766","0"
"Y","2.376432009102164","0.21019760533645146","178.4345624656932","1.7212369441986084","16734347652756","0.3850999891757965","0.048070774471816874","3","4","N","49719.473114226945","1995-01-02 11:21:17.070","53699.73406963423","2005-11-25 17:37:03.620","0.10270395940098297","0.9213000254090478","0.3750442106402846","104008258","NGC1952-BRTFIL","5","2","83.63908878622543","22.02704534989369","w2_f673n","19.785595893859863","0.029595375061035156"
"Y","2.0249639926706733","0","0","1.7212369441986084","16734347656317","0.45499999999999996","0","1","1","N","49407.28978644917","1994-02-24 06:57:17.550","49407.37335124053","1994-02-24 08:57:37.550","0.1026538529794177","0.9213248005000785","0.37499706459466303","76434752","CRAB-NEB-A","1","1","83.64233624765593","22.02413141119932","w2_f375n","17.99810028076172","0"
"Y","3.634328272805285","0","0","1.7212369441986084","16734347657032","0.45499999999999996","0","1","1","N","49406.412008657586","1994-02-23 09:53:17.550","49406.50182344904","1994-02-23 12:02:37.550","0.10266416018669934","0.9213190348334027","0.3750084082622378","40649461","CRAB-NEB-A","1","1","83.64166365419636","22.02483251980717","w2_f502n","19.42289924621582","0"
"Y","1.3200577031310332","0","0","1.7212369441986084","16734347655943","0.45499999999999996","0","1","1","N","49407.28978644917","1994-02-24 06:57:17.550","49407.37335124053","1994-02-24 08:57:37.550","0.1026434706944332","0.9213263849682888","0.3749960136958622","50442486","CRAB-NEB-A","1","1","83.6429848328149","22.02406645934994","w2_f375n","18.653400421142578","0"
"Y","2.4052326069321746","0","0","1.7212369441986084","16734347647173","0.3499999940395355","0","1","1","N","51881.79043087037","2000-12-03 18:58:13.230","51881.82214374747","2000-12-03 19:43:53.223","0.10261066073322626","0.921332169574379","0.3749907807328523","93526237","CRAB-FIELD-4","1","1","83.64503979748532","22.0237430310562","w2_f673n","19.663990020751953","0"
"Y","2.1326744279196097","0","0","1.7212369441986084","16734347647555","0.3499999940395355","0","1","1","N","49721.350197560154","1995-01-04 08:24:17.070","49721.5712623517","1995-01-04 13:42:37.070","0.10261825619041214","0.9213278149464854","0.3749994012037751","94052116","NGC1952-BRTFIL","1","1","83.64454344596263","22.02427582778377","w2_f656n","19.725200653076172","0"
"Y","0.9565116361130116","0","0","1.7212369441986084","16734347630163","0.3499999940395355","0","1","1","N","51571.60017132852","2000-01-28 14:24:14.807","51571.63188440958","2000-01-28 15:09:54.813","0.10258173759530197","0.9213337032466934","0.37499492579749844","22794220","CRAB-FIELD-5","1","1","83.64682692719454","22.023999220767067","w2_f673n","19.624799728393555","0"
"Y","1.909198628918272","0.8033485675020207","115.79691497852548","1.7212369441986084","16734347651592","0.38499999602635704","0.060621781706186456","3","3","N","49407.28978644917","1994-02-24 06:57:17.550","49719.69487343496","1995-01-02 16:40:37.070","0.1026712319473313","0.9213079681548182","0.3750336597506014","65165875","NGC1952-BRTFIL","3","1","83.64115350828273","22.026393229906127","w2_f375n","18.433799743652344","0"
"Y","1.0634920469782225","0","0","1.7212369441986084","16734347652488","0.45499999999999996","0","1","1","N","49407.28978644917","1994-02-24 06:57:17.550","49407.37335124053","1994-02-24 08:57:37.550","0.10267754610589769","0.9212988926197799","0.37505422539400735","33321297","CRAB-NEB-A","1","1","83.64070351999369","22.0276643362838","w2_f375n","18.736000061035156","0"
"Y","0.990689622944799","0","0","1.7212369441986084","16734347653952","0.3499999940395355","0","1","1","N","51881.65640307404","2000-12-03 15:45:13.227","51881.75385674089","2000-12-03 18:05:33.227","0.1026220925929371","0.9213079199702354","0.3750472273401761","74762384","CRAB-FIELD-4","1","1","83.64417166690235","22.02723180411673","w2_f502n","19.96319007873535","0"
"Y","2.772060452240053","0.1938721929225386","0","1.7212369441986084","16734347645213","0.3499999940395355","0","3","1","N","51881.53904194897","2000-12-03 12:56:13.227","51881.82214374747","2000-12-03 19:43:53.223","0.10256938835223252","0.9213094846893445","0.3750578009027214","26353105","CRAB-FIELD-4","3","1","83.64741987621133","22.027885329660243","w2_f673n","18.73029136657715","0"
"Y","1.1885421148822866","0.42661548069499255","51.55341669277355","1.7212369441986084","16734343175488","0.2876666638056437","0.11996886202056592","9","85","N","49420.3599253241","1994-03-09 08:38:17.550","57607.32353999093","2016-08-07 07:45:53.857","0.1027753479468211","0.9212844809515133","0.3750628387644301","53322962","V-CM-TAU","90","1","83.63459713755303","22.028196708553956","w3_f160w","19.680299758911133","0"
"Y","2.2703735633770217","0.38246995658702426","132.4992445626838","1.7212369441986084","16734343172901","0.3627857140132359","0.024188243964950895","4","6","N","49407.28978644917","1994-02-24 06:57:17.550","53718.58883813443","2005-12-14 14:07:55.620","0.10276575799456823","0.9212830349083886","0.37506901846806034","33223484","CRAB-PULSAR","7","1","83.63517630955889","22.02857866250607","w2_f375n","20","0"
"Y","1.327777836057875","0","0","1.7212369441986084","16734343175787","0.3499999940395355","0","1","1","N","49407.28978644917","1994-02-24 06:57:17.550","49407.37335124053","1994-02-24 08:57:37.550","0.10278889059019147","0.9212792209932428","0.3750720476645885","11579954","CRAB-NEB-A","1","1","83.63372920941667","22.028765891514446","w2_f375n","19.534400939941406","0"
"Y","1.7217045480554753","0","0","1.7212369441986084","16734343173666","0.3499999940395355","0","1","1","N","49406.28423086554","1994-02-23 06:49:17.550","49406.36779565737","1994-02-23 08:49:37.550","0.10278755715482013","0.9212762529448506","0.37507970333589985","98554402","CRAB-NEB-A","1","1","83.63379077683975","22.02923907431539","w2_f487n","18.968399047851562","0"
"Y","1.8219796507886172","0.840560588594938","161.90881957776926","1.7212369441986084","16734343172552","0.6540999710559845","0.45021339510202235","3","3","N","49407.28978644917","1994-02-24 06:57:17.550","56257.77187970374","2012-11-26 18:31:30.410","0.10276739380438417","0.921279963996681","0.3750761132432004","89120078","CRAB-NEB-A","3","1","83.63505478457903","22.02901717698822","w2_f375n","19.712499618530273","0"
"Y","2.8382479709574633","0.2314960932617514","87.01783614435132","1.7212369441986084","16734343172363","0.7742999643087387","0.6000507724692081","2","2","N","49407.28978644917","1994-02-24 06:57:17.550","56257.77187970374","2012-11-26 18:31:30.410","0.10277186548873604","0.9212752194761891","0.3750865415397211","25751937","CRAB-NEB-A","2","1","83.6347475903764","22.02966173228561","w2_f375n","19.247100830078125","0"
"Y","2.16832403783445","0.35969462974371774","78.2966197179436","1.7212369441986084","16734343189204","0.38499999046325684","0.049497469625436503","2","2","N","49407.28978644917","1994-02-24 06:57:17.550","53673.68877983093","2005-10-30 16:31:50.583","0.10276299101162922","0.9212733446886452","0.37509357775170615","34546740","CRAB-NEB-A","2","1","83.63527988111984","22.03009662984655","w2_f375n","19.697999954223633","0"
"Y","2.341415922204743","0.3205294272475022","38.82825279532043","1.7212369441986084","16734343191858","0.3499999940395355","0","2","2","N","49457.16964748595","1994-04-15 04:04:17.547","49943.827743689995","1995-08-14 19:51:57.057","0.10277116407729932","0.9212710006802691","0.37509709561697047","2000950","NGC1952-BRTFIL","2","1","83.63476176716004","22.030314064688802","w2_f658n","19.950899124145508","0"
"Y","0.969888899061415","0","0","1.7212369441986084","16734343188699","0.3499999940395355","0","1","1","N","49407.28978644917","1994-02-24 06:57:17.550","49407.37335124053","1994-02-24 08:57:37.550","0.10273611280951257","0.9212780300932987","0.37508943252856003","73190289","CRAB-NEB-A","1","1","83.63696304685563","22.02984041985117","w2_f375n","19.016399383544922","0"
"Y","0.8033376297075421","0","0","1.7212369441986084","16734347649622","0.7275","0","1","1","N","49407.41756419884","1994-02-24 10:01:17.550","49407.50737899076","1994-02-24 12:10:37.550","0.1026950283312558","0.92128977194123","0.37507184281830924","19733763","CRAB-NEB-A","1","1","83.6395671863284","22.028753230362046","w2_f469n","19.92919921875","0"
"Y","1.5558997790018716","0","0","1.7212369441986084","16734347652462","0.45499999999999996","0","1","1","N","49407.41756419884","1994-02-24 10:01:17.550","49407.50737899076","1994-02-24 12:10:37.550","0.10268832908629721","0.9212939539847177","0.37506340453753517","24813939","CRAB-NEB-A","1","1","83.64000733862966","22.028231677823424","w2_f469n","19.358200073242188","0"
"Y","0.9391086324534922","0","0","1.7212369441986084","16734347596683","0.7275","0","1","1","N","49407.28978644917","1994-02-24 06:57:17.550","49407.37335124053","1994-02-24 08:57:37.550","0.10269826854136659","0.9212839809353979","0.3750851798099576","94695996","CRAB-NEB-A","1","1","83.63932849417614","22.029577565921464","w2_f375n","19.28019905090332","0"
"Y","1.7103012985546124","1.1733711325142036","62.14502754821062","1.7212369441986084","16734347596708","0.5912499916553497","0.1926866096744518","2","2","N","49407.28978644917","1994-02-24 06:57:17.550","56257.77187970374","2012-11-26 18:31:30.410","0.10269857752042699","0.9212830483132464","0.37508738590810997","50022442","CRAB-NEB-A","2","1","83.63930312803583","22.02971392137227","w2_f375n","18.042200088500977","0"
"Y","2.0990144564193747","0.06587890261642905","70.79731710946916","1.7212369441986084","16734347596701","0.7275","0","2","2","N","49420.234230865724","1994-03-09 05:37:17.550","49421.388629025314","1994-03-10 09:19:37.553","0.10269027589358729","0.9212833400605678","0.37508894220463895","14336192","CRAB-NEB-A","2","1","83.63981507818559","22.02981011368935","w2_f673n","19.801891326904297","0"
"Y","1.8427367990246157","0.06676256563170375","0","1.7212369441986084","16734347596702","0.3499999940395355","0","3","1","N","51881.53904194897","2000-12-03 12:56:13.227","51881.82214374747","2000-12-03 19:43:53.223","0.10268995514463092","0.9212825962222815","0.37509085703898504","84753111","CRAB-FIELD-4","3","1","83.63982968809472","22.029928466486098","w2_f673n","19.938291549682617","0"
"Y","3.440436410965142","0","0","1.7212369441986084","16734347596113","0.7275","0","1","1","N","49407.41756419884","1994-02-24 10:01:17.550","49407.50737899076","1994-02-24 12:10:37.550","0.10268403272954309","0.9212832274954997","0.3750909278570197","56267709","CRAB-NEB-A","1","1","83.64019781328022","22.029932843890737","w2_f469n","19.776899337768555","0"
"Y","2.6936465180646354","0.18936114944731836","215.80177713423808","1.7212369441986084","16734347596124","0.5387499970197678","0.20178224082988272","5","5","N","49406.28423086554","1994-02-23 06:49:17.550","51881.82214374747","2000-12-03 19:43:53.223","0.10268184682698259","0.9212828018849611","0.3750925716239565","39785308","CRAB-PULSAR","8","2","83.6403291753594","22.03003444274977","w2_f673n","18.348840713500977","0.000949859619140625"
"Y","2.4762075425837184","0.27360809924654056","198.0033363622678","1.7212369441986084","16734343191353","0.3499999940395355","0","2","3","N","49407.28978644917","1994-02-24 06:57:17.550","49719.69487343496","1995-01-02 16:40:37.070","0.10278534617243658","0.9212635272793034","0.375111564627586","36399997","NGC1952-BRTFIL","3","1","83.63383937675096","22.03120837839489","w2_f375n","19.81570053100586","0"
"Y","0.7815555731455485","0","0","1.7212369441986084","16734343191652","0.3499999940395355","0","1","1","N","49407.28978644917","1994-02-24 06:57:17.550","49407.37335124053","1994-02-24 08:57:37.550","0.10277587056401699","0.9212609984886512","0.375120371475331","76964470","CRAB-NEB-A","1","1","83.63440411510467","22.031752722752543","w2_f375n","18.81909942626953","0"
"Y","0.8721111218134562","0","0","1.7212369441986084","16734343192389","0.3499999940395355","0","1","1","N","49407.28978644917","1994-02-24 06:57:17.550","49407.37335124053","1994-02-24 08:57:37.550","0.10275523398732028","0.9212593912601731","0.3751299720171824","14879538","CRAB-NEB-A","1","1","83.63566077519936","22.0323461271289","w2_f375n","19.345699310302734","0"
"Y","2.0364463348346042","0.9149988739959821","136.28186645100584","1.7212369441986084","16734343192095","0.26249999552965164","0.1237436846003034","2","2","N","49406.412008657586","1994-02-23 09:53:17.550","56977.83521619672","2014-11-16 20:02:42.683","0.10273706901754515","0.9212607411137808","0.37513163227478197","72032808","CRAB-NEBULA","2","1","83.63678587464528","22.032448747036423","w2_f502n","19.09779930114746","0"
"Y","1.2811046700144924","0.5535988551905932","164.63238648126725","1.7212369441986084","16734343200236","0.3499999940395355","0","2","2","N","51808.98695757426","2000-09-21 23:41:13.137","51881.82214374747","2000-12-03 19:43:53.223","0.10278354720690844","0.9212489223285526","0.3751479248831946","92915953","CRAB-PULSAR-POS1","2","1","83.633849788438","22.033455790777168","w2_f673n","19.502891540527344","0"
"Y","0.9256666898727417","0","0","1.7212369441986084","16734343197426","0.3499999940395355","0","1","1","N","49407.28978644917","1994-02-24 06:57:17.550","49407.37335124053","1994-02-24 08:57:37.550","0.10277166021847464","0.9212486471410771","0.37515185725137046","32610476","CRAB-NEB-A","1","1","83.63457810870815","22.03369885109452","w2_f375n","18.32069969177246","0"
"Y","2.394080276177192","0.1748970065146621","195.15613073907647","1.7212369441986084","16734343189845","0.3499999940395355","0","4","7","N","49420.234230865724","1994-03-09 05:37:17.550","50108.43282508338","1996-01-26 10:23:16.090","0.10275694320237919","0.9212543261117621","0.37514194279470986","23487905","NGC1952-BRTFIL","7","1","83.6355210751979","22.033086038027786","w2_f656n","18.354000091552734","0"
"Y","2.394080276177192","0.1748970065146621","195.15613073907647","1.7212369441986084","16734343189845","0.3499999940395355","0","4","7","N","49420.234230865724","1994-03-09 05:37:17.550","50108.43282508338","1996-01-26 10:23:16.090","0.10275694320237919","0.9212543261117621","0.37514194279470986","23487905","NGC1952-BRTFIL","7","2","83.6355210751979","22.033086038027786","w2_f673n","19.95449447631836","0.04929542541503906"
"Y","2.3579480015676078","0.06859433735605922","44.73160207422294","1.7212369441986084","16734343188957","0.3499999940395355","0","2","2","N","49407.28978644917","1994-02-24 06:57:17.550","49943.827743689995","1995-08-14 19:51:57.057","0.102729731109443","0.9212670620347152","0.3751181184072531","105665023","CRAB-PULSAR","2","1","83.63727993192838","22.031613462186545","w2_f375n","19.890199661254883","0"
"Y","2.0641378972722197","0","0","1.7212369441986084","16734343143921","0.3499999940395355","0","1","1","N","49406.412008657586","1994-02-23 09:53:17.550","49406.50182344904","1994-02-23 12:02:37.550","0.10269013866763367","0.9212699704735513","0.3751218161143976","64314909","CRAB-NEB-A","1","1","83.6397319644022","22.03184201498118","w2_f502n","19.83489990234375","0"
"Y","2.8125043105038228","0.32370608401136314","336.44928958809015","1.7212369441986084","16734343145944","0.3805333260032866","0.12954195650272995","3","18","N","49407.28978644917","1994-02-24 06:57:17.550","56257.77187970374","2012-11-26 18:31:30.410","0.1027210048815247","0.9212555582999433","0.3751487591019039","54776881","NGC1952-BRTFIL","18","1","83.63773717872405","22.03350735407532","w2_f375n","19.853599548339844","0"
"Y","2.5898855509256795","0.34472907340566616","112.37319537732733","1.7212369441986084","16734343190337","0.3499999940395355","0","3","14","N","49407.28978644917","1994-02-24 06:57:17.550","52005.19322764594","2001-04-06 04:38:14.873","0.10272948432282093","0.9212512691604854","0.37515696997577935","15393910","CRAB-PULSAR-POS2","14","1","83.63718691132796","22.034014869925077","w2_f375n","19.784299850463867","0"
"Y","2.202812880224333","0.2889529192416546","105.74370582725118","1.7212369441986084","16734343145902","0.47770001081859365","0.10880491879520662","2","17","N","55471.114321747795","2010-10-02 02:44:37.403","56879.40657963185","2014-08-10 09:45:28.483","0.1027183606018233","0.9212531406200073","0.37515542018510906","80736633","V-CM-TAU","17","1","83.63788305595143","22.033919076882796","w3_f160w","19.877599716186523","0"
"Y","0.8437777890099419","0","0","1.7212369441986084","16734343147403","0.3499999940395355","0","1","1","N","49407.28978644917","1994-02-24 06:57:17.550","49407.37335124053","1994-02-24 08:57:37.550","0.10269746069469421","0.9212564418934608","0.3751530352264799","93666337","CRAB-NEB-A","1","1","83.63918953937423","22.033771661969823","w2_f375n","18.806800842285156","0"
"Y","1.055945422872281","0.18835338283555783","28.022506870254382","1.7212369441986084","16734343147425","0.18854838369354124","0.059036618242177014","4","30","N","51928.457792574074","2001-01-19 10:59:13.280","57607.32353999093","2016-08-07 07:45:53.857","0.10269183935494172","0.9212571382919896","0.3751528638802609","26929314","V-CM-TAU","31","1","83.6395396254958","22.033761071038732","w3_f160w","18.820999145507812","0"
"Y","1.1182285089700916","0","0","1.7212369441986084","16734347596033","0.7275","0","1","1","N","49406.28423086554","1994-02-23 06:49:17.550","49406.36779565737","1994-02-23 08:49:37.550","0.10267372014608242","0.9212890367849795","0.3750794820993632","100698928","CRAB-NEB-A","1","1","83.6408710671037","22.029225400072047","w2_f487n","19.7908992767334","0"
"Y","1.928863606669686","0","0","1.7212369441986084","16734347599165","0.3499999940395355","0","1","1","N","49407.41756419884","1994-02-24 10:01:17.550","49407.50737899076","1994-02-24 12:10:37.550","0.10267153772359813","0.9212723421009651","0.37512108315086173","83423258","CRAB-NEB-A","1","1","83.64089083935984","22.03179671094443","w2_f469n","19.376800537109375","0"
"Y","2.0881525517300785","1.6730732645588724","102.34344602809367","1.7212369441986084","16734347598915","0.8217499703168869","0.6671552145006162","2","2","N","49407.28978644917","1994-02-24 06:57:17.550","56257.77187970374","2012-11-26 18:31:30.410","0.10264923966546055","0.9212742157779363","0.3751225838848929","89192142","CRAB-NEB-A","2","1","83.64227341612695","22.031889470396333","w2_f375n","19.818099975585938","0"
"Y","0.9617777665456135","0","0","1.7212369441986084","16734347598317","0.3499999940395355","0","1","1","N","49407.28978644917","1994-02-24 06:57:17.550","49407.37335124053","1994-02-24 08:57:37.550","0.10266151079487987","0.9212702385177252","0.375128993582106","35243534","CRAB-NEB-A","1","1","83.6414923851219","22.03228565045659","w2_f375n","19.46940040588379","0"
"Y","1.1375555727216933","0","0","1.7212369441986084","16734347598947","0.3499999940395355","0","1","1","N","49407.28978644917","1994-02-24 06:57:17.550","49407.37335124053","1994-02-24 08:57:37.550","0.10263877974969472","0.9212756861783871","0.3751218348100976","2325354","CRAB-NEB-A","1","1","83.64292602499579","22.03184317052317","w2_f375n","19.486900329589844","0"
"Y","0.8472222089767456","0","0","1.7212369441986084","16734347597069","0.3499999940395355","0","1","1","N","49407.28978644917","1994-02-24 06:57:17.550","49407.37335124053","1994-02-24 08:57:37.550","0.10262467956033405","0.9212787351064955","0.37511820455566874","31672340","CRAB-NEB-A","1","1","83.64381305491483","22.03161878693403","w2_f375n","17.839399337768555","0"
"Y","0.866363603960384","0","0","1.7212369441986084","16734343144826","0.3499999940395355","0","1","1","N","49407.41756419884","1994-02-24 10:01:17.550","49407.50737899076","1994-02-24 12:10:37.550","0.1026722205618815","0.9212571152381157","0.3751582902605629","37670163","CRAB-NEB-A","1","1","83.64074464801189","22.03409647714893","w2_f469n","19.471799850463867","0"
"Y","1.871673270035042","0.27207224234359617","53.614506368841155","1.7212369441986084","16734347598030","0.17499999701976776","0","1","28","N","55471.114321747795","2010-10-02 02:44:37.403","57607.32353999093","2016-08-07 07:45:53.857","0.10263530583997804","0.9212640182338472","0.3751514396939342","18045954","V-CM-TAU","28","28","83.64305957350722","22.033673041802814","a_f550m","18.20740032196045","0.16569995880126953"
"Y","3.254540955824922","2.523160359795913","78.03549708213518","1.7212369441986084","16734347598021","0.24980391737292795","0.08827208225612153","11","46","N","49406.28423086554","1994-02-23 06:49:17.550","57607.32353999093","2016-08-07 07:45:53.857","0.10263512311105974","0.9212635442673125","0.37515265360790423","99213788","V-CM-TAU","51","14","83.64306755486452","22.03374807406636","w2_f547m","17.660944938659668","0.16249942779541016"
"Y","3.254540955824922","2.523160359795913","78.03549708213518","1.7212369441986084","16734347598021","0.24980391737292795","0.08827208225612153","11","46","N","49406.28423086554","1994-02-23 06:49:17.550","57607.32353999093","2016-08-07 07:45:53.857","0.10263512311105974","0.9212635442673125","0.37515265360790423","99213788","V-CM-TAU","51","1","83.64306755486452","22.03374807406636","w2_f469n","15.547499656677246","0"
"Y","3.254540955824922","2.523160359795913","78.03549708213518","1.7212369441986084","16734347598021","0.24980391737292795","0.08827208225612153","11","46","N","49406.28423086554","1994-02-23 06:49:17.550","57607.32353999093","2016-08-07 07:45:53.857","0.10263512311105974","0.9212635442673125","0.37515265360790423","99213788","V-CM-TAU","51","1","83.64306755486452","22.03374807406636","w2_f814w","17.76300048828125","0"
"Y","3.254540955824922","2.523160359795913","78.03549708213518","1.7212369441986084","16734347598021","0.24980391737292795","0.08827208225612153","11","46","N","49406.28423086554","1994-02-23 06:49:17.550","57607.32353999093","2016-08-07 07:45:53.857","0.10263512311105974","0.9212635442673125","0.37515265360790423","99213788","V-CM-TAU","51","1","83.64306755486452","22.03374807406636","w2_f300w","17.909400939941406","0"
"Y","3.254540955824922","2.523160359795913","78.03549708213518","1.7212369441986084","16734347598021","0.24980391737292795","0.08827208225612153","11","46","N","49406.28423086554","1994-02-23 06:49:17.550","57607.32353999093","2016-08-07 07:45:53.857","0.10263512311105974","0.9212635442673125","0.37515265360790423","99213788","V-CM-TAU","51","1","83.64306755486452","22.03374807406636","w2_f502n","15.859299659729004","0"
"Y","3.254540955824922","2.523160359795913","78.03549708213518","1.7212369441986084","16734347598021","0.24980391737292795","0.08827208225612153","11","46","N","49406.28423086554","1994-02-23 06:49:17.550","57607.32353999093","2016-08-07 07:45:53.857","0.10263512311105974","0.9212635442673125","0.37515265360790423","99213788","V-CM-TAU","51","1","83.64306755486452","22.03374807406636","w2_f375n","16.208099365234375","0"
"Y","3.254540955824922","2.523160359795913","78.03549708213518","1.7212369441986084","16734347598021","0.24980391737292795","0.08827208225612153","11","46","N","49406.28423086554","1994-02-23 06:49:17.550","57607.32353999093","2016-08-07 07:45:53.857","0.10263512311105974","0.9212635442673125","0.37515265360790423","99213788","V-CM-TAU","51","1","83.64306755486452","22.03374807406636","w2_f631n","16.008800506591797","0"
"Y","3.254540955824922","2.523160359795913","78.03549708213518","1.7212369441986084","16734347598021","0.24980391737292795","0.08827208225612153","11","46","N","49406.28423086554","1994-02-23 06:49:17.550","57607.32353999093","2016-08-07 07:45:53.857","0.10263512311105974","0.9212635442673125","0.37515265360790423","99213788","V-CM-TAU","51","28","83.64306755486452","22.03374807406636","a_f550m","18.20284938812256","0.1349506378173828"
"Y","3.254540955824922","2.523160359795913","78.03549708213518","1.7212369441986084","16734347598021","0.24980391737292795","0.08827208225612153","11","46","N","49406.28423086554","1994-02-23 06:49:17.550","57607.32353999093","2016-08-07 07:45:53.857","0.10263512311105974","0.9212635442673125","0.37515265360790423","99213788","V-CM-TAU","51","1","83.64306755486452","22.03374807406636","w2_f588n","16.442899703979492","0"
"Y","3.254540955824922","2.523160359795913","78.03549708213518","1.7212369441986084","16734347598021","0.24980391737292795","0.08827208225612153","11","46","N","49406.28423086554","1994-02-23 06:49:17.550","57607.32353999093","2016-08-07 07:45:53.857","0.10263512311105974","0.9212635442673125","0.37515265360790423","99213788","V-CM-TAU","51","1","83.64306755486452","22.03374807406636","w3_f555w","18.51460075378418","0"
"Y","3.254540955824922","2.523160359795913","78.03549708213518","1.7212369441986084","16734347598021","0.24980391737292795","0.08827208225612153","11","46","N","49406.28423086554","1994-02-23 06:49:17.550","57607.32353999093","2016-08-07 07:45:53.857","0.10263512311105974","0.9212635442673125","0.37515265360790423","99213788","V-CM-TAU","51","1","83.64306755486452","22.03374807406636","w2_f487n","15.263199806213379","0"
"Y","1.0321111149258084","0","0","1.7212369441986084","16734347604694","0.3499999940395355","0","1","1","N","49407.28978644917","1994-02-24 06:57:17.550","49407.37335124053","1994-02-24 08:57:37.550","0.10261500681017394","0.9212803952365455","0.37511677346336936","62403341","CRAB-NEB-A","1","1","83.64441860510189","22.031530332177066","w2_f375n","18.962099075317383","0"
"Y","2.041627917178842","0.2764983385570016","71.78022909241503","1.7212369441986084","16734347605492","0.3499999940395355","0","3","4","N","49420.234230865724","1994-03-09 05:37:17.550","49719.69487343496","1995-01-02 16:40:37.070","0.102567373433161","0.9212707659216316","0.37515344829317226","27889067","NGC1952-BRTFIL","4","1","83.64727885333586","22.033797193737136","w2_f658n","19.976200103759766","0"
"Y","3.2177905703699867","0","0","1.0941359996795654","16734345495101","0.3499999940395355","0","1","1","N","51200.54668225907","1999-01-22 13:07:13.350","51200.61983033782","1999-01-22 14:52:33.347","0.10411976942974704","0.9209677493495635","0.37546967690088473","105078488","ANY","1","1","83.54982818964957","22.053344706748014","w2_f606w","18.97869110107422","0"
"Y","2.720581376275351","0","0","1.0941359996795654","16734345522634","0.3499999940395355","0","1","1","N","51200.54668225907","1999-01-22 13:07:13.350","51200.61983033782","1999-01-22 14:52:33.347","0.10390075885758147","0.9210028095456946","0.3754443462323913","77737404","ANY","1","1","83.56352478095303","22.051778804656188","w2_f606w","19.61149024963379","0"
"Y","1.6706896924424446","0","0","1.0941359996795654","16734343574112","0.3499999940395355","0","1","1","N","51569.52031025011","2000-01-26 12:29:14.810","51569.617763958406","2000-01-26 14:49:34.810","0.10364381201675117","0.9211536260819002","0.37514524838631413","83925833","CRAB-FIELD-2","1","1","83.58035156785357","22.033290356524102","w2_f502n","19.300600051879883","0"
"Y","1.1273823973250496","0.23449631400993373","0","1.0941359996795654","16734343590041","0.3499999940395355","0","4","1","N","51569.389754661825","2000-01-26 09:21:14.807","51569.68674545828","2000-01-26 16:28:54.810","0.10356203677614542","0.9211178704697733","0.3752556105376976","51169722","CRAB-FIELD-2","4","1","83.58512752705253","22.0401120064729","w2_f631n","18.134700775146484","0"
"Y","1.1273823973250496","0.23449631400993373","0","1.0941359996795654","16734343590041","0.3499999940395355","0","4","1","N","51569.389754661825","2000-01-26 09:21:14.807","51569.68674545828","2000-01-26 16:28:54.810","0.10356203677614542","0.9211178704697733","0.3752556105376976","51169722","CRAB-FIELD-2","4","1","83.58512752705253","22.0401120064729","w2_f502n","18.685400009155273","0"
"Y","1.1273823973250496","0.23449631400993373","0","1.0941359996795654","16734343590041","0.3499999940395355","0","4","1","N","51569.389754661825","2000-01-26 09:21:14.807","51569.68674545828","2000-01-26 16:28:54.810","0.10356203677614542","0.9211178704697733","0.3752556105376976","51169722","CRAB-FIELD-2","4","1","83.58512752705253","22.0401120064729","w2_f547m","18.97760009765625","0"
"Y","1.1273823973250496","0.23449631400993373","0","1.0941359996795654","16734343590041","0.3499999940395355","0","4","1","N","51569.389754661825","2000-01-26 09:21:14.807","51569.68674545828","2000-01-26 16:28:54.810","0.10356203677614542","0.9211178704697733","0.3752556105376976","51169722","CRAB-FIELD-2","4","1","83.58512752705253","22.0401120064729","w2_f673n","18.01020050048828","0"
"Y","1.0983333543494895","0","0","1.0941359996795654","16734343537790","0.31949999928474426","0","1","1","N","56039.795468969736","2012-04-22 19:05:28.523","56039.90427743038","2012-04-22 21:42:09.570","0.10346454007258411","0.9211281694273228","0.3752572243662073","67866194","V-CM-TAU","1","1","83.59118748767582","22.040211762024175","a_f550m","19.819900512695312","0"
"Y","1.4547222190433078","0","0","1.0941359996795654","16734343537891","0.20550000667572021","0","1","1","N","56039.795468969736","2012-04-22 19:05:28.523","56039.90427743038","2012-04-22 21:42:09.570","0.10345845287788911","0.9211286615736559","0.3752576946041504","61658690","V-CM-TAU","1","1","83.59156479997573","22.04024082886007","a_f550m","18.57539939880371","0"
"Y","2.5833720384642134","0","0","1.0941359996795654","16734343445198","0.3499999940395355","0","1","1","N","51200.54668225907","1999-01-22 13:07:13.350","51200.61983033782","1999-01-22 14:52:33.347","0.10386745107434324","0.9210397972238821","0.37536281720119336","2050066","ANY","1","1","83.56582706482314","22.046738925838753","w2_f606w","18.97399139404297","0"
"Y","5.061743980230287","0","0","1.0941359996795654","16734343430581","0.3499999940395355","0","1","1","N","51200.54668225907","1999-01-22 13:07:13.350","51200.61983033782","1999-01-22 14:52:33.347","0.10378748396915351","0.9210379529096338","0.37538946105541665","44817368","ANY","1","1","83.57072644699258","22.048385948798206","w2_f606w","18.90859031677246","0"
"Y","0.8227586061104961","0","0","1.0941359996795654","16734343535303","0.3499999940395355","0","1","1","N","51569.52031025011","2000-01-26 12:29:14.810","51569.617763958406","2000-01-26 14:49:34.810","0.1034891505137187","0.9210948246516567","0.3753322790886633","46244853","CRAB-FIELD-2","1","1","83.58944562292055","22.044851198045684","w2_f502n","19.342500686645508","0"
"Y","0.9044186320415764","0","0","1.0941359996795654","16734345616685","0.3499999940395355","0","1","1","N","51569.65503241215","2000-01-26 15:43:14.807","51569.68674545828","2000-01-26 16:28:54.810","0.10354196334882626","0.9210511486932064","0.3754248837208429","61208087","CRAB-FIELD-2","1","1","83.58589982188337","22.050575674576198","w2_f673n","19.58839988708496","0"
"Y","0.990094221975038","0.11845016059309808","0","1.0941359996795654","16734345621670","0.3499999940395355","0","4","1","N","51569.389754661825","2000-01-26 09:21:14.807","51569.68674545828","2000-01-26 16:28:54.810","0.10346926832109284","0.921042313256131","0.37546659998580734","19673790","CRAB-FIELD-2","4","1","83.5903045858269","22.053154495773242","w2_f631n","19.628599166870117","0"
"Y","0.990094221975038","0.11845016059309808","0","1.0941359996795654","16734345621670","0.3499999940395355","0","4","1","N","51569.389754661825","2000-01-26 09:21:14.807","51569.68674545828","2000-01-26 16:28:54.810","0.10346926832109284","0.921042313256131","0.37546659998580734","19673790","CRAB-FIELD-2","4","1","83.5903045858269","22.053154495773242","w2_f673n","19.47369956970215","0"
"Y","1.5017963210964738","0.1526077377490909","0","1.0941359996795654","16734345620169","0.3499999940395355","0","4","1","N","51569.389754661825","2000-01-26 09:21:14.807","51569.68674545828","2000-01-26 16:28:54.810","0.10344553261346925","0.9210343141183834","0.3754927615797725","85414000","CRAB-FIELD-2","4","1","83.5917075359279","22.054771780396276","w2_f631n","19.935699462890625","0"
"Y","1.5017963210964738","0.1526077377490909","0","1.0941359996795654","16734345620169","0.3499999940395355","0","4","1","N","51569.389754661825","2000-01-26 09:21:14.807","51569.68674545828","2000-01-26 16:28:54.810","0.10344553261346925","0.9210343141183834","0.3754927615797725","85414000","CRAB-FIELD-2","4","1","83.5917075359279","22.054771780396276","w2_f673n","19.585500717163086","0"
"Y","1.7315116039542264","0","0","1.0941359996795654","16734342089488","0.3499999940395355","0","1","1","N","51200.54668225907","1999-01-22 13:07:13.350","51200.61983033782","1999-01-22 14:52:33.347","0.1041424734715354","0.9209458711560512","0.37551704038567496","2771055","ANY","1","1","83.54828156946405","22.056272689413476","w2_f606w","19.675090789794922","0"
"Y","1.066395363142324","0","0","1.0941359996795654","16734342101872","0.3499999940395355","0","1","1","N","51200.54668225907","1999-01-22 13:07:13.350","51200.61983033782","1999-01-22 14:52:33.347","0.10408617948240155","0.9209448581966235","0.3755351320477344","36084745","ANY","1","1","83.55173261765303","22.05739112128155","w2_f606w","19.99009132385254","0"
"Y","1.4009302438691604","0","0","1.0941359996795654","16734345535403","0.3499999940395355","0","1","1","N","51200.54668225907","1999-01-22 13:07:13.350","51200.61983033782","1999-01-22 14:52:33.347","0.10389719898466583","0.9209234941638458","0.37563984072553686","52859870","ANY","1","1","83.56319378213034","22.0638644163131","w2_f606w","19.78129005432129","0"
"Y","2.4716280227483707","0","0","1.0941359996795654","16734342301013","0.3499999940395355","0","1","1","N","51200.54668225907","1999-01-22 13:07:13.350","51200.61983033782","1999-01-22 14:52:33.347","0.10409587362442328","0.9208162120730974","0.375847778599111","14583112","ANY","1","1","83.55024374124176","22.076720420929703","w2_f606w","19.23219108581543","0"
"Y","1.268139550852221","0","0","1.0941359996795654","16734345515944","0.3499999940395355","0","1","1","N","51200.54668225907","1999-01-22 13:07:13.350","51200.61983033782","1999-01-22 14:52:33.347","0.10378161156093503","0.9209692843223941","0.3755595218292332","14974839","ANY","1","1","83.57061184267671","22.05889891874754","w2_f606w","19.58119010925293","0"
"Y","1.7915115800014763","0","0","1.0941359996795654","16734345734735","0.3499999940395355","0","1","1","N","51200.54668225907","1999-01-22 13:07:13.350","51200.61983033782","1999-01-22 14:52:33.347","0.10369068384532205","0.9209824368256402","0.37555238401915336","15213377","ANY","1","1","83.57628878120356","22.05845765146799","w2_f606w","19.31429100036621","0"
"Y","2.3733721222988393","0","0","1.0941359996795654","16734345535597","0.3499999940395355","0","1","1","N","51200.54668225907","1999-01-22 13:07:13.350","51200.61983033782","1999-01-22 14:52:33.347","0.10376732323250373","0.9209538724222379","0.3756012613127565","98915349","ANY","1","1","83.57138293152856","22.061479327158416","w2_f606w","18.97109031677246","0"
"Y","1.5797674655914307","0","0","1.0941359996795654","16734342330240","0.3499999940395355","0","1","1","N","51200.54668225907","1999-01-22 13:07:13.350","51200.61983033782","1999-01-22 14:52:33.347","0.10385020569552816","0.9208559224452066","0.37581844669294223","77323551","ANY","1","1","83.56561261049855","22.074906870327272","w2_f606w","19.305089950561523","0"
"Y","0.9892929217306502","0.0721675236973863","4.017495342835651","1.0941359996795654","16734342185109","0.37624999552965166","0.05250000298023222","3","2","N","51200.54668225907","1999-01-22 13:07:13.350","52860.04231026862","2003-08-09 01:00:55.610","0.10376978643874507","0.9208713812761693","0.3758027814813002","38495727","LOW","4","1","83.57066054437627","22.07393832180782","w2_f814w","19.711589813232422","0"
"Y","1.0607203524905946","0.1682633661122685","11.32517875649398","1.0941359996795654","16734342185099","0.37624999552965166","0.05250000298023222","3","2","N","51200.54668225907","1999-01-22 13:07:13.350","52860.04231026862","2003-08-09 01:00:55.610","0.103769146058339","0.9208692405930579","0.3758082038167765","79706808","LOW","4","1","83.5706850680441","22.07427357314995","w2_f814w","19.084991455078125","0"
"Y","1.2491631941132655","0.20489158739399535","19.66603280736587","1.0941359996795654","16734342332259","0.3499999940395355","0","3","2","N","51200.54668225907","1999-01-22 13:07:13.350","52860.04231026862","2003-08-09 01:00:55.610","0.10385043981344265","0.9208413205947841","0.3758541584656435","55020243","LOW","4","1","83.56549705150381","22.077114882209177","w2_f814w","19.539291381835938","0"
"Y","1.1965555614895291","0","0","1.0941359996795654","16734343259810","0.3499999940395355","0","1","1","N","49407.28978644917","1994-02-24 06:57:17.550","49407.37335124053","1994-02-24 08:57:37.550","0.10326346438627183","0.9211930435303834","0.3751533466134429","57928209","CRAB-NEB-A","1","1","83.60398594316084","22.03379090888946","w2_f375n","18.74209976196289","0"
"Y","0.9014444218741523","0","0","1.0941359996795654","16734343259189","0.3499999940395355","0","1","1","N","49407.28978644917","1994-02-24 06:57:17.550","49407.37335124053","1994-02-24 08:57:37.550","0.10324038559969569","0.9212008872524791","0.3751404378462583","29768415","CRAB-NEB-A","1","1","83.6054575699841","22.032993017300115","w2_f375n","19.93549919128418","0"
"Y","1.5004597861191322","0","0","1.0941359996795654","16734343259369","0.3499999940395355","0","1","1","N","49406.412008657586","1994-02-23 09:53:17.550","49406.50182344904","1994-02-23 12:02:37.550","0.10324082670712607","0.9211983095355443","0.37514664627492794","51085094","CRAB-NEB-A","1","1","83.60541272961093","22.033376760039744","w2_f502n","18.843799591064453","0"
"Y","2.569080495286262","0","0","1.0941359996795654","16734343261333","0.3499999940395355","0","1","1","N","49406.412008657586","1994-02-23 09:53:17.550","49406.50182344904","1994-02-23 12:02:37.550","0.10325614114626538","0.9211852150594696","0.3751745845247141","3893755","CRAB-NEB-A","1","1","83.60438187642886","22.035103635097734","w2_f502n","19.387800216674805","0"
"Y","2.330777910020616","0","0","1.0941359996795654","16734343259489","0.3499999940395355","0","1","1","N","49407.28978644917","1994-02-24 06:57:17.550","49407.37335124053","1994-02-24 08:57:37.550","0.1032515869169433","0.9211858895564808","0.37517418179077733","82788774","CRAB-NEB-A","1","1","83.60466626911013","22.035078741800415","w2_f375n","19.827299118041992","0"
"Y","1.0307954793626612","0","0","1.0941359996795654","16734343261437","0.3499999940395355","0","1","1","N","49407.41756419884","1994-02-24 10:01:17.550","49407.50737899076","1994-02-24 12:10:37.550","0.10325389195318364","0.9211832280184417","0.3751800823808383","74667968","CRAB-NEB-A","1","1","83.60450635458037","22.035443462402743","w2_f469n","19.74570083618164","0"
"Y","1.0421111186345418","0","0","1.0941359996795654","16734343263959","0.3499999940395355","0","1","1","N","49407.28978644917","1994-02-24 06:57:17.550","49407.37335124053","1994-02-24 08:57:37.550","0.10322918644396811","0.921185498341093","0.3751813064552126","33403138","CRAB-NEB-A","1","1","83.6060395544849","22.035519123621913","w2_f375n","19.60219955444336","0"
"Y","1.173712750263296","0.3073157080786255","51.79785885577061","1.0941359996795654","16734343260749","0.23333332935969034","0.08427009572492723","8","21","N","49406.28423086554","1994-02-23 06:49:17.550","57491.28130570147","2016-04-13 06:45:04.813","0.10323954242064189","0.9211732064437574","0.3752086361109411","31779244","V-CM-TAU","24","1","83.605318802877","22.037208406565913","w2_f673n","18.2880916595459","0"
"Y","1.173712750263296","0.3073157080786255","51.79785885577061","1.0941359996795654","16734343260749","0.23333332935969034","0.08427009572492723","8","21","N","49406.28423086554","1994-02-23 06:49:17.550","57491.28130570147","2016-04-13 06:45:04.813","0.10323954242064189","0.9211732064437574","0.3752086361109411","31779244","V-CM-TAU","24","1","83.605318802877","22.037208406565913","w2_f469n","19.922399520874023","0"
"Y","1.173712750263296","0.3073157080786255","51.79785885577061","1.0941359996795654","16734343260749","0.23333332935969034","0.08427009572492723","8","21","N","49406.28423086554","1994-02-23 06:49:17.550","57491.28130570147","2016-04-13 06:45:04.813","0.10323954242064189","0.9211732064437574","0.3752086361109411","31779244","V-CM-TAU","24","1","83.605318802877","22.037208406565913","w2_f502n","19.559499740600586","0"
"Y","1.173712750263296","0.3073157080786255","51.79785885577061","1.0941359996795654","16734343260749","0.23333332935969034","0.08427009572492723","8","21","N","49406.28423086554","1994-02-23 06:49:17.550","57491.28130570147","2016-04-13 06:45:04.813","0.10323954242064189","0.9211732064437574","0.3752086361109411","31779244","V-CM-TAU","24","1","83.605318802877","22.037208406565913","w2_f631n","18.548999786376953","0"
"Y","1.173712750263296","0.3073157080786255","51.79785885577061","1.0941359996795654","16734343260749","0.23333332935969034","0.08427009572492723","8","21","N","49406.28423086554","1994-02-23 06:49:17.550","57491.28130570147","2016-04-13 06:45:04.813","0.10323954242064189","0.9211732064437574","0.3752086361109411","31779244","V-CM-TAU","24","1","83.605318802877","22.037208406565913","w2_f588n","18.906600952148438","0"
"Y","1.173712750263296","0.3073157080786255","51.79785885577061","1.0941359996795654","16734343260749","0.23333332935969034","0.08427009572492723","8","21","N","49406.28423086554","1994-02-23 06:49:17.550","57491.28130570147","2016-04-13 06:45:04.813","0.10323954242064189","0.9211732064437574","0.3752086361109411","31779244","V-CM-TAU","24","16","83.605318802877","22.037208406565913","a_f550m","19.122050285339355","0.0693502426147461"
"Y","1.173712750263296","0.3073157080786255","51.79785885577061","1.0941359996795654","16734343260749","0.23333332935969034","0.08427009572492723","8","21","N","49406.28423086554","1994-02-23 06:49:17.550","57491.28130570147","2016-04-13 06:45:04.813","0.10323954242064189","0.9211732064437574","0.3752086361109411","31779244","V-CM-TAU","24","2","83.605318802877","22.037208406565913","w2_f547m","19.23323917388916","0.07400035858154297"
"Y","1.173712750263296","0.3073157080786255","51.79785885577061","1.0941359996795654","16734343260749","0.23333332935969034","0.08427009572492723","8","21","N","49406.28423086554","1994-02-23 06:49:17.550","57491.28130570147","2016-04-13 06:45:04.813","0.10323954242064189","0.9211732064437574","0.3752086361109411","31779244","V-CM-TAU","24","1","83.605318802877","22.037208406565913","w2_f487n","19.73550033569336","0"
"Y","1.2881110774146185","0","0","1.0941359996795654","16734343261008","0.3499999940395355","0","1","1","N","49407.28978644917","1994-02-24 06:57:17.550","49407.37335124053","1994-02-24 08:57:37.550","0.10325129317166759","0.9211703623334117","0.37521238521451517","17963049","CRAB-NEB-A","1","1","83.60457740664422","22.037440145294156","w2_f375n","18.98270034790039","0"
"Y","0.8410344863760061","0","0","1.0941359996795654","16734343211638","0.3499999940395355","0","1","1","N","51569.52031025011","2000-01-26 12:29:14.810","51569.617763958406","2000-01-26 14:49:34.810","0.10323828006043906","0.9211488995069045","0.37526865372341167","20421853","CRAB-FIELD-2","1","1","83.60522900541457","22.040918247051188","w2_f502n","19.590499877929688","0"
"Y","1.4412644265711994","0","0","1.0941359996795654","16734343214350","0.3499999940395355","0","1","1","N","51569.52031025011","2000-01-26 12:29:14.810","51569.617763958406","2000-01-26 14:49:34.810","0.10328975046245036","0.9211335774288393","0.37529209954721127","94979046","CRAB-FIELD-2","1","1","83.60196172254672","22.04236751915282","w2_f502n","18.653499603271484","0"
"Y","0.8348888821072048","0","0","1.0941359996795654","16734343252956","0.3499999940395355","0","1","1","N","49407.28978644917","1994-02-24 06:57:17.550","49407.37335124053","1994-02-24 08:57:37.550","0.10320098786335315","0.9212018197777536","0.37514898819435305","50653415","CRAB-NEB-A","1","1","83.60788401757675","22.033521514269847","w2_f375n","17.72130012512207","0"
"Y","0.8898863738233392","0","0","1.0941359996795654","16734343263686","0.3499999940395355","0","1","1","N","49407.41756419884","1994-02-24 10:01:17.550","49407.50737899076","1994-02-24 12:10:37.550","0.10320838475262346","0.9211916972675026","0.37517180891342","63841007","CRAB-NEB-A","1","1","83.60735999453455","22.034932072452623","w2_f469n","19.88249969482422","0"
"Y","1.1603332890404594","0","0","1.7212369441986084","16734343252633","0.3499999940395355","0","1","1","N","49407.28978644917","1994-02-24 06:57:17.550","49407.37335124053","1994-02-24 08:57:37.550","0.10318632375134405","0.9211969668357747","0.37516493823972286","37542279","CRAB-NEB-A","1","1","83.60875138388968","22.03450739176118","w2_f375n","18.672700881958008","0"
"Y","0.8468965689341227","0","0","1.0941359996795654","16734343263517","0.3499999940395355","0","1","1","N","49406.412008657586","1994-02-23 09:53:17.550","49406.50182344904","1994-02-23 12:02:37.550","0.10319742651980297","0.9211889886132469","0.3751814739816093","19734457","CRAB-NEB-A","1","1","83.60801448091144","22.03552947858915","w2_f502n","19.821300506591797","0"
"Y","1.1103333367241752","0","0","1.7212369441986084","16734343252999","0.3499999940395355","0","1","1","N","49407.28978644917","1994-02-24 06:57:17.550","49407.37335124053","1994-02-24 08:57:37.550","0.10318561383041676","0.9211921453217929","0.3751769722372486","27946331","CRAB-NEB-A","1","1","83.60876181704226","22.03525122160594","w2_f375n","18.49049949645996","0"
"Y","2.106777826944987","0","0","1.7212369441986084","16734343250265","0.3499999940395355","0","1","1","N","49407.28978644917","1994-02-24 06:57:17.550","49407.37335124053","1994-02-24 08:57:37.550","0.10315103370244028","0.921205686583438","0.3751532316981664","44644300","CRAB-NEB-A","1","1","83.61097910945277","22.033783805949867","w2_f375n","17.61370086669922","0"
"Y","2.860999902089437","0","0","1.7212369441986084","16734343250282","0.3499999940395355","0","1","1","N","49407.28978644917","1994-02-24 06:57:17.550","49407.37335124053","1994-02-24 08:57:37.550","0.10314915453467467","0.9212034378512395","0.375159270192008","73166748","CRAB-NEB-A","1","1","83.61107907299383","22.034157047101896","w2_f375n","19.93280029296875","0"
"Y","1.3938889238569472","0","0","1.7212369441986084","16734343253954","0.3499999940395355","0","1","1","N","49407.28978644917","1994-02-24 06:57:17.550","49407.37335124053","1994-02-24 08:57:37.550","0.10317147360707316","0.9211977275167476","0.37516715454969124","88215327","CRAB-NEB-A","1","1","83.60966880936081","22.034644383144258","w2_f375n","18.739299774169922","0"
"Y","1.20833330684238","0","0","1.7212369441986084","16734343253755","0.3499999940395355","0","1","1","N","49407.28978644917","1994-02-24 06:57:17.550","49407.37335124053","1994-02-24 08:57:37.550","0.10315310986073531","0.9211993872318026","0.3751681288316202","43475617","CRAB-NEB-A","1","1","83.61080824966086","22.034704604107713","w2_f375n","19.6112003326416","0"
"Y","2.2062209456465967","0.011428755077253059","25.071494996938412","1.7212369441986084","16734343253719","0.3499999940395355","0","2","2","N","49420.234230865724","1994-03-09 05:37:17.550","49421.388629025314","1994-03-10 09:19:37.553","0.10314906685348213","0.9211991778515479","0.3751697545555256","63882675","CRAB-NEB-A","2","1","83.61105515829976","22.03480509116644","w2_f673n","19.453590393066406","0"
"Y","1.0291110806994967","0","0","1.7212369441986084","16734343253547","0.3499999940395355","0","1","1","N","49407.28978644917","1994-02-24 06:57:17.550","49407.37335124053","1994-02-24 08:57:37.550","0.10314683072891602","0.9211994490841617","0.37516970335948213","16240184","CRAB-NEB-A","1","1","83.61119438181976","22.034801926694744","w2_f375n","18.484600067138672","0"
"Y","2.5400000148349338","0","0","1.7212369441986084","16734343250218","0.3499999940395355","0","1","1","N","49407.28978644917","1994-02-24 06:57:17.550","49407.37335124053","1994-02-24 08:57:37.550","0.10313863846476744","0.9212014769917836","0.375166976218601","91427942","CRAB-NEB-A","1","1","83.61171155369982","22.034633360392586","w2_f375n","19.67690086364746","0"
"Y","2.3781111505296493","0","0","1.7212369441986084","16734343245096","0.3499999940395355","0","1","1","N","49407.28978644917","1994-02-24 06:57:17.550","49407.37335124053","1994-02-24 08:57:37.550","0.10312338896195422","0.9211973801940618","0.37518122737408177","47660695","CRAB-NEB-A","1","1","83.61262011208201","22.035514235538784","w2_f375n","18.40369987487793","0"
"Y","1.2074444029066298","0","0","1.0941359996795654","16734343266026","0.3499999940395355","0","1","1","N","49407.28978644917","1994-02-24 06:57:17.550","49407.37335124053","1994-02-24 08:57:37.550","0.10322356362089188","0.9211821625469999","0.37519104376297285","59974324","CRAB-NEB-A","1","1","83.60636198414524","22.036120997457886","w2_f375n","19.549800872802734","0"
"Y","1.110540436885049","0.14037908819718353","17.95530884334808","1.0941359996795654","16734343262874","0.21388888524638283","0.07414037148932527","7","25","N","49406.28423086554","1994-02-23 06:49:17.550","57607.32353999093","2016-08-07 07:45:53.857","0.10320724652091987","0.9211735146529706","0.3752167642430672","91776685","V-CM-TAU","27","1","83.60730477662757","22.037710821281053","w2_f487n","19.6914005279541","0"
"Y","1.110540436885049","0.14037908819718353","17.95530884334808","1.0941359996795654","16734343262874","0.21388888524638283","0.07414037148932527","7","25","N","49406.28423086554","1994-02-23 06:49:17.550","57607.32353999093","2016-08-07 07:45:53.857","0.10320724652091987","0.9211735146529706","0.3752167642430672","91776685","V-CM-TAU","27","21","83.60730477662757","22.037710821281053","a_f550m","19.212499618530273","0.08069992065429688"
"Y","1.110540436885049","0.14037908819718353","17.95530884334808","1.0941359996795654","16734343262874","0.21388888524638283","0.07414037148932527","7","25","N","49406.28423086554","1994-02-23 06:49:17.550","57607.32353999093","2016-08-07 07:45:53.857","0.10320724652091987","0.9211735146529706","0.3752167642430672","91776685","V-CM-TAU","27","1","83.60730477662757","22.037710821281053","w2_f631n","18.838300704956055","0"
"Y","1.110540436885049","0.14037908819718353","17.95530884334808","1.0941359996795654","16734343262874","0.21388888524638283","0.07414037148932527","7","25","N","49406.28423086554","1994-02-23 06:49:17.550","57607.32353999093","2016-08-07 07:45:53.857","0.10320724652091987","0.9211735146529706","0.3752167642430672","91776685","V-CM-TAU","27","1","83.60730477662757","22.037710821281053","w2_f502n","19.536300659179688","0"
"Y","1.110540436885049","0.14037908819718353","17.95530884334808","1.0941359996795654","16734343262874","0.21388888524638283","0.07414037148932527","7","25","N","49406.28423086554","1994-02-23 06:49:17.550","57607.32353999093","2016-08-07 07:45:53.857","0.10320724652091987","0.9211735146529706","0.3752167642430672","91776685","V-CM-TAU","27","1","83.60730477662757","22.037710821281053","w2_f588n","19.017799377441406","0"
"Y","1.110540436885049","0.14037908819718353","17.95530884334808","1.0941359996795654","16734343262874","0.21388888524638283","0.07414037148932527","7","25","N","49406.28423086554","1994-02-23 06:49:17.550","57607.32353999093","2016-08-07 07:45:53.857","0.10320724652091987","0.9211735146529706","0.3752167642430672","91776685","V-CM-TAU","27","1","83.60730477662757","22.037710821281053","w2_f469n","19.79050064086914","0"
"Y","1.110540436885049","0.14037908819718353","17.95530884334808","1.0941359996795654","16734343262874","0.21388888524638283","0.07414037148932527","7","25","N","49406.28423086554","1994-02-23 06:49:17.550","57607.32353999093","2016-08-07 07:45:53.857","0.10320724652091987","0.9211735146529706","0.3752167642430672","91776685","V-CM-TAU","27","1","83.60730477662757","22.037710821281053","w2_f547m","19.258440017700195","0"
"Y","1.5442221694522433","0","0","1.0941359996795654","16734343265752","0.3499999940395355","0","1","1","N","49407.28978644917","1994-02-24 06:57:17.550","49407.37335124053","1994-02-24 08:57:37.550","0.10319353945553583","0.9211760783395013","0.3752142402830247","8826717","CRAB-NEB-A","1","1","83.60816441181991","22.03755481050326","w2_f375n","18.859500885009766","0"
"Y","2.6687208996262664","0.2517629253727775","94.2459320327073","1.0941359996795654","16734343264534","0.3499999940395355","0","2","2","N","49420.234230865724","1994-03-09 05:37:17.550","49421.388629025314","1994-03-10 09:19:37.553","0.10318481582883787","0.9211736900245315","0.3752225027759195","71299672","CRAB-NEB-A","2","1","83.6086838506261","22.0380655315827","w2_f673n","19.67279052734375","0"
"Y","0.9377777576446533","0","0","1.7212369441986084","16734343264681","0.3499999940395355","0","1","1","N","49407.28978644917","1994-02-24 06:57:17.550","49407.37335124053","1994-02-24 08:57:37.550","0.10317541121332964","0.9211751762097268","0.37522144029555354","100227119","CRAB-NEB-A","1","1","83.60927178249061","22.037999857449133","w2_f375n","19.80299949645996","0"
"Y","2.669883606045745","0","0","1.0941359996795654","16734343262769","0.3499999940395355","0","1","1","N","49420.234230865724","1994-03-09 05:37:17.550","49420.31571232388","1994-03-09 07:34:37.550","0.10319852345250402","0.9211704437211289","0.37522670263819996","105793600","CRAB-NEB-A","1","1","83.60781948101011","22.038325134098756","w2_f673n","19.689889907836914","0"
"Y","1.051136377182874","0","0","1.0941359996795654","16734343255296","0.3499999940395355","0","1","1","N","49406.28423086554","1994-02-23 06:49:17.550","49406.36779565737","1994-02-23 08:49:37.550","0.10318916151779664","0.9211696454064061","0.3752312371444776","64855323","CRAB-NEB-A","1","1","83.60838907258723","22.038605422208096","w2_f487n","19.206199645996094","0"
"Y","0.9856818074529822","0","0","1.7212369441986084","16734343256311","0.3499999940395355","0","1","1","N","49406.28423086554","1994-02-23 06:49:17.550","49406.36779565737","1994-02-23 08:49:37.550","0.10314501388917074","0.9211723068201525","0.3752368415536799","80252285","CRAB-NEB-A","1","1","83.61111929865817","22.038951844224705","w2_f487n","19.981000900268555","0"
"Y","1.2455972624316527","0.6745245624490218","128.47350391612733","1.7212369441986084","16734343251007","0.3499999940395355","0","2","2","N","49407.41756419884","1994-02-24 10:01:17.550","49420.31571232388","1994-03-09 07:34:37.550","0.1031414152630029","0.9211806081212721","0.37521745119300165","15097927","CRAB-NEB-A","2","1","83.61139745328398","22.037753283002836","w2_f469n","19.938100814819336","0"
"Y","1.490909132090482","0","0","1.7212369441986084","16734343256080","0.3499999940395355","0","1","1","N","49407.41756419884","1994-02-24 10:01:17.550","49407.50737899076","1994-02-24 12:10:37.550","0.10313856600449058","0.9211727349673136","0.3752375628279405","1854639","CRAB-NEB-A","1","1","83.611518328196","22.038996427984202","w2_f469n","18.727500915527344","0"
"Y","0.9098888768090142","0","0","1.7212369441986084","16734343372259","0.3499999940395355","0","1","1","N","49407.28978644917","1994-02-24 06:57:17.550","49407.37335124053","1994-02-24 08:57:37.550","0.10308211296525743","0.9212111565713802","0.3751587437289676","32858911","CRAB-NEB-A","1","1","83.61525029158436","22.034124506219946","w2_f375n","19.293800354003906","0"
"Y","0.926999979548984","0","0","1.7212369441986084","16734343245233","0.3499999940395355","0","1","1","N","49407.28978644917","1994-02-24 06:57:17.550","49407.37335124053","1994-02-24 08:57:37.550","0.10311515318679378","0.921195104586966","0.3751890782920759","88883894","CRAB-NEB-A","1","1","83.61311036691939","22.03599950930591","w2_f375n","18.47249984741211","0"
"Y","0.8075555827882555","0","0","1.7212369441986084","16734343371968","0.3499999940395355","0","1","1","N","49407.28978644917","1994-02-24 06:57:17.550","49407.37335124053","1994-02-24 08:57:37.550","0.10305718855892143","0.9212148306397212","0.37515656957737054","28582044","CRAB-NEB-A","1","1","83.61680657558725","22.03399012116137","w2_f375n","18.720800399780273","0"
"Y","0.984431803226471","0","0","1.7212369441986084","16734343377669","0.3499999940395355","0","1","1","N","49406.28423086554","1994-02-23 06:49:17.550","49406.36779565737","1994-02-23 08:49:37.550","0.10301183819842967","0.9212197933584426","0.3751568385575642","63014282","CRAB-NEB-A","1","1","83.61962642159929","22.034006746917417","w2_f487n","19.99090003967285","0"
"Y","0.8361111084620158","0","0","1.7212369441986084","16734343380448","0.3499999940395355","0","1","1","N","49407.28978644917","1994-02-24 06:57:17.550","49407.37335124053","1994-02-24 08:57:37.550","0.10302017794811989","0.9212154826698123","0.375165133543092","95668954","CRAB-NEB-A","1","1","83.61908452025737","22.034519463565257","w2_f375n","18.874799728393555","0"
"Y","2.864333258734809","0","0","1.7212369441986084","16734343380775","0.3499999940395355","0","1","1","N","49407.28978644917","1994-02-24 06:57:17.550","49407.37335124053","1994-02-24 08:57:37.550","0.10300783237767695","0.9212147633685138","0.37517028963159504","100422167","CRAB-NEB-A","1","1","83.6198379398378","22.034838164567645","w2_f375n","19.913700103759766","0"
"Y","1.1802200604344446","0.33886335630082387","32.3915360229534","1.7212369441986084","16734343371564","0.26294680557352434","0.10142743235982878","7","42","N","49420.234230865724","1994-03-09 05:37:17.550","57607.32353999093","2016-08-07 07:45:53.857","0.10305670168837407","0.921206352232685","0.37517752177463876","41273336","V-CM-TAU","47","1","83.61677821952233","22.035285188986276","w2_f814w","19.951499938964844","0"
"Y","2.773196376879394","0.1525360572693346","134.28523122796753","1.7212369441986084","16734343371294","0.3499999940395355","0","3","2","N","49407.28978644917","1994-02-24 06:57:17.550","49421.388629025314","1994-03-10 09:19:37.553","0.10303554638622589","0.9212099551507492","0.3751744856897611","42053197","CRAB-NEB-A","3","1","83.61810249826772","22.035097526045806","w2_f375n","19.76140022277832","0"
"Y","2.3807557516319804","0.027215298258678806","0","1.7212369441986084","16734343371340","0.3499999940395355","0","2","1","N","51569.404338041786","2000-01-26 09:42:14.810","51569.68674545828","2000-01-26 16:28:54.810","0.10303628404692916","0.9212055006157083","0.3751852206646387","18594727","CRAB-FIELD-2","2","1","83.61802657984404","22.035761064972434","w2_f673n","19.895999908447266","0"
"Y","0.9279545735229145","0","0","1.7212369441986084","16734343371337","0.3499999940395355","0","1","1","N","49407.41756419884","1994-02-24 10:01:17.550","49407.50737899076","1994-02-24 12:10:37.550","0.10303448551964904","0.9212054570338694","0.3751858215954471","81764788","CRAB-NEB-A","1","1","83.61813676044302","22.03579820914671","w2_f469n","19.62980079650879","0"
"Y","2.487790584564209","0","0","1.7212369441986084","16734343380398","0.3499999940395355","0","1","1","N","49421.29881423386","1994-03-10 07:10:17.553","49421.388629025314","1994-03-10 09:19:37.553","0.10300913787458917","0.9212115593838209","0.3751777983462922","46794847","CRAB-NEB-A","1","1","83.61973573840551","22.03530228414419","w2_f631n","19.827499389648438","0"
"Y","2.833953569101733","0","0","1.7212369441986084","16734343379364","0.3499999940395355","0","1","1","N","49421.29881423386","1994-03-10 07:10:17.553","49421.388629025314","1994-03-10 09:19:37.553","0.10302787879442758","0.9212052342086692","0.375188182993139","19808367","CRAB-NEB-A","1","1","83.61854106830405","22.035944169838036","w2_f631n","19.95199966430664","0"
"Y","2.901925309864497","0.8623045742542403","135.22735212538353","1.7212369441986084","16734343380366","0.352199986577034","0.003111259283649942","2","2","N","49407.28978644917","1994-02-24 06:57:17.550","56257.748980823904","2012-11-26 17:58:31.947","0.10301136074012666","0.9212088726739768","0.3751837849187447","96696311","CRAB-NEB-A","2","1","83.61958073714572","22.035672319976065","w2_f375n","19.979400634765625","0"
"Y","2.937777837117513","0","0","1.7212369441986084","16734343379265","0.3499999940395355","0","1","1","N","49407.28978644917","1994-02-24 06:57:17.550","49407.37335124053","1994-02-24 08:57:37.550","0.10301133836955652","0.9212074314053027","0.37518732986677394","97039558","CRAB-NEB-A","1","1","83.61957221121413","22.03589143709258","w2_f375n","19.912500381469727","0"
"Y","2.42701299430788","0.17475217763609158","143.33431089871303","1.7212369441986084","16734343244923","0.3499999940395355","0","2","2","N","49407.28978644917","1994-02-24 06:57:17.550","51818.84875164833","2000-10-01 20:22:12.147","0.10310330274049187","0.921191896027345","0.37520021276407045","16447511","CRAB-PULSAR-POS1","2","1","83.61381625232305","22.036687745973882","w2_f375n","19.74169921875","0"
"Y","1.373666657341851","0","0","1.7212369441986084","16734343244538","0.3499999940395355","0","1","1","N","49407.28978644917","1994-02-24 06:57:17.550","49407.37335124053","1994-02-24 08:57:37.550","0.10310456063112691","0.9211868810619152","0.37521217962378733","96797772","CRAB-NEB-A","1","1","83.61370450297711","22.03742743735635","w2_f375n","18.345199584960938","0"
"Y","2.6131976482480073","0.19248093254403587","0","1.7212369441986084","16734343243541","0.3499999940395355","0","2","1","N","49421.17311981693","1994-03-10 04:09:17.553","49421.388629025314","1994-03-10 09:19:37.553","0.10307527500643143","0.9211959471083334","0.37519796736336763","47413240","CRAB-NEB-A","2","1","83.61556578870693","22.03654895447988","w2_f631n","19.99799919128418","0"
"Y","2.4909019546527866","0.15430807215768824","80.28459400007733","1.7212369441986084","16734343370920","0.3499999940395355","0","4","4","N","49407.28978644917","1994-02-24 06:57:17.550","50108.43282508338","1996-01-26 10:23:16.090","0.10304132834959655","0.9212007155710393","0.3751955840411355","20762058","CRAB-PULSAR","5","1","83.61768384010566","22.036401637990355","w2_f631n","19.289199829101562","0"
"Y","2.0594444539811874","0","0","1.7212369441986084","16734343365732","0.3499999940395355","0","1","1","N","49407.28978644917","1994-02-24 06:57:17.550","49407.37335124053","1994-02-24 08:57:37.550","0.10301668921554018","0.9211961317513739","0.3752136039526404","11849146","CRAB-NEB-A","1","1","83.6191658955103","22.037515477733706","w2_f375n","17.604700088500977","0"
"Y","2.545232551042424","0.04775245351560925","94.23224862640895","1.7212369441986084","16734343235787","0.3499999940395355","0","3","2","N","49420.234230865724","1994-03-09 05:37:17.550","49421.388629025314","1994-03-10 09:19:37.553","0.1030246883249778","0.9211876174780054","0.37523231071015267","1556572","CRAB-NEB-A","3","1","83.61861602495891","22.038671781839614","w2_f673n","18.878490447998047","0"
"Y","1.7900601675412515","0.3819708077308757","46.802486367768466","1.7212369441986084","16734343257107","0.18472221907642153","0.04124789486676782","2","18","N","54494.32172723161","2008-01-29 07:43:17.237","57607.32353999093","2016-08-07 07:45:53.857","0.10317817341987737","0.9211669099172138","0.3752409740482547","85887865","V-CM-TAU","18","1","83.60904523022116","22.039207284202995","w2_f547m","15.687740325927734","0"
"Y","1.7900601675412515","0.3819708077308757","46.802486367768466","1.7212369441986084","16734343257107","0.18472221907642153","0.04124789486676782","2","18","N","54494.32172723161","2008-01-29 07:43:17.237","57607.32353999093","2016-08-07 07:45:53.857","0.10317817341987737","0.9211669099172138","0.3752409740482547","85887865","V-CM-TAU","18","17","83.60904523022116","22.039207284202995","a_f550m","18.51919937133789","0.4237995147705078"
"Y","1.2965740429030523","0.8495273869000494","111.52181364211059","1.7212369441986084","16734343257105","0.25","0.12990381572957946","1","3","N","55934.764193217736","2012-01-08 18:20:26.297","57409.393259884324","2016-01-22 09:26:17.657","0.10317961329516513","0.921166531616239","0.3752415068079273","80683400","V-CM-TAU","3","3","83.60895417798565","22.039240215466542","a_f550m","18.277799606323242","0.38699913024902344"
"Y","2.855569069457223","3.242866114250061","55.814040184396596","1.7212369441986084","16734343257107","0.2029999965429306","0.06547900315344315","5","23","N","49406.28423086554","1994-02-23 06:49:17.550","57607.32353999093","2016-08-07 07:45:53.857","0.10317824387417866","0.9211664684848069","0.37524203833221353","25003868","V-CM-TAU","25","1","83.60903786504903","22.039273070368463","w2_f375n","16.47369956970215","0"
"Y","2.855569069457223","3.242866114250061","55.814040184396596","1.7212369441986084","16734343257107","0.2029999965429306","0.06547900315344315","5","23","N","49406.28423086554","1994-02-23 06:49:17.550","57607.32353999093","2016-08-07 07:45:53.857","0.10317824387417866","0.9211664684848069","0.37524203833221353","25003868","V-CM-TAU","25","1","83.60903786504903","22.039273070368463","w2_f469n","15.929800033569336","0"
"Y","2.855569069457223","3.242866114250061","55.814040184396596","1.7212369441986084","16734343257107","0.2029999965429306","0.06547900315344315","5","23","N","49406.28423086554","1994-02-23 06:49:17.550","57607.32353999093","2016-08-07 07:45:53.857","0.10317824387417866","0.9211664684848069","0.37524203833221353","25003868","V-CM-TAU","25","1","83.60903786504903","22.039273070368463","w2_f487n","15.956299781799316","0"
"Y","2.855569069457223","3.242866114250061","55.814040184396596","1.7212369441986084","16734343257107","0.2029999965429306","0.06547900315344315","5","23","N","49406.28423086554","1994-02-23 06:49:17.550","57607.32353999093","2016-08-07 07:45:53.857","0.10317824387417866","0.9211664684848069","0.37524203833221353","25003868","V-CM-TAU","25","1","83.60903786504903","22.039273070368463","w2_f502n","16.198999404907227","0"
"Y","2.855569069457223","3.242866114250061","55.814040184396596","1.7212369441986084","16734343257107","0.2029999965429306","0.06547900315344315","5","23","N","49406.28423086554","1994-02-23 06:49:17.550","57607.32353999093","2016-08-07 07:45:53.857","0.10317824387417866","0.9211664684848069","0.37524203833221353","25003868","V-CM-TAU","25","21","83.60903786504903","22.039273070368463","a_f550m","18.65329933166504","0.14640045166015625"
"Y","1.0571264672553402","0","0","1.7212369441986084","16734343257074","0.3499999940395355","0","1","1","N","49406.412008657586","1994-02-23 09:53:17.550","49406.50182344904","1994-02-23 12:02:37.550","0.10315554307125542","0.9211675273975877","0.37524568006004827","59823175","CRAB-NEB-A","1","1","83.61043962908899","22.0394981752874","w2_f502n","19.565500259399414","0"
"Y","0.9082221984863281","0","0","1.7212369441986084","16734343238741","0.3499999940395355","0","1","1","N","49407.28978644917","1994-02-24 06:57:17.550","49407.37335124053","1994-02-24 08:57:37.550","0.10312383675737447","0.9211711875447678","0.3752454097408125","7239734","CRAB-NEB-A","1","1","83.61241248633412","22.039481466122226","w2_f375n","19.59779930114746","0"
"Y","0.8744318376887928","0","0","1.7212369441986084","16734343246705","0.3499999940395355","0","1","1","N","49406.28423086554","1994-02-23 06:49:17.550","49406.36779565737","1994-02-23 08:49:37.550","0.10310683818449025","0.9211743511332741","0.37524231469202685","2492057","CRAB-NEB-A","1","1","83.6134784455691","22.03929015289177","w2_f487n","19.75309944152832","0"
"Y","1.1552222569783528","0","0","1.7212369441986084","16734343246534","0.3499999940395355","0","1","1","N","49407.28978644917","1994-02-24 06:57:17.550","49407.37335124053","1994-02-24 08:57:37.550","0.10309713765176287","0.9211723259716483","0.3752499514641142","71665486","CRAB-NEB-A","1","1","83.6140604173169","22.039762202636876","w2_f375n","19.828899383544922","0"
"Y","1.0102222363154094","0","0","1.7212369441986084","16734343239108","0.3499999940395355","0","1","1","N","49407.28978644917","1994-02-24 06:57:17.550","49407.37335124053","1994-02-24 08:57:37.550","0.10310762602201208","0.9211668539960316","0.37526050226081864","72164100","CRAB-NEB-A","1","1","83.61337850033759","22.04041437879667","w2_f375n","19.47920036315918","0"
"Y","1.046111120118035","0","0","1.7212369441986084","16734343249266","0.3499999940395355","0","1","1","N","49407.28978644917","1994-02-24 06:57:17.550","49407.37335124053","1994-02-24 08:57:37.550","0.10308183587792417","0.9211721098159728","0.37525468579500987","59016258","CRAB-NEB-A","1","1","83.61499891043823","22.040054845354106","w2_f375n","17.845399856567383","0"
"Y","3.904222117529975","0","0","1.7212369441986084","16734343239019","0.3499999940395355","0","1","1","N","49407.28978644917","1994-02-24 06:57:17.550","49407.37335124053","1994-02-24 08:57:37.550","0.10310680502830365","0.9211643328832327","0.3752669164509123","22250408","CRAB-NEB-A","1","1","83.61341159874883","22.040810860453664","w2_f375n","19.99519920349121","0"
"Y","1.9462500106204639","0","0","1.7212369441986084","16734343249194","0.3499999940395355","0","1","1","N","49407.41756419884","1994-02-24 10:01:17.550","49407.50737899076","1994-02-24 12:10:37.550","0.10308174351453486","0.9211678202607114","0.3752652409591066","43999611","CRAB-NEB-A","1","1","83.61497509714778","22.040707292824948","w2_f469n","18.97249984741211","0"
"Y","1.4336666795942519","0","0","1.7212369441986084","16734343248469","0.3499999940395355","0","1","1","N","49407.28978644917","1994-02-24 06:57:17.550","49407.37335124053","1994-02-24 08:57:37.550","0.10304467708777475","0.9211663276796045","0.37527908451616987","71505676","CRAB-NEB-A","1","1","83.61724183453403","22.041563010635457","w2_f375n","19.558399200439453","0"
"Y","0.923181799325076","0","0","1.7212369441986084","16734343237455","0.3499999940395355","0","1","1","N","49407.41756419884","1994-02-24 10:01:17.550","49407.50737899076","1994-02-24 12:10:37.550","0.10301105105598059","0.9211681821145999","0.37528376413361714","36203663","CRAB-NEB-A","1","1","83.61932024487996","22.041852275032394","w2_f469n","19.981599807739258","0"
"Y","2.3600581080414527","0.004028846653934282","0","1.7212369441986084","16734343237210","0.3499999940395355","0","2","1","N","49421.17311981693","1994-03-10 04:09:17.553","49421.388629025314","1994-03-10 09:19:37.553","0.10300372461073024","0.9211675617854057","0.37528729772103575","65647280","CRAB-NEB-A","2","1","83.61976605383975","22.042070699508564","w2_f631n","19.902700424194336","0"
"Y","1.0086666875415378","0","0","1.7212369441986084","16734343234755","0.3499999940395355","0","1","1","N","49407.28978644917","1994-02-24 06:57:17.550","49407.37335124053","1994-02-24 08:57:37.550","0.10302677636806794","0.9211594136456212","0.3753009698969908","63013319","CRAB-NEB-A","1","1","83.61829398218053","22.042915831750793","w2_f375n","19.12150001525879","0"
"Y","1.1798864061182195","0","0","1.7212369441986084","16734343235155","0.3499999940395355","0","1","1","N","49407.41756419884","1994-02-24 10:01:17.550","49407.50737899076","1994-02-24 12:10:37.550","0.10301240637756799","0.9211614857959418","0.37529982843175935","80082123","CRAB-NEB-A","1","1","83.61919098441048","22.042845272993475","w2_f469n","19.82710075378418","0"
"Y","3.4049850216084736","0","0","1.7212369441986084","16734345126942","0.45499999999999996","0","1","1","N","51569.65503241215","2000-01-26 15:43:14.807","51569.68674545828","2000-01-26 16:28:54.810","0.10304188502737112","0.9211487932894226","0.3753228883927189","46781167","CRAB-FIELD-2","1","1","83.61729286003485","22.04427071282071","w2_f673n","19.83919906616211","0"
"Y","1.3325287007737434","0","0","1.0941359996795654","16734345563793","0.3499999940395355","0","1","1","N","51569.52031025011","2000-01-26 12:29:14.810","51569.617763958406","2000-01-26 14:49:34.810","0.10336338483249762","0.9210877877900695","0.3753842003334276","6609900","CRAB-FIELD-2","1","1","83.59712283388018","22.048060749212752","w2_f502n","19.736799240112305","0"
"Y","1.136629570816265","0.3037380115234694","0","1.0941359996795654","16734345104254","0.3499999940395355","0","4","1","N","51569.389754661825","2000-01-26 09:21:14.807","51569.68674545828","2000-01-26 16:28:54.810","0.10325667840834846","0.9210909843138568","0.3754057231580336","77124499","CRAB-FIELD-2","4","1","83.60370000000803","22.049391220305","w2_f631n","18.324899673461914","0"
"Y","1.136629570816265","0.3037380115234694","0","1.0941359996795654","16734345104254","0.3499999940395355","0","4","1","N","51569.389754661825","2000-01-26 09:21:14.807","51569.68674545828","2000-01-26 16:28:54.810","0.10325667840834846","0.9210909843138568","0.3754057231580336","77124499","CRAB-FIELD-2","4","1","83.60370000000803","22.049391220305","w2_f547m","19.04840087890625","0"
"Y","1.136629570816265","0.3037380115234694","0","1.0941359996795654","16734345104254","0.3499999940395355","0","4","1","N","51569.389754661825","2000-01-26 09:21:14.807","51569.68674545828","2000-01-26 16:28:54.810","0.10325667840834846","0.9210909843138568","0.3754057231580336","77124499","CRAB-FIELD-2","4","1","83.60370000000803","22.049391220305","w2_f502n","18.948200225830078","0"
"Y","1.136629570816265","0.3037380115234694","0","1.0941359996795654","16734345104254","0.3499999940395355","0","4","1","N","51569.389754661825","2000-01-26 09:21:14.807","51569.68674545828","2000-01-26 16:28:54.810","0.10325667840834846","0.9210909843138568","0.3754057231580336","77124499","CRAB-FIELD-2","4","1","83.60370000000803","22.049391220305","w2_f673n","18.2367000579834","0"
"Y","0.9682758786212439","0","0","1.0941359996795654","16734345830817","0.3499999940395355","0","1","1","N","51569.52031025011","2000-01-26 12:29:14.810","51569.617763958406","2000-01-26 14:49:34.810","0.10334415666121113","0.9210357614905541","0.3755171252280043","63804141","CRAB-FIELD-2","1","1","83.59794543125984","22.056277934372414","w2_f502n","19.890399932861328","0"
"Y","0.9958674177722605","0.05304603319154338","0","1.0941359996795654","16734345836498","0.3499999940395355","0","4","1","N","51569.389754661825","2000-01-26 09:21:14.807","51569.68674545828","2000-01-26 16:28:54.810","0.1033151942452908","0.9210646485280137","0.3754542367187072","46921274","CRAB-FIELD-2","4","1","83.59992379414288","22.052390216905124","w2_f673n","19.786699295043945","0"
"Y","2.903600188592406","0.12590902996093753","0","1.7212369441986084","16734345131739","0.3499999940395355","0","3","1","N","51881.53904194897","2000-12-03 12:56:13.227","51881.82214374747","2000-12-03 19:43:53.223","0.10303001922423731","0.9211362917162013","0.37535682656336006","70138082","CRAB-FIELD-4","3","1","83.61793589596424","22.04636860945934","w2_f673n","19.901491165161133","0"
"Y","1.040114959081014","0","0","1.0941359996795654","16734345111729","0.3499999940395355","0","1","1","N","51569.52031025011","2000-01-26 12:29:14.810","51569.617763958406","2000-01-26 14:49:34.810","0.10316158573645275","0.9210916044315639","0.3754303443703376","39159932","CRAB-FIELD-2","1","1","83.60954608913234","22.050913239003805","w2_f502n","19.72640037536621","0"
"Y","2.303787167299817","2.0579161268046295","0","1.0941359996795654","16734345829663","0.3499999940395355","0","2","1","N","51569.389754661825","2000-01-26 09:21:14.807","51569.617763958406","2000-01-26 14:49:34.810","0.10320196306751538","0.9210642662395956","0.3754863143651582","65290017","CRAB-FIELD-2","2","1","83.60687739806035","22.05437321806114","w2_f502n","19.15290069580078","0"
"Y","1.19471262241232","0","0","1.0941359996795654","16734345109712","0.3499999940395355","0","1","1","N","51569.52031025011","2000-01-26 12:29:14.810","51569.617763958406","2000-01-26 14:49:34.810","0.10315053655163348","0.9210606079302004","0.3755094184283076","39219383","CRAB-FIELD-2","1","1","83.61001162443867","22.055801500418188","w2_f502n","19.899700164794922","0"
"Y","1.0383908090920284","0","0","1.7212369441986084","16734345166272","0.3499999940395355","0","1","1","N","51881.65640307404","2000-12-03 15:45:13.227","51881.75385674089","2000-12-03 18:05:33.227","0.10308497187826471","0.9210905375760161","0.3754540054214445","31776572","CRAB-FIELD-4","1","1","83.61424546242708","22.05237591818585","w2_f502n","19.78209114074707","0"
"Y","1.5498850537442612","0","0","1.7212369441986084","16734345165262","0.3499999940395355","0","1","1","N","51881.65640307404","2000-12-03 15:45:13.227","51881.75385674089","2000-12-03 18:05:33.227","0.10307613453932193","0.9210824612375038","0.37547624440884075","10985805","CRAB-FIELD-4","1","1","83.61473285804597","22.053750702289197","w2_f502n","18.839290618896484","0"
"Y","1.0080088874978899","0.0641712216166386","0","1.7212369441986084","16734345153195","0.3499999940395355","0","4","1","N","51881.524458581116","2000-12-03 12:35:13.223","51881.82214374747","2000-12-03 19:43:53.223","0.1030320136178934","0.9210969736488865","0.3754527524613091","35797629","CRAB-FIELD-4","4","1","83.61754319233734","22.052298462285403","w2_f547m","19.852291107177734","0"
"Y","1.0080088874978899","0.0641712216166386","0","1.7212369441986084","16734345153195","0.3499999940395355","0","4","1","N","51881.524458581116","2000-12-03 12:35:13.223","51881.82214374747","2000-12-03 19:43:53.223","0.1030320136178934","0.9210969736488865","0.3754527524613091","35797629","CRAB-FIELD-4","4","1","83.61754319233734","22.052298462285403","w2_f631n","19.422090530395508","0"
"Y","1.0080088874978899","0.0641712216166386","0","1.7212369441986084","16734345153195","0.3499999940395355","0","4","1","N","51881.524458581116","2000-12-03 12:35:13.223","51881.82214374747","2000-12-03 19:43:53.223","0.1030320136178934","0.9210969736488865","0.3754527524613091","35797629","CRAB-FIELD-4","4","1","83.61754319233734","22.052298462285403","w2_f673n","19.358591079711914","0"
"Y","1.0619540324156311","0","0","1.7212369441986084","16734345153565","0.3499999940395355","0","1","1","N","51881.65640307404","2000-12-03 15:45:13.227","51881.75385674089","2000-12-03 18:05:33.227","0.1030351718161911","0.9210929105730553","0.3754618535710033","2214085","CRAB-FIELD-4","1","1","83.61732124552668","22.052861078645872","w2_f502n","19.41149139404297","0"
"Y","4.339857047746857","0.505171538201977","0","1.7212369441986084","16734345165696","0.3499999940395355","0","4","1","N","51881.524458581116","2000-12-03 12:35:13.223","51881.82214374747","2000-12-03 19:43:53.223","0.10307140211307811","0.9210778235319798","0.3754889200633474","58350384","CRAB-FIELD-4","4","1","83.61499171358018","22.054534300075208","w2_f673n","19.460290908813477","0"
"Y","4.339857047746857","0.505171538201977","0","1.7212369441986084","16734345165696","0.3499999940395355","0","4","1","N","51881.524458581116","2000-12-03 12:35:13.223","51881.82214374747","2000-12-03 19:43:53.223","0.10307140211307811","0.9210778235319798","0.3754889200633474","58350384","CRAB-FIELD-4","4","1","83.61499171358018","22.054534300075208","w2_f631n","19.602590560913086","0"
"Y","1.436931843107397","0","0","1.7212369441986084","16734343377393","0.3499999940395355","0","1","1","N","49407.41756419884","1994-02-24 10:01:17.550","49407.50737899076","1994-02-24 12:10:37.550","0.10299779547633087","0.9212224709869871","0.375154119099194","7641892","CRAB-NEB-A","1","1","83.62050742179879","22.03383865641355","w2_f469n","19.548599243164062","0"
"Y","1.9540026793720129","0.2982607091695818","156.2555319112281","1.7212369441986084","16734343375363","0.3499999940395355","0","3","3","N","49406.412008657586","1994-02-23 09:53:17.550","51840.82444645371","2000-10-23 19:47:12.177","0.10298363146482685","0.9212228614821089","0.37515704862571425","102709415","CRAB-PULSAR-POS1","3","1","83.62138016468667","22.034019731302315","w2_f502n","18.873300552368164","0"
"Y","2.6947675749313","0","0","1.7212369441986084","16734343380512","0.3499999940395355","0","1","1","N","49421.29881423386","1994-03-10 07:10:17.553","49421.388629025314","1994-03-10 09:19:37.553","0.1029935656340261","0.9212196831636171","0.37516212600676707","76864998","CRAB-NEB-A","1","1","83.62074810470192","22.034333566242353","w2_f631n","19.538400650024414","0"
"Y","2.615813876307288","0","0","1.7212369441986084","16734343380686","0.3499999940395355","0","1","1","N","49421.29881423386","1994-03-10 07:10:17.553","49421.388629025314","1994-03-10 09:19:37.553","0.102994984365579","0.9212161666851832","0.37517037120939284","41351423","CRAB-NEB-A","1","1","83.62063680468933","22.034843206964766","w2_f631n","19.510700225830078","0"
"Y","0.8292222023010254","0","0","1.7212369441986084","16734343380968","0.3499999940395355","0","1","1","N","49407.28978644917","1994-02-24 06:57:17.550","49407.37335124053","1994-02-24 08:57:37.550","0.10300107821258635","0.9212139551948021","0.37517412842964876","16647389","CRAB-NEB-A","1","1","83.62024728331036","22.035075443502983","w2_f375n","19.581600189208984","0"
"Y","1.367444462246365","0","0","1.7212369441986084","16734343380087","0.3499999940395355","0","1","1","N","49407.28978644917","1994-02-24 06:57:17.550","49407.37335124053","1994-02-24 08:57:37.550","0.10300203336487074","0.9212067293430839","0.37519160829818266","35311560","CRAB-NEB-A","1","1","83.62013898023977","22.036155892082398","w2_f375n","19.759899139404297","0"
"Y","0.8094318211078644","0","0","1.7212369441986084","16734343374270","0.3499999940395355","0","1","1","N","49407.41756419884","1994-02-24 10:01:17.550","49407.50737899076","1994-02-24 12:10:37.550","0.10296139913834472","0.9212188013432663","0.3751731204934974","49830515","CRAB-NEB-A","1","1","83.62271797346204","22.035013142186937","w2_f469n","19.81679916381836","0"
"Y","1.8538915179188553","1.1613872802892882","163.03252436910634","1.7212369441986084","16734343378099","0.3499999940395355","0","2","2","N","49407.28978644917","1994-02-24 06:57:17.550","49421.388629025314","1994-03-10 09:19:37.553","0.10295314847206119","0.9212125774580883","0.3751906666660452","102674576","CRAB-NEB-A","2","1","83.62318207039306","22.03609768863751","w2_f375n","19.927900314331055","0"
"Y","1.3300000296698675","0","0","1.7212369441986084","16734343376614","0.3499999940395355","0","1","1","N","49407.28978644917","1994-02-24 06:57:17.550","49407.37335124053","1994-02-24 08:57:37.550","0.10294753631550685","0.9212290113776397","0.37515185373972315","58291632","CRAB-NEB-A","1","1","83.62363963250215","22.033698634049053","w2_f375n","17.761899948120117","0"
"Y","0.8354444636238946","0","0","1.7212369441986084","16734343374481","0.3499999940395355","0","1","1","N","49407.28978644917","1994-02-24 06:57:17.550","49407.37335124053","1994-02-24 08:57:37.550","0.10294449321279218","0.9212268424729219","0.3751580147433677","65191166","CRAB-NEB-A","1","1","83.62381167552508","22.034079447350468","w2_f375n","18.50469970703125","0"
"Y","0.861333343717787","0","0","1.7212369441986084","16734343376396","0.3499999940395355","0","1","1","N","49407.28978644917","1994-02-24 06:57:17.550","49407.37335124053","1994-02-24 08:57:37.550","0.1029360544334512","0.9212302153221379","0.3751520479443674","35946910","CRAB-NEB-A","1","1","83.62435320409622","22.033710637874492","w2_f375n","18.522300720214844","0"
"Y","1.552386310967532","0","0","1.7212369441986084","16734343374508","0.3499999940395355","0","1","1","N","49407.41756419884","1994-02-24 10:01:17.550","49407.50737899076","1994-02-24 12:10:37.550","0.10294682575094806","0.9212246993068934","0.3751626373406582","57656781","CRAB-NEB-A","1","1","83.62365368048042","22.03436517201192","w2_f469n","19.523700714111328","0"
"Y","2.6668007757471894","0.08780599253127994","116.50657368555972","1.7212369441986084","16734343374690","0.3499999940395355","0","2","2","N","49406.412008657586","1994-02-23 09:53:17.550","49407.37335124053","1994-02-24 08:57:37.550","0.10294419882303563","0.9212216663317325","0.37517080564832583","66970986","CRAB-NEB-A","2","1","83.62379422806978","22.034870059923037","w2_f375n","19.9468994140625","0"
"Y","2.186270453209101","0.4239576920263851","201.30758836786524","1.7212369441986084","16734343158235","0.23333332935969034","0.20207259077509326","3","3","N","49407.28978644917","1994-02-24 06:57:17.550","50135.29925978696","1996-02-22 07:10:56.050","0.10292681613526256","0.9212239488716872","0.37516997020779685","106766000","CRAB-PULSAR","3","1","83.62487768583712","22.03481842078039","w2_f375n","19.118600845336914","0"
"Y","3.37477789984809","0","0","1.7212369441986084","16734343156370","0.3499999940395355","0","1","1","N","49407.28978644917","1994-02-24 06:57:17.550","49407.37335124053","1994-02-24 08:57:37.550","0.10291602773556675","0.92123242995175","0.375152104141853","105672028","CRAB-NEB-A","1","1","83.62559860310246","22.033714111450998","w2_f375n","19.818500518798828","0"
"Y","2.0560226657173852","0","0","1.7212369441986084","16734343158218","0.3499999940395355","0","1","1","N","49406.28423086554","1994-02-23 06:49:17.550","49406.36779565737","1994-02-23 08:49:37.550","0.1029210839107391","0.9212238321209971","0.3751718294592627","58807994","CRAB-NEB-A","1","1","83.62522900651214","22.034933342409897","w2_f487n","19.986600875854492","0"
"Y","1.6084444522857666","0","0","1.7212369441986084","16734343158128","0.3499999940395355","0","1","1","N","49407.28978644917","1994-02-24 06:57:17.550","49407.37335124053","1994-02-24 08:57:37.550","0.10291831137607702","0.9212240904417844","0.3751719557416865","56762418","CRAB-NEB-A","1","1","83.62540109212857","22.034941148007206","w2_f375n","19.727500915527344","0"
"Y","2.607035657811083","0.11415934603773457","181.9714076321825","1.7212369441986084","16734343374674","0.3499999940395355","0","5","5","N","49406.28423086554","1994-02-23 06:49:17.550","50135.29925978696","1996-02-22 07:10:56.050","0.10294329212924776","0.921218222211089","0.37517951126333887","57151323","CRAB-PULSAR","7","1","83.62382628285307","22.035408161107277","w2_f502n","19.970600128173828","0"
"Y","1.760454611344771","0","0","1.7212369441986084","16734343157984","0.3499999940395355","0","1","1","N","49406.28423086554","1994-02-23 06:49:17.550","49406.36779565737","1994-02-23 08:49:37.550","0.10293127916478484","0.9212148211713115","0.37519115797788843","106041506","CRAB-NEB-A","1","1","83.62454087958831","22.036128057228073","w2_f487n","18.648000717163086","0"
"Y","1.231931827285073","0","0","1.7212369441986084","16734343157960","0.3499999940395355","0","1","1","N","49406.28423086554","1994-02-23 06:49:17.550","49406.36779565737","1994-02-23 08:49:37.550","0.10292553721831023","0.9212154747232465","0.37519112851947983","48522278","CRAB-NEB-A","1","1","83.62489808730393","22.036126236367124","w2_f487n","19.033700942993164","0"
"Y","0.7955681871284138","0","0","1.7212369441986084","16734343158491","0.3499999940395355","0","1","1","N","49406.28423086554","1994-02-23 06:49:17.550","49406.36779565737","1994-02-23 08:49:37.550","0.1028987258457724","0.9212193658951626","0.37518892856797065","107868480","CRAB-NEB-A","1","1","83.62657178855186","22.035990254685828","w2_f487n","19.9689998626709","0"
"Y","3.454418515050134","0","0","1.7212369441986084","16734343366120","0.3499999940395355","0","1","1","N","49421.29881423386","1994-03-10 07:10:17.553","49421.388629025314","1994-03-10 09:19:37.553","0.10299003414103232","0.9211977799875412","0.37521687463875125","87437599","CRAB-NEB-A","1","1","83.62081461345446","22.037717645070583","w2_f631n","19.047399520874023","0"
"Y","1.6121110651228163","0","0","1.7212369441986084","16734343378345","0.3499999940395355","0","1","1","N","49407.28978644917","1994-02-24 06:57:17.550","49407.37335124053","1994-02-24 08:57:37.550","0.10297010266768797","0.9212070624682164","0.37519955492656853","17079674","CRAB-NEB-A","1","1","83.62210272883672","22.0366470840485","w2_f375n","17.194299697875977","0"
"Y","5.14777766333686","0","0","1.7212369441986084","16734343365959","0.3499999940395355","0","1","1","N","49407.28978644917","1994-02-24 06:57:17.550","49407.37335124053","1994-02-24 08:57:37.550","0.10298980509829282","0.9211929942735028","0.37522868673539633","61512270","CRAB-NEB-A","1","1","83.6207958159703","22.038447775567565","w2_f375n","19.699600219726562","0"
"Y","0.8142222298516167","0","0","1.7212369441986084","16734343377972","0.3499999940395355","0","1","1","N","49407.28978644917","1994-02-24 06:57:17.550","49407.37335124053","1994-02-24 08:57:37.550","0.10293986727093705","0.9212108580610816","0.3751985324045409","105193494","CRAB-NEB-A","1","1","83.62398611750086","22.03658388046688","w2_f375n","18.736099243164062","0"
"Y","2.0353599918186407","1.0442420239083094","219.71501179513535","1.7212369441986084","16734343166190","0.3499999940395355","0","2","3","N","49407.28978644917","1994-02-24 06:57:17.550","51884.48163457867","2000-12-06 11:33:33.230","0.10291767463247997","0.921210303278139","0.3752059826052083","87760866","CRAB-PULSAR-POS1","3","1","83.62534558778493","22.03704438891979","w2_f375n","18.177400588989258","0"
"Y","1.4094444115956624","0","0","1.7212369441986084","16734343166390","0.3499999940395355","0","1","1","N","49407.28978644917","1994-02-24 06:57:17.550","49407.37335124053","1994-02-24 08:57:37.550","0.1028996939645866","0.9212126906786553","0.3752050526268363","25840723","CRAB-NEB-A","1","1","83.62646651482143","22.036986905414288","w2_f375n","18.327899932861328","0"
"Y","2.254180697146493","0.45863514352365503","64.2296336115854","1.7212369441986084","16734343166085","0.3499999940395355","0","3","3","N","49406.412008657586","1994-02-23 09:53:17.550","49421.388629025314","1994-03-10 09:19:37.553","0.10291270057054991","0.9212049861516055","0.3752204012992051","39624376","CRAB-NEB-A","3","1","83.62561465255827","22.03793563496598","w2_f502n","19.22610092163086","0"
"Y","2.254180697146493","0.45863514352365503","64.2296336115854","1.7212369441986084","16734343166085","0.3499999940395355","0","3","3","N","49406.412008657586","1994-02-23 09:53:17.550","49421.388629025314","1994-03-10 09:19:37.553","0.10291270057054991","0.9212049861516055","0.3752204012992051","39624376","CRAB-NEB-A","3","1","83.62561465255827","22.03793563496598","w2_f673n","19.355690002441406","0"
"Y","1.1603617397794126","0.28779745158248987","43.93915668707656","1.7212369441986084","16734343367092","0.2039999966110502","0.06763657084240515","6","34","N","49407.41756419884","1994-02-24 10:01:17.550","57607.32353999093","2016-08-07 07:45:53.857","0.10294040698164686","0.9211979400765232","0.37523009981989547","48730886","V-CM-TAU","35","28","83.62386428843173","22.038535121546193","a_f550m","19.541800498962402","0.05809974670410156"
"Y","1.1603617397794126","0.28779745158248987","43.93915668707656","1.7212369441986084","16734343367092","0.2039999966110502","0.06763657084240515","6","34","N","49407.41756419884","1994-02-24 10:01:17.550","57607.32353999093","2016-08-07 07:45:53.857","0.10294040698164686","0.9211979400765232","0.37523009981989547","48730886","V-CM-TAU","35","3","83.62386428843173","22.038535121546193","w2_f547m","19.69729995727539","0.041599273681640625"
"Y","1.1603617397794126","0.28779745158248987","43.93915668707656","1.7212369441986084","16734343367092","0.2039999966110502","0.06763657084240515","6","34","N","49407.41756419884","1994-02-24 10:01:17.550","57607.32353999093","2016-08-07 07:45:53.857","0.10294040698164686","0.9211979400765232","0.37523009981989547","48730886","V-CM-TAU","35","1","83.62386428843173","22.038535121546193","w2_f588n","19.382999420166016","0"
"Y","1.1603617397794126","0.28779745158248987","43.93915668707656","1.7212369441986084","16734343367092","0.2039999966110502","0.06763657084240515","6","34","N","49407.41756419884","1994-02-24 10:01:17.550","57607.32353999093","2016-08-07 07:45:53.857","0.10294040698164686","0.9211979400765232","0.37523009981989547","48730886","V-CM-TAU","35","1","83.62386428843173","22.038535121546193","w3_f555w","19.72010040283203","0"
"Y","1.1603617397794126","0.28779745158248987","43.93915668707656","1.7212369441986084","16734343367092","0.2039999966110502","0.06763657084240515","6","34","N","49407.41756419884","1994-02-24 10:01:17.550","57607.32353999093","2016-08-07 07:45:53.857","0.10294040698164686","0.9211979400765232","0.37523009981989547","48730886","V-CM-TAU","35","1","83.62386428843173","22.038535121546193","w2_f631n","19.184099197387695","0"
"Y","0.7762222157584296","0","0","1.7212369441986084","16734343153223","0.3499999940395355","0","1","1","N","49407.28978644917","1994-02-24 06:57:17.550","49407.37335124053","1994-02-24 08:57:37.550","0.10292985855954673","0.9211980213625164","0.3752327939518009","103186725","CRAB-NEB-A","1","1","83.62451283617231","22.038701652125397","w2_f375n","18.668800354003906","0"
"Y","0.8448888858159382","0","0","1.7212369441986084","16734343367160","0.3499999940395355","0","1","1","N","49407.28978644917","1994-02-24 06:57:17.550","49407.37335124053","1994-02-24 08:57:37.550","0.1029410338904675","0.9211956811883614","0.37523547340786617","22024475","CRAB-NEB-A","1","1","83.62381027104541","22.038867275757685","w2_f375n","19.549299240112305","0"
"Y","1.802072307121099","0.624612245211045","99.95232313104091","1.7212369441986084","16734343367122","0.3317499943077564","0.13193969135980937","3","4","N","49407.28978644917","1994-02-24 06:57:17.550","57327.09149859706","2015-11-01 02:11:45.480","0.10293728687219873","0.9211946308826217","0.3752390797956891","33923317","CRAB-NEBULA","4","1","83.62403324106674","22.03909019558746","w2_f375n","17.375099182128906","0"
"Y","1.635999944474962","0","0","1.7212369441986084","16734343152925","0.3499999940395355","0","1","1","N","49407.28978644917","1994-02-24 06:57:17.550","49407.37335124053","1994-02-24 08:57:37.550","0.10289376871927633","0.9211961118920305","0.37524737946610687","16055267","CRAB-NEB-A","1","1","83.62671674613749","22.039603220230184","w2_f375n","19.880399703979492","0"
"Y","1.8740418217081534","0.9291451324724286","143.03794935298745","1.7212369441986084","16734343157364","0.310249999165535","0.056214981855072586","2","2","N","49421.29881423386","1994-03-10 07:10:17.553","56760.93008142151","2014-04-13 22:19:19.040","0.10286233241097721","0.9212328818607478","0.37516572064838527","46363502","CRAB-NEBULA","2","1","83.6289001235745","22.03455575288401","w2_f631n","19.918100357055664","0"
"Y","2.361525252185279","0.14422283548869974","144.26988302953242","1.7212369441986084","16734343156871","0.3499999940395355","0","3","3","N","49407.28978644917","1994-02-24 06:57:17.550","49943.827743689995","1995-08-14 19:51:57.057","0.10285196134411408","0.9212301378527877","0.375175301905613","32442149","CRAB-PULSAR","3","1","83.6295183874903","22.03514797700768","w2_f631n","19.846900939941406","0"
"Y","1.0245555639266968","0","0","1.7212369441986084","16734343158931","0.3499999940395355","0","1","1","N","49407.28978644917","1994-02-24 06:57:17.550","49407.37335124053","1994-02-24 08:57:37.550","0.10288271900520107","0.9212230717239913","0.375184219091873","27709753","CRAB-NEB-A","1","1","83.62758050100818","22.035699156659863","w2_f375n","18.755399703979492","0"
"Y","0.8492222097184923","0","0","1.7212369441986084","16734343156887","0.3499999940395355","0","1","1","N","49407.28978644917","1994-02-24 06:57:17.550","49407.37335124053","1994-02-24 08:57:37.550","0.10284808464236227","0.9212278749483497","0.37518192108065085","26615637","CRAB-NEB-A","1","1","83.62974101086755","22.035557114217813","w2_f375n","17.54490089416504","0"
"Y","1.1328165329395956","0.47931605514484665","134.19333337058612","1.7212369441986084","16734343156964","0.3499999940395355","0","2","2","N","49407.28978644917","1994-02-24 06:57:17.550","49721.5712623517","1995-01-04 13:42:37.070","0.1028487222377932","0.9212247782756221","0.37518934983026697","18560494","NGC1952-BRTFIL","2","1","83.62968060624087","22.03601629341093","w2_f375n","19.453800201416016","0"
"Y","1.1328165329395956","0.47931605514484665","134.19333337058612","1.7212369441986084","16734343156964","0.3499999940395355","0","2","2","N","49407.28978644917","1994-02-24 06:57:17.550","49721.5712623517","1995-01-04 13:42:37.070","0.1028487222377932","0.9212247782756221","0.37518934983026697","18560494","NGC1952-BRTFIL","2","1","83.62968060624087","22.03601629341093","w2_f656n","19.90369987487793","0"
"Y","2.205113660205494","0","0","1.7212369441986084","16734343198111","0.3499999940395355","0","1","1","N","49407.41756419884","1994-02-24 10:01:17.550","49407.50737899076","1994-02-24 12:10:37.550","0.10282721684679368","0.9212394723864552","0.37515916354910955","87256215","CRAB-NEB-A","1","1","83.63110242920592","22.034150455451126","w2_f469n","19.90690040588379","0"
"Y","2.0124138863150645","1.0122193383414313","199.82203470834347","1.7212369441986084","16734343198509","0.3499999940395355","0","2","2","N","49406.412008657586","1994-02-23 09:53:17.550","49407.37335124053","1994-02-24 08:57:37.550","0.10281393457069886","0.9212370197918835","0.37516882629583226","16265599","CRAB-NEB-A","2","1","83.63190153185755","22.034747714815154","w2_f375n","18.836599349975586","0"
"Y","2.0124138863150645","1.0122193383414313","199.82203470834347","1.7212369441986084","16734343198509","0.3499999940395355","0","2","2","N","49406.412008657586","1994-02-23 09:53:17.550","49407.37335124053","1994-02-24 08:57:37.550","0.10281393457069886","0.9212370197918835","0.37516882629583226","16265599","CRAB-NEB-A","2","1","83.63190153185755","22.034747714815154","w2_f502n","19.907800674438477","0"
"Y","2.6252786379670505","0.1804279270266674","137.91769663440385","1.7212369441986084","16734343197821","0.3499999940395355","0","3","4","N","49407.28978644917","1994-02-24 06:57:17.550","50135.29925978696","1996-02-22 07:10:56.050","0.10282495560820976","0.9212326178003335","0.3751766149502571","107417416","NGC1952-BRTFIL","5","1","83.6311943362201","22.035229137396723","w2_f375n","19.927200317382812","0"
"Y","2.264254512634815","0.347899394873312","144.36268921107984","1.7212369441986084","16734343200324","0.33949999511241913","0.020999997854232788","3","4","N","49407.28978644917","1994-02-24 06:57:17.550","56257.748980823904","2012-11-26 17:58:31.947","0.10279939902607135","0.9212402895669447","0.3751647803819588","11135842","CRAB-PULSAR","4","1","83.63281685484596","22.03449763449488","w2_f375n","19.84589958190918","0"
"Y","2.5675923727859016","0.12774193650078314","169.37732648883707","1.7212369441986084","16734343200497","0.3499999940395355","0","3","2","N","49406.28423086554","1994-02-23 06:49:17.550","50108.43282508338","1996-01-26 10:23:16.090","0.10278798960050572","0.9212383180415815","0.37517274763277353","91173386","CRAB-PULSAR","3","1","83.63350421549929","22.034990095397024","w2_f502n","19.1643009185791","0"
"Y","1.4868182214823635","0","0","1.7212369441986084","16734343197921","0.3499999940395355","0","1","1","N","49407.41756419884","1994-02-24 10:01:17.550","49407.50737899076","1994-02-24 12:10:37.550","0.1028280303433699","0.9212308180545754","0.3751801914340864","80749892","CRAB-NEB-A","1","1","83.63099311676827","22.035450203075296","w2_f469n","19.296899795532227","0"
"Y","0.9984090924263","0","0","1.7212369441986084","16734343197912","0.3499999940395355","0","1","1","N","49407.41756419884","1994-02-24 10:01:17.550","49407.50737899076","1994-02-24 12:10:37.550","0.10281796055773224","0.9212297376207504","0.37518560408463947","11147627","CRAB-NEB-A","1","1","83.63160429141101","22.03578476455403","w2_f469n","19.15489959716797","0"
"Y","1.9533841344195553","0.14454422096554068","102.65357279119351","1.7212369441986084","16734343198320","0.3499999940395355","0","3","3","N","49457.16964748595","1994-04-15 04:04:17.547","49722.375429053325","1995-01-05 09:00:37.073","0.10279891065522835","0.9212323464167715","0.37518441849835926","54913100","NGC1952-BRTFIL","3","1","83.63279240642049","22.035711482206143","w2_f658n","19.327499389648438","0"
"Y","1.9533841344195553","0.14454422096554068","102.65357279119351","1.7212369441986084","16734343198320","0.3499999940395355","0","3","3","N","49457.16964748595","1994-04-15 04:04:17.547","49722.375429053325","1995-01-05 09:00:37.073","0.10279891065522835","0.9212323464167715","0.37518441849835926","54913100","NGC1952-BRTFIL","3","1","83.63279240642049","22.035711482206143","w2_f673n","18.56999969482422","0"
"Y","2.0759119910372985","0.044361885189996605","0","1.7212369441986084","16734343198326","0.3499999940395355","0","3","1","N","51881.53904194897","2000-12-03 12:56:13.227","51881.82214374747","2000-12-03 19:43:53.223","0.10279931835562854","0.9212311530344934","0.37518723705489326","45084817","CRAB-FIELD-4","3","1","83.6327591809665","22.03588570001826","w2_f673n","18.572290420532227","0"
"Y","3.028089900745127","0.7478162854756158","191.27669341078695","1.7212369441986084","16734343193689","0.3499999940395355","0","4","3","N","49406.28423086554","1994-02-23 06:49:17.550","50114.52634365298","1996-02-01 12:37:56.097","0.10280580993189048","0.9212260833658176","0.3751979061399106","46096457","CRAB-PULSAR","4","1","83.63232565025483","22.036545170159073","w2_f375n","19.77519989013672","0"
"Y","1.266541015142682","0.2587677984595783","111.6381074817753","1.7212369441986084","16734343167376","0.3499999940395355","0","2","3","N","49406.412008657586","1994-02-23 09:53:17.550","49719.69487343496","1995-01-02 16:40:37.070","0.10288220897728799","0.9212119381742987","0.3752116949691074","96696909","NGC1952-BRTFIL","3","1","83.62753544996407","22.037397479986193","w2_f502n","19.689899444580078","0"
"Y","0.798636336218227","0","0","1.7212369441986084","16734343164616","0.3499999940395355","0","1","1","N","49407.41756419884","1994-02-24 10:01:17.550","49407.50737899076","1994-02-24 12:10:37.550","0.10286238765989932","0.9212175742701327","0.37520329164739463","82368065","CRAB-NEB-A","1","1","83.62879173356433","22.036878056456583","w2_f469n","19.440500259399414","0"
"Y","0.8119999700122409","0","0","1.7212369441986084","16734343167978","0.3499999940395355","0","1","1","N","49407.28978644917","1994-02-24 06:57:17.550","49407.37335124053","1994-02-24 08:57:37.550","0.10286417943210698","0.9212068951661767","0.37522901925423363","2760864","CRAB-NEB-A","1","1","83.62860841313662","22.038468329304393","w2_f375n","18.513599395751953","0"
"Y","0.7728888591130574","0","0","1.7212369441986084","16734343167768","0.3499999940395355","0","1","1","N","49407.28978644917","1994-02-24 06:57:17.550","49407.37335124053","1994-02-24 08:57:37.550","0.10285818322714228","0.9212081643588783","0.37522754704874617","15145310","CRAB-NEB-A","1","1","83.62898546866214","22.038377328970167","w2_f375n","18.34630012512207","0"
"Y","0.7790804594412617","0","0","1.7212369441986084","16734343167569","0.3499999940395355","0","1","1","N","51881.65640307404","2000-12-03 15:45:13.227","51881.75385674089","2000-12-03 18:05:33.227","0.1028559585772592","0.9212052853341675","0.37523522500212053","50568113","CRAB-FIELD-4","1","1","83.6291023829617","22.038851920929048","w2_f502n","19.54119110107422","0"
"Y","1.150640047208269","0.21538201632484982","18.801402690880252","1.7212369441986084","16734343164025","0.2553703660766284","0.08881213771229717","7","51","N","49407.28978644917","1994-02-24 06:57:17.550","57607.32353999093","2016-08-07 07:45:53.857","0.10283680474052144","0.9212177323071338","0.37520991628011763","62639146","V-CM-TAU","54","1","83.63036437613869","22.03728753604728","w3_f555w","18.473899841308594","0"
"Y","1.150640047208269","0.21538201632484982","18.801402690880252","1.7212369441986084","16734343164025","0.2553703660766284","0.08881213771229717","7","51","N","49407.28978644917","1994-02-24 06:57:17.550","57607.32353999093","2016-08-07 07:45:53.857","0.10283680474052144","0.9212177323071338","0.37520991628011763","62639146","V-CM-TAU","54","2","83.63036437613869","22.03728753604728","w2_f814w","18.439245223999023","0.09115409851074219"
"Y","1.150640047208269","0.21538201632484982","18.801402690880252","1.7212369441986084","16734343164025","0.2553703660766284","0.08881213771229717","7","51","N","49407.28978644917","1994-02-24 06:57:17.550","57607.32353999093","2016-08-07 07:45:53.857","0.10283680474052144","0.9212177323071338","0.37520991628011763","62639146","V-CM-TAU","54","1","83.63036437613869","22.03728753604728","w2_f631n","18.061199188232422","0"
"Y","1.150640047208269","0.21538201632484982","18.801402690880252","1.7212369441986084","16734343164025","0.2553703660766284","0.08881213771229717","7","51","N","49407.28978644917","1994-02-24 06:57:17.550","57607.32353999093","2016-08-07 07:45:53.857","0.10283680474052144","0.9212177323071338","0.37520991628011763","62639146","V-CM-TAU","54","1","83.63036437613869","22.03728753604728","w2_f588n","18.146400451660156","0"
"Y","1.150640047208269","0.21538201632484982","18.801402690880252","1.7212369441986084","16734343164025","0.2553703660766284","0.08881213771229717","7","51","N","49407.28978644917","1994-02-24 06:57:17.550","57607.32353999093","2016-08-07 07:45:53.857","0.10283680474052144","0.9212177323071338","0.37520991628011763","62639146","V-CM-TAU","54","28","83.63036437613869","22.03728753604728","a_f550m","18.329400062561035","0.03709983825683594"
"Y","1.150640047208269","0.21538201632484982","18.801402690880252","1.7212369441986084","16734343164025","0.2553703660766284","0.08881213771229717","7","51","N","49407.28978644917","1994-02-24 06:57:17.550","57607.32353999093","2016-08-07 07:45:53.857","0.10283680474052144","0.9212177323071338","0.37520991628011763","62639146","V-CM-TAU","54","20","83.63036437613869","22.03728753604728","w2_f547m","18.716550827026367","0.08184432983398438"
"Y","1.5040885659360002","0.5775985407732555","18.430374255368758","1.7212369441986084","16734343163975","0.2592592548441004","0.08826101473920488","7","50","N","49407.28978644917","1994-02-24 06:57:17.550","57607.32353999093","2016-08-07 07:45:53.857","0.10283567390513218","0.9212167626597848","0.37521260688894137","90474759","V-CM-TAU","54","2","83.63042719424423","22.037453847396698","w2_f814w","18.09414577484131","0.16695499420166016"
"Y","1.5040885659360002","0.5775985407732555","18.430374255368758","1.7212369441986084","16734343163975","0.2592592548441004","0.08826101473920488","7","50","N","49407.28978644917","1994-02-24 06:57:17.550","57607.32353999093","2016-08-07 07:45:53.857","0.10283567390513218","0.9212167626597848","0.37521260688894137","90474759","V-CM-TAU","54","28","83.63042719424423","22.037453847396698","a_f550m","17.356749534606934","0.05729961395263672"
"Y","1.5040885659360002","0.5775985407732555","18.430374255368758","1.7212369441986084","16734343163975","0.2592592548441004","0.08826101473920488","7","50","N","49407.28978644917","1994-02-24 06:57:17.550","57607.32353999093","2016-08-07 07:45:53.857","0.10283567390513218","0.9212167626597848","0.37521260688894137","90474759","V-CM-TAU","54","1","83.63042719424423","22.037453847396698","w2_f375n","19.07550048828125","0"
"Y","1.5040885659360002","0.5775985407732555","18.430374255368758","1.7212369441986084","16734343163975","0.2592592548441004","0.08826101473920488","7","50","N","49407.28978644917","1994-02-24 06:57:17.550","57607.32353999093","2016-08-07 07:45:53.857","0.10283567390513218","0.9212167626597848","0.37521260688894137","90474759","V-CM-TAU","54","20","83.63042719424423","22.037453847396698","w2_f547m","18.249845504760742","0.1188955307006836"
"Y","1.5040885659360002","0.5775985407732555","18.430374255368758","1.7212369441986084","16734343163975","0.2592592548441004","0.08826101473920488","7","50","N","49407.28978644917","1994-02-24 06:57:17.550","57607.32353999093","2016-08-07 07:45:53.857","0.10283567390513218","0.9212167626597848","0.37521260688894137","90474759","V-CM-TAU","54","1","83.63042719424423","22.037453847396698","w2_f631n","17.579700469970703","0"
"Y","1.5040885659360002","0.5775985407732555","18.430374255368758","1.7212369441986084","16734343163975","0.2592592548441004","0.08826101473920488","7","50","N","49407.28978644917","1994-02-24 06:57:17.550","57607.32353999093","2016-08-07 07:45:53.857","0.10283567390513218","0.9212167626597848","0.37521260688894137","90474759","V-CM-TAU","54","1","83.63042719424423","22.037453847396698","w2_f588n","17.70599937438965","0"
"Y","1.5040885659360002","0.5775985407732555","18.430374255368758","1.7212369441986084","16734343163975","0.2592592548441004","0.08826101473920488","7","50","N","49407.28978644917","1994-02-24 06:57:17.550","57607.32353999093","2016-08-07 07:45:53.857","0.10283567390513218","0.9212167626597848","0.37521260688894137","90474759","V-CM-TAU","54","1","83.63042719424423","22.037453847396698","w2_f469n","17.636499404907227","0"
"Y","1.95139535637789","0","0","1.7212369441986084","16734343161969","0","0","1","1","N","49721.350197560154","1995-01-04 08:24:17.070","49721.5712623517","1995-01-04 13:42:37.070","0.1028168835662381","0.9212199669841432","0.375209889106937","77892868","NGC1952-BRTFIL","1","1","83.63160346185244","22.03728585643798","w2_f656n","19.8075008392334","0"
"Y","1.8006666501363118","0","0","1.7212369441986084","16734343194569","0.3499999940395355","0","1","1","N","49407.28978644917","1994-02-24 06:57:17.550","49407.37335124053","1994-02-24 08:57:37.550","0.10280141668878326","0.9212232156435909","0.3752061509206441","85003838","CRAB-NEB-A","1","1","83.63257586911813","22.037054792747714","w2_f375n","19.916400909423828","0"
"Y","1.6662790331729622","0","0","1.7212369441986084","16734343162761","0.3499999940395355","0","1","1","N","49421.29881423386","1994-03-10 07:10:17.553","49421.388629025314","1994-03-10 09:19:37.553","0.1028099264038341","0.921218430417947","0.3752155680289937","89283163","CRAB-NEB-A","1","1","83.63202030864534","22.037636881004726","w2_f631n","19.793100357055664","0"
"Y","1.6594186309696168","0.10261923574891134","80.18395749087368","1.7212369441986084","16734343162322","0.3499999940395355","0","3","3","N","49420.234230865724","1994-03-09 05:37:17.550","49721.5712623517","1995-01-04 13:42:37.070","0.10279609320216658","0.9212156897951657","0.3752260866440271","85424055","NGC1952-BRTFIL","3","1","83.6328513042901","22.03828705814759","w2_f656n","19.265899658203125","0"
"Y","0.7891111241446601","0","0","1.7212369441986084","16734343162479","0.3499999940395355","0","1","1","N","49407.28978644917","1994-02-24 06:57:17.550","49407.37335124053","1994-02-24 08:57:37.550","0.10283053614005809","0.9212111836503981","0.37522771213915523","99999615","CRAB-NEB-A","1","1","83.63070455239823","22.038387533575282","w2_f375n","18.925100326538086","0"
"Y","0.9575555721918741","0","0","1.7212369441986084","16734343162330","0.3499999940395355","0","1","1","N","49407.28978644917","1994-02-24 06:57:17.550","49407.37335124053","1994-02-24 08:57:37.550","0.10279860990791531","0.9212146892732461","0.3752278535383243","70164543","CRAB-NEB-A","1","1","83.63268984213852","22.038396273772136","w2_f375n","19.519399642944336","0"
"Y","1.7867054126059363","0.45540801362956673","55.222537477612775","1.7212369441986084","16734343162139","0.3499999940395355","0","3","3","N","49420.234230865724","1994-03-09 05:37:17.550","49721.5712623517","1995-01-04 13:42:37.070","0.10279019054936306","0.92121230627875","0.3752360103829497","60035615","NGC1952-BRTFIL","3","1","83.63319071738401","22.038900467520886","w2_f656n","19.99180030822754","0"
"Y","2.4157912492390934","0.23490212929747337","0","1.7212369441986084","16734343365085","0.3499999940395355","0","3","1","N","51881.53904194897","2000-12-03 12:56:13.227","51881.82214374747","2000-12-03 19:43:53.223","0.10297191161088026","0.9211789253475703","0.3752681347249903","86099539","CRAB-FIELD-4","3","1","83.62179839863734","22.040886165735728","w2_f673n","19.24169158935547","0"
"Y","0.9001111321979098","0","0","1.7212369441986084","16734343364959","0.3499999940395355","0","1","1","N","49407.28978644917","1994-02-24 06:57:17.550","49407.37335124053","1994-02-24 08:57:37.550","0.1029637798299308","0.9211815052723928","0.37526403290149557","58533212","CRAB-NEB-A","1","1","83.62231565491972","22.040632618876383","w2_f375n","19.410600662231445","0"
"Y","2.151611048429819","0.13207183061392255","89.60586106710592","1.7212369441986084","16734343237429","0.3499999940395355","0","2","2","N","49407.28978644917","1994-02-24 06:57:17.550","49421.388629025314","1994-03-10 09:19:37.553","0.10299444074364891","0.9211715535832802","0.3752800474924921","99210310","CRAB-NEB-A","2","1","83.62036378925632","22.04162253571426","w2_f375n","19.983400344848633","0"
"Y","1.9554545933550054","0","0","1.7212369441986084","16734343237291","0.3499999940395355","0","1","1","N","49407.41756419884","1994-02-24 10:01:17.550","49407.50737899076","1994-02-24 12:10:37.550","0.10299521218369607","0.9211682539062064","0.3752879351444384","9692823","CRAB-NEB-A","1","1","83.62029373505815","22.04211010107852","w2_f469n","19.402700424194336","0"
"Y","1.171555519104004","0","0","1.7212369441986084","16734343365573","0.3499999940395355","0","1","1","N","49407.28978644917","1994-02-24 06:57:17.550","49407.37335124053","1994-02-24 08:57:37.550","0.10295289271045403","0.921178601392767","0.37527414808510595","67058797","CRAB-NEB-A","1","1","83.62296452183486","22.041257872279136","w2_f375n","19.077499389648438","0"
"Y","2.7330232221026756","0","0","1.7212369441986084","16734343234498","0.3499999940395355","0","1","1","N","49421.29881423386","1994-03-10 07:10:17.553","49421.388629025314","1994-03-10 09:19:37.553","0.10296528335449136","0.9211705121256181","0.37529060475058984","19658176","CRAB-NEB-A","1","1","83.62214780790529","22.042275119863525","w2_f631n","19.65410041809082","0"
"Y","0.9432954544370825","0","0","1.7212369441986084","16734343154841","0.3499999940395355","0","1","1","N","49407.41756419884","1994-02-24 10:01:17.550","49407.50737899076","1994-02-24 12:10:37.550","0.10290060080236013","0.921194453349588","0.3752495775812193","84199896","CRAB-NEB-A","1","1","83.62628566555051","22.03973909187012","w2_f469n","19.773399353027344","0"
"Y","5.120444297790527","0","0","1.7212369441986084","16734343154835","0.3499999940395355","0","1","1","N","49407.28978644917","1994-02-24 06:57:17.550","49407.37335124053","1994-02-24 08:57:37.550","0.10289810002303924","0.9211944469000362","0.37525027916660825","22266110","CRAB-NEB-A","1","1","83.6264392461077","22.039782458851516","w2_f375n","19.476699829101562","0"
"Y","1.3216666380564372","0","0","1.7212369441986084","16734343364655","0.3499999940395355","0","1","1","N","49407.28978644917","1994-02-24 06:57:17.550","49407.37335124053","1994-02-24 08:57:37.550","0.10293923567169679","0.9211725166147775","0.3752928301946413","14525031","CRAB-NEB-A","1","1","83.62376171811133","22.042412683350737","w2_f375n","17.700599670410156","0"
"Y","1.4534216938596782","0.2326845766943892","0","1.7212369441986084","16734343152295","0.3499999940395355","0","2","1","N","49407.28978644917","1994-02-24 06:57:17.550","49407.50737899076","1994-02-24 12:10:37.550","0.10291052978957989","0.9211796433588929","0.3752832097526235","351543","CRAB-NEB-A","2","1","83.62557408332931","22.04181800666541","w2_f375n","19.706600189208984","0"
"Y","1.789323815440766","1.1079442650985218","34.001451390753644","1.7212369441986084","16734343152288","0.353999987244606","0.0056568446400109195","2","2","N","49407.28978644917","1994-02-24 06:57:17.550","56257.748980823904","2012-11-26 17:58:31.947","0.10291074032369446","0.921178212678694","0.3752866637832958","70725899","CRAB-NEB-A","2","1","83.62555133125004","22.042031513369846","w2_f375n","18.09320068359375","0"
"Y","1.653555499182807","0","0","1.7212369441986084","16734343233955","0.3499999940395355","0","1","1","N","49407.28978644917","1994-02-24 06:57:17.550","49407.37335124053","1994-02-24 08:57:37.550","0.10297465026269906","0.9211672137339192","0.37529613073870355","41651003","CRAB-NEB-A","1","1","83.6215497358363","22.042616703306116","w2_f375n","19.622499465942383","0"
"Y","1.6845556100209553","0","0","1.7212369441986084","16734345120038","0.3499999940395355","0","1","1","N","49407.28978644917","1994-02-24 06:57:17.550","49407.37335124053","1994-02-24 08:57:37.550","0.10299660274501099","0.9211593333093722","0.3753094489651632","58634441","CRAB-NEB-A","1","1","83.62014703829477","22.043439959642885","w2_f375n","19.322500228881836","0"
"Y","1.0452222161822848","0","0","1.7212369441986084","16734343234460","0.3499999940395355","0","1","1","N","49407.28978644917","1994-02-24 06:57:17.550","49407.37335124053","1994-02-24 08:57:37.550","0.10297028463985289","0.9211678668413862","0.3752957255053255","80345080","CRAB-NEB-A","1","1","83.62182240732992","22.042591654178946","w2_f375n","18.774599075317383","0"
"Y","1.458409157666293","0","0","1.7212369441986084","16734345117897","0.3499999940395355","0","1","1","N","49407.41756419884","1994-02-24 10:01:17.550","49407.50737899076","1994-02-24 12:10:37.550","0.10294693123854892","0.9211624929461468","0.3753153220167477","26841562","CRAB-NEB-A","1","1","83.62322015057123","22.04380299951041","w2_f469n","18.675399780273438","0"
"Y","2.6497777303059897","0","0","1.7212369441986084","16734345120233","0.3499999940395355","0","1","1","N","49407.28978644917","1994-02-24 06:57:17.550","49407.37335124053","1994-02-24 08:57:37.550","0.10299312491671378","0.9211567101534059","0.3753168415643376","107030774","CRAB-NEB-A","1","1","83.62034266967659","22.043896929770025","w2_f375n","19.99810028076172","0"
"Y","1.1780681935223667","0","0","1.7212369441986084","16734343151836","0.3499999940395355","0","1","1","N","49407.41756419884","1994-02-24 10:01:17.550","49407.50737899076","1994-02-24 12:10:37.550","0.10292663145578569","0.9211724720664249","0.37529639652793495","74970025","CRAB-NEB-A","1","1","83.62453571084247","22.04263313282236","w2_f469n","19.263500213623047","0"
"Y","1.680333349439833","0","0","1.7212369441986084","16734345117752","0.3499999940395355","0","1","1","N","49407.28978644917","1994-02-24 06:57:17.550","49407.37335124053","1994-02-24 08:57:37.550","0.10293886436467371","0.9211661025089929","0.3753086753519148","78066340","CRAB-NEB-A","1","1","83.62374049599435","22.043392139177772","w2_f375n","18.891599655151367","0"
"Y","2.7484637575864177","0.06376938848194758","211.50710142213285","1.7212369441986084","16734345003053","0.3499999940395355","0","2","2","N","49407.28978644917","1994-02-24 06:57:17.550","49421.388629025314","1994-03-10 09:19:37.553","0.10292654120685228","0.9211669974811245","0.3753098584739497","26229650","CRAB-NEB-A","2","1","83.62450367701301","22.043465273220484","w2_f375n","19.855300903320312","0"
"Y","2.7484637575864177","0.06376938848194758","211.50710142213285","1.7212369441986084","16734345003053","0.3499999940395355","0","2","2","N","49407.28978644917","1994-02-24 06:57:17.550","49421.388629025314","1994-03-10 09:19:37.553","0.10292654120685228","0.9211669974811245","0.3753098584739497","26229650","CRAB-NEB-A","2","1","83.62450367701301","22.043465273220484","w2_f631n","19.64900016784668","0"
"Y","1.2902222739325628","0","0","1.7212369441986084","16734345183260","0.3499999940395355","0","1","1","N","49407.28978644917","1994-02-24 06:57:17.550","49407.37335124053","1994-02-24 08:57:37.550","0.1029305894414786","0.9211660509388798","0.375311071456274","79989129","CRAB-NEB-A","1","1","83.62424848789702","22.043540253057664","w2_f375n","19.88599967956543","0"
"Y","1.459111107720269","0","0","1.7212369441986084","16734345003082","0.3499999940395355","0","1","1","N","49407.28978644917","1994-02-24 06:57:17.550","49407.37335124053","1994-02-24 08:57:37.550","0.1029151936709715","0.9211715284109112","0.3753018493952805","50615247","CRAB-NEB-A","1","1","83.62523187895997","22.042970197251112","w2_f375n","19.42970085144043","0"
"Y","2.4895011735103636","0.17308710683236464","182.6442876852642","1.7212369441986084","16734345003883","0.3499999940395355","0","3","2","N","49406.28423086554","1994-02-23 06:49:17.550","49407.37335124053","1994-02-24 08:57:37.550","0.10290546092120091","0.9211655199331801","0.3753192654271955","33314633","CRAB-NEB-A","3","1","83.62578854773471","22.044046760069374","w2_f375n","19.91189956665039","0"
"Y","0.8399999803966945","0","0","1.7212369441986084","16734345184044","0.3499999940395355","0","1","1","N","49407.28978644917","1994-02-24 06:57:17.550","49407.37335124053","1994-02-24 08:57:37.550","0.10291625238020617","0.9211560806092512","0.37533947321813294","58362860","CRAB-NEB-A","1","1","83.62506081437073","22.045295904240636","w2_f375n","19.16160011291504","0"
"Y","0.9038888745837741","0","0","1.7212369441986084","16734345003728","0.3499999940395355","0","1","1","N","49407.28978644917","1994-02-24 06:57:17.550","49407.37335124053","1994-02-24 08:57:37.550","0.10288890097406148","0.9211615057258452","0.37533365746807235","98781247","CRAB-NEB-A","1","1","83.62677832544966","22.044936402638573","w2_f375n","18.63680076599121","0"
"Y","1.012444429927402","0","0","1.7212369441986084","16734343165841","0.3499999940395355","0","1","1","N","49407.28978644917","1994-02-24 06:57:17.550","49407.37335124053","1994-02-24 08:57:37.550","0.10285731812145156","0.9211951645960376","0.37525969785793817","37565737","CRAB-NEB-A","1","1","83.62894944577779","22.040364656144245","w2_f375n","19.67690086364746","0"
"Y","0.7806666692097981","0","0","1.7212369441986084","16734343165795","0.3499999940395355","0","1","1","N","49407.28978644917","1994-02-24 06:57:17.550","49407.37335124053","1994-02-24 08:57:37.550","0.1028454367777132","0.9211972709214266","0.3752577836416619","21884961","CRAB-NEB-A","1","1","83.62969377982428","22.040246332554286","w2_f375n","19.49690055847168","0"
"Y","1.340411895646855","0.9010258532895306","54.61377814787425","1.7212369441986084","16734343154614","0.20730768889188766","0.07133345182382644","6","25","N","49407.41756419884","1994-02-24 10:01:17.550","57607.32353999093","2016-08-07 07:45:53.857","0.10286288034172415","0.921183599098473","0.37528656331086163","104303131","V-CM-TAU","26","1","83.62852841606667","22.042025302779642","w2_f631n","19.532100677490234","0"
"Y","1.340411895646855","0.9010258532895306","54.61377814787425","1.7212369441986084","16734343154614","0.20730768889188766","0.07133345182382644","6","25","N","49407.41756419884","1994-02-24 10:01:17.550","57607.32353999093","2016-08-07 07:45:53.857","0.10286288034172415","0.921183599098473","0.37528656331086163","104303131","V-CM-TAU","26","2","83.62852841606667","22.042025302779642","w2_f547m","19.525015830993652","0.006024360656738281"
"Y","1.340411895646855","0.9010258532895306","54.61377814787425","1.7212369441986084","16734343154614","0.20730768889188766","0.07133345182382644","6","25","N","49407.41756419884","1994-02-24 10:01:17.550","57607.32353999093","2016-08-07 07:45:53.857","0.10286288034172415","0.921183599098473","0.37528656331086163","104303131","V-CM-TAU","26","1","83.62852841606667","22.042025302779642","w2_f588n","19.88249969482422","0"
"Y","1.340411895646855","0.9010258532895306","54.61377814787425","1.7212369441986084","16734343154614","0.20730768889188766","0.07133345182382644","6","25","N","49407.41756419884","1994-02-24 10:01:17.550","57607.32353999093","2016-08-07 07:45:53.857","0.10286288034172415","0.921183599098473","0.37528656331086163","104303131","V-CM-TAU","26","1","83.62852841606667","22.042025302779642","w3_f555w","19.64080047607422","0"
"Y","1.340411895646855","0.9010258532895306","54.61377814787425","1.7212369441986084","16734343154614","0.20730768889188766","0.07133345182382644","6","25","N","49407.41756419884","1994-02-24 10:01:17.550","57607.32353999093","2016-08-07 07:45:53.857","0.10286288034172415","0.921183599098473","0.37528656331086163","104303131","V-CM-TAU","26","20","83.62852841606667","22.042025302779642","a_f550m","19.43220043182373","0.028699874877929688"
"Y","1.0666554711229987","0.11323126660346199","14.178600440948205","1.7212369441986084","16734343154100","0.2384374961256981","0.08966081745710117","6","13","N","51881.524458581116","2000-12-03 12:35:13.223","57607.32353999093","2016-08-07 07:45:53.857","0.10286716918936739","0.9211818492285021","0.37528968298977017","99141998","CRAB-PULSAR-POS1","16","1","83.62825293948295","22.042218142172686","w2_f631n","19.0115909576416","0"
"Y","1.0666554711229987","0.11323126660346199","14.178600440948205","1.7212369441986084","16734343154100","0.2384374961256981","0.08966081745710117","6","13","N","51881.524458581116","2000-12-03 12:35:13.223","57607.32353999093","2016-08-07 07:45:53.857","0.10286716918936739","0.9211818492285021","0.37528968298977017","99141998","CRAB-PULSAR-POS1","16","1","83.62825293948295","22.042218142172686","w3_f555w","19.525400161743164","0"
"Y","1.0666554711229987","0.11323126660346199","14.178600440948205","1.7212369441986084","16734343154100","0.2384374961256981","0.08966081745710117","6","13","N","51881.524458581116","2000-12-03 12:35:13.223","57607.32353999093","2016-08-07 07:45:53.857","0.10286716918936739","0.9211818492285021","0.37528968298977017","99141998","CRAB-PULSAR-POS1","16","1","83.62825293948295","22.042218142172686","w2_f502n","19.759191513061523","0"
"Y","1.0666554711229987","0.11323126660346199","14.178600440948205","1.7212369441986084","16734343154100","0.2384374961256981","0.08966081745710117","6","13","N","51881.524458581116","2000-12-03 12:35:13.223","57607.32353999093","2016-08-07 07:45:53.857","0.10286716918936739","0.9211818492285021","0.37528968298977017","99141998","CRAB-PULSAR-POS1","16","3","83.62825293948295","22.042218142172686","w2_f547m","19.380390167236328","0.038150787353515625"
"Y","1.0666554711229987","0.11323126660346199","14.178600440948205","1.7212369441986084","16734343154100","0.2384374961256981","0.08966081745710117","6","13","N","51881.524458581116","2000-12-03 12:35:13.223","57607.32353999093","2016-08-07 07:45:53.857","0.10286716918936739","0.9211818492285021","0.37528968298977017","99141998","CRAB-PULSAR-POS1","16","9","83.62825293948295","22.042218142172686","a_f550m","19.371599197387695","0.03669929504394531"
"Y","1.0666554711229987","0.11323126660346199","14.178600440948205","1.7212369441986084","16734343154100","0.2384374961256981","0.08966081745710117","6","13","N","51881.524458581116","2000-12-03 12:35:13.223","57607.32353999093","2016-08-07 07:45:53.857","0.10286716918936739","0.9211818492285021","0.37528968298977017","99141998","CRAB-PULSAR-POS1","16","1","83.62825293948295","22.042218142172686","w2_f673n","18.895090103149414","0"
"Y","3.648372167764708","0.8342215900413884","0","1.7212369441986084","16734343154058","0.3499999940395355","0","2","1","N","49421.17311981693","1994-03-10 04:09:17.553","49421.388629025314","1994-03-10 09:19:37.553","0.10286687112699086","0.9211813123070082","0.375291082602636","64280286","CRAB-NEB-A","2","1","83.62826756677818","22.04230465778006","w2_f631n","19.3435001373291","0"
"Y","0.8458889193005031","0","0","1.7212369441986084","16734343153705","0.3499999940395355","0","1","1","N","49407.28978644917","1994-02-24 06:57:17.550","49407.37335124053","1994-02-24 08:57:37.550","0.10284674334576069","0.9211862756597959","0.37528441603952917","95086247","CRAB-NEB-A","1","1","83.62953810384607","22.041892571778376","w2_f375n","18.267000198364258","0"
"Y","0.932555529806349","0","0","1.7212369441986084","16734345004087","0.3499999940395355","0","1","1","N","49407.28978644917","1994-02-24 06:57:17.550","49407.37335124053","1994-02-24 08:57:37.550","0.10284090139461835","0.9211830043653868","0.3752940466777088","7346463","CRAB-NEB-A","1","1","83.62987455183271","22.042487879041175","w2_f375n","19.062000274658203","0"
"Y","0.8199999729792277","0","0","1.7212369441986084","16734343163052","0.3499999940395355","0","1","1","N","49407.28978644917","1994-02-24 06:57:17.550","49407.37335124053","1994-02-24 08:57:37.550","0.10281110014071045","0.9212022819269456","0.3752548913250062","27126286","CRAB-NEB-A","1","1","83.63183749176805","22.040067549760998","w2_f375n","19.267499923706055","0"
"Y","1.64784084666859","0","0","1.7212369441986084","16734345004586","0.3499999940395355","0","1","1","N","49407.41756419884","1994-02-24 10:01:17.550","49407.50737899076","1994-02-24 12:10:37.550","0.1028764661380471","0.9211756859158601","0.37530226271008615","57791438","CRAB-NEB-A","1","1","83.62763952475855","22.042995745990517","w2_f469n","19.596200942993164","0"
"Y","1.114090938459743","0","0","1.7212369441986084","16734345004575","0.3499999940395355","0","1","1","N","49407.41756419884","1994-02-24 10:01:17.550","49407.50737899076","1994-02-24 12:10:37.550","0.10287547907660699","0.9211774434123292","0.37529821949481085","82678071","CRAB-NEB-A","1","1","83.62771221983292","22.04274581790153","w2_f469n","19.287099838256836","0"
"Y","2.878333462609185","0","0","1.7212369441986084","16734345006430","0.3499999940395355","0","1","1","N","49407.28978644917","1994-02-24 06:57:17.550","49407.37335124053","1994-02-24 08:57:37.550","0.1028793859602884","0.921163356632907","0.3753317230722358","10173710","CRAB-NEB-A","1","1","83.62737556193892","22.044816827825684","w2_f375n","19.838300704956055","0"
"Y","0.7898850687618914","0","0","1.7212369441986084","16734345006865","0.3499999940395355","0","1","1","N","49406.412008657586","1994-02-23 09:53:17.550","49406.50182344904","1994-02-23 12:02:37.550","0.1028751032596504","0.9211677048570398","0.3753222251073974","12944709","CRAB-NEB-A","1","1","83.62766849388925","22.0442297119529","w2_f502n","19.760400772094727","0"
"Y","1.236777835422092","0","0","1.7212369441986084","16734345007016","0.3499999940395355","0","1","1","N","49407.28978644917","1994-02-24 06:57:17.550","49407.37335124053","1994-02-24 08:57:37.550","0.10286833699035242","0.9211643523627437","0.3753323076743681","47866924","CRAB-NEB-A","1","1","83.62806116630762","22.044852965035663","w2_f375n","18.057899475097656","0"
"Y","2.2047674240067945","0.08452393643376954","21.816685813805147","1.7212369441986084","16734345017439","0.3499999940395355","0","2","2","N","49420.234230865724","1994-03-09 05:37:17.550","49421.388629025314","1994-03-10 09:19:37.553","0.10282177408256082","0.9211777234665206","0.37531224941916275","107175884","CRAB-NEB-A","2","1","83.63101337913481","22.043613068272197","w2_f673n","19.351091384887695","0"
"Y","2.583726255118098","0.03485458298094562","204.2429263314151","1.7212369441986084","16734345018224","0.3499999940395355","0","2","2","N","49406.412008657586","1994-02-23 09:53:17.550","49420.31571232388","1994-03-09 07:34:37.550","0.10282393657516106","0.9211739566962679","0.3753209021258478","75336236","CRAB-NEB-A","2","1","83.63085470082142","22.04414793216603","w2_f673n","19.851390838623047","0"
"Y","2.5913151149856826","0.06784525728165666","138.0916057603362","1.7212369441986084","16734345018292","0.3499999940395355","0","3","3","N","49406.412008657586","1994-02-23 09:53:17.550","49421.388629025314","1994-03-10 09:19:37.553","0.10281708872902258","0.9211770511739399","0.3753151830880797","89267011","CRAB-NEB-A","3","1","83.63129660483575","22.043794411714543","w2_f673n","18.567590713500977","0"
"Y","2.564937690463623","0.08545635150518384","0","1.7212369441986084","16734345018283","0.3499999940395355","0","3","1","N","51881.53904194897","2000-12-03 12:56:13.227","51881.82214374747","2000-12-03 19:43:53.223","0.10281816919187191","0.9211755180377659","0.3753186500520629","107122663","CRAB-FIELD-4","3","1","83.631219716031","22.044008720573917","w2_f673n","18.849891662597656","0"
"Y","1.6543332735697427","0","0","1.7212369441986084","16734345010294","0.3499999940395355","0","1","1","N","49407.28978644917","1994-02-24 06:57:17.550","49407.37335124053","1994-02-24 08:57:37.550","0.10278234477472888","0.9211795178840272","0.37531864520311964","82680240","CRAB-NEB-A","1","1","83.63344795138053","22.044008421087074","w2_f375n","19.618499755859375","0"
"Y","0.815333326657613","0","0","1.7212369441986084","16734345017794","0.3499999940395355","0","1","1","N","49407.28978644917","1994-02-24 06:57:17.550","49407.37335124053","1994-02-24 08:57:37.550","0.10280930696700885","0.9211729647152048","0.37532734443712634","23985692","CRAB-NEB-A","1","1","83.63174664488575","22.044546162562792","w2_f375n","19.60260009765625","0"
"Y","3.984367710420455","0","0","1.7212369441986084","16734345018014","0.3499999940395355","0","1","1","N","51881.65640307404","2000-12-03 15:45:13.227","51881.75385674089","2000-12-03 18:05:33.227","0.10282355314884023","0.9211675356880222","0.3753367663011408","87180171","CRAB-FIELD-4","1","1","83.63083422473957","22.045128575326707","w2_f502n","19.896289825439453","0"
"Y","0.9197674518407778","0","0","1.7212369441986084","16734345017672","0.3499999940395355","0","1","1","N","49420.234230865724","1994-03-09 05:37:17.550","49420.31571232388","1994-03-09 07:34:37.550","0.1028060297639678","0.9211693389905972","0.3753371406465084","54231887","CRAB-NEB-A","1","1","83.63192311624863","22.04515171583528","w2_f673n","19.621789932250977","0"
"Y","0.8813636546785181","0","0","1.7212369441986084","16734345017643","0.3499999940395355","0","1","1","N","49406.28423086554","1994-02-23 06:49:17.550","49406.36779565737","1994-02-23 08:49:37.550","0.10279798590498757","0.9211734839211513","0.3753291710170968","99690795","CRAB-NEB-A","1","1","83.63244569776788","22.0446590725292","w2_f487n","19.118999481201172","0"
"Y","1.0494444767634075","0","0","1.7212369441986084","16734345009691","0.3499999940395355","0","1","1","N","49407.28978644917","1994-02-24 06:57:17.550","49407.37335124053","1994-02-24 08:57:37.550","0.10279322694178414","0.921174502916786","0.3753279734771511","22315943","CRAB-NEB-A","1","1","83.63274504388674","22.044585046628885","w2_f375n","19.906999588012695","0"
"Y","2.626818147572604","0","0","1.7212369441986084","16734345018646","0.3499999940395355","0","1","1","N","49407.41756419884","1994-02-24 10:01:17.550","49407.50737899076","1994-02-24 12:10:37.550","0.10278983526162319","0.921168515273519","0.37534359757344604","100337327","CRAB-NEB-A","1","1","83.63291236095533","22.045550852527427","w2_f469n","18.799299240112305","0"
"Y","1.4001111189524333","0","0","1.7212369441986084","16734343194083","0.3499999940395355","0","1","1","N","49407.28978644917","1994-02-24 06:57:17.550","49407.37335124053","1994-02-24 08:57:37.550","0.10278206106336621","0.9212286216891893","0.3751981803086068","47790697","CRAB-NEB-A","1","1","83.63380194687136","22.03656211690035","w2_f375n","19.886899948120117","0"
"Y","3.090888924068875","0","0","1.7212369441986084","16734343195322","0.3499999940395355","0","1","1","N","49407.28978644917","1994-02-24 06:57:17.550","49407.37335124053","1994-02-24 08:57:37.550","0.10275947516999875","0.9212293970188732","0.37520246312342054","104635483","CRAB-NEB-A","1","1","83.6351947211496","22.03682684408695","w2_f375n","19.103900909423828","0"
"Y","0.8686363697052002","0","0","1.7212369441986084","16734343194773","0.3499999940395355","0","1","1","N","49407.41756419884","1994-02-24 10:01:17.550","49407.50737899076","1994-02-24 12:10:37.550","0.10274379736769382","0.921237371456443","0.37518717666965656","82041915","CRAB-NEB-A","1","1","83.63621245403645","22.035881967789123","w2_f469n","19.93779945373535","0"
"Y","1.364111105600993","0","0","1.7212369441986084","16734343195442","0.3499999940395355","0","1","1","N","49407.28978644917","1994-02-24 06:57:17.550","49407.37335124053","1994-02-24 08:57:37.550","0.10275039511039676","0.9212297987480775","0.3752039634734055","52998864","CRAB-NEB-A","1","1","83.63575526744066","22.036919583079595","w2_f375n","18.109399795532227","0"
"Y","2.117209240447643","0","0","1.7212369441986084","16734343195610","0.3499999940395355","0","1","1","N","49721.350197560154","1995-01-04 08:24:17.070","49721.5712623517","1995-01-04 13:42:37.070","0.1027440148150054","0.9212309536504708","0.3752028750639621","23744419","NGC1952-BRTFIL","1","1","83.63615512613893","22.036852306803272","w2_f656n","19.186899185180664","0"
"Y","2.675168949673154","0.1385459500070623","246.31795613000958","1.7212369441986084","16734343146324","0.3365384558072457","0.06864064612942117","3","25","N","49407.28978644917","1994-02-24 06:57:17.550","52018.775172370486","2001-04-19 18:36:14.897","0.10271013733467975","0.9212490811932702","0.37516763998040836","108085274","NGC1952-BRTFIL","26","1","83.63836040638772","22.034674387934245","w2_f375n","19.849899291992188","0"
"Y","1.441744177840477","0","0","1.7212369441986084","16734343147544","0.3499999940395355","0","1","1","N","49457.16964748595","1994-04-15 04:04:17.547","49457.390017861035","1994-04-15 09:21:37.547","0.10272156300091781","0.9212423101184407","0.37518113831020433","105257586","NGC1952-BRTFIL","1","1","83.63761214927375","22.035508730411834","w2_f658n","19.74250030517578","0"
"Y","2.5148276625008417","0","0","1.7212369441986084","16734343146055","0.3499999940395355","0","1","1","N","49406.412008657586","1994-02-23 09:53:17.550","49406.50182344904","1994-02-23 12:02:37.550","0.10270198664115354","0.9212471550022714","0.3751746011409653","9552490","CRAB-NEB-A","1","1","83.6388479128373","22.035104662170454","w2_f502n","19.688600540161133","0"
"Y","2.2393395734387775","0.8545596988142105","89.99489107704251","1.7212369441986084","16734343145629","0.4024999886751175","0.07424620443815476","2","2","N","49420.234230865724","1994-03-09 05:37:17.550","56257.77187970374","2012-11-26 18:31:30.410","0.10271395136421314","0.9212440713330213","0.37517889763316997","6404114","CRAB-NEB-A","2","1","83.63809179750587","22.03537023205436","w2_f673n","19.872390747070312","0"
"Y","0.9233333004845513","0","0","1.7212369441986084","16734343144730","0.3499999940395355","0","1","1","N","49407.28978644917","1994-02-24 06:57:17.550","49407.37335124053","1994-02-24 08:57:37.550","0.10267533676791407","0.9212521147839675","0.37516971656690984","10037625","CRAB-NEB-A","1","1","83.64051898386157","22.034802743031403","w2_f375n","18.62220001220703","0"
"Y","1.0323333077960544","0","0","1.7212369441986084","16734343194241","0.3499999940395355","0","1","1","N","49407.28978644917","1994-02-24 06:57:17.550","49407.37335124053","1994-02-24 08:57:37.550","0.10278114053176363","0.921222310860445","0.37521392714919793","44496259","CRAB-NEB-A","1","1","83.63381524222204","22.037535455101512","w2_f375n","18.108299255371094","0"
"Y","3.1955224364551142","0","0","1.7212369441986084","16734343196598","1.036099910736084","0","1","1","N","56257.751070027705","2012-11-26 18:01:32.457","56257.77187970374","2012-11-26 18:31:30.410","0.1027614103409518","0.9212253299344287","0.37521191883027893","24762525","CRAB","1","1","83.6350479728861","22.037411317250847","w3_f160w","19.982099533081055","0"
"Y","2.636627818262854","0","0","1.7212369441986084","16734343141088","0.3499999940395355","0","1","1","N","49457.16964748595","1994-04-15 04:04:17.547","49457.390017861035","1994-04-15 09:21:37.547","0.10272973965966177","0.9212260016804235","0.37521894197782035","68086496","NGC1952-BRTFIL","1","1","83.63699813716694","22.037845431353183","w2_f658n","19.423500061035156","0"
"Y","0.9037777450349596","0","0","1.7212369441986084","16734343194121","0.3499999940395355","0","1","1","N","49407.28978644917","1994-02-24 06:57:17.550","49407.37335124053","1994-02-24 08:57:37.550","0.10278201032141669","0.9212147508229739","0.3752322497112451","94760132","CRAB-NEB-A","1","1","83.63370999424393","22.03866801132123","w2_f375n","18.659299850463867","0"
"N","2.570464999176735","0","0","1.7212369441986084","16734343140787","0.3499999940395355","0","1","1","N","49719.473114226945","1995-01-02 11:21:17.070","49719.69487343496","1995-01-02 16:40:37.070","0.10269960098684465","0.9212314717026657","0.37521376241041127","14354912","NGC1952-BRTFIL","1","1","83.63888706036414","22.03752527231727","w2_f673n","19.9552001953125","0"
"Y","1.4385555850134955","0","0","1.7212369441986084","16734343141073","0.3499999940395355","0","1","1","N","49407.28978644917","1994-02-24 06:57:17.550","49407.37335124053","1994-02-24 08:57:37.550","0.10272008317907075","0.9212236380612178","0.3752273886488152","35812792","CRAB-NEB-A","1","1","83.63757515679544","22.038367537908112","w2_f375n","19.51099967956543","0"
"Y","2.6461569549660386","0.3389633733107421","85.80437223892287","1.7212369441986084","16734343140730","0.3499999940395355","0","3","3","N","49421.29881423386","1994-03-10 07:10:17.553","49943.827743689995","1995-08-14 19:51:57.057","0.10270317247802563","0.9212269934213407","0.3752237798369554","27265895","NGC1952-BRTFIL","3","1","83.63863698880515","22.03814446942364","w2_f673n","19.784799575805664","0"
"Y","1.0652272538705305","0","0","1.7212369441986084","16734343139615","0.3499999940395355","0","1","1","N","49407.41756419884","1994-02-24 10:01:17.550","49407.50737899076","1994-02-24 12:10:37.550","0.10272219436959892","0.9212179898849622","0.3752406772986492","49976186","CRAB-NEB-A","1","1","83.63740677299133","22.039188941318777","w2_f469n","19.662799835205078","0"
"Y","2.858606087582165","0.4934939776066982","171.10481848890143","1.7212369441986084","16734343142598","0.3499999940395355","0","5","5","N","49407.28978644917","1994-02-24 06:57:17.550","51972.86820996972","2001-03-04 20:50:13.343","0.10269166226203556","0.9212232591603099","0.3752360980562286","25861534","NGC1952-BRTFIL","5","1","83.63931850793612","22.038905886823713","w2_f375n","19.316200256347656","0"
"Y","0.9261111418406168","0","0","1.7212369441986084","16734343144784","0.3499999940395355","0","1","1","N","49407.28978644917","1994-02-24 06:57:17.550","49407.37335124053","1994-02-24 08:57:37.550","0.10266516524864953","0.9212561910427466","0.3751624905466241","39264111","CRAB-NEB-A","1","1","83.64117172968074","22.034356098584215","w2_f375n","19.031400680541992","0"
"Y","0.907555553648207","0","0","1.7212369441986084","16734343144859","0.3499999940395355","0","1","1","N","49407.28978644917","1994-02-24 06:57:17.550","49407.37335124053","1994-02-24 08:57:37.550","0.10266080110976823","0.9212523936844863","0.3751730094895758","71280395","CRAB-NEB-A","1","1","83.64141382474374","22.035006280930695","w2_f375n","19.848400115966797","0"
"Y","2.3044185582981553","0","0","1.7212369441986084","16734343144460","0.3499999940395355","0","1","1","N","49721.350197560154","1995-01-04 08:24:17.070","49721.5712623517","1995-01-04 13:42:37.070","0.10263159855356528","0.921257521993883","0.3751684063839726","16172662","NGC1952-BRTFIL","1","1","83.6432428553146","22.034721759799936","w2_f656n","19.128299713134766","0"
"Y","2.0020929879920426","0.015293229021994696","63.710400159352766","1.7212369441986084","16734347592715","0.3499999940395355","0","1","2","N","49420.234230865724","1994-03-09 05:37:17.550","49719.69487343496","1995-01-02 16:40:37.070","0.10262134852365146","0.9212564207707724","0.37517391436024694","16715808","NGC1952-BRTFIL","2","2","83.6438649860437","22.03506221171639","w2_f673n","19.916645050048828","0.015254974365234375"
"Y","2.4588371432104776","0","0","1.7212369441986084","16734343148699","0.3499999940395355","0","1","1","N","49721.350197560154","1995-01-04 08:24:17.070","49721.5712623517","1995-01-04 13:42:37.070","0.10264318086210765","0.9212541117837714","0.3751736117381144","95708418","NGC1952-BRTFIL","1","1","83.64250800726407","22.035043506406257","w2_f656n","19.103500366210938","0"
"Y","2.1822093531142834","0","0","1.7212369441986084","16734343148692","0.3499999940395355","0","1","1","N","49721.350197560154","1995-01-04 08:24:17.070","49721.5712623517","1995-01-04 13:42:37.070","0.10263973464285982","0.9212531104158491","0.37517701345125143","15000366","NGC1952-BRTFIL","1","1","83.64271285732015","22.035253769086125","w2_f656n","19.20599937438965","0"
"Y","2.1326744279196097","0","0","1.7212369441986084","16734343137304","0.3499999940395355","0","1","1","N","51881.79043087037","2000-12-03 18:58:13.230","51881.82214374747","2000-12-03 19:43:53.223","0.10262037444338842","0.9212555054390689","0.3751764284590792","20304544","CRAB-FIELD-4","1","1","83.64391856108936","22.03521760994675","w2_f673n","19.894990921020508","0"
"Y","1.4520834129166131","0.7529262056205128","72.14216074006956","1.7212369441986084","16734343149255","0.25392156430319246","0.08794494563112223","4","50","N","49407.28978644917","1994-02-24 06:57:17.550","57607.32353999093","2016-08-07 07:45:53.857","0.10265768215542731","0.9212474939103966","0.37518589427033505","24018416","V-CM-TAU","51","1","83.64157188280888","22.035802701266334","w2_f375n","19.795499801635742","0"
"Y","1.4520834129166131","0.7529262056205128","72.14216074006956","1.7212369441986084","16734343149255","0.25392156430319246","0.08794494563112223","4","50","N","49407.28978644917","1994-02-24 06:57:17.550","57607.32353999093","2016-08-07 07:45:53.857","0.10265768215542731","0.9212474939103966","0.37518589427033505","24018416","V-CM-TAU","51","1","83.64157188280888","22.035802701266334","w2_f469n","18.75819969177246","0"
"Y","1.4520834129166131","0.7529262056205128","72.14216074006956","1.7212369441986084","16734343149255","0.25392156430319246","0.08794494563112223","4","50","N","49407.28978644917","1994-02-24 06:57:17.550","57607.32353999093","2016-08-07 07:45:53.857","0.10265768215542731","0.9212474939103966","0.37518589427033505","24018416","V-CM-TAU","51","21","83.64157188280888","22.035802701266334","w2_f547m","19.64080047607422","0.4984893798828125"
"Y","1.4520834129166131","0.7529262056205128","72.14216074006956","1.7212369441986084","16734343149255","0.25392156430319246","0.08794494563112223","4","50","N","49407.28978644917","1994-02-24 06:57:17.550","57607.32353999093","2016-08-07 07:45:53.857","0.10265768215542731","0.9212474939103966","0.37518589427033505","24018416","V-CM-TAU","51","28","83.64157188280888","22.035802701266334","a_f550m","18.184450149536133","0.09820079803466797"
"Y","2.691809808310901","0.684980545736564","88.85742673065121","1.7212369441986084","16734343149254","0.3499999940395355","0","3","5","N","49943.67103069695","1995-08-14 16:06:17.053","52016.30017225444","2001-04-17 07:12:14.887","0.10265710227168708","0.921247778114342","0.37518535508850787","101905575","CRAB-PULSAR-POS2","7","1","83.64160945107012","22.035769373854666","w2_f814w","18.440399169921875","0"
"Y","1.1843332979414198","0","0","1.7212369441986084","16734343148661","0.3499999940395355","0","1","1","N","49407.28978644917","1994-02-24 06:57:17.550","49407.37335124053","1994-02-24 08:57:37.550","0.10263004096839604","0.9212495362345332","0.3751884415626023","45615688","CRAB-NEB-A","1","1","83.64328388770417","22.035960152276882","w2_f375n","18.96150016784668","0"
"Y","2.873546439547871","0.030175379247118255","0","1.7212369441986084","16734347592906","0.3499999940395355","0","2","1","N","49421.17311981693","1994-03-10 04:09:17.553","49421.388629025314","1994-03-10 09:19:37.553","0.10260732640537933","0.9212567997469102","0.37517681896527777","43727682","CRAB-NEB-A","2","1","83.64472897081704","22.035241747737214","w2_f631n","19.480899810791016","0"
"Y","3.8997777303059893","0","0","1.7212369441986084","16734347593622","0.3499999940395355","0","1","1","N","49407.28978644917","1994-02-24 06:57:17.550","49407.37335124053","1994-02-24 08:57:37.550","0.10259302200133709","0.9212577691214567","0.3751783504867095","62061300","CRAB-NEB-A","1","1","83.64561433790537","22.03533641239199","w2_f375n","18.66029930114746","0"
"Y","0.852666695912679","0","0","1.7212369441986084","16734347593174","0.3499999940395355","0","1","1","N","49407.28978644917","1994-02-24 06:57:17.550","49407.37335124053","1994-02-24 08:57:37.550","0.1025848171576554","0.9212621445745939","0.37516984989003427","34339091","CRAB-NEB-A","1","1","83.6461483018424","22.03481098381478","w2_f375n","19.401199340820312","0"
"Y","0.8597777949439155","0","0","1.7212369441986084","16734347594756","0.3499999940395355","0","1","1","N","49407.28978644917","1994-02-24 06:57:17.550","49407.37335124053","1994-02-24 08:57:37.550","0.10257053908163184","0.9212635029987126","0.3751704180224404","104315908","CRAB-NEB-A","1","1","83.64703471074799","22.03484610046406","w2_f375n","19.879899978637695","0"
"Y","0.8151111337873671","0","0","1.7212369441986084","16734347593577","0.3499999940395355","0","1","1","N","49407.28978644917","1994-02-24 06:57:17.550","49407.37335124053","1994-02-24 08:57:37.550","0.10259313970750845","0.921253740085683","0.375188211524685","4458815","CRAB-NEB-A","1","1","83.64557954392932","22.03594593336015","w2_f375n","19.27199935913086","0"
"Y","2.567712311904868","0.14669610937452077","195.15755712356807","1.7212369441986084","16734347595338","0.3499999940395355","0","3","2","N","49943.752280731685","1995-08-14 18:03:17.057","51881.82214374747","2000-12-03 19:43:53.223","0.10257399678653414","0.9212528008519807","0.37519575173133846","60981594","CRAB-PULSAR","3","1","83.64674909911614","22.036412003023795","w2_f673n","19.41019058227539","0"
"Y","1.390454579483379","0","0","1.7212369441986084","16734343137572","0.3499999940395355","0","1","1","N","49406.28423086554","1994-02-23 06:49:17.550","49406.36779565737","1994-02-23 08:49:37.550","0.10258483671293095","0.9212465349840164","0.3752081729629654","47849622","CRAB-NEB-A","1","1","83.64604032144068","22.037179778591774","w2_f487n","19.28030014038086","0"
"Y","0.8570454337380149","0","0","1.7212369441986084","16734347595478","0.3499999940395355","0","1","1","N","49406.28423086554","1994-02-23 06:49:17.550","49406.36779565737","1994-02-23 08:49:37.550","0.10256781083203423","0.9212480880937216","0.3752090142394599","70677389","CRAB-NEB-A","1","1","83.6470968802838","22.03723177933694","w2_f487n","19.328699111938477","0"
"Y","1.646888918346829","0","0","1.7212369441986084","16734347595422","0.3499999940395355","0","1","1","N","49407.28978644917","1994-02-24 06:57:17.550","49407.37335124053","1994-02-24 08:57:37.550","0.10256378531441346","0.9212479506686068","0.375210452060251","21137405","CRAB-NEB-A","1","1","83.64734323673824","22.03732065352507","w2_f375n","19.86280059814453","0"
"Y","1.1835555235544841","0","0","1.7212369441986084","16734343151035","0.3499999940395355","0","1","1","N","49407.28978644917","1994-02-24 06:57:17.550","49407.37335124053","1994-02-24 08:57:37.550","0.10266135521409639","0.9212323383004949","0.37522210091979485","107726517","CRAB-NEB-A","1","1","83.64124249145088","22.038040691979255","w2_f375n","18.697599411010742","0"
"Y","0.8206817914139141","0","0","1.7212369441986084","16734343150208","0.3499999940395355","0","1","1","N","49406.28423086554","1994-02-23 06:49:17.550","49406.36779565737","1994-02-23 08:49:37.550","0.10265392276148065","0.9212328191646214","0.3752229537717483","1179816","CRAB-NEB-A","1","1","83.64170237258503","22.038093408569992","w2_f487n","19.51289939880371","0"
"Y","3.9835556348164873","0","0","1.7212369441986084","16734343141517","0.3499999940395355","0","1","1","N","49407.28978644917","1994-02-24 06:57:17.550","49407.37335124053","1994-02-24 08:57:37.550","0.10265464956538171","0.9212212774582487","0.3752510904510528","26898237","CRAB-NEB-A","1","1","83.64157871432008","22.03983260664219","w2_f375n","19.560800552368164","0"
"Y","2.2311992640696268","0.5714669454090936","151.75846312563164","1.7212369441986084","16734343137206","0.3499999940395355","0","2","2","N","49406.412008657586","1994-02-23 09:53:17.550","49407.37335124053","1994-02-24 08:57:37.550","0.10262141869235042","0.9212256732884292","0.3752493881441384","107500471","CRAB-NEB-A","2","1","83.64365026486188","22.039727382226157","w2_f375n","19.80769920349121","0"
"Y","0.8919999996821085","0","0","1.7212369441986084","16734347592185","0.3499999940395355","0","1","1","N","49407.28978644917","1994-02-24 06:57:17.550","49407.37335124053","1994-02-24 08:57:37.550","0.10256063675897434","0.9212435299803536","0.3752221665379329","15635840","CRAB-NEB-A","1","1","83.64750642578073","22.038044747963482","w2_f375n","18.685400009155273","0"
"Y","0.767500021240928","0","0","1.7212369441986084","16734343138432","0.3499999940395355","0","1","1","N","49407.41756419884","1994-02-24 10:01:17.550","49407.50737899076","1994-02-24 12:10:37.550","0.10260440933394627","0.9212309112511472","0.3752411802359249","37272347","CRAB-NEB-A","1","1","83.6447310395135","22.039220029164866","w2_f469n","19.901399612426758","0"
"Y","1.658073622126912","0.8241191864851805","54.583271510719904","1.7212369441986084","16734343139309","0.3499999940395355","0","2","2","N","49407.28978644917","1994-02-24 06:57:17.550","49420.31571232388","1994-03-09 07:34:37.550","0.1025922506387506","0.9212339612187712","0.3752370168423324","36896380","CRAB-NEB-A","2","1","83.64549884861766","22.038962679240708","w2_f375n","19.710800170898438","0"
"Y","1.700777742597792","0","0","1.7212369441986084","16734343138931","0.3499999940395355","0","1","1","N","49407.28978644917","1994-02-24 06:57:17.550","49407.37335124053","1994-02-24 08:57:37.550","0.10259411845019561","0.9212301516249791","0.3752458588722869","104869762","CRAB-NEB-A","1","1","83.64535804042386","22.03950922812947","w2_f375n","19.71489906311035","0"
"Y","1.9561047791832626","1.0135285724972436","0","1.7212369441986084","16734343135574","0.3499999940395355","0","2","1","N","49407.28978644917","1994-02-24 06:57:17.550","49407.50737899076","1994-02-24 12:10:37.550","0.10257051859139965","0.9212311315835179","0.37524990462600893","81226412","CRAB-NEB-A","2","1","83.64681455611611","22.03975930740878","w2_f469n","19.605600357055664","0"
"Y","1.9561047791832626","1.0135285724972436","0","1.7212369441986084","16734343135574","0.3499999940395355","0","2","1","N","49407.28978644917","1994-02-24 06:57:17.550","49407.50737899076","1994-02-24 12:10:37.550","0.10257051859139965","0.9212311315835179","0.37524990462600893","81226412","CRAB-NEB-A","2","1","83.64681455611611","22.03975930740878","w2_f375n","19.66360092163086","0"
"Y","2.6797094315197025","0.0012145691190937182","0","1.7212369441986084","16734343160674","0.3499999940395355","0","2","1","N","49406.28423086554","1994-02-23 06:49:17.550","49406.50182344904","1994-02-23 12:02:37.550","0.10276774353410247","0.9212042438915198","0.375261951077709","81960545","CRAB-NEB-A","2","1","83.63451441559918","22.040503934721954","w2_f502n","19.396699905395508","0"
"Y","1.1371562082920454","0.2904603631656712","27.670036441554146","1.7212369441986084","16734343160438","0.2080555520951748","0.07096556156328504","7","34","N","49406.28423086554","1994-02-23 06:49:17.550","57607.32353999093","2016-08-07 07:45:53.857","0.10276544079931126","0.9212075118424817","0.3752545593380187","65365445","V-CM-TAU","36","1","83.63467827290316","22.040047028675584","w2_f502n","18.4507999420166","0"
"Y","1.1371562082920454","0.2904603631656712","27.670036441554146","1.7212369441986084","16734343160438","0.2080555520951748","0.07096556156328504","7","34","N","49406.28423086554","1994-02-23 06:49:17.550","57607.32353999093","2016-08-07 07:45:53.857","0.10276544079931126","0.9212075118424817","0.3752545593380187","65365445","V-CM-TAU","36","1","83.63467827290316","22.040047028675584","w2_f375n","19.49209976196289","0"
"Y","1.1371562082920454","0.2904603631656712","27.670036441554146","1.7212369441986084","16734343160438","0.2080555520951748","0.07096556156328504","7","34","N","49406.28423086554","1994-02-23 06:49:17.550","57607.32353999093","2016-08-07 07:45:53.857","0.10276544079931126","0.9212075118424817","0.3752545593380187","65365445","V-CM-TAU","36","1","83.63467827290316","22.040047028675584","w3_f555w","18.37420082092285","0"
"Y","1.1371562082920454","0.2904603631656712","27.670036441554146","1.7212369441986084","16734343160438","0.2080555520951748","0.07096556156328504","7","34","N","49406.28423086554","1994-02-23 06:49:17.550","57607.32353999093","2016-08-07 07:45:53.857","0.10276544079931126","0.9212075118424817","0.3752545593380187","65365445","V-CM-TAU","36","1","83.63467827290316","22.040047028675584","w2_f469n","18.843399047851562","0"
"Y","1.1371562082920454","0.2904603631656712","27.670036441554146","1.7212369441986084","16734343160438","0.2080555520951748","0.07096556156328504","7","34","N","49406.28423086554","1994-02-23 06:49:17.550","57607.32353999093","2016-08-07 07:45:53.857","0.10276544079931126","0.9212075118424817","0.3752545593380187","65365445","V-CM-TAU","36","1","83.63467827290316","22.040047028675584","w2_f487n","18.813499450683594","0"
"Y","1.1371562082920454","0.2904603631656712","27.670036441554146","1.7212369441986084","16734343160438","0.2080555520951748","0.07096556156328504","7","34","N","49406.28423086554","1994-02-23 06:49:17.550","57607.32353999093","2016-08-07 07:45:53.857","0.10276544079931126","0.9212075118424817","0.3752545593380187","65365445","V-CM-TAU","36","3","83.63467827290316","22.040047028675584","w2_f547m","18.662200927734375","0.07419967651367188"
"Y","1.1371562082920454","0.2904603631656712","27.670036441554146","1.7212369441986084","16734343160438","0.2080555520951748","0.07096556156328504","7","34","N","49406.28423086554","1994-02-23 06:49:17.550","57607.32353999093","2016-08-07 07:45:53.857","0.10276544079931126","0.9212075118424817","0.3752545593380187","65365445","V-CM-TAU","36","28","83.63467827290316","22.040047028675584","a_f550m","18.221850395202637","0.04250049591064453"
"Y","3.51652485984777","0.6121188815195443","96.37049959882026","1.7212369441986084","16734343160447","0.3499999940395355","0","4","6","N","49421.17311981693","1994-03-10 04:09:17.553","52018.775172370486","2001-04-19 18:36:14.897","0.10276534024069399","0.9212068742472277","0.3752561520948428","86383031","CRAB-PULSAR-POS1","8","1","83.6346800809424","22.040145481740456","w2_f631n","19.807899475097656","0"
"Y","3.5608887672424316","0","0","1.7212369441986084","16734343160646","0.3499999940395355","0","1","1","N","49407.28978644917","1994-02-24 06:57:17.550","49407.37335124053","1994-02-24 08:57:37.550","0.10275776357007003","0.9212053987528831","0.37526184903062143","34135458","CRAB-NEB-A","1","1","83.63513542000507","22.04049762684864","w2_f375n","19.286300659179688","0"
"Y","1.799973206304582","0.9126118952068085","0","1.7212369441986084","16734343160696","0.3499999940395355","0","2","1","N","49406.28423086554","1994-02-23 06:49:17.550","49406.50182344904","1994-02-23 12:02:37.550","0.10275921803067828","0.9212042829181847","0.37526418993081645","9272586","CRAB-NEB-A","2","1","83.63503842292818","22.040642325372726","w2_f487n","19.109600067138672","0"
"Y","2.810666561126709","0","0","1.7212369441986084","16734343192676","0.3499999940395355","0","1","1","N","49407.28978644917","1994-02-24 06:57:17.550","49407.37335124053","1994-02-24 08:57:37.550","0.10274985313185396","0.9212051617106635","0.375264596947733","66366792","CRAB-NEB-A","1","1","83.63561975142846","22.040667484379938","w2_f375n","19.88789939880371","0"
"Y","1.161888837814331","0","0","1.7212369441986084","16734343192762","0.3499999940395355","0","1","1","N","49407.28978644917","1994-02-24 06:57:17.550","49407.37335124053","1994-02-24 08:57:37.550","0.1027351059854436","0.9212086707013488","0.37526002055402546","4929587","CRAB-NEB-A","1","1","83.6365497441875","22.040384602982446","w2_f375n","19.04050064086914","0"
"Y","2.807701045069201","0","0","1.7212369441986084","16734343192711","0.3499999940395355","0","1","1","N","49406.412008657586","1994-02-23 09:53:17.550","49406.50182344904","1994-02-23 12:02:37.550","0.10273344009471995","0.9212086720097081","0.3752604734074097","98846930","CRAB-NEB-A","1","1","83.63665209261282","22.040412595281442","w2_f502n","19.760400772094727","0"
"Y","0.8605682037093423","0","0","1.7212369441986084","16734343192808","0.3499999940395355","0","1","1","N","49407.41756419884","1994-02-24 10:01:17.550","49407.50737899076","1994-02-24 12:10:37.550","0.10274038093531439","0.92120481323511","0.3752680458034628","95461692","CRAB-NEB-A","1","1","83.63619926312798","22.040880669453987","w2_f469n","19.09040069580078","0"
"Y","0.8924444516499836","0","0","1.7212369441986084","16734343139334","0.3499999940395355","0","1","1","N","49407.28978644917","1994-02-24 06:57:17.550","49407.37335124053","1994-02-24 08:57:37.550","0.10273177104855082","0.9212021024722504","0.37527705714774695","2413196","CRAB-NEB-A","1","1","83.63670961881417","22.04143769168997","w2_f375n","19.739500045776367","0"
"Y","0.9260000122918023","0","0","1.7212369441986084","16734343160035","0.3499999940395355","0","1","1","N","49407.28978644917","1994-02-24 06:57:17.550","49407.37335124053","1994-02-24 08:57:37.550","0.10274680786220532","0.9211994200693302","0.375279525076332","84820845","CRAB-NEB-A","1","1","83.63576748814253","22.04159024324205","w2_f375n","19.2593994140625","0"
"Y","0.915222234196133","0","0","1.7212369441986084","16734343139981","0.3499999940395355","0","1","1","N","49407.28978644917","1994-02-24 06:57:17.550","49407.37335124053","1994-02-24 08:57:37.550","0.10270519672076094","0.9212131836658287","0.3752571289268115","57100313","CRAB-NEB-A","1","1","83.63841805428417","22.040205862630746","w2_f375n","19.35099983215332","0"
"Y","0.9093181653456255","0","0","1.7212369441986084","16734343139907","0.3499999940395355","0","1","1","N","49406.28423086554","1994-02-23 06:49:17.550","49406.36779565737","1994-02-23 08:49:37.550","0.10270677609966312","0.9212051618425541","0.37527638873176394","73449132","CRAB-NEB-A","1","1","83.63826608614579","22.04139637454112","w2_f487n","19.92169952392578","0"
"Y","2.4803449367654733","0","0","1.7212369441986084","16734344978820","0.3499999940395355","0","1","1","N","49406.412008657586","1994-02-23 09:53:17.550","49406.50182344904","1994-02-23 12:02:37.550","0.10270135103787274","0.9212054053593047","0.37527727566896607","16185053","CRAB-NEB-A","1","1","83.63860103151862","22.04145119928767","w2_f502n","19.491500854492188","0"
"Y","1.0639608172228745","0.14570279985311968","15.09719651506977","1.7212369441986084","16734343141835","0.24571428159061742","0.0876427391473531","4","49","N","49407.41756419884","1994-02-24 10:01:17.550","57607.32353999093","2016-08-07 07:45:53.857","0.10267294427181999","0.9212143158111482","0.375263175465512","43918786","V-CM-TAU","49","1","83.6404071593609","22.040579618022416","w3_f555w","19.428800582885742","0"
"Y","1.0639608172228745","0.14570279985311968","15.09719651506977","1.7212369441986084","16734343141835","0.24571428159061742","0.0876427391473531","4","49","N","49407.41756419884","1994-02-24 10:01:17.550","57607.32353999093","2016-08-07 07:45:53.857","0.10267294427181999","0.9212143158111482","0.375263175465512","43918786","V-CM-TAU","49","1","83.6404071593609","22.040579618022416","w2_f469n","19.635000228881836","0"
"Y","1.0639608172228745","0.14570279985311968","15.09719651506977","1.7212369441986084","16734343141835","0.24571428159061742","0.0876427391473531","4","49","N","49407.41756419884","1994-02-24 10:01:17.550","57607.32353999093","2016-08-07 07:45:53.857","0.10267294427181999","0.9212143158111482","0.375263175465512","43918786","V-CM-TAU","49","28","83.6404071593609","22.040579618022416","a_f550m","19.305350303649902","0.04759979248046875"
"Y","1.0639608172228745","0.14570279985311968","15.09719651506977","1.7212369441986084","16734343141835","0.24571428159061742","0.0876427391473531","4","49","N","49407.41756419884","1994-02-24 10:01:17.550","57607.32353999093","2016-08-07 07:45:53.857","0.10267294427181999","0.9212143158111482","0.375263175465512","43918786","V-CM-TAU","49","19","83.6404071593609","22.040579618022416","w2_f547m","19.63939094543457","0.18529891967773438"
"Y","2.4891498996256356","2.785437118734737","125.43548227228787","1.7212369441986084","16734344978731","0.23386363240031452","0.1000925797544253","10","51","N","49406.28423086554","1994-02-23 06:49:17.550","57607.32353999093","2016-08-07 07:45:53.857","0.10268917266958695","0.921205727034751","0.37527981866323346","93662155","V-CM-TAU","54","1","83.6393513888577","22.041608390943782","w2_f469n","15.65719985961914","0"
"Y","2.4891498996256356","2.785437118734737","125.43548227228787","1.7212369441986084","16734344978731","0.23386363240031452","0.1000925797544253","10","51","N","49406.28423086554","1994-02-23 06:49:17.550","57607.32353999093","2016-08-07 07:45:53.857","0.10268917266958695","0.921205727034751","0.37527981866323346","93662155","V-CM-TAU","54","1","83.6393513888577","22.041608390943782","w2_f588n","16.520299911499023","0"
"Y","2.4891498996256356","2.785437118734737","125.43548227228787","1.7212369441986084","16734344978731","0.23386363240031452","0.1000925797544253","10","51","N","49406.28423086554","1994-02-23 06:49:17.550","57607.32353999093","2016-08-07 07:45:53.857","0.10268917266958695","0.921205727034751","0.37527981866323346","93662155","V-CM-TAU","54","50","83.6393513888577","22.041608390943782","a_f550m","18.799399375915527","0.12030029296875"
"Y","2.4891498996256356","2.785437118734737","125.43548227228787","1.7212369441986084","16734344978731","0.23386363240031452","0.1000925797544253","10","51","N","49406.28423086554","1994-02-23 06:49:17.550","57607.32353999093","2016-08-07 07:45:53.857","0.10268917266958695","0.921205727034751","0.37527981866323346","93662155","V-CM-TAU","54","1","83.6393513888577","22.041608390943782","w3_f555w","18.545299530029297","0"
"Y","2.4891498996256356","2.785437118734737","125.43548227228787","1.7212369441986084","16734344978731","0.23386363240031452","0.1000925797544253","10","51","N","49406.28423086554","1994-02-23 06:49:17.550","57607.32353999093","2016-08-07 07:45:53.857","0.10268917266958695","0.921205727034751","0.37527981866323346","93662155","V-CM-TAU","54","19","83.6393513888577","22.041608390943782","w2_f547m","17.712299346923828","0.22550010681152344"
"Y","2.4891498996256356","2.785437118734737","125.43548227228787","1.7212369441986084","16734344978731","0.23386363240031452","0.1000925797544253","10","51","N","49406.28423086554","1994-02-23 06:49:17.550","57607.32353999093","2016-08-07 07:45:53.857","0.10268917266958695","0.921205727034751","0.37527981866323346","93662155","V-CM-TAU","54","1","83.6393513888577","22.041608390943782","w2_f375n","17.084699630737305","0"
"Y","2.4891498996256356","2.785437118734737","125.43548227228787","1.7212369441986084","16734344978731","0.23386363240031452","0.1000925797544253","10","51","N","49406.28423086554","1994-02-23 06:49:17.550","57607.32353999093","2016-08-07 07:45:53.857","0.10268917266958695","0.921205727034751","0.37527981866323346","93662155","V-CM-TAU","54","1","83.6393513888577","22.041608390943782","w2_f631n","16.304800033569336","0"
"Y","2.4891498996256356","2.785437118734737","125.43548227228787","1.7212369441986084","16734344978731","0.23386363240031452","0.1000925797544253","10","51","N","49406.28423086554","1994-02-23 06:49:17.550","57607.32353999093","2016-08-07 07:45:53.857","0.10268917266958695","0.921205727034751","0.37527981866323346","93662155","V-CM-TAU","54","1","83.6393513888577","22.041608390943782","w2_f300w","18.350799560546875","0"
"Y","2.4891498996256356","2.785437118734737","125.43548227228787","1.7212369441986084","16734344978731","0.23386363240031452","0.1000925797544253","10","51","N","49406.28423086554","1994-02-23 06:49:17.550","57607.32353999093","2016-08-07 07:45:53.857","0.10268917266958695","0.921205727034751","0.37527981866323346","93662155","V-CM-TAU","54","1","83.6393513888577","22.041608390943782","w2_f502n","16.2273006439209","0"
"Y","2.4891498996256356","2.785437118734737","125.43548227228787","1.7212369441986084","16734344978731","0.23386363240031452","0.1000925797544253","10","51","N","49406.28423086554","1994-02-23 06:49:17.550","57607.32353999093","2016-08-07 07:45:53.857","0.10268917266958695","0.921205727034751","0.37527981866323346","93662155","V-CM-TAU","54","1","83.6393513888577","22.041608390943782","w2_f487n","16.08340072631836","0"
"Y","1.0013333294126723","0","0","1.7212369441986084","16734345023582","0.3499999940395355","0","1","1","N","49407.28978644917","1994-02-24 06:57:17.550","49407.37335124053","1994-02-24 08:57:37.550","0.10272040762729885","0.9211937154388589","0.37530075472429764","104449849","CRAB-NEB-A","1","1","83.63735025256189","22.042902531004184","w2_f375n","19.868900299072266","0"
"Y","0.8524999699809335","0","0","1.7212369441986084","16734345023650","0.3499999940395355","0","1","1","N","49407.41756419884","1994-02-24 10:01:17.550","49407.50737899076","1994-02-24 12:10:37.550","0.10272314497072288","0.9211927808799256","0.3753022994145146","86557633","CRAB-NEB-A","1","1","83.63717568595625","22.04299801483707","w2_f469n","19.95330047607422","0"
"Y","1.3319999641842313","0","0","1.7212369441986084","16734344979453","0.3499999940395355","0","1","1","N","49407.28978644917","1994-02-24 06:57:17.550","49407.37335124053","1994-02-24 08:57:37.550","0.10269890885542696","0.9211995736230167","0.3752922590202933","27603137","CRAB-NEB-A","1","1","83.63871112175467","22.042377376772997","w2_f375n","19.4424991607666","0"
"Y","1.9440000587039523","0","0","1.7212369441986084","16734344979258","0.3499999940395355","0","1","1","N","49407.28978644917","1994-02-24 06:57:17.550","49407.37335124053","1994-02-24 08:57:37.550","0.10268937192273109","0.9211983084189219","0.3752979742341026","19289081","CRAB-NEB-A","1","1","83.63928834412123","22.042730657310244","w2_f375n","18.760400772094727","0"
"Y","2.4363508384771384","0.3124807359420109","51.03193815877621","1.7212369441986084","16734345011198","0.3499999940395355","0","3","2","N","49421.29881423386","1994-03-10 07:10:17.553","51881.82214374747","2000-12-03 19:43:53.223","0.10276694797794264","0.9211817279348684","0.37531743702477727","103141049","CRAB-NEB-A","4","1","83.63440897840856","22.043933737831885","w2_f673n","19.548789978027344","0"
"Y","1.0626744392306307","0","0","1.7212369441986084","16734345008021","0.3499999940395355","0","1","1","N","49421.29881423386","1994-03-10 07:10:17.553","49421.388629025314","1994-03-10 09:19:37.553","0.10274392786680653","0.9211902099632787","0.3753029207916894","106677058","CRAB-NEB-A","1","1","83.63588130798988","22.043036424844008","w2_f631n","19.428300857543945","0"
"Y","2.74977789984809","0","0","1.7212369441986084","16734344979173","0.3499999940395355","0","1","1","N","49407.28978644917","1994-02-24 06:57:17.550","49407.37335124053","1994-02-24 08:57:37.550","0.10269397982142203","0.9211931261500025","0.37530943346320067","95177401","CRAB-NEB-A","1","1","83.63896977329316","22.043439001379976","w2_f375n","18.8976993560791","0"
"Y","0.9535294477492271","0.09925179435728812","26.66503489856928","1.7212369441986084","16734344981793","0.2916666616996129","0.09036960987252109","5","5","N","49407.41756419884","1994-02-24 10:01:17.550","57246.03693607403","2015-08-12 00:53:11.280","0.1026742898057927","0.9211901335942903","0.37532216559107323","9817411","CRAB-POSITION1","6","1","83.64015891914434","22.044226032955663","w2_f547m","18.195240020751953","0"
"Y","0.9535294477492271","0.09925179435728812","26.66503489856928","1.7212369441986084","16734344981793","0.2916666616996129","0.09036960987252109","5","5","N","49407.41756419884","1994-02-24 10:01:17.550","57246.03693607403","2015-08-12 00:53:11.280","0.1026742898057927","0.9211901335942903","0.37532216559107323","9817411","CRAB-POSITION1","6","2","83.64015891914434","22.044226032955663","a_f550m","18.02060031890869","0.010600090026855469"
"Y","0.9535294477492271","0.09925179435728812","26.66503489856928","1.7212369441986084","16734344981793","0.2916666616996129","0.09036960987252109","5","5","N","49407.41756419884","1994-02-24 10:01:17.550","57246.03693607403","2015-08-12 00:53:11.280","0.1026742898057927","0.9211901335942903","0.37532216559107323","9817411","CRAB-POSITION1","6","1","83.64015891914434","22.044226032955663","w2_f588n","17.8572998046875","0"
"Y","0.9535294477492271","0.09925179435728812","26.66503489856928","1.7212369441986084","16734344981793","0.2916666616996129","0.09036960987252109","5","5","N","49407.41756419884","1994-02-24 10:01:17.550","57246.03693607403","2015-08-12 00:53:11.280","0.1026742898057927","0.9211901335942903","0.37532216559107323","9817411","CRAB-POSITION1","6","1","83.64015891914434","22.044226032955663","w2_f631n","17.744300842285156","0"
"Y","0.9535294477492271","0.09925179435728812","26.66503489856928","1.7212369441986084","16734344981793","0.2916666616996129","0.09036960987252109","5","5","N","49407.41756419884","1994-02-24 10:01:17.550","57246.03693607403","2015-08-12 00:53:11.280","0.1026742898057927","0.9211901335942903","0.37532216559107323","9817411","CRAB-POSITION1","6","1","83.64015891914434","22.044226032955663","w2_f469n","18.668500900268555","0"
"Y","4.052484583793069","3.7078103929342214","45.61758272915802","1.7212369441986084","16734344980966","0.3499999940395355","0","2","2","N","49407.28978644917","1994-02-24 06:57:17.550","51881.53487528255","2000-12-03 12:50:13.227","0.10266809606087139","0.9211888769280558","0.37532694426292146","70304421","CRAB-NEB-A","2","1","83.64053082384649","22.044521425698733","w2_f375n","19.146799087524414","0"
"Y","1.9552221563127306","0","0","1.7212369441986084","16734345024146","0.3499999940395355","0","1","1","N","49407.28978644917","1994-02-24 06:57:17.550","49407.37335124053","1994-02-24 08:57:37.550","0.10272036782630246","0.9211826328022231","0.375327967331514","101001549","CRAB-NEB-A","1","1","83.63727677722086","22.04458466673142","w2_f375n","18.090299606323242","0"
"Y","0.80622222688463","0","0","1.7212369441986084","16734345025864","0.3499999940395355","0","1","1","N","49407.28978644917","1994-02-24 06:57:17.550","49407.37335124053","1994-02-24 08:57:37.550","0.10271654108234547","0.9211750617694531","0.3753475959245307","59890935","CRAB-NEB-A","1","1","83.63746000646191","22.045798012264484","w2_f375n","19.995100021362305","0"
"Y","1.3368181206963279","0","0","1.7212369441986084","16734345027471","0.3499999940395355","0","1","1","N","49407.41756419884","1994-02-24 10:01:17.550","49407.50737899076","1994-02-24 12:10:37.550","0.10270856648668078","0.9211752346122466","0.3753493539512147","46301498","CRAB-NEB-A","1","1","83.6379511079599","22.0459066855543","w2_f469n","19.59149932861328","0"
"Y","1.4073333475324843","0","0","1.7212369441986084","16734345027441","0.3499999940395355","0","1","1","N","49407.28978644917","1994-02-24 06:57:17.550","49407.37335124053","1994-02-24 08:57:37.550","0.10269516534996416","0.9211786230106268","0.3753447049397581","624465","CRAB-NEB-A","1","1","83.63879761271869","22.045619304788264","w2_f375n","19.000699996948242","0"
"Y","0.9170114994049072","0","0","1.7212369441986084","16734345025171","0.3499999940395355","0","1","1","N","49406.412008657586","1994-02-23 09:53:17.550","49406.50182344904","1994-02-23 12:02:37.550","0.10268346408798312","0.9211824668740886","0.3753384724870173","46009335","CRAB-NEB-A","1","1","83.63954280168628","22.04523404381718","w2_f502n","19.796600341796875","0"
"Y","0.9352038433125637","0.09531617814124747","45.36835219568438","1.7212369441986084","16734345025212","0.3499999940395355","0","7","5","N","49406.28423086554","1994-02-23 06:49:17.550","54494.3284387663","2008-01-29 07:52:57.113","0.10268140112428148","0.9211801013739356","0.3753448423751454","63706075","CRAB-POSITION1","8","1","83.63965334047624","22.045627800440826","w2_f588n","19.744600296020508","0"
"Y","0.9352038433125637","0.09531617814124747","45.36835219568438","1.7212369441986084","16734345025212","0.3499999940395355","0","7","5","N","49406.28423086554","1994-02-23 06:49:17.550","54494.3284387663","2008-01-29 07:52:57.113","0.10268140112428148","0.9211801013739356","0.3753448423751454","63706075","CRAB-POSITION1","8","1","83.63965334047624","22.045627800440826","w2_f631n","19.61520004272461","0"
"Y","0.9352038433125637","0.09531617814124747","45.36835219568438","1.7212369441986084","16734345025212","0.3499999940395355","0","7","5","N","49406.28423086554","1994-02-23 06:49:17.550","54494.3284387663","2008-01-29 07:52:57.113","0.10268140112428148","0.9211801013739356","0.3753448423751454","63706075","CRAB-POSITION1","8","1","83.63965334047624","22.045627800440826","w2_f673n","19.490591049194336","0"
"Y","2.103666729397244","0","0","1.7212369441986084","16734344979849","0.3499999940395355","0","1","1","N","49407.28978644917","1994-02-24 06:57:17.550","49407.37335124053","1994-02-24 08:57:37.550","0.10263551946801912","0.921205582508276","0.3752948506221319","25863527","CRAB-NEB-A","1","1","83.64264650496537","22.042537574075585","w2_f375n","19.83650016784668","0"
"Y","0.9611111217074924","0","0","1.7212369441986084","16734344972376","0.3499999940395355","0","1","1","N","49407.28978644917","1994-02-24 06:57:17.550","49407.37335124053","1994-02-24 08:57:37.550","0.1026062272958863","0.9212174963434985","0.3752736155862423","26248855","CRAB-NEB-A","1","1","83.64452756642666","22.04122495664668","w2_f375n","19.089500427246094","0"
"Y","0.877666672070821","0","0","1.7212369441986084","16734344972552","0.3499999940395355","0","1","1","N","49407.28978644917","1994-02-24 06:57:17.550","49407.37335124053","1994-02-24 08:57:37.550","0.10258508237147797","0.921223292019073","0.3752651690750763","9130038","CRAB-NEB-A","1","1","83.64586622711911","22.04070284940942","w2_f375n","19.446500778198242","0"
"Y","2.5146855579482184","1.904972412396545","0","1.7212369441986084","16734344973682","0.3499999940395355","0","2","1","N","49407.28978644917","1994-02-24 06:57:17.550","49407.50737899076","1994-02-24 12:10:37.550","0.10256505953926603","0.9212183205829192","0.37528284584958366","78056357","CRAB-NEB-A","2","1","83.6470622993631","22.041795512435726","w2_f375n","18.001100540161133","0"
"Y","2.006192841143635","0.9597343506098658","181.85486350465484","1.7212369441986084","16734344974113","0.3499999940395355","0","2","2","N","49406.412008657586","1994-02-23 09:53:17.550","49421.388629025314","1994-03-10 09:19:37.553","0.10256481645775128","0.9212162871234792","0.3752879038348485","50601347","CRAB-NEB-A","2","1","83.64706332430912","22.042108165723675","w2_f502n","19.958900451660156","0"
"Y","1.024222241507636","0","0","1.7212369441986084","16734344973564","0.3499999940395355","0","1","1","N","49407.28978644917","1994-02-24 06:57:17.550","49407.37335124053","1994-02-24 08:57:37.550","0.10257220348915032","0.9212088815786624","0.3753040628303097","65973468","CRAB-NEB-A","1","1","83.64655885094376","22.043107019087664","w2_f375n","19.024099349975586","0"
"Y","1.8756817687641492","0","0","1.7212369441986084","16734344974160","0.3499999940395355","0","1","1","N","49406.28423086554","1994-02-23 06:49:17.550","49406.36779565737","1994-02-23 08:49:37.550","0.10256736783348389","0.9212108934103834","0.37530044620291525","77889426","CRAB-NEB-A","1","1","83.64686968907579","22.042883460017645","w2_f487n","19.521400451660156","0"
"Y","0.8145555522706773","0","0","1.7212369441986084","16734344981697","0.3499999940395355","0","1","1","N","49407.28978644917","1994-02-24 06:57:17.550","49407.37335124053","1994-02-24 08:57:37.550","0.1026558095022178","0.921197494111083","0.3753091547287777","103703729","CRAB-NEB-A","1","1","83.64134463829767","22.04342177156519","w2_f375n","18.13800048828125","0"
"Y","2.0929545164108276","0","0","1.7212369441986084","16734344979920","0.3499999940395355","0","1","1","N","49407.41756419884","1994-02-24 10:01:17.550","49407.50737899076","1994-02-24 12:10:37.550","0.10263262954265956","0.9212012114859934","0.37530636993578886","49126236","CRAB-NEB-A","1","1","83.64279412718577","22.043249631266562","w2_f469n","19.881200790405273","0"
"Y","0.8913636207580566","0","0","1.7212369441986084","16734344984316","0.3499999940395355","0","1","1","N","49407.41756419884","1994-02-24 10:01:17.550","49407.50737899076","1994-02-24 12:10:37.550","0.10262352444797518","0.9212009173537398","0.3753095816803564","7321821","CRAB-NEB-A","1","1","83.64335147949515","22.04344816333473","w2_f469n","19.89109992980957","0"
"Y","0.9000000026490953","0","0","1.7212369441986084","16734345024692","0.3499999940395355","0","1","1","N","49407.28978644917","1994-02-24 06:57:17.550","49407.37335124053","1994-02-24 08:57:37.550","0.10265899512738771","0.9211791827016155","0.37535322575046526","29474745","CRAB-NEB-A","1","1","83.6410235649139","22.046146023033376","w2_f375n","17.98200035095215","0"
"Y","1.29166669315762","0","0","1.7212369441986084","16734344982891","0.3499999940395355","0","1","1","N","49407.28978644917","1994-02-24 06:57:17.550","49407.37335124053","1994-02-24 08:57:37.550","0.10261927431848462","0.9211910758785381","0.37533489881025783","3928618","CRAB-NEB-A","1","1","83.64354523166557","22.045013136325213","w2_f375n","19.49020004272461","0"
"Y","1.3885555002424452","0","0","1.7212369441986084","16734344983482","0.3499999940395355","0","1","1","N","49407.28978644917","1994-02-24 06:57:17.550","49407.37335124053","1994-02-24 08:57:37.550","0.1026272546855034","0.9211858203494118","0.3753456153836624","1596448","CRAB-NEB-A","1","1","83.64301898679696","22.04567558424186","w2_f375n","19.302900314331055","0"
"Y","2.6269319382580845","0","0","1.7212369441986084","16734344983924","0.3499999940395355","0","1","1","N","49407.41756419884","1994-02-24 10:01:17.550","49407.50737899076","1994-02-24 12:10:37.550","0.10260137636763994","0.9212013085593429","0.3753146768790442","33744685","CRAB-NEB-A","1","1","83.64471481411915","22.043763120562772","w2_f469n","19.457599639892578","0"
"Y","1.0918398266505254","0.20821732980458163","22.327292367981787","1.7212369441986084","16734344985602","0.2987804827166767","0.08061312168883758","8","35","N","49406.28423086554","1994-02-23 06:49:17.550","57607.32353999093","2016-08-07 07:45:53.857","0.10258380741095073","0.9212034497371959","0.37531422388639235","32023396","V-CM-TAU","41","12","83.64580880855681","22.0437351190453","a_f550m","19.996450424194336","0.0433502197265625"
"Y","1.0918398266505254","0.20821732980458163","22.327292367981787","1.7212369441986084","16734344985602","0.2987804827166767","0.08061312168883758","8","35","N","49406.28423086554","1994-02-23 06:49:17.550","57607.32353999093","2016-08-07 07:45:53.857","0.10258380741095073","0.9212034497371959","0.37531422388639235","32023396","V-CM-TAU","41","1","83.64580880855681","22.0437351190453","w2_f588n","19.815399169921875","0"
"Y","1.0918398266505254","0.20821732980458163","22.327292367981787","1.7212369441986084","16734344985602","0.2987804827166767","0.08061312168883758","8","35","N","49406.28423086554","1994-02-23 06:49:17.550","57607.32353999093","2016-08-07 07:45:53.857","0.10258380741095073","0.9212034497371959","0.37531422388639235","32023396","V-CM-TAU","41","2","83.64580880855681","22.0437351190453","w2_f673n","19.52164077758789","0.036350250244140625"
"Y","1.0918398266505254","0.20821732980458163","22.327292367981787","1.7212369441986084","16734344985602","0.2987804827166767","0.08061312168883758","8","35","N","49406.28423086554","1994-02-23 06:49:17.550","57607.32353999093","2016-08-07 07:45:53.857","0.10258380741095073","0.9212034497371959","0.37531422388639235","32023396","V-CM-TAU","41","2","83.64580880855681","22.0437351190453","w2_f631n","19.738895416259766","0.07059478759765625"
"Y","2.7783005481670004","0.06855281775003792","0","1.7212369441986084","16734344973442","0.3499999940395355","0","4","1","N","52283.302259462886","2002-01-09 07:15:15.220","52283.59577796282","2002-01-09 14:17:55.220","0.1025592500028182","0.9212082007081349","0.3753092740490857","85385096","CRAB-FIELD-8","4","1","83.6473499880945","22.043429147329192","w2_f673n","19.54619026184082","0"
"Y","1.0405747369788159","0","0","1.7212369441986084","16734344985325","0.3499999940395355","0","1","1","N","52283.43073162483","2002-01-09 10:20:15.217","52283.52749088174","2002-01-09 12:39:35.213","0.10257212418462246","0.9212001523367952","0.37532551029102457","20066958","CRAB-FIELD-8","1","1","83.64650401050014","22.044432785041433","w2_f502n","19.501689910888672","0"
"Y","0.946250016039068","0","0","1.7212369441986084","16734345183490","0.3499999940395355","0","1","1","N","49407.41756419884","1994-02-24 10:01:17.550","49407.50737899076","1994-02-24 12:10:37.550","0.10289055625733096","0.9211568267542726","0.37534468686829564","84601729","CRAB-NEB-A","1","1","83.62664452972808","22.045618187706726","w2_f469n","19.70039939880371","0"
"Y","2.500213910092392","0.4058728983586386","0","1.7212369441986084","16734345124932","0.3499999940395355","0","2","1","N","52283.43073162483","2002-01-09 10:20:15.217","52283.59577796282","2002-01-09 14:17:55.220","0.1029745426262078","0.9211131048403471","0.37542894356005385","17304931","CRAB-FIELD-8","2","1","83.62118474789338","22.050826644147005","w2_f502n","19.043790817260742","0"
"Y","2.612409009174867","1.9736635610911002","0","1.7212369441986084","16734345005487","0.3499999940395355","0","2","1","N","49407.28978644917","1994-02-24 06:57:17.550","49407.50737899076","1994-02-24 12:10:37.550","0.10286599517271244","0.9211540124941598","0.37535832521268253","6792237","CRAB-NEB-A","2","1","83.62813409711988","22.046461249836952","w2_f469n","19.004600524902344","0"
"Y","2.612409009174867","1.9736635610911002","0","1.7212369441986084","16734345005487","0.3499999940395355","0","2","1","N","49407.28978644917","1994-02-24 06:57:17.550","49407.50737899076","1994-02-24 12:10:37.550","0.10286599517271244","0.9211540124941598","0.37535832521268253","6792237","CRAB-NEB-A","2","1","83.62813409711988","22.046461249836952","w2_f375n","19.91900062561035","0"
"Y","1.3843333721160889","0","0","1.7212369441986084","16734345005749","0.3499999940395355","0","1","1","N","49407.28978644917","1994-02-24 06:57:17.550","49407.37335124053","1994-02-24 08:57:37.550","0.1028566644836137","0.9211596109931598","0.37534714285527393","33443193","CRAB-NEB-A","1","1","83.62874572250713","22.045770005586913","w2_f375n","19.36989974975586","0"
"Y","1.2106666300031874","0","0","1.7212369441986084","16734345005217","0.3499999940395355","0","1","1","N","49407.28978644917","1994-02-24 06:57:17.550","49407.37335124053","1994-02-24 08:57:37.550","0.1028494570649127","0.9211523699938649","0.3753668877774486","50933201","CRAB-NEB-A","1","1","83.62913883312426","22.046990552287177","w2_f375n","18.57990074157715","0"
"Y","0.9181395519611447","0","0","1.7212369441986084","16734345184672","0.3499999940395355","0","1","1","N","51881.79043087037","2000-12-03 18:58:13.230","51881.82214374747","2000-12-03 19:43:53.223","0.10287722860943589","0.9211424654872873","0.3753835826658421","13642443","CRAB-FIELD-4","1","1","83.62736475807773","22.048022566899366","w2_f673n","19.935590744018555","0"
"Y","0.977325578068578","0","0","1.7212369441986084","16734345018560","0.3499999940395355","0","1","1","N","49420.234230865724","1994-03-09 05:37:17.550","49420.31571232388","1994-03-09 07:34:37.550","0.10281373989789308","0.9211633221353098","0.3753497953133881","107720698","CRAB-NEB-A","1","1","83.63140819767955","22.045933968627335","w2_f673n","19.913591384887695","0"
"Y","1.0068901995971837","0.31725347788506136","52.02078035380789","1.7212369441986084","16734345018530","0.3499999940395355","0","2","2","N","49407.28978644917","1994-02-24 06:57:17.550","49421.388629025314","1994-03-10 09:19:37.553","0.10281517282526328","0.9211626313070029","0.37535109820333634","73800795","CRAB-NEB-A","2","1","83.63131543018488","22.046014507472584","w2_f375n","19.975000381469727","0"
"Y","2.3427907117577487","0.27050954954264306","76.90794310834036","1.7212369441986084","16734345019222","0.3499999940395355","0","2","2","N","49420.234230865724","1994-03-09 05:37:17.550","49421.388629025314","1994-03-10 09:19:37.553","0.10280869728453432","0.9211619134467184","0.3753546336179563","53191345","CRAB-NEB-A","2","1","83.63170832737849","22.046233051314108","w2_f673n","19.69209098815918","0"
"Y","1.0591117998018111","0.1807401400080798","43.6996873706857","1.7212369441986084","16734345019281","0.3499999940395355","0","8","6","N","49406.28423086554","1994-02-23 06:49:17.550","54494.3284387663","2008-01-29 07:52:57.113","0.10280178823304699","0.9211649832179226","0.37534899231859925","37042562","CRAB-POSITION1","13","2","83.63215382648102","22.045884331035342","w2_f502n","18.20364475250244","0.01725482940673828"
"Y","1.0591117998018111","0.1807401400080798","43.6996873706857","1.7212369441986084","16734345019281","0.3499999940395355","0","8","6","N","49406.28423086554","1994-02-23 06:49:17.550","54494.3284387663","2008-01-29 07:52:57.113","0.10280178823304699","0.9211649832179226","0.37534899231859925","37042562","CRAB-POSITION1","13","1","83.63215382648102","22.045884331035342","w2_f375n","19.688400268554688","0"
"Y","1.0591117998018111","0.1807401400080798","43.6996873706857","1.7212369441986084","16734345019281","0.3499999940395355","0","8","6","N","49406.28423086554","1994-02-23 06:49:17.550","54494.3284387663","2008-01-29 07:52:57.113","0.10280178823304699","0.9211649832179226","0.37534899231859925","37042562","CRAB-POSITION1","13","1","83.63215382648102","22.045884331035342","w2_f588n","17.69580078125","0"
"Y","1.0591117998018111","0.1807401400080798","43.6996873706857","1.7212369441986084","16734345019281","0.3499999940395355","0","8","6","N","49406.28423086554","1994-02-23 06:49:17.550","54494.3284387663","2008-01-29 07:52:57.113","0.10280178823304699","0.9211649832179226","0.37534899231859925","37042562","CRAB-POSITION1","13","3","83.63215382648102","22.045884331035342","w2_f547m","18.214439392089844","0.26709938049316406"
"Y","1.0591117998018111","0.1807401400080798","43.6996873706857","1.7212369441986084","16734345019281","0.3499999940395355","0","8","6","N","49406.28423086554","1994-02-23 06:49:17.550","54494.3284387663","2008-01-29 07:52:57.113","0.10280178823304699","0.9211649832179226","0.37534899231859925","37042562","CRAB-POSITION1","13","1","83.63215382648102","22.045884331035342","w2_f469n","18.403900146484375","0"
"Y","1.0591117998018111","0.1807401400080798","43.6996873706857","1.7212369441986084","16734345019281","0.3499999940395355","0","8","6","N","49406.28423086554","1994-02-23 06:49:17.550","54494.3284387663","2008-01-29 07:52:57.113","0.10280178823304699","0.9211649832179226","0.37534899231859925","37042562","CRAB-POSITION1","13","2","83.63215382648102","22.045884331035342","w2_f673n","17.465190887451172","0.015199661254882812"
"Y","1.0591117998018111","0.1807401400080798","43.6996873706857","1.7212369441986084","16734345019281","0.3499999940395355","0","8","6","N","49406.28423086554","1994-02-23 06:49:17.550","54494.3284387663","2008-01-29 07:52:57.113","0.10280178823304699","0.9211649832179226","0.37534899231859925","37042562","CRAB-POSITION1","13","1","83.63215382648102","22.045884331035342","w2_f487n","18.408700942993164","0"
"Y","1.0591117998018111","0.1807401400080798","43.6996873706857","1.7212369441986084","16734345019281","0.3499999940395355","0","8","6","N","49406.28423086554","1994-02-23 06:49:17.550","54494.3284387663","2008-01-29 07:52:57.113","0.10280178823304699","0.9211649832179226","0.37534899231859925","37042562","CRAB-POSITION1","13","2","83.63215382648102","22.045884331035342","w2_f631n","17.614195823669434","0.018395423889160156"
"Y","2.069127492832576","1.0698390458988882","21.990841254851805","1.7212369441986084","16734345015990","0.3499999940395355","0","3","2","N","49407.28978644917","1994-02-24 06:57:17.550","51881.82214374747","2000-12-03 19:43:53.223","0.10278119495788215","0.9211639614132234","0.3753571394964814","101902437","CRAB-NEB-A","3","1","83.63341195532333","22.04638795377812","w2_f375n","17.844900131225586","0"
"Y","0.9136666854222615","0","0","1.7212369441986084","16734345015647","0.3499999940395355","0","1","1","N","49407.28978644917","1994-02-24 06:57:17.550","49407.37335124053","1994-02-24 08:57:37.550","0.1027789470842862","0.9211589996016263","0.3753699315251239","44865101","CRAB-NEB-A","1","1","83.63351604111297","22.047178704691987","w2_f375n","19.417299270629883","0"
"Y","2.4859795573943932","1.3741851470118545","22.050419290028433","1.7212369441986084","16734345014326","0.3499999940395355","0","3","2","N","49407.41756419884","1994-02-24 10:01:17.550","52283.59577796282","2002-01-09 14:17:55.220","0.10278554270648685","0.9211486537617914","0.3753935133770849","84861238","CRAB-NEB-A","3","1","83.63303991816585","22.048636449753236","w2_f469n","19.952899932861328","0"
"Y","1.112873595336388","0","0","1.7212369441986084","16734345190316","0.3499999940395355","0","1","1","N","51881.65640307404","2000-12-03 15:45:13.227","51881.75385674089","2000-12-03 18:05:33.227","0.10282255227569745","0.9211354203041187","0.37541584973203096","98695924","CRAB-FIELD-4","1","1","83.63067547811771","22.050017216244196","w2_f502n","19.80449104309082","0"
"Y","2.3548484947935715","0.09429601547410628","0","1.7212369441986084","16734345195251","0.3499999940395355","0","3","1","N","52283.31684275018","2002-01-09 07:36:15.217","52283.59577796282","2002-01-09 14:17:55.220","0.10292933602829343","0.9211071957056817","0.37545583735543453","14215576","CRAB-FIELD-8","3","1","83.6239214614536","22.052489165661893","w2_f673n","19.92588996887207","0"
"Y","1.7428995931381148","0.8791249866522355","0","1.7212369441986084","16734345195360","0.3499999940395355","0","2","1","N","52283.43073162483","2002-01-09 10:20:15.217","52283.59577796282","2002-01-09 14:17:55.220","0.10291801042490634","0.9211067141303729","0.3754601234677252","93953118","CRAB-FIELD-8","2","1","83.62461395653327","22.052754126495827","w2_f502n","19.94639015197754","0"
"Y","1.2189655468381684","0","0","1.7212369441986084","16734345171862","0.3499999940395355","0","1","1","N","52283.43073162483","2002-01-09 10:20:15.217","52283.52749088174","2002-01-09 12:39:35.213","0.10292501505926913","0.9210773454412099","0.375530245107176","26826808","CRAB-FIELD-8","1","1","83.62398199904719","22.05708900830638","w2_f502n","19.069490432739258","0"
"Y","0.922413804065222","0","0","1.7212369441986084","16734345188574","0.3499999940395355","0","1","1","N","52283.43073162483","2002-01-09 10:20:15.217","52283.52749088174","2002-01-09 12:39:35.213","0.10283377086687573","0.9211064747014774","0.37548379170417284","101543604","CRAB-FIELD-8","1","1","83.62978772553835","22.054217269212053","w2_f502n","19.392690658569336","0"
"Y","1.792471230715171","0.4098781017684446","137.5751962748501","1.7212369441986084","16734345190964","0.3499999940395355","0","1","2","N","51881.65640307404","2000-12-03 15:45:13.227","52283.52749088174","2002-01-09 12:39:35.213","0.10279297774700152","0.921113821614908","0.3754769385308683","74284877","CRAB-FIELD-8","2","2","83.63234433598127","22.05379361234697","w2_f502n","19.644240379333496","0.24434947967529297"
"Y","0.8206896398259306","0","0","1.7212369441986084","16734345225976","0.3499999940395355","0","1","1","N","51881.65640307404","2000-12-03 15:45:13.227","51881.75385674089","2000-12-03 18:05:33.227","0.10287614622351908","0.9210932520002214","0.3755046200563468","61225653","CRAB-FIELD-4","1","1","83.62709357241393","22.055504865825828","w2_f502n","19.964191436767578","0"
"Y","1.2690804470544574","0","0","1.7212369441986084","16734345225269","0.3499999940395355","0","1","1","N","52283.43073162483","2002-01-09 10:20:15.217","52283.52749088174","2002-01-09 12:39:35.213","0.10284841885212163","0.9211014803004731","0.3754920315108196","39207411","CRAB-FIELD-8","1","1","83.62885353064667","22.054726647981123","w2_f502n","19.70539093017578","0"
"Y","1.0682758928715497","0","0","1.7212369441986084","16734345229481","0.3499999940395355","0","1","1","N","51881.65640307404","2000-12-03 15:45:13.227","51881.75385674089","2000-12-03 18:05:33.227","0.10283653593241936","0.9210958615131012","0.3755090688739368","2269374","CRAB-FIELD-4","1","1","83.62954504865313","22.05577989072494","w2_f502n","19.727991104125977","0"
"Y","2.502815097578386","0.09299890038716528","110.61786311344243","1.7212369441986084","16734345015927","0.3499999940395355","0","3","3","N","49406.412008657586","1994-02-23 09:53:17.550","49421.388629025314","1994-03-10 09:19:37.553","0.1027690894919373","0.9211668402313943","0.37535338909373844","49544227","CRAB-NEB-A","3","1","83.63417538074079","22.046156120241978","w2_f673n","19.785991668701172","0"
"Y","1.0550575009707748","0","0","1.7212369441986084","16734345013334","0.3499999940395355","0","1","1","N","49406.412008657586","1994-02-23 09:53:17.550","49406.50182344904","1994-02-23 12:02:37.550","0.10274636550985453","0.9211531766701122","0.37539313990484585","81995104","CRAB-NEB-A","1","1","83.63547779115171","22.04861336292553","w2_f502n","19.12579917907715","0"
"Y","1.5329545194452459","0","0","1.7212369441986084","16734345033763","0.3499999940395355","0","1","1","N","49407.41756419884","1994-02-24 10:01:17.550","49407.50737899076","1994-02-24 12:10:37.550","0.10272637927900824","0.9211572164689295","0.37538869662249646","70848977","CRAB-NEB-A","1","1","83.63673334013241","22.04833869410899","w2_f469n","19.9768009185791","0"
"Y","0.7709999879201253","0","0","1.7212369441986084","16734345026188","0.3499999940395355","0","1","1","N","49407.28978644917","1994-02-24 06:57:17.550","49407.37335124053","1994-02-24 08:57:37.550","0.10270779973114048","0.9211721635447677","0.3753571006241682","94666578","CRAB-NEB-A","1","1","83.6379771772893","22.04638555097505","w2_f375n","19.03969955444336","0"
"Y","0.9509999884499444","0","0","1.7212369441986084","16734345026286","0.3499999940395355","0","1","1","N","49407.28978644917","1994-02-24 06:57:17.550","49407.37335124053","1994-02-24 08:57:37.550","0.10270153222188726","0.9211669616249226","0.37537158136238435","3698","CRAB-NEB-A","1","1","83.63832659200857","22.04728069118669","w2_f375n","19.203899383544922","0"
"Y","1.3719317587939175","0","0","1.7212369441986084","16734345025342","0.3499999940395355","0","1","1","N","49407.41756419884","1994-02-24 10:01:17.550","49407.50737899076","1994-02-24 12:10:37.550","0.10267670977184351","0.9211772105354823","0.3753532204004991","65146099","CRAB-NEB-A","1","1","83.63992175788336","22.046145692323407","w2_f469n","19.842899322509766","0"
"Y","0.8117777771419948","0","0","1.7212369441986084","16734345024777","0.3499999940395355","0","1","1","N","49407.28978644917","1994-02-24 06:57:17.550","49407.37335124053","1994-02-24 08:57:37.550","0.1026822774802289","0.921168405110664","0.375373306618908","105113603","CRAB-NEB-A","1","1","83.63951940418191","22.047387339888726","w2_f375n","19.515600204467773","0"
"Y","1.2278409166769548","0","0","1.7212369441986084","16734345033901","0.3499999940395355","0","1","1","N","49407.41756419884","1994-02-24 10:01:17.550","49407.50737899076","1994-02-24 12:10:37.550","0.10271514028185459","0.9211576519300281","0.3753907034707002","22219228","CRAB-NEB-A","1","1","83.63742680030863","22.04846275065863","w2_f469n","18.179899215698242","0"
"Y","1.0098863731731067","0","0","1.7212369441986084","16734345034041","0.3499999940395355","0","1","1","N","49407.41756419884","1994-02-24 10:01:17.550","49407.50737899076","1994-02-24 12:10:37.550","0.10268886597953646","0.9211648381697513","0.37538025750991677","6630671","CRAB-NEB-A","1","1","83.6390902069124","22.04781701797486","w2_f469n","19.96809959411621","0"
"Y","1.1382758617401123","0","0","1.7212369441986084","16734345013926","0.3499999940395355","0","1","1","N","52283.43073162483","2002-01-09 10:20:15.217","52283.52749088174","2002-01-09 12:39:35.213","0.10276395354960177","0.9211493078046208","0.3753978190962096","85242526","CRAB-FIELD-8","1","1","83.63437074338106","22.048902615425376","w2_f502n","19.89249038696289","0"
"Y","1.4452221658494737","0","0","1.7212369441986084","16734345021065","0.3499999940395355","0","1","1","N","49407.28978644917","1994-02-24 06:57:17.550","49407.37335124053","1994-02-24 08:57:37.550","0.1027182325224561","0.9211444649326004","0.37542221489459315","103501206","CRAB-NEB-A","1","1","83.6371464843452","22.05041069429078","w2_f375n","19.49410057067871","0"
"Y","1.2188636443831704","0","0","1.7212369441986084","16734345021341","0.3499999940395355","0","1","1","N","49407.41756419884","1994-02-24 10:01:17.550","49407.50737899076","1994-02-24 12:10:37.550","0.10271459130845582","0.9211500686312062","0.37540946151879273","13911732","CRAB-NEB-A","1","1","83.63740857739782","22.049622314841834","w2_f469n","18.448200225830078","0"
"Y","0.8917778068118625","0","0","1.7212369441986084","16734345035006","0.3499999940395355","0","1","1","N","49407.28978644917","1994-02-24 06:57:17.550","49407.37335124053","1994-02-24 08:57:37.550","0.10268110022373836","0.9211521632242852","0.37541348384028933","22531119","CRAB-NEB-A","1","1","83.63948050120015","22.04987096347959","w2_f375n","19.43709945678711","0"
"Y","0.8262222343020968","0","0","1.7212369441986084","16734344982740","0.3499999940395355","0","1","1","N","49407.28978644917","1994-02-24 06:57:17.550","49407.37335124053","1994-02-24 08:57:37.550","0.1026278584154052","0.9211792061591227","0.3753616826769753","72812243","CRAB-NEB-A","1","1","83.64293662588048","22.04666879418347","w2_f375n","18.819700241088867","0"
"Y","1.092790725619294","0","0","1.7212369441986084","16734345029821","0.3499999940395355","0","1","1","N","49421.29881423386","1994-03-10 07:10:17.553","49421.388629025314","1994-03-10 09:19:37.553","0.10263212818675468","0.9211681250694332","0.37538770840426117","54873100","CRAB-NEB-A","1","1","83.64259846077059","22.04827760588836","w2_f631n","19.76219940185547","0"
"Y","1.5462222364213731","0","0","1.7212369441986084","16734344975850","0.3499999940395355","0","1","1","N","49407.28978644917","1994-02-24 06:57:17.550","49407.37335124053","1994-02-24 08:57:37.550","0.10259019377572985","0.9211791410432805","0.37537213835498834","7691781","CRAB-NEB-A","1","1","83.64525014642525","22.047315122302297","w2_f375n","19.439899444580078","0"
"Y","0.9257471424409713","0","0","1.7212369441986084","16734344977519","0.3499999940395355","0","1","1","N","52283.43073162483","2002-01-09 10:20:15.217","52283.52749088174","2002-01-09 12:39:35.213","0.10256927917001507","0.921179236087313","0.3753776205002022","11157270","CRAB-FIELD-8","1","1","83.64653571609124","22.047654007794222","w2_f502n","19.609189987182617","0"
"Y","2.7378887600368924","0","0","1.7212369441986084","16734345035422","0.3499999940395355","0","1","1","N","49407.28978644917","1994-02-24 06:57:17.550","49407.37335124053","1994-02-24 08:57:37.550","0.1026527091798466","0.9211583142799556","0.37540615516548165","4036925","CRAB-NEB-A","1","1","83.64126687322673","22.049417925669896","w2_f375n","19.7549991607666","0"
"Y","0.9670930546383525","0","0","1.7212369441986084","16734345030151","0.3499999940395355","0","1","1","N","51881.79043087037","2000-12-03 18:58:13.230","51881.82214374747","2000-12-03 19:43:53.223","0.10263640433093542","0.9211572985133105","0.37541310569360176","68685276","CRAB-FIELD-4","1","1","83.64226163882277","22.049847587262917","w2_f673n","19.497791290283203","0"
"Y","1.253111097547743","0","0","1.7212369441986084","16734345033243","0.3499999940395355","0","1","1","N","49407.28978644917","1994-02-24 06:57:17.550","49407.37335124053","1994-02-24 08:57:37.550","0.1026381507563821","0.9211521963178876","0.37542514731103904","98795826","CRAB-NEB-A","1","1","83.6421194163298","22.050591969016395","w2_f375n","19.59510040283203","0"
"Y","0.8412499996748838","0","0","1.7212369441986084","16734345030254","0.3499999940395355","0","1","1","N","49407.41756419884","1994-02-24 10:01:17.550","49407.50737899076","1994-02-24 12:10:37.550","0.10263499399357391","0.9211615227292262","0.37540312606104126","11608172","CRAB-NEB-A","1","1","83.64237720169056","22.049230675481343","w2_f469n","18.76129913330078","0"
"Y","0.8390000131395128","0","0","1.7212369441986084","16734345030728","0.3499999940395355","0","1","1","N","49407.28978644917","1994-02-24 06:57:17.550","49407.37335124053","1994-02-24 08:57:37.550","0.10261748289139308","0.9211582929791017","0.37541583808679435","101572359","CRAB-NEB-A","1","1","83.64343092528452","22.050016496596786","w2_f375n","19.44879913330078","0"
"Y","0.9121590717272325","0","0","1.7212369441986084","16734345029003","0.3499999940395355","0","1","1","N","49406.28423086554","1994-02-23 06:49:17.550","49406.36779565737","1994-02-23 08:49:37.550","0.10263425328428995","0.9211462402282087","0.3754408264553578","7668467","CRAB-NEB-A","1","1","83.64231809523599","22.051561218910184","w2_f487n","19.447500228881836","0"
"Y","1.384137964796746","0","0","1.7212369441986084","16734345029439","0.3499999940395355","0","1","1","N","51881.65640307404","2000-12-03 15:45:13.227","51881.75385674089","2000-12-03 18:05:33.227","0.10261660031185998","0.9211468151261962","0.3754442413304438","72427082","CRAB-FIELD-4","1","1","83.64340659220633","22.051772319531246","w2_f502n","19.566490173339844","0"
"Y","0.9954651427823444","0","0","1.7212369441986084","16734345030002","0.3499999940395355","0","1","1","N","51881.79043087037","2000-12-03 18:58:13.230","51881.82214374747","2000-12-03 19:43:53.223","0.10260738802766152","0.9211622123118779","0.3754089803874897","80771801","CRAB-FIELD-4","1","1","83.64407794868526","22.049592572450678","w2_f673n","19.665390014648438","0"
"Y","3.658374853231027","1.9272084882326845","0","1.7212369441986084","16734344977930","0.3499999940395355","0","3","1","N","52283.302259462886","2002-01-09 07:15:15.220","52283.59577796282","2002-01-09 14:17:55.220","0.10258218450457897","0.9211646063700937","0.3754099937315611","76776255","CRAB-FIELD-8","3","1","83.64564276590637","22.04965521477101","w2_f673n","19.553890228271484","0"
"Y","1.251735870553995","0.1830953763115792","46.228218711774076","1.7212369441986084","16734345216059","0.3499999940395355","0","4","3","N","51881.524458581116","2000-12-03 12:35:13.223","54494.3284387663","2008-01-29 07:52:57.113","0.10274427900741873","0.9211167108017078","0.37548317967874806","32011426","CRAB-POSITION1","9","3","83.6353560860454","22.05417943422806","w2_f547m","19.069040298461914","0.17944908142089844"
"Y","1.251735870553995","0.1830953763115792","46.228218711774076","1.7212369441986084","16734345216059","0.3499999940395355","0","4","3","N","51881.524458581116","2000-12-03 12:35:13.223","54494.3284387663","2008-01-29 07:52:57.113","0.10274427900741873","0.9211167108017078","0.37548317967874806","32011426","CRAB-POSITION1","9","2","83.6353560860454","22.05417943422806","w2_f502n","19.13619041442871","0.08519935607910156"
"Y","1.251735870553995","0.1830953763115792","46.228218711774076","1.7212369441986084","16734345216059","0.3499999940395355","0","4","3","N","51881.524458581116","2000-12-03 12:35:13.223","54494.3284387663","2008-01-29 07:52:57.113","0.10274427900741873","0.9211167108017078","0.37548317967874806","32011426","CRAB-POSITION1","9","2","83.6353560860454","22.05417943422806","w2_f631n","18.634940147399902","0.11114978790283203"
"Y","1.251735870553995","0.1830953763115792","46.228218711774076","1.7212369441986084","16734345216059","0.3499999940395355","0","4","3","N","51881.524458581116","2000-12-03 12:35:13.223","54494.3284387663","2008-01-29 07:52:57.113","0.10274427900741873","0.9211167108017078","0.37548317967874806","32011426","CRAB-POSITION1","9","2","83.6353560860454","22.05417943422806","w2_f673n","18.56009006500244","0.012700080871582031"
"Y","1.136001365118716","0.13581024622022175","64.9923544617952","1.7212369441986084","16734345021938","0.3499999940395355","0","4","3","N","51881.524458581116","2000-12-03 12:35:13.223","54494.3284387663","2008-01-29 07:52:57.113","0.10268176623645679","0.9211308989634346","0.37546547360023935","80299125","CRAB-POSITION1","9","2","83.63929395377257","22.05308486401581","w2_f502n","18.84559154510498","0.09829998016357422"
"Y","1.136001365118716","0.13581024622022175","64.9923544617952","1.7212369441986084","16734345021938","0.3499999940395355","0","4","3","N","51881.524458581116","2000-12-03 12:35:13.223","54494.3284387663","2008-01-29 07:52:57.113","0.10268176623645679","0.9211308989634346","0.37546547360023935","80299125","CRAB-POSITION1","9","3","83.63929395377257","22.05308486401581","w2_f547m","18.87449073791504","0.020299911499023438"
"Y","1.136001365118716","0.13581024622022175","64.9923544617952","1.7212369441986084","16734345021938","0.3499999940395355","0","4","3","N","51881.524458581116","2000-12-03 12:35:13.223","54494.3284387663","2008-01-29 07:52:57.113","0.10268176623645679","0.9211308989634346","0.37546547360023935","80299125","CRAB-POSITION1","9","2","83.63929395377257","22.05308486401581","w2_f673n","18.01119041442871","0.02140045166015625"
"Y","1.136001365118716","0.13581024622022175","64.9923544617952","1.7212369441986084","16734345021938","0.3499999940395355","0","4","3","N","51881.524458581116","2000-12-03 12:35:13.223","54494.3284387663","2008-01-29 07:52:57.113","0.10268176623645679","0.9211308989634346","0.37546547360023935","80299125","CRAB-POSITION1","9","2","83.63929395377257","22.05308486401581","w2_f631n","18.209341049194336","0.019550323486328125"
"Y","1.0083721127620964","0","0","1.7212369441986084","16734345022340","0.3499999940395355","0","1","1","N","49421.29881423386","1994-03-10 07:10:17.553","49421.388629025314","1994-03-10 09:19:37.553","0.10266947763579061","0.9211323492960912","0.3754652759490139","83344900","CRAB-NEB-A","1","1","83.64005887502012","22.053072645567507","w2_f631n","19.682600021362305","0"
"Y","1.0360919881141049","0","0","1.7212369441986084","16734345216348","0.3499999940395355","0","1","1","N","52283.43073162483","2002-01-09 10:20:15.217","52283.52749088174","2002-01-09 12:39:35.213","0.10275769585266573","0.9211053771844592","0.3755073102685452","68380470","CRAB-FIELD-8","1","1","83.63445410157232","22.055671174369365","w2_f502n","19.78318977355957","0"
"Y","3.2339064307277834","2.925337297451759","0","1.7212369441986084","16734345219624","0.3499999940395355","0","4","1","N","52283.302259462886","2002-01-09 07:15:15.220","52283.59577796282","2002-01-09 14:17:55.220","0.10275588269363216","0.9210996143022149","0.37552194224085705","67509297","CRAB-FIELD-8","4","1","83.6345260010477","22.056575722668214","w2_f502n","15.472489356994629","0"
"Y","3.2339064307277834","2.925337297451759","0","1.7212369441986084","16734345219624","0.3499999940395355","0","4","1","N","52283.302259462886","2002-01-09 07:15:15.220","52283.59577796282","2002-01-09 14:17:55.220","0.10275588269363216","0.9210996143022149","0.37552194224085705","67509297","CRAB-FIELD-8","4","1","83.6345260010477","22.056575722668214","w2_f631n","15.24729061126709","0"
"Y","3.2339064307277834","2.925337297451759","0","1.7212369441986084","16734345219624","0.3499999940395355","0","4","1","N","52283.302259462886","2002-01-09 07:15:15.220","52283.59577796282","2002-01-09 14:17:55.220","0.10275588269363216","0.9210996143022149","0.37552194224085705","67509297","CRAB-FIELD-8","4","1","83.6345260010477","22.056575722668214","w2_f547m","17.453189849853516","0"
"Y","3.2339064307277834","2.925337297451759","0","1.7212369441986084","16734345219624","0.3499999940395355","0","4","1","N","52283.302259462886","2002-01-09 07:15:15.220","52283.59577796282","2002-01-09 14:17:55.220","0.10275588269363216","0.9210996143022149","0.37552194224085705","67509297","CRAB-FIELD-8","4","1","83.6345260010477","22.056575722668214","w2_f673n","15.391890525817871","0"
"Y","0.976781598452864","0","0","1.7212369441986084","16734344991604","0.3499999940395355","0","1","1","N","52283.43073162483","2002-01-09 10:20:15.217","52283.52749088174","2002-01-09 12:39:35.213","0.1027107524637174","0.9211142480291314","0.3754983933470974","72042775","CRAB-FIELD-8","1","1","83.63739902983424","22.055119933262777","w2_f502n","19.765390396118164","0"
"Y","3.138263833870132","1.3758939033263617","0","1.7212369441986084","16734344999783","0.3499999940395355","0","3","1","N","52283.302259462886","2002-01-09 07:15:15.220","52283.59577796282","2002-01-09 14:17:55.220","0.10263242347451698","0.9211233135977899","0.37549757229381725","90177355","CRAB-FIELD-8","3","1","83.64227357145135","22.0550691761313","w2_f502n","19.729290008544922","0"
"Y","3.138263833870132","1.3758939033263617","0","1.7212369441986084","16734344999783","0.3499999940395355","0","3","1","N","52283.302259462886","2002-01-09 07:15:15.220","52283.59577796282","2002-01-09 14:17:55.220","0.10263242347451698","0.9211233135977899","0.37549757229381725","90177355","CRAB-FIELD-8","3","1","83.64227357145135","22.0550691761313","w2_f547m","19.87479019165039","0"
"Y","3.1187627124964825","0.331485548417363","0","1.7212369441986084","16734344997024","0.3499999940395355","0","4","1","N","52283.302259462886","2002-01-09 07:15:15.220","52283.59577796282","2002-01-09 14:17:55.220","0.10261471961680341","0.921133445007788","0.3754775569940708","73366596","CRAB-FIELD-8","4","1","83.6434306302838","22.05383184525215","w2_f547m","19.2344913482666","0"
"Y","3.1187627124964825","0.331485548417363","0","1.7212369441986084","16734344997024","0.3499999940395355","0","4","1","N","52283.302259462886","2002-01-09 07:15:15.220","52283.59577796282","2002-01-09 14:17:55.220","0.10261471961680341","0.921133445007788","0.3754775569940708","73366596","CRAB-FIELD-8","4","1","83.6434306302838","22.05383184525215","w2_f673n","18.519189834594727","0"
"Y","3.1187627124964825","0.331485548417363","0","1.7212369441986084","16734344997024","0.3499999940395355","0","4","1","N","52283.302259462886","2002-01-09 07:15:15.220","52283.59577796282","2002-01-09 14:17:55.220","0.10261471961680341","0.921133445007788","0.3754775569940708","73366596","CRAB-FIELD-8","4","1","83.6434306302838","22.05383184525215","w2_f502n","19.148691177368164","0"
"Y","3.1187627124964825","0.331485548417363","0","1.7212369441986084","16734344997024","0.3499999940395355","0","4","1","N","52283.302259462886","2002-01-09 07:15:15.220","52283.59577796282","2002-01-09 14:17:55.220","0.10261471961680341","0.921133445007788","0.3754775569940708","73366596","CRAB-FIELD-8","4","1","83.6434306302838","22.05383184525215","w2_f631n","18.738990783691406","0"
"Y","3.547049597985156","0.45067437934041693","0","1.7212369441986084","16734345002079","0.3499999940395355","0","4","1","N","52283.302259462886","2002-01-09 07:15:15.220","52283.59577796282","2002-01-09 14:17:55.220","0.10260719515697274","0.9211091691223017","0.3755391618206942","1480543","CRAB-FIELD-8","4","1","83.64372678090716","22.057640244235465","w2_f673n","19.983591079711914","0"
"Y","1.1364367501489048","0","0","1.7212369441986084","16734344998497","0.3499999940395355","0","1","1","N","52283.43073162483","2002-01-09 10:20:15.217","52283.52749088174","2002-01-09 12:39:35.213","0.10255437225823075","0.9211281510514374","0.37550703065514585","94592410","CRAB-FIELD-8","1","1","83.6471021210022","22.05565388873006","w2_f502n","19.515689849853516","0"
"Y","1.6217241342040314","0","0","1.7212369441986084","16734344995906","0.3499999940395355","0","1","1","N","52283.43073162483","2002-01-09 10:20:15.217","52283.52749088174","2002-01-09 12:39:35.213","0.1025627413076546","0.9211159708461056","0.37553462203616206","15099639","CRAB-FIELD-8","1","1","83.64650459965534","22.05735959209506","w2_f502n","19.768590927124023","0"
"Y","0.9744827774749405","0","0","1.0941359996795654","16734345618247","0.3499999940395355","0","1","1","N","51569.52031025011","2000-01-26 12:29:14.810","51569.617763958406","2000-01-26 14:49:34.810","0.10338051382730361","0.9210278349181708","0.37552655920288475","51981863","CRAB-FIELD-2","1","1","83.59565719655876","22.056861144391252","w2_f502n","19.90250015258789","0"
"Y","0.8699381870880576","0.08102090143260861","0","1.0941359996795654","16734345587385","0.3499999940395355","0","4","1","N","51569.389754661825","2000-01-26 09:21:14.807","51569.68674545828","2000-01-26 16:28:54.810","0.10341034720033769","0.9210025011753321","0.37558047462654587","54148698","CRAB-FIELD-2","4","1","83.59364965653403","22.060194251707554","w2_f673n","18.957500457763672","0"
"Y","0.8699381870880576","0.08102090143260861","0","1.0941359996795654","16734345587385","0.3499999940395355","0","4","1","N","51569.389754661825","2000-01-26 09:21:14.807","51569.68674545828","2000-01-26 16:28:54.810","0.10341034720033769","0.9210025011753321","0.37558047462654587","54148698","CRAB-FIELD-2","4","1","83.59364965653403","22.060194251707554","w2_f631n","19.053499221801758","0"
"Y","0.8699381870880576","0.08102090143260861","0","1.0941359996795654","16734345587385","0.3499999940395355","0","4","1","N","51569.389754661825","2000-01-26 09:21:14.807","51569.68674545828","2000-01-26 16:28:54.810","0.10341034720033769","0.9210025011753321","0.37558047462654587","54148698","CRAB-FIELD-2","4","1","83.59364965653403","22.060194251707554","w2_f547m","19.381399154663086","0"
"Y","0.8699381870880576","0.08102090143260861","0","1.0941359996795654","16734345587385","0.3499999940395355","0","4","1","N","51569.389754661825","2000-01-26 09:21:14.807","51569.68674545828","2000-01-26 16:28:54.810","0.10341034720033769","0.9210025011753321","0.37558047462654587","54148698","CRAB-FIELD-2","4","1","83.59364965653403","22.060194251707554","w2_f502n","19.433399200439453","0"
"Y","2.257356287419111","0","0","1.0941359996795654","16734345861624","0.3499999940395355","0","1","1","N","51569.52031025011","2000-01-26 12:29:14.810","51569.617763958406","2000-01-26 14:49:34.810","0.10335086550869656","0.9209970669727365","0.3756101718886667","41737167","CRAB-FIELD-2","1","1","83.59726651894741","22.062030200761644","w2_f502n","18.555099487304688","0"
"Y","0.966976756273314","0","0","1.0941359996795654","16734345579839","0.3499999940395355","0","1","1","N","51569.65503241215","2000-01-26 15:43:14.807","51569.68674545828","2000-01-26 16:28:54.810","0.1033692378417422","0.9209626052846868","0.3756896063711134","28814078","CRAB-FIELD-2","1","1","83.59590014459565","22.06694112967313","w2_f673n","19.99519920349121","0"
"Y","1.754712647405164","0","0","1.0941359996795654","16734345867748","0.3499999940395355","0","1","1","N","51569.52031025011","2000-01-26 12:29:14.810","51569.617763958406","2000-01-26 14:49:34.810","0.10327041351266732","0.920983795052137","0.37566483857862404","75236023","CRAB-FIELD-2","1","1","83.60211786096036","22.065409876260524","w2_f502n","19.876800537109375","0"
"Y","0.8517241340944137","0","0","1.0941359996795654","16734345873332","0.3499999940395355","0","1","1","N","51569.52031025011","2000-01-26 12:29:14.810","51569.617763958406","2000-01-26 14:49:34.810","0.10323126608976876","0.9210001662121436","0.37563546097076783","81761385","CRAB-FIELD-2","1","1","83.60463579142888","22.063593645377953","w2_f502n","19.992900848388672","0"
"Y","1.1098850732562187","0","0","1.0941359996795654","16734345871304","0.3499999940395355","0","1","1","N","51569.52031025011","2000-01-26 12:29:14.810","51569.617763958406","2000-01-26 14:49:34.810","0.10329052407047916","0.9209785249037473","0.37567222988049287","32930394","CRAB-FIELD-2","1","1","83.60084597709078","22.065866837178767","w2_f502n","19.573400497436523","0"
"Y","1.0457848684413646","0.014635886180030973","0","1.0941359996795654","16734345881533","0.3499999940395355","0","4","1","N","51569.389754661825","2000-01-26 09:21:14.807","51569.68674545828","2000-01-26 16:28:54.810","0.1031747724624016","0.9210234900573745","0.3755937926668598","10074873","CRAB-FIELD-2","4","1","83.6082672274904","22.061017598851606","w2_f631n","18.222999572753906","0"
"Y","1.0457848684413646","0.014635886180030973","0","1.0941359996795654","16734345881533","0.3499999940395355","0","4","1","N","51569.389754661825","2000-01-26 09:21:14.807","51569.68674545828","2000-01-26 16:28:54.810","0.1031747724624016","0.9210234900573745","0.3755937926668598","10074873","CRAB-FIELD-2","4","1","83.6082672274904","22.061017598851606","w2_f547m","18.718799591064453","0"
"Y","1.0457848684413646","0.014635886180030973","0","1.0941359996795654","16734345881533","0.3499999940395355","0","4","1","N","51569.389754661825","2000-01-26 09:21:14.807","51569.68674545828","2000-01-26 16:28:54.810","0.1031747724624016","0.9210234900573745","0.3755937926668598","10074873","CRAB-FIELD-2","4","1","83.6082672274904","22.061017598851606","w2_f502n","18.83650016784668","0"
"Y","1.0457848684413646","0.014635886180030973","0","1.0941359996795654","16734345881533","0.3499999940395355","0","4","1","N","51569.389754661825","2000-01-26 09:21:14.807","51569.68674545828","2000-01-26 16:28:54.810","0.1031747724624016","0.9210234900573745","0.3755937926668598","10074873","CRAB-FIELD-2","4","1","83.6082672274904","22.061017598851606","w2_f673n","18.031099319458008","0"
"Y","1.1841135780159977","0.06133825125336091","0","1.7212369441986084","16734345141017","0.3499999940395355","0","4","1","N","51881.524458581116","2000-12-03 12:35:13.223","51881.82214374747","2000-12-03 19:43:53.223","0.10306700657809391","0.9210446905972809","0.37557139148790913","12465384","CRAB-FIELD-4","4","1","83.61503397429694","22.05963271686019","w2_f673n","19.481090545654297","0"
"Y","1.3398850101164017","0","0","1.7212369441986084","16734345147730","0.3499999940395355","0","1","1","N","51881.65640307404","2000-12-03 15:45:13.227","51881.75385674089","2000-12-03 18:05:33.227","0.1029906358163322","0.92104589759379","0.3755893814875726","49389237","CRAB-FIELD-4","1","1","83.61973437997088","22.060744890334565","w2_f502n","19.357990264892578","0"
"Y","0.8444827863539772","0","0","1.0941359996795654","16734345858457","0.3499999940395355","0","1","1","N","51569.52031025011","2000-01-26 12:29:14.810","51569.617763958406","2000-01-26 14:49:34.810","0.10331171550440324","0.9209565847904124","0.37572018626997084","104924783","CRAB-FIELD-2","1","1","83.59939278496917","22.0688317358445","w2_f502n","18.768800735473633","0"
"Y","3.7926355997721353","0.24876458353782216","0","1.7212369441986084","16734345173099","0.3499999940395355","0","3","1","N","52283.302259462886","2002-01-09 07:15:15.220","52283.59577796282","2002-01-09 14:17:55.220","0.10294544860839532","0.9210526116509296","0.3755853048004264","34125687","CRAB-FIELD-8","3","1","83.62255676215908","22.060492861890825","w2_f673n","19.268890380859375","0"
"Y","3.7926355997721353","0.24876458353782216","0","1.7212369441986084","16734345173099","0.3499999940395355","0","3","1","N","52283.302259462886","2002-01-09 07:15:15.220","52283.59577796282","2002-01-09 14:17:55.220","0.10294544860839532","0.9210526116509296","0.3755853048004264","34125687","CRAB-FIELD-8","3","1","83.62255676215908","22.060492861890825","w2_f631n","19.584590911865234","0"
"Y","1.375287291647374","0","0","1.7212369441986084","16734345181983","0.3499999940395355","0","1","1","N","52283.43073162483","2002-01-09 10:20:15.217","52283.52749088174","2002-01-09 12:39:35.213","0.10291061546273934","0.9210432762082742","0.3756177426277799","85773260","CRAB-FIELD-8","1","1","83.62463280973162","22.06249824406008","w2_f502n","19.956390380859375","0"
"Y","1.1460996080818293","0.17576597849377684","0","1.7212369441986084","16734345228597","0.3499999940395355","0","4","1","N","52283.302259462886","2002-01-09 07:15:15.220","52283.59577796282","2002-01-09 14:17:55.220","0.1028439452100347","0.921080537023864","0.3755446275073835","54969644","CRAB-FIELD-8","4","1","83.62898471247252","22.057978136928366","w2_f673n","17.376190185546875","0"
"Y","1.1460996080818293","0.17576597849377684","0","1.7212369441986084","16734345228597","0.3499999940395355","0","4","1","N","52283.302259462886","2002-01-09 07:15:15.220","52283.59577796282","2002-01-09 14:17:55.220","0.1028439452100347","0.921080537023864","0.3755446275073835","54969644","CRAB-FIELD-8","4","1","83.62898471247252","22.057978136928366","w2_f547m","18.3245906829834","0"
"Y","1.1460996080818293","0.17576597849377684","0","1.7212369441986084","16734345228597","0.3499999940395355","0","4","1","N","52283.302259462886","2002-01-09 07:15:15.220","52283.59577796282","2002-01-09 14:17:55.220","0.1028439452100347","0.921080537023864","0.3755446275073835","54969644","CRAB-FIELD-8","4","1","83.62898471247252","22.057978136928366","w2_f631n","17.567790985107422","0"
"Y","1.1460996080818293","0.17576597849377684","0","1.7212369441986084","16734345228597","0.3499999940395355","0","4","1","N","52283.302259462886","2002-01-09 07:15:15.220","52283.59577796282","2002-01-09 14:17:55.220","0.1028439452100347","0.921080537023864","0.3755446275073835","54969644","CRAB-FIELD-8","4","1","83.62898471247252","22.057978136928366","w2_f502n","18.22899055480957","0"
"Y","2.9053195300591264","1.765381577424773","0","1.7212369441986084","16734345231459","0.3499999940395355","0","3","1","N","52283.302259462886","2002-01-09 07:15:15.220","52283.52749088174","2002-01-09 12:39:35.213","0.10279548316718148","0.9210850016982388","0.3755469455170133","48160628","CRAB-FIELD-8","3","1","83.63199280277668","22.05812143819964","w2_f631n","15.156390190124512","0"
"Y","2.9053195300591264","1.765381577424773","0","1.7212369441986084","16734345231459","0.3499999940395355","0","3","1","N","52283.302259462886","2002-01-09 07:15:15.220","52283.52749088174","2002-01-09 12:39:35.213","0.10279548316718148","0.9210850016982388","0.3755469455170133","48160628","CRAB-FIELD-8","3","1","83.63199280277668","22.05812143819964","w2_f502n","15.532090187072754","0"
"Y","2.9053195300591264","1.765381577424773","0","1.7212369441986084","16734345231459","0.3499999940395355","0","3","1","N","52283.302259462886","2002-01-09 07:15:15.220","52283.52749088174","2002-01-09 12:39:35.213","0.10279548316718148","0.9210850016982388","0.3755469455170133","48160628","CRAB-FIELD-8","3","1","83.63199280277668","22.05812143819964","w2_f547m","17.881290435791016","0"
"Y","1.0706555541426508","0.09633511756148275","0","1.7212369441986084","16734345221232","0.3499999940395355","0","4","1","N","52283.302259462886","2002-01-09 07:15:15.220","52283.59577796282","2002-01-09 14:17:55.220","0.10282847059235056","0.9210633085516192","0.3755911171416949","108041270","CRAB-FIELD-8","4","1","83.62981728681645","22.060852192297737","w2_f673n","19.858291625976562","0"
"Y","1.0706555541426508","0.09633511756148275","0","1.7212369441986084","16734345221232","0.3499999940395355","0","4","1","N","52283.302259462886","2002-01-09 07:15:15.220","52283.59577796282","2002-01-09 14:17:55.220","0.10282847059235056","0.9210633085516192","0.3755911171416949","108041270","CRAB-FIELD-8","4","1","83.62981728681645","22.060852192297737","w2_f631n","19.917591094970703","0"
"Y","1.04965519631046","0","0","1.7212369441986084","16734345221550","0.3499999940395355","0","1","1","N","52283.43073162483","2002-01-09 10:20:15.217","52283.52749088174","2002-01-09 12:39:35.213","0.10281292355096104","0.9210641065516747","0.3755934163070848","75252995","CRAB-FIELD-8","1","1","83.63077797713626","22.06099433149109","w2_f502n","19.762889862060547","0"
"Y","1.2057020188780017","0.2527390189091833","0","1.7212369441986084","16734345170082","0.3499999940395355","0","4","1","N","52283.302259462886","2002-01-09 07:15:15.220","52283.59577796282","2002-01-09 14:17:55.220","0.10291438284629531","0.9210277036792476","0.37565489329817464","94676877","CRAB-FIELD-8","4","1","83.62429443059365","22.06479502012974","w2_f673n","16.72199058532715","0"
"Y","1.2057020188780017","0.2527390189091833","0","1.7212369441986084","16734345170082","0.3499999940395355","0","4","1","N","52283.302259462886","2002-01-09 07:15:15.220","52283.59577796282","2002-01-09 14:17:55.220","0.10291438284629531","0.9210277036792476","0.37565489329817464","94676877","CRAB-FIELD-8","4","1","83.62429443059365","22.06479502012974","w2_f547m","17.755290985107422","0"
"Y","1.2057020188780017","0.2527390189091833","0","1.7212369441986084","16734345170082","0.3499999940395355","0","4","1","N","52283.302259462886","2002-01-09 07:15:15.220","52283.59577796282","2002-01-09 14:17:55.220","0.10291438284629531","0.9210277036792476","0.37565489329817464","94676877","CRAB-FIELD-8","4","1","83.62429443059365","22.06479502012974","w2_f631n","16.78649139404297","0"
"Y","1.2057020188780017","0.2527390189091833","0","1.7212369441986084","16734345170082","0.3499999940395355","0","4","1","N","52283.302259462886","2002-01-09 07:15:15.220","52283.59577796282","2002-01-09 14:17:55.220","0.10291438284629531","0.9210277036792476","0.37565489329817464","94676877","CRAB-FIELD-8","4","1","83.62429443059365","22.06479502012974","w2_f502n","17.5391902923584","0"
"Y","1.1550711710339592","0.11774409991009863","0","1.7212369441986084","16734345176868","0.3499999940395355","0","4","1","N","52283.302259462886","2002-01-09 07:15:15.220","52283.59577796282","2002-01-09 14:17:55.220","0.10283193591907602","0.9210347657059426","0.3756601566792342","68046507","CRAB-FIELD-8","4","1","83.62940858065197","22.06512042259685","w2_f547m","18.687990188598633","0"
"Y","1.1550711710339592","0.11774409991009863","0","1.7212369441986084","16734345176868","0.3499999940395355","0","4","1","N","52283.302259462886","2002-01-09 07:15:15.220","52283.59577796282","2002-01-09 14:17:55.220","0.10283193591907602","0.9210347657059426","0.3756601566792342","68046507","CRAB-FIELD-8","4","1","83.62940858065197","22.06512042259685","w2_f631n","18.021591186523438","0"
"Y","1.1550711710339592","0.11774409991009863","0","1.7212369441986084","16734345176868","0.3499999940395355","0","4","1","N","52283.302259462886","2002-01-09 07:15:15.220","52283.59577796282","2002-01-09 14:17:55.220","0.10283193591907602","0.9210347657059426","0.3756601566792342","68046507","CRAB-FIELD-8","4","1","83.62940858065197","22.06512042259685","w2_f502n","18.763891220092773","0"
"Y","1.1550711710339592","0.11774409991009863","0","1.7212369441986084","16734345176868","0.3499999940395355","0","4","1","N","52283.302259462886","2002-01-09 07:15:15.220","52283.59577796282","2002-01-09 14:17:55.220","0.10283193591907602","0.9210347657059426","0.3756601566792342","68046507","CRAB-FIELD-8","4","1","83.62940858065197","22.06512042259685","w2_f673n","17.81669044494629","0"
"Y","1.0960919418554196","0","0","1.7212369441986084","16734345176233","0.3499999940395355","0","1","1","N","52283.43073162483","2002-01-09 10:20:15.217","52283.52749088174","2002-01-09 12:39:35.213","0.10283823890107018","0.9210271801665453","0.3756770288616484","9786770","CRAB-FIELD-8","1","1","83.62896927248812","22.066163530875162","w2_f502n","19.180089950561523","0"
"Y","1.2062068643241093","0","0","1.7212369441986084","16734345204857","0.3499999940395355","0","1","1","N","52283.43073162483","2002-01-09 10:20:15.217","52283.52749088174","2002-01-09 12:39:35.213","0.10272987909033612","0.9210717925792399","0.3755972908010453","28478005","CRAB-FIELD-8","1","1","83.63593299389457","22.061233861101424","w2_f502n","19.598190307617188","0"
"Y","1.1682758386107697","0","0","1.7212369441986084","16734345205034","0.3499999940395355","0","1","1","N","52283.43073162483","2002-01-09 10:20:15.217","52283.52749088174","2002-01-09 12:39:35.213","0.1027074845629046","0.9210669894009773","0.3756151935834087","50393664","CRAB-FIELD-8","1","1","83.63727603724857","22.062340655160607","w2_f502n","19.71599006652832","0"
"Y","1.306976689848789","0","0","1.7212369441986084","16734345001066","0.3499999940395355","0","1","1","N","52283.56406495813","2002-01-09 13:32:15.217","52283.59577796282","2002-01-09 14:17:55.220","0.1026395294341961","0.9211008100340343","0.37555082845377524","51362455","CRAB-FIELD-8","1","1","83.64168292130908","22.058361484885186","w2_f673n","19.0037899017334","0"
"Y","1.7213792636476715","0","0","1.7212369441986084","16734344990115","0.3499999940395355","0","1","1","N","52283.43073162483","2002-01-09 10:20:15.217","52283.52749088174","2002-01-09 12:39:35.213","0.10256684911362554","0.9210915873813483","0.3755933028134633","97241768","CRAB-FIELD-8","1","1","83.64608538971522","22.060987315076158","w2_f502n","19.9263916015625","0"
"Y","1.0939535013464994","0","0","1.7212369441986084","16734344986970","0.3499999940395355","0","1","1","N","52283.56406495813","2002-01-09 13:32:15.217","52283.59577796282","2002-01-09 14:17:55.220","0.10257088691940952","0.9210825081790651","0.37561446495473616","53584324","CRAB-FIELD-8","1","1","83.64577517622945","22.06229560937417","w2_f673n","19.79499053955078","0"
"Y","1.0045977159478199","0","0","1.7212369441986084","16734344986847","0.3499999940395355","0","1","1","N","52283.43073162483","2002-01-09 10:20:15.217","52283.52749088174","2002-01-09 12:39:35.213","0.1025488580721433","0.9210746391472101","0.3756397753540317","93449122","CRAB-FIELD-8","1","1","83.64707486488237","22.06386037482672","w2_f502n","19.78449058532715","0"
"Y","1.2171264352469608","0","0","1.7212369441986084","16734345206612","0.3499999940395355","0","1","1","N","52283.43073162483","2002-01-09 10:20:15.217","52283.52749088174","2002-01-09 12:39:35.213","0.10267799836294546","0.9210561340048599","0.3756498724401486","38320238","CRAB-FIELD-8","1","1","83.63901337742882","22.064484612068867","w2_f502n","19.263790130615234","0"
"Y","1.8610003518089515","1.5034070799453765","0","1.7212369441986084","16734345206714","0.3499999940395355","0","2","1","N","52283.43073162483","2002-01-09 10:20:15.217","52283.59577796282","2002-01-09 14:17:55.220","0.1026770063732874","0.9210514009122517","0.37566174843852873","70979163","CRAB-FIELD-8","2","1","83.63904190873198","22.06521883142834","w2_f502n","19.706090927124023","0"
"Y","1.1903040726469725","0.1016284168974978","0","1.7212369441986084","16734345085719","0.3499999940395355","0","4","1","N","52283.302259462886","2002-01-09 07:15:15.220","52283.59577796282","2002-01-09 14:17:55.220","0.1027338154038671","0.9210244052978855","0.3757124006714774","62550290","CRAB-FIELD-8","4","1","83.6353663813362","22.068350387817887","w2_f673n","17.976091384887695","0"
"Y","1.1903040726469725","0.1016284168974978","0","1.7212369441986084","16734345085719","0.3499999940395355","0","4","1","N","52283.302259462886","2002-01-09 07:15:15.220","52283.59577796282","2002-01-09 14:17:55.220","0.1027338154038671","0.9210244052978855","0.3757124006714774","62550290","CRAB-FIELD-8","4","1","83.6353663813362","22.068350387817887","w2_f631n","18.091489791870117","0"
"Y","1.1903040726469725","0.1016284168974978","0","1.7212369441986084","16734345085719","0.3499999940395355","0","4","1","N","52283.302259462886","2002-01-09 07:15:15.220","52283.59577796282","2002-01-09 14:17:55.220","0.1027338154038671","0.9210244052978855","0.3757124006714774","62550290","CRAB-FIELD-8","4","1","83.6353663813362","22.068350387817887","w2_f502n","18.773691177368164","0"
"Y","1.1903040726469725","0.1016284168974978","0","1.7212369441986084","16734345085719","0.3499999940395355","0","4","1","N","52283.302259462886","2002-01-09 07:15:15.220","52283.59577796282","2002-01-09 14:17:55.220","0.1027338154038671","0.9210244052978855","0.3757124006714774","62550290","CRAB-FIELD-8","4","1","83.6353663813362","22.068350387817887","w2_f547m","18.7255916595459","0"
"Y","1.1098850732562187","0","0","1.7212369441986084","16734345199703","0.3499999940395355","0","1","1","N","52283.43073162483","2002-01-09 10:20:15.217","52283.52749088174","2002-01-09 12:39:35.213","0.10256600407774967","0.9210690828426593","0.37564871813836076","78426144","CRAB-FIELD-8","1","1","83.64598333609146","22.064413248948433","w2_f502n","19.787090301513672","0"
"Y","1.0124418624611788","0","0","1.7212369441986084","16734344478730","0.3499999940395355","0","1","1","N","52283.31684275018","2002-01-09 07:36:15.217","52283.3957779631","2002-01-09 09:29:55.220","0.10254207611292977","0.9210708763443032","0.3756508530229552","63165348","CRAB-FIELD-8","1","1","83.64746583460811","22.064545235280775","w2_f631n","19.895891189575195","0"
"Y","1.493103476776474","0","0","1.7212369441986084","16734345069192","0.3499999940395355","0","1","1","N","52283.43073162483","2002-01-09 10:20:15.217","52283.52749088174","2002-01-09 12:39:35.213","0.10257292443879557","0.921057351394009","0.3756755922537457","18345138","CRAB-FIELD-8","1","1","83.64547784889699","22.06607471351841","w2_f502n","19.917091369628906","0"
"Y","0.8393103363870205","0","0","1.7212369441986084","16734345084021","0.3499999940395355","0","1","1","N","52283.43073162483","2002-01-09 10:20:15.217","52283.52749088174","2002-01-09 12:39:35.213","0.10260148379078186","0.9210330151496957","0.3757274551164034","55331773","CRAB-FIELD-8","1","1","83.64355646422048","22.069281136928122","w2_f502n","19.930391311645508","0"
"Y","0.8342528480222855","0","0","1.7212369441986084","16734345070514","0.3499999940395355","0","1","1","N","52283.43073162483","2002-01-09 10:20:15.217","52283.52749088174","2002-01-09 12:39:35.213","0.1025700120131887","0.9210376955943109","0.37572457456226227","53693210","CRAB-FIELD-8","1","1","83.64552230314945","22.069103044653364","w2_f502n","19.69599151611328","0"
"Y","1.0800955753870043","0.20667164091305637","0","1.7212369441986084","16734345069781","0.3499999940395355","0","4","1","N","52283.302259462886","2002-01-09 07:15:15.220","52283.59577796282","2002-01-09 14:17:55.220","0.10255476640144881","0.921033668568636","0.3757386076135853","29395276","CRAB-FIELD-8","4","1","83.64643153153355","22.069970649984448","w2_f502n","19.487791061401367","0"
"Y","1.0800955753870043","0.20667164091305637","0","1.7212369441986084","16734345069781","0.3499999940395355","0","4","1","N","52283.302259462886","2002-01-09 07:15:15.220","52283.59577796282","2002-01-09 14:17:55.220","0.10255476640144881","0.921033668568636","0.3757386076135853","29395276","CRAB-FIELD-8","4","1","83.64643153153355","22.069970649984448","w2_f547m","19.05599021911621","0"
"Y","1.0800955753870043","0.20667164091305637","0","1.7212369441986084","16734345069781","0.3499999940395355","0","4","1","N","52283.302259462886","2002-01-09 07:15:15.220","52283.59577796282","2002-01-09 14:17:55.220","0.10255476640144881","0.921033668568636","0.3757386076135853","29395276","CRAB-FIELD-8","4","1","83.64643153153355","22.069970649984448","w2_f631n","18.832990646362305","0"
"Y","1.0800955753870043","0.20667164091305637","0","1.7212369441986084","16734345069781","0.3499999940395355","0","4","1","N","52283.302259462886","2002-01-09 07:15:15.220","52283.59577796282","2002-01-09 14:17:55.220","0.10255476640144881","0.921033668568636","0.3757386076135853","29395276","CRAB-FIELD-8","4","1","83.64643153153355","22.069970649984448","w2_f673n","18.565990447998047","0"
"Y","1.1245636160410015","0.04835670746537209","0","1.7212369441986084","16734345066113","0.3499999940395355","0","4","1","N","52283.302259462886","2002-01-09 07:15:15.220","52283.59577796282","2002-01-09 14:17:55.220","0.10282785258021898","0.9209943443377822","0.3757603630396022","45477356","CRAB-FIELD-8","4","1","83.62938218167928","22.071315708227417","w2_f631n","19.184490203857422","0"
"Y","1.1245636160410015","0.04835670746537209","0","1.7212369441986084","16734345066113","0.3499999940395355","0","4","1","N","52283.302259462886","2002-01-09 07:15:15.220","52283.59577796282","2002-01-09 14:17:55.220","0.10282785258021898","0.9209943443377822","0.3757603630396022","45477356","CRAB-FIELD-8","4","1","83.62938218167928","22.071315708227417","w2_f673n","19.027690887451172","0"
"Y","1.1245636160410015","0.04835670746537209","0","1.7212369441986084","16734345066113","0.3499999940395355","0","4","1","N","52283.302259462886","2002-01-09 07:15:15.220","52283.59577796282","2002-01-09 14:17:55.220","0.10282785258021898","0.9209943443377822","0.3757603630396022","45477356","CRAB-FIELD-8","4","1","83.62938218167928","22.071315708227417","w2_f547m","19.698989868164062","0"
"Y","1.8703448361363904","0","0","1.7212369441986084","16734345065185","0.3499999940395355","0","1","1","N","52283.43073162483","2002-01-09 10:20:15.217","52283.52749088174","2002-01-09 12:39:35.213","0.10279095680425365","0.9210054494066853","0.37574323861187986","52109095","CRAB-FIELD-8","1","1","83.63172540283317","22.070256966560503","w2_f502n","19.761690139770508","0"
"Y","2.411034463465899","0","0","1.7212369441986084","16734345057347","0.3499999940395355","0","1","1","N","52283.43073162483","2002-01-09 10:20:15.217","52283.52749088174","2002-01-09 12:39:35.213","0.10277694059801393","0.9210031337934055","0.3757527485250374","49177494","CRAB-FIELD-8","1","1","83.63257074774299","22.07084492924761","w2_f502n","19.372591018676758","0"
"Y","1.4954022977543973","0","0","1.7212369441986084","16734345064788","0.3499999940395355","0","1","1","N","52283.43073162483","2002-01-09 10:20:15.217","52283.52749088174","2002-01-09 12:39:35.213","0.10279695603319554","0.9209951387997694","0.37576686939854786","59173934","CRAB-FIELD-8","1","1","83.63128607087894","22.0717179750384","w2_f502n","19.89259147644043","0"
"Y","2.0981722561887994","1.0236139753889653","0","1.7212369441986084","16734345063029","0.3499999940395355","0","2","1","N","52283.302259462886","2002-01-09 07:15:15.220","52283.52749088174","2002-01-09 12:39:35.213","0.10278381576702851","0.9209911655069148","0.3757802020791662","100910566","CRAB-FIELD-8","2","1","83.63206623265268","22.07254229448284","w2_f502n","19.59889030456543","0"
"Y","2.8924813630013055","1.9788566053271366","0","1.7212369441986084","16734345061692","0.3499999940395355","0","2","1","N","52283.43073162483","2002-01-09 10:20:15.217","52283.59577796282","2002-01-09 14:17:55.220","0.10280890191599254","0.9209865760683164","0.3757845877479119","83256916","CRAB-FIELD-8","2","1","83.63049332191841","22.07281344820956","w2_f502n","19.902790069580078","0"
"Y","0.8227586061104961","0","0","1.7212369441986084","16734345060910","0.3499999940395355","0","1","1","N","52283.43073162483","2002-01-09 10:20:15.217","52283.52749088174","2002-01-09 12:39:35.213","0.10276488904467386","0.9209745581515846","0.3758260778833569","72437885","CRAB-FIELD-8","1","1","83.63311533581734","22.075378693883454","w2_f502n","19.9136905670166","0"
"Y","0.8308046165554003","0","0","1.7212369441986084","16734345926979","0.3499999940395355","0","1","1","N","52283.43073162483","2002-01-09 10:20:15.217","52283.52749088174","2002-01-09 12:39:35.213","0.10283131647041388","0.9209651869924599","0.3758308724692285","7316975","CRAB-FIELD-8","1","1","83.62896930437411","22.07567513579876","w2_f502n","19.989591598510742","0"
"Y","2.10895344268444","0","0","1.7212369441986084","16734345927997","0.3499999940395355","0","1","1","N","52283.302259462886","2002-01-09 07:15:15.220","52283.3126760833","2002-01-09 07:30:15.217","0.10281127686615989","0.9209658051226804","0.37583484024761704","24957900","CRAB-FIELD-8","1","1","83.6302049148488","22.075920457941923","w2_f547m","19.045289993286133","0"
"Y","6.641046390977017","0","0","1.7212369441986084","16734345927957","0.3499999940395355","0","1","1","N","52283.302259462886","2002-01-09 07:15:15.220","52283.3126760833","2002-01-09 07:30:15.217","0.10281155221047279","0.9209650372262971","0.3758366466151312","15190794","CRAB-FIELD-8","1","1","83.6301827283167","22.076032143239413","w2_f547m","19.23689079284668","0"
"Y","2.51077916079809","0.9118879886193088","0","1.7212369441986084","16734345060969","0.3499999940395355","0","2","1","N","52283.302259462886","2002-01-09 07:15:15.220","52283.52749088174","2002-01-09 12:39:35.213","0.10276068917634858","0.92097056270191","0.3758370170653542","15171623","CRAB-FIELD-8","2","1","83.63334601194993","22.07605504769437","w2_f547m","19.682790756225586","0"
"Y","1.0696040613308402","0.1943551479323421","0","1.7212369441986084","16734345924931","0.3499999940395355","0","4","1","N","52283.302259462886","2002-01-09 07:15:15.220","52283.59577796282","2002-01-09 14:17:55.220","0.10280831313858106","0.9209575805273138","0.37585580429060755","18440114","CRAB-FIELD-8","4","1","83.63033061074013","22.07721664223194","w2_f502n","18.418790817260742","0"
"Y","1.0696040613308402","0.1943551479323421","0","1.7212369441986084","16734345924931","0.3499999940395355","0","4","1","N","52283.302259462886","2002-01-09 07:15:15.220","52283.59577796282","2002-01-09 14:17:55.220","0.10280831313858106","0.9209575805273138","0.37585580429060755","18440114","CRAB-FIELD-8","4","1","83.63033061074013","22.07721664223194","w2_f547m","18.743289947509766","0"
"Y","1.0696040613308402","0.1943551479323421","0","1.7212369441986084","16734345924931","0.3499999940395355","0","4","1","N","52283.302259462886","2002-01-09 07:15:15.220","52283.59577796282","2002-01-09 14:17:55.220","0.10280831313858106","0.9209575805273138","0.37585580429060755","18440114","CRAB-FIELD-8","4","1","83.63033061074013","22.07721664223194","w2_f631n","18.031391143798828","0"
"Y","1.0696040613308402","0.1943551479323421","0","1.7212369441986084","16734345924931","0.3499999940395355","0","4","1","N","52283.302259462886","2002-01-09 07:15:15.220","52283.59577796282","2002-01-09 14:17:55.220","0.10280831313858106","0.9209575805273138","0.37585580429060755","18440114","CRAB-FIELD-8","4","1","83.63033061074013","22.07721664223194","w2_f673n","17.917390823364258","0"
"Y","0.863908077108449","0","0","1.7212369441986084","16734345088402","0.3499999940395355","0","1","1","N","52283.43073162483","2002-01-09 10:20:15.217","52283.52749088174","2002-01-09 12:39:35.213","0.10273794887720217","0.9210136331616149","0.3757376762996016","26839852","CRAB-FIELD-8","1","1","83.63503857069499","22.069913070540153","w2_f502n","19.947589874267578","0"
"Y","1.9769727578299532","0.12690410907129301","0","1.7212369441986084","16734345073719","0.3499999940395355","0","3","1","N","52283.31684275018","2002-01-09 07:36:15.217","52283.59577796282","2002-01-09 14:17:55.220","0.1026452684494447","0.9210117441401577","0.3757676356751548","26004072","CRAB-FIELD-8","3","1","83.64072043847456","22.071765351480803","w2_f502n","15.19408893585205","0"
"Y","1.9769727578299532","0.12690410907129301","0","1.7212369441986084","16734345073719","0.3499999940395355","0","3","1","N","52283.31684275018","2002-01-09 07:36:15.217","52283.59577796282","2002-01-09 14:17:55.220","0.1026452684494447","0.9210117441401577","0.3757676356751548","26004072","CRAB-FIELD-8","3","1","83.64072043847456","22.071765351480803","w2_f631n","14.994688987731934","0"
"Y","1.9769727578299532","0.12690410907129301","0","1.7212369441986084","16734345073719","0.3499999940395355","0","3","1","N","52283.31684275018","2002-01-09 07:36:15.217","52283.59577796282","2002-01-09 14:17:55.220","0.1026452684494447","0.9210117441401577","0.3757676356751548","26004072","CRAB-FIELD-8","3","1","83.64072043847456","22.071765351480803","w2_f673n","15.385590553283691","0"
"Y","1.141590491411234","0.1729573430583235","0","1.7212369441986084","16734345073771","0.3499999940395355","0","4","1","N","52283.302259462886","2002-01-09 07:15:15.220","52283.59577796282","2002-01-09 14:17:55.220","0.10263365037922413","0.9210138777105615","0.375765579682917","95224441","CRAB-FIELD-8","4","1","83.64144893729409","22.07163823606495","w2_f631n","16.743289947509766","0"
"Y","1.141590491411234","0.1729573430583235","0","1.7212369441986084","16734345073771","0.3499999940395355","0","4","1","N","52283.302259462886","2002-01-09 07:15:15.220","52283.59577796282","2002-01-09 14:17:55.220","0.10263365037922413","0.9210138777105615","0.375765579682917","95224441","CRAB-FIELD-8","4","1","83.64144893729409","22.07163823606495","w2_f547m","17.96959114074707","0"
"Y","1.141590491411234","0.1729573430583235","0","1.7212369441986084","16734345073771","0.3499999940395355","0","4","1","N","52283.302259462886","2002-01-09 07:15:15.220","52283.59577796282","2002-01-09 14:17:55.220","0.10263365037922413","0.9210138777105615","0.375765579682917","95224441","CRAB-FIELD-8","4","1","83.64144893729409","22.07163823606495","w2_f502n","17.720190048217773","0"
"Y","1.141590491411234","0.1729573430583235","0","1.7212369441986084","16734345073771","0.3499999940395355","0","4","1","N","52283.302259462886","2002-01-09 07:15:15.220","52283.59577796282","2002-01-09 14:17:55.220","0.10263365037922413","0.9210138777105615","0.375765579682917","95224441","CRAB-FIELD-8","4","1","83.64144893729409","22.07163823606495","w2_f673n","16.49989128112793","0"
"Y","0.7771264547589182","0","0","1.7212369441986084","16734345075903","0.3499999940395355","0","1","1","N","52283.43073162483","2002-01-09 10:20:15.217","52283.52749088174","2002-01-09 12:39:35.213","0.1025973500371034","0.9210125236120775","0.37577881142384495","79705812","CRAB-FIELD-8","1","1","83.64367020464417","22.07245631423293","w2_f502n","19.641490936279297","0"
"Y","1.2449211382477146","0.09882803982830872","0","1.7212369441986084","16734344605340","0.3499999940395355","0","4","1","N","52283.302259462886","2002-01-09 07:15:15.220","52283.59577796282","2002-01-09 14:17:55.220","0.10253402073258236","0.9210047666094037","0.37581510676820346","6672984","CRAB-FIELD-8","4","1","83.64750856815498","22.074700368944214","w2_f673n","19.119991302490234","0"
"Y","1.2449211382477146","0.09882803982830872","0","1.7212369441986084","16734344605340","0.3499999940395355","0","4","1","N","52283.302259462886","2002-01-09 07:15:15.220","52283.59577796282","2002-01-09 14:17:55.220","0.10253402073258236","0.9210047666094037","0.37581510676820346","6672984","CRAB-FIELD-8","4","1","83.64750856815498","22.074700368944214","w2_f547m","19.960590362548828","0"
"Y","1.2449211382477146","0.09882803982830872","0","1.7212369441986084","16734344605340","0.3499999940395355","0","4","1","N","52283.302259462886","2002-01-09 07:15:15.220","52283.59577796282","2002-01-09 14:17:55.220","0.10253402073258236","0.9210047666094037","0.37581510676820346","6672984","CRAB-FIELD-8","4","1","83.64750856815498","22.074700368944214","w2_f631n","19.382091522216797","0"
"Y","2.840680261564523","2.3726143520863148","0","1.7212369441986084","16734345096507","0.3499999940395355","0","2","1","N","52283.302259462886","2002-01-09 07:15:15.220","52283.52749088174","2002-01-09 12:39:35.213","0.10271203554044885","0.920966139764292","0.375861154101929","14021173","CRAB-FIELD-8","2","1","83.63630535712879","22.07754741723226","w2_f502n","19.432491302490234","0"
"Y","4.025355431524327","3.7568652487907244","0","1.7212369441986084","16734345040300","0.3499999940395355","0","2","1","N","52283.302259462886","2002-01-09 07:15:15.220","52283.52749088174","2002-01-09 12:39:35.213","0.1027233758123842","0.9209583744416628","0.37587708178008833","1053440","CRAB-FIELD-8","2","1","83.63555529383939","22.078532218743966","w2_f502n","19.942590713500977","0"
"Y","2.0359389358457793","1.5378627290914113","0","1.7212369441986084","16734345040289","0.3499999940395355","0","2","1","N","52283.302259462886","2002-01-09 07:15:15.220","52283.52749088174","2002-01-09 12:39:35.213","0.10272228648997926","0.9209573721893439","0.3758798351446984","49572251","CRAB-FIELD-8","2","1","83.6356153619767","22.07870245879334","w2_f502n","19.260690689086914","0"
"Y","0.9758610695608476","0.03160973374428256","0","1.7212369441986084","16734345046163","0.3499999940395355","0","4","1","N","52283.302259462886","2002-01-09 07:15:15.220","52283.59577796282","2002-01-09 14:17:55.220","0.10264222506847183","0.9209689196550002","0.3758734130828071","17134675","CRAB-FIELD-8","4","1","83.64061417192755","22.078305384155573","w2_f673n","19.878089904785156","0"
"Y","2.1526710692652724","0.3140916790678184","0","1.7212369441986084","16734345040046","0.3499999940395355","0","2","1","N","52283.302259462886","2002-01-09 07:15:15.220","52283.52749088174","2002-01-09 12:39:35.213","0.10273420309887871","0.9209536045361614","0.37588580952934186","102016573","CRAB-FIELD-8","2","1","83.63485727545144","22.079071854650213","w2_f502n","19.904090881347656","0"
"Y","1.2667084534484987","0.08641036196691176","0","1.7212369441986084","16734345043533","0.3499999940395355","0","4","1","N","52283.302259462886","2002-01-09 07:15:15.220","52283.59577796282","2002-01-09 14:17:55.220","0.10268664116599492","0.9209581685052679","0.3758876236184118","9606713","CRAB-FIELD-8","4","1","83.63781118990292","22.079184019863792","w2_f502n","18.7526912689209","0"
"Y","1.2667084534484987","0.08641036196691176","0","1.7212369441986084","16734345043533","0.3499999940395355","0","4","1","N","52283.302259462886","2002-01-09 07:15:15.220","52283.59577796282","2002-01-09 14:17:55.220","0.10268664116599492","0.9209581685052679","0.3758876236184118","9606713","CRAB-FIELD-8","4","1","83.63781118990292","22.079184019863792","w2_f631n","18.02379035949707","0"
"Y","1.2667084534484987","0.08641036196691176","0","1.7212369441986084","16734345043533","0.3499999940395355","0","4","1","N","52283.302259462886","2002-01-09 07:15:15.220","52283.59577796282","2002-01-09 14:17:55.220","0.10268664116599492","0.9209581685052679","0.3758876236184118","9606713","CRAB-FIELD-8","4","1","83.63781118990292","22.079184019863792","w2_f547m","18.478490829467773","0"
"Y","1.2667084534484987","0.08641036196691176","0","1.7212369441986084","16734345043533","0.3499999940395355","0","4","1","N","52283.302259462886","2002-01-09 07:15:15.220","52283.59577796282","2002-01-09 14:17:55.220","0.10268664116599492","0.9209581685052679","0.3758876236184118","9606713","CRAB-FIELD-8","4","1","83.63781118990292","22.079184019863792","w2_f673n","17.97979164123535","0"
"Y","0.8632183760062031","0","0","1.7212369441986084","16734345046157","0.3499999940395355","0","1","1","N","52283.43073162483","2002-01-09 10:20:15.217","52283.52749088174","2002-01-09 12:39:35.213","0.1026321554660671","0.9209669730789296","0.37588093216102914","23554158","CRAB-FIELD-8","1","1","83.6412196120438","22.07877028717739","w2_f502n","19.98719024658203","0"
"Y","1.7786206870243466","0","0","1.7212369441986084","16734345089092","0.3499999940395355","0","1","1","N","52283.43073162483","2002-01-09 10:20:15.217","52283.52749088174","2002-01-09 12:39:35.213","0.10257824379014313","0.9209859015359104","0.37584926908674193","18730370","CRAB-FIELD-8","1","1","83.64466203040158","22.076812576311873","w2_f502n","18.311389923095703","0"
"Y","3.517900187839833","3.4743702294794545","0","1.7212369441986084","16734345051480","0.3499999940395355","0","2","1","N","52283.302259462886","2002-01-09 07:15:15.220","52283.52749088174","2002-01-09 12:39:35.213","0.1026333383990669","0.9209525178823829","0.3759160247384746","78241904","CRAB-FIELD-8","2","1","83.64104793093509","22.08094007408121","w2_f502n","19.893291473388672","0"
"Y","1.6798851133763104","0","0","1.7212369441986084","16734345045496","0.3499999940395355","0","1","1","N","52283.43073162483","2002-01-09 10:20:15.217","52283.52749088174","2002-01-09 12:39:35.213","0.10258918874980309","0.9209577193201074","0.3759153329891916","45346976","CRAB-FIELD-8","1","1","83.64379656540727","22.08089730264793","w2_f502n","19.84218978881836","0"
"Y","1.2017131030989727","0.08591503463906426","0","1.7212369441986084","16734345045133","0.3499999940395355","0","4","1","N","52283.302259462886","2002-01-09 07:15:15.220","52283.59577796282","2002-01-09 14:17:55.220","0.10255991497703766","0.9209564134929544","0.37592651979622943","76545174","CRAB-FIELD-8","4","1","83.64558653040253","22.08158899381754","w2_f673n","18.305191040039062","0"
"Y","1.2017131030989727","0.08591503463906426","0","1.7212369441986084","16734345045133","0.3499999940395355","0","4","1","N","52283.302259462886","2002-01-09 07:15:15.220","52283.59577796282","2002-01-09 14:17:55.220","0.10255991497703766","0.9209564134929544","0.37592651979622943","76545174","CRAB-FIELD-8","4","1","83.64558653040253","22.08158899381754","w2_f502n","18.959091186523438","0"
"Y","1.2017131030989727","0.08591503463906426","0","1.7212369441986084","16734345045133","0.3499999940395355","0","4","1","N","52283.302259462886","2002-01-09 07:15:15.220","52283.59577796282","2002-01-09 14:17:55.220","0.10255991497703766","0.9209564134929544","0.37592651979622943","76545174","CRAB-FIELD-8","4","1","83.64558653040253","22.08158899381754","w2_f631n","18.42159080505371","0"
"Y","1.2017131030989727","0.08591503463906426","0","1.7212369441986084","16734345045133","0.3499999940395355","0","4","1","N","52283.302259462886","2002-01-09 07:15:15.220","52283.59577796282","2002-01-09 14:17:55.220","0.10255991497703766","0.9209564134929544","0.37592651979622943","76545174","CRAB-FIELD-8","4","1","83.64558653040253","22.08158899381754","w2_f547m","19.01049041748047","0"
"Y","1.1332183733753773","0","0","1.7212369441986084","16734347856301","0.3499999940395355","0","1","1","N","51572.47169912513","2000-01-29 11:19:14.810","51572.56915287487","2000-01-29 13:39:34.810","0.10256668362686494","0.9215721595299381","0.3744126469408714","73010193","CRAB-FIELD-6","1","1","83.64938184997894","21.988015489086475","w2_f502n","19.732990264892578","0"
"Y","1.0965833288651923","0.08560270620157677","11.422645751198209","1.7212369441986084","16734347398482","0.17499999701976776","0","1","10","N","55543.21419592574","2010-12-13 05:08:26.530","57491.28130570147","2016-04-13 06:45:04.813","0.10251653935319929","0.9215783118348974","0.37441123689853306","53145962","CRAB-PSR-PWN","10","10","83.65250331264492","21.987928362205576","a_f550m","18.80894947052002","0.04500007629394531"
"Y","0.836781592204653","0","0","1.7212369441986084","16734347857027","0.3499999940395355","0","1","1","N","51572.47169912513","2000-01-29 11:19:14.810","51572.56915287487","2000-01-29 13:39:34.810","0.10257143144866872","0.921556639551416","0.374449544731248","32970150","CRAB-FIELD-6","1","1","83.64898419916193","21.990295431769816","w2_f502n","19.525991439819336","0"
"Y","1.1137930826209057","0","0","1.7212369441986084","16734350020097","0.3499999940395355","0","1","1","N","51572.47169912513","2000-01-29 11:19:14.810","51572.56915287487","2000-01-29 13:39:34.810","0.10244131178324274","0.9215648947062861","0.37446484813038733","10534941","CRAB-FIELD-6","1","1","83.65703159332212","21.991241051253645","w2_f502n","19.925291061401367","0"
"Y","1.158817348255453","0.060114348085863925","9.098956572430883","1.7212369441986084","16734350017318","0.17499999701976776","0","1","22","N","55471.114321747795","2010-10-02 02:44:37.403","57607.32353999093","2016-08-07 07:45:53.857","0.10245369654317547","0.9215573377665859","0.374480057245796","55721070","V-CM-TAU","22","22","83.65621940847863","21.99218085103598","a_f550m","17.921550750732422","0.03419971466064453"
"Y","1.6564367831438438","0","0","1.7212369441986084","16734347735723","0.3499999940395355","0","1","1","N","51572.47169912513","2000-01-29 11:19:14.810","51572.56915287487","2000-01-29 13:39:34.810","0.10257015396042035","0.9215114952583943","0.37456097984623893","32155506","CRAB-FIELD-6","1","1","83.64875406613473","21.997181315174434","w2_f502n","19.44478988647461","0"
"Y","2.24779068037521","0","0","1.7212369441986084","16734350030416","0.3499999940395355","0","1","1","N","51572.606421328615","2000-01-29 14:33:14.807","51572.63813440967","2000-01-29 15:18:54.813","0.10237027368308226","0.9215415954830588","0.3745416063147339","55045032","CRAB-FIELD-6","1","1","83.6612353683173","21.995984147170883","w2_f673n","19.998491287231445","0"
"Y","0.8510389885345062","0","0","1.7212369441986084","16734350020631","0.7275","0","1","1","N","51572.47169912513","2000-01-29 11:19:14.810","51572.56915287487","2000-01-29 13:39:34.810","0.10229420396454779","0.9215858507255997","0.37445348920507426","80364656","CRAB-FIELD-6","1","1","83.66620900142513","21.990539165990864","w2_f502n","18.899690628051758","0"
"Y","0.8241791333725202","0","0","1.7212369441986084","16734349335476","0.45499999999999996","0","1","1","N","51572.47169912513","2000-01-29 11:19:14.810","51572.56915287487","2000-01-29 13:39:34.810","0.10221348033734654","0.9216038938715286","0.3744311248259146","66303265","CRAB-FIELD-6","1","1","83.671289526174","21.989157247153198","w2_f502n","19.785690307617188","0"
"Y","2.6745112239916167","0.029767632397060692","0","1.7212369441986084","16734350032610","0.3499999940395355","0","3","1","N","51572.35572695127","2000-01-29 08:32:14.813","51572.63813440967","2000-01-29 15:18:54.813","0.10235576163742943","0.921544490168065","0.3745384502300622","1747206","CRAB-FIELD-6","3","1","83.6621463871465","21.99578912103222","w2_f673n","19.554590225219727","0"
"Y","1.1203447977701824","0","0","1.7212369441986084","16734350032541","0.3499999940395355","0","1","1","N","51572.47169912513","2000-01-29 11:19:14.810","51572.56915287487","2000-01-29 13:39:34.810","0.10234578277161549","0.9215471350414063","0.37453466948478376","6816414","CRAB-FIELD-6","1","1","83.66277728989309","21.99555549515856","w2_f502n","19.03989028930664","0"
"Y","6.399866313110163","5.658774305601319","75.29580561926198","1.7212369441986084","16734350077847","0.17499999701976776","0","1","8","N","55471.114321747795","2010-10-02 02:44:37.403","57607.32353999093","2016-08-07 07:45:53.857","0.1022631852150509","0.9215664948174527","0.3745095947782375","41958510","CRAB-NEBULA-AND-PULSAR","8","9","83.66798208993828","21.994006048416164","a_f550m","18.488800048828125","0.5876007080078125"
"Y","1.647945080999065","0.8973140207471061","0","1.7212369441986084","16734350021868","0.3499999940395355","0","2","1","N","51572.47169912513","2000-01-29 11:19:14.810","51572.63813440967","2000-01-29 15:18:54.813","0.10230415370774863","0.9215534261391829","0.3745305633797036","53174132","CRAB-FIELD-6","2","1","83.66537688432426","21.995301764566214","w2_f502n","19.978090286254883","0"
"Y","1.0840925905439591","0.09556437917271399","8.552901304732929","1.7212369441986084","16734350077088","0.17499999701976776","0","1","10","N","55471.114321747795","2010-10-02 02:44:37.403","57607.32353999093","2016-08-07 07:45:53.857","0.10225370738546216","0.9215649824140992","0.37451590422335823","102400500","V-CM-TAU","10","10","83.66855387381491","21.994395927711277","a_f550m","18.79295063018799","0.03205108642578125"
"Y","2.6210906784418535","0.06253396035274454","0","1.7212369441986084","16734350048584","0.7275","0","2","1","N","51462.60571278259","1999-10-11 14:32:13.587","51462.90339794895","1999-10-11 21:40:53.587","0.10216002639209854","0.921577414382169","0.3745108787584809","70736427","CRAB-FIELD-7","2","1","83.67439210452457","21.99408538928601","w2_f673n","19.70599937438965","0"
"Y","6.205135781959465","3.901691148843067","0","1.7212369441986084","16734350038490","0.45499999999999996","0","2","1","N","51462.60571278259","1999-10-11 14:32:13.587","51462.90339794895","1999-10-11 21:40:53.587","0.10215223312285014","0.9215684306511828","0.37453511036394277","46531250","CRAB-FIELD-7","2","1","83.67480958233642","21.99558273865097","w2_f673n","19.315799713134766","0"
"Y","3.871044827930963","0","0","1.7212369441986084","16734350081783","0.45499999999999996","0","1","1","N","51462.73696278222","1999-10-11 17:41:13.587","51462.83441644907","1999-10-11 20:01:33.587","0.10223362808624051","0.9215510663718762","0.37455562651947627","94383128","CRAB-FIELD-7","1","1","83.66969225544312","21.996850510690702","w2_f502n","19.212299346923828","0"
"Y","1.0549893364575855","0.11896265224765766","8.516712065166404","1.7212369441986084","16734350081891","0.29944444278875987","0.14757295904524464","5","6","N","51462.60571278259","1999-10-11 14:32:13.587","57246.03693607403","2015-08-12 00:53:11.280","0.10222883954398837","0.9215483244925863","0.3745636794901055","82795601","V-CM-TAU","9","1","83.66996767436899","21.997348137739568","w2_f547m","19.14929962158203","0"
"Y","1.0549893364575855","0.11896265224765766","8.516712065166404","1.7212369441986084","16734350081891","0.29944444278875987","0.14757295904524464","5","6","N","51462.60571278259","1999-10-11 14:32:13.587","57246.03693607403","2015-08-12 00:53:11.280","0.10222883954398837","0.9215483244925863","0.3745636794901055","82795601","V-CM-TAU","9","1","83.66996767436899","21.997348137739568","w2_f502n","19.567399978637695","0"
"Y","1.0549893364575855","0.11896265224765766","8.516712065166404","1.7212369441986084","16734350081891","0.29944444278875987","0.14757295904524464","5","6","N","51462.60571278259","1999-10-11 14:32:13.587","57246.03693607403","2015-08-12 00:53:11.280","0.10222883954398837","0.9215483244925863","0.3745636794901055","82795601","V-CM-TAU","9","1","83.66996767436899","21.997348137739568","w2_f631n","18.849700927734375","0"
"Y","1.0549893364575855","0.11896265224765766","8.516712065166404","1.7212369441986084","16734350081891","0.29944444278875987","0.14757295904524464","5","6","N","51462.60571278259","1999-10-11 14:32:13.587","57246.03693607403","2015-08-12 00:53:11.280","0.10222883954398837","0.9215483244925863","0.3745636794901055","82795601","V-CM-TAU","9","1","83.66996767436899","21.997348137739568","w2_f673n","18.717500686645508","0"
"Y","1.0549893364575855","0.11896265224765766","8.516712065166404","1.7212369441986084","16734350081891","0.29944444278875987","0.14757295904524464","5","6","N","51462.60571278259","1999-10-11 14:32:13.587","57246.03693607403","2015-08-12 00:53:11.280","0.10222883954398837","0.9215483244925863","0.3745636794901055","82795601","V-CM-TAU","9","5","83.66996767436899","21.997348137739568","a_f550m","19.129100799560547","0.009298324584960938"
"Y","2.2343081454987463","0.07385574289532951","158.24701132127979","1.7212369441986084","16734347728443","0.3499999940395355","0","3","3","N","49457.16964748595","1994-04-15 04:04:17.547","51572.63813440967","2000-01-29 15:18:54.813","0.10255698948261131","0.9214910796339945","0.37461480758800764","100384500","NGC1952-BRTFIL","3","1","83.64942301930375","22.000507599677178","w2_f658n","19.959400177001953","0"
"Y","1.072188344625642","0.1895910495476878","38.62966679809466","1.7212369441986084","16734347781116","0.2664772681891918","0.08842010791808105","4","42","N","49723.69950313633","1995-01-06 16:47:17.073","57607.32353999093","2016-08-07 07:45:53.857","0.10253537408146617","0.9214780514687926","0.37465276954076404","36562724","V-CM-TAU","44","1","83.6506615305941","22.002853504901466","w2_f814w","19.31170082092285","0"
"Y","2.8024139075443664","0","0","1.7212369441986084","16734349770337","0.3499999940395355","0","1","1","N","51572.47169912513","2000-01-29 11:19:14.810","51572.56915287487","2000-01-29 13:39:34.810","0.1024486572313925","0.9215108171694762","0.374595897563444","31484145","CRAB-FIELD-6","1","1","83.65621126501615","21.999339046106023","w2_f502n","19.97309112548828","0"
"Y","2.6342262688416445","2.27219870132417","44.80400950845892","1.7212369441986084","16734349766968","0.2605555511183209","0.08948965113381617","5","41","N","50026.63422531029","1995-11-05 15:13:17.070","57607.32353999093","2016-08-07 07:45:53.857","0.10244290701556642","0.921505397082984","0.37461080330185553","100642185","V-CM-TAU","44","19","83.65652741870112","22.000260152182967","w2_f547m","17.78169059753418","0.17569923400878906"
"Y","2.6342262688416445","2.27219870132417","44.80400950845892","1.7212369441986084","16734349766968","0.2605555511183209","0.08948965113381617","5","41","N","50026.63422531029","1995-11-05 15:13:17.070","57607.32353999093","2016-08-07 07:45:53.857","0.10244290701556642","0.921505397082984","0.37461080330185553","100642185","V-CM-TAU","44","1","83.65652741870112","22.000260152182967","w2_f631n","16.22429084777832","0"
"Y","2.6342262688416445","2.27219870132417","44.80400950845892","1.7212369441986084","16734349766968","0.2605555511183209","0.08948965113381617","5","41","N","50026.63422531029","1995-11-05 15:13:17.070","57607.32353999093","2016-08-07 07:45:53.857","0.10244290701556642","0.921505397082984","0.37461080330185553","100642185","V-CM-TAU","44","1","83.65652741870112","22.000260152182967","w2_f502n","16.78049087524414","0"
"Y","2.6342262688416445","2.27219870132417","44.80400950845892","1.7212369441986084","16734349766968","0.2605555511183209","0.08948965113381617","5","41","N","50026.63422531029","1995-11-05 15:13:17.070","57607.32353999093","2016-08-07 07:45:53.857","0.10244290701556642","0.921505397082984","0.37461080330185553","100642185","V-CM-TAU","44","1","83.65652741870112","22.000260152182967","w2_f673n","16.170289993286133","0"
"Y","2.6342262688416445","2.27219870132417","44.80400950845892","1.7212369441986084","16734349766968","0.2605555511183209","0.08948965113381617","5","41","N","50026.63422531029","1995-11-05 15:13:17.070","57607.32353999093","2016-08-07 07:45:53.857","0.10244290701556642","0.921505397082984","0.37461080330185553","100642185","V-CM-TAU","44","23","83.65652741870112","22.000260152182967","a_f550m","17.33300018310547","0.3857994079589844"
"Y","1.2170649685575343","0.2304080313868862","15.963306745485315","1.7212369441986084","16734349766914","0.26249999552965164","0.08851159279295934","5","41","N","50026.63422531029","1995-11-05 15:13:17.070","57607.32353999093","2016-08-07 07:45:53.857","0.1024470400752221","0.9215043687221508","0.3746122026938026","87018033","V-CM-TAU","44","1","83.65626655603269","22.00034662847788","w2_f673n","17.623491287231445","0"
"Y","1.2170649685575343","0.2304080313868862","15.963306745485315","1.7212369441986084","16734349766914","0.26249999552965164","0.08851159279295934","5","41","N","50026.63422531029","1995-11-05 15:13:17.070","57607.32353999093","2016-08-07 07:45:53.857","0.1024470400752221","0.9215043687221508","0.3746122026938026","87018033","V-CM-TAU","44","22","83.65626655603269","22.00034662847788","a_f550m","18.056349754333496","0.04260063171386719"
"Y","1.2170649685575343","0.2304080313868862","15.963306745485315","1.7212369441986084","16734349766914","0.26249999552965164","0.08851159279295934","5","41","N","50026.63422531029","1995-11-05 15:13:17.070","57607.32353999093","2016-08-07 07:45:53.857","0.1024470400752221","0.9215043687221508","0.3746122026938026","87018033","V-CM-TAU","44","1","83.65626655603269","22.00034662847788","w2_f631n","17.781391143798828","0"
"Y","1.2170649685575343","0.2304080313868862","15.963306745485315","1.7212369441986084","16734349766914","0.26249999552965164","0.08851159279295934","5","41","N","50026.63422531029","1995-11-05 15:13:17.070","57607.32353999093","2016-08-07 07:45:53.857","0.1024470400752221","0.9215043687221508","0.3746122026938026","87018033","V-CM-TAU","44","19","83.65626655603269","22.00034662847788","w2_f547m","18.619300842285156","0.062099456787109375"
"Y","1.2170649685575343","0.2304080313868862","15.963306745485315","1.7212369441986084","16734349766914","0.26249999552965164","0.08851159279295934","5","41","N","50026.63422531029","1995-11-05 15:13:17.070","57607.32353999093","2016-08-07 07:45:53.857","0.1024470400752221","0.9215043687221508","0.3746122026938026","87018033","V-CM-TAU","44","1","83.65626655603269","22.00034662847788","w2_f502n","18.400489807128906","0"
"Y","3.1511046858721","2.417729754893524","0","1.7212369441986084","16734349765771","0.3499999940395355","0","2","1","N","51572.34114353685","2000-01-29 08:11:14.807","51572.63813440967","2000-01-29 15:18:54.813","0.10246949372002907","0.9214998143983191","0.3746172645792788","12850939","CRAB-FIELD-6","2","1","83.65485641474784","22.00065943128692","w2_f673n","19.919191360473633","0"
"Y","2.388371977695199","0","0","1.7212369441986084","16734349769168","0.3499999940395355","0","1","1","N","51572.34114353685","2000-01-29 08:11:14.807","51572.351560249925","2000-01-29 08:26:14.810","0.10239970471432508","0.9215178756542101","0.37459191839175165","23581797","CRAB-FIELD-6","1","1","83.65926596276714","21.99909315260534","w2_f547m","19.083690643310547","0"
"Y","2.693604591280915","0","0","1.7212369441986084","16734349809410","0.3499999940395355","0","1","1","N","51571.60017132852","2000-01-28 14:24:14.807","51571.63188440958","2000-01-28 15:09:54.813","0.10242575835562322","0.9214788129397188","0.3746808793209966","85986887","CRAB-FIELD-5","1","1","83.65739916036891","22.004590608119887","w2_f673n","19.99250030517578","0"
"Y","0.9477011773778105","0","0","1.7212369441986084","16734349815813","0.3499999940395355","0","1","1","N","51572.47169912513","2000-01-29 11:19:14.810","51572.56915287487","2000-01-29 13:39:34.810","0.10239775608574361","0.9214903693745272","0.37466011089902274","87782771","CRAB-FIELD-6","1","1","83.65919791748922","22.003307177590763","w2_f502n","19.611391067504883","0"
"Y","2.319709298222564","0.051792250107360556","57.60574604674988","1.7212369441986084","16734349760115","0.4364999979734421","0.09988160111228928","2","2","N","51571.349476951174","2000-01-28 08:23:14.813","51572.63813440967","2000-01-29 15:18:54.813","0.10236911234615076","0.9214992572095919","0.37464607805216216","40543707","CRAB-FIELD-6","4","2","83.66101783240576","22.002439993386776","w2_f673n","19.3849458694458","0.06624507904052734"
"Y","2.0290697729864786","0","0","1.7212369441986084","16734349760074","0.3499999940395355","0","1","1","N","51571.60017132852","2000-01-28 14:24:14.807","51571.63188440958","2000-01-28 15:09:54.813","0.10237127104735191","0.9214978388545205","0.37464897684483023","38789555","CRAB-FIELD-5","1","1","83.66087557011153","22.002619128891634","w2_f673n","19.782499313354492","0"
"Y","1.492643630367586","0","0","1.7212369441986084","16734349814715","0.36500000953674316","0","1","1","N","51571.46544912504","2000-01-28 11:10:14.810","51571.56290287478","2000-01-28 13:30:34.810","0.1023699039754421","0.9214941918450483","0.3746583205484409","36233170","CRAB-FIELD-5","1","1","83.6609346501582","22.003196539464078","w2_f502n","19.657800674438477","0"
"Y","2.6585465253785596","0.18179209969796592","71.55300918078201","1.7212369441986084","16734349816750","0.3499999940395355","0","1","2","N","51571.60017132852","2000-01-28 14:24:14.807","51572.63813440967","2000-01-29 15:18:54.813","0.10238561458443787","0.9214845451621816","0.37467775348107957","101016293","CRAB-FIELD-6","2","2","83.65990389030908","22.00439743919282","w2_f673n","19.7270450592041","0.10624504089355469"
"Y","1.868046015158467","0","0","1.7212369441986084","16734349816204","0.3499999940395355","0","1","1","N","51571.46544912504","2000-01-28 11:10:14.810","51571.56290287478","2000-01-28 13:30:34.810","0.10237366436295084","0.9214844408294004","0.3746812754255309","39212092","CRAB-FIELD-5","1","1","83.66063715543793","22.004615086387773","w2_f502n","19.638500213623047","0"
"Y","1.2452873690374966","0","0","1.7212369441986084","16734347748108","0.3499999940395355","0","1","1","N","51572.47169912513","2000-01-29 11:19:14.810","51572.56915287487","2000-01-29 13:39:34.810","0.10252648297184433","0.9214639855358395","0.3746897965652157","81592343","CRAB-FIELD-6","1","1","83.65111148098848","22.005141672496737","w2_f502n","19.935091018676758","0"
"Y","1.1464035479915478","0.16494843335403866","17.528264777515933","1.7212369441986084","16734349794580","0.2774999953274216","0.08774964229464641","8","48","N","49943.67103069695","1995-08-14 16:06:17.053","57607.32353999093","2016-08-07 07:45:53.857","0.1024927300216737","0.9214558454048852","0.3747190484390015","70026715","V-CM-TAU","56","2","83.65312894222882","22.006949383399437","w2_f502n","19.099395751953125","0.0016956329345703125"
"Y","1.1464035479915478","0.16494843335403866","17.528264777515933","1.7212369441986084","16734349794580","0.2774999953274216","0.08774964229464641","8","48","N","49943.67103069695","1995-08-14 16:06:17.053","57607.32353999093","2016-08-07 07:45:53.857","0.1024927300216737","0.9214558454048852","0.3747190484390015","70026715","V-CM-TAU","56","1","83.65312894222882","22.006949383399437","w2_f814w","18.125","0"
"Y","1.1464035479915478","0.16494843335403866","17.528264777515933","1.7212369441986084","16734349794580","0.2774999953274216","0.08774964229464641","8","48","N","49943.67103069695","1995-08-14 16:06:17.053","57607.32353999093","2016-08-07 07:45:53.857","0.1024927300216737","0.9214558454048852","0.3747190484390015","70026715","V-CM-TAU","56","25","83.65312894222882","22.006949383399437","w2_f547m","19.005189895629883","0.06950950622558594"
"Y","1.1464035479915478","0.16494843335403866","17.528264777515933","1.7212369441986084","16734349794580","0.2774999953274216","0.08774964229464641","8","48","N","49943.67103069695","1995-08-14 16:06:17.053","57607.32353999093","2016-08-07 07:45:53.857","0.1024927300216737","0.9214558454048852","0.3747190484390015","70026715","V-CM-TAU","56","22","83.65312894222882","22.006949383399437","a_f550m","18.597000122070312","0.03964996337890625"
"Y","1.1464035479915478","0.16494843335403866","17.528264777515933","1.7212369441986084","16734349794580","0.2774999953274216","0.08774964229464641","8","48","N","49943.67103069695","1995-08-14 16:06:17.053","57607.32353999093","2016-08-07 07:45:53.857","0.1024927300216737","0.9214558454048852","0.3747190484390015","70026715","V-CM-TAU","56","2","83.65312894222882","22.006949383399437","w2_f631n","18.277095794677734","0.023395538330078125"
"Y","1.1464035479915478","0.16494843335403866","17.528264777515933","1.7212369441986084","16734349794580","0.2774999953274216","0.08774964229464641","8","48","N","49943.67103069695","1995-08-14 16:06:17.053","57607.32353999093","2016-08-07 07:45:53.857","0.1024927300216737","0.9214558454048852","0.3747190484390015","70026715","V-CM-TAU","56","2","83.65312894222882","22.006949383399437","w2_f673n","18.10309600830078","0.08009529113769531"
"Y","1.1464035479915478","0.16494843335403866","17.528264777515933","1.7212369441986084","16734349794580","0.2774999953274216","0.08774964229464641","8","48","N","49943.67103069695","1995-08-14 16:06:17.053","57607.32353999093","2016-08-07 07:45:53.857","0.1024927300216737","0.9214558454048852","0.3747190484390015","70026715","V-CM-TAU","56","1","83.65312894222882","22.006949383399437","w3_f555w","18.793100357055664","0"
"Y","1.2629884412918968","0","0","1.7212369441986084","16734347755337","0.3499999940395355","0","1","1","N","51571.46544912504","2000-01-28 11:10:14.810","51571.56290287478","2000-01-28 13:30:34.810","0.1025613049043556","0.9214389872957836","0.3747417396393094","38359900","CRAB-FIELD-5","1","1","83.64880187862728","22.008351672888413","w2_f502n","19.439199447631836","0"
"Y","1.7179629592983812","0.6688358177604219","116.27144934264074","1.7212369441986084","16734347740457","0.2522500045597553","0.15450001507997513","1","4","N","53655.67120786803","2005-10-12 16:06:32.363","57246.03693607403","2015-08-12 00:53:11.280","0.10256664492951648","0.9214251708340161","0.37477424930075887","68512890","CRAB-NEBULA","4","4","83.64837943470832","22.010360755455597","a_f550m","19.67389965057373","0.21955013275146484"
"Y","1.8619855980814235","0.21327948903205932","59.44386213502514","1.7212369441986084","16734347740460","0.1875555564959844","0.02510534040093437","1","9","N","53619.695583678316","2005-09-06 16:41:38.433","57491.28130570147","2016-04-13 06:45:04.813","0.10256576698735531","0.921425748011661","0.3747730704781758","30911956","CRAB-NEBULA-AND-PULSAR","9","9","83.64843730458078","22.01028790452643","a_f550m","18.961700439453125","0.21230125427246094"
"Y","4.155720129975285","3.119819617306697","43.2872006817976","1.7212369441986084","16734347740458","0.28778460965706754","0.09567729782219297","5","37","N","49943.67103069695","1995-08-14 16:06:17.053","57607.32353999093","2016-08-07 07:45:53.857","0.10256575149006186","0.921425454044484","0.3747737974582229","95678654","V-CM-TAU","39","1","83.64843624662304","22.01033283200985","w2_f300w","18.82699966430664","0"
"Y","4.155720129975285","3.119819617306697","43.2872006817976","1.7212369441986084","16734347740458","0.28778460965706754","0.09567729782219297","5","37","N","49943.67103069695","1995-08-14 16:06:17.053","57607.32353999093","2016-08-07 07:45:53.857","0.10256575149006186","0.921425454044484","0.3747737974582229","95678654","V-CM-TAU","39","1","83.64843624662304","22.01033283200985","w2_f814w","17.64889907836914","0"
"Y","4.155720129975285","3.119819617306697","43.2872006817976","1.7212369441986084","16734347740458","0.28778460965706754","0.09567729782219297","5","37","N","49943.67103069695","1995-08-14 16:06:17.053","57607.32353999093","2016-08-07 07:45:53.857","0.10256575149006186","0.921425454044484","0.3747737974582229","95678654","V-CM-TAU","39","21","83.64843624662304","22.01033283200985","w2_f547m","17.742090225219727","0.10630989074707031"
"Y","4.155720129975285","3.119819617306697","43.2872006817976","1.7212369441986084","16734347740458","0.28778460965706754","0.09567729782219297","5","37","N","49943.67103069695","1995-08-14 16:06:17.053","57607.32353999093","2016-08-07 07:45:53.857","0.10256575149006186","0.921425454044484","0.3747737974582229","95678654","V-CM-TAU","39","15","83.64843624662304","22.01033283200985","a_f550m","18.17930030822754","1.0403995513916016"
"Y","4.155720129975285","3.119819617306697","43.2872006817976","1.7212369441986084","16734347740458","0.28778460965706754","0.09567729782219297","5","37","N","49943.67103069695","1995-08-14 16:06:17.053","57607.32353999093","2016-08-07 07:45:53.857","0.10256575149006186","0.921425454044484","0.3747737974582229","95678654","V-CM-TAU","39","1","83.64843624662304","22.01033283200985","w3_f160w","14.67959976196289","0"
"Y","1.6635833183924356","0.1147264714810028","56.93897432668084","1.7212369441986084","16734347740459","0.18839999586343764","0.029429575367467653","1","10","N","53619.695583678316","2005-09-06 16:41:38.433","57491.28130570147","2016-04-13 06:45:04.813","0.10256582838739312","0.921425184070668","0.3747744402019468","74834659","CRAB-NEBULA-AND-PULSAR","10","10","83.64842967776424","22.01037255334038","a_f550m","19.205750465393066","0.43760013580322266"
"Y","1.6759769669894515","0","0","1.7212369441986084","16734349795191","0.3499999940395355","0","1","1","N","51572.47169912513","2000-01-29 11:19:14.810","51572.56915287487","2000-01-29 13:39:34.810","0.10246268024725698","0.9214549237660783","0.37472953262863906","2607003","CRAB-FIELD-6","1","1","83.65496830380651","22.00759729226864","w2_f502n","19.381990432739258","0"
"Y","1.0165517357574112","0","0","1.7212369441986084","16734349810597","0.3499999940395355","0","1","1","N","51571.46544912504","2000-01-28 11:10:14.810","51571.56290287478","2000-01-28 13:30:34.810","0.10242240209271947","0.9214597923588584","0.3747285719234515","33145877","CRAB-FIELD-5","1","1","83.65747544804455","22.00753792185342","w2_f502n","19.668500900268555","0"
"Y","0.9620689797675472","0","0","1.7212369441986084","16734349819830","0.3499999940395355","0","1","1","N","51571.46544912504","2000-01-28 11:10:14.810","51571.56290287478","2000-01-28 13:30:34.810","0.1023728054690885","0.9214677217439785","0.3747226260644192","77931962","CRAB-FIELD-5","1","1","83.66057582453377","22.00717047552973","w2_f502n","19.86829948425293","0"
"Y","2.7704263922047154","0.316444016245493","0","1.7212369441986084","16734349794448","0.3499999940395355","0","2","1","N","51571.46544912504","2000-01-28 11:10:14.810","51571.63188440958","2000-01-28 15:09:54.813","0.10245590073153012","0.9214489965374697","0.3747459608663447","106412049","CRAB-FIELD-5","2","1","83.65534422468284","22.00861254128246","w2_f673n","19.896799087524414","0"
"Y","0.9452325660128926","0.055581891593192205","0","1.7212369441986084","16734349815097","0.3499999940395355","0","2","1","N","51571.33489353722","2000-01-28 08:02:14.807","51571.63188440958","2000-01-28 15:09:54.813","0.10234446345822233","0.9214976342899601","0.37465680401900425","18959576","CRAB-FIELD-5","2","1","83.66252066970887","22.003102822704616","w2_f673n","19.79960060119629","0"
"Y","0.9555172646182707","0","0","1.7212369441986084","16734349812555","0.3499999940395355","0","1","1","N","51571.46544912504","2000-01-28 11:10:14.810","51571.56290287478","2000-01-28 13:30:34.810","0.1023234353212814","0.9215020818230029","0.3746516085381242","50077289","CRAB-FIELD-5","1","1","83.6638425364795","22.002781758762186","w2_f502n","19.654199600219727","0"
"Y","0.9997805327662999","0.044718056153808396","19.20507900292822","1.7212369441986084","16734349815111","0.3499999940395355","0","4","2","N","50026.63422531029","1995-11-05 15:13:17.070","51571.63188440958","2000-01-28 15:09:54.813","0.10232996991424732","0.921493868433295","0.37467002508617","10083899","CRAB-PULSAR","5","2","83.66338516808015","22.003919845237203","w2_f547m","19.283245086669922","0.018344879150390625"
"Y","0.9997805327662999","0.044718056153808396","19.20507900292822","1.7212369441986084","16734349815111","0.3499999940395355","0","4","2","N","50026.63422531029","1995-11-05 15:13:17.070","51571.63188440958","2000-01-28 15:09:54.813","0.10232996991424732","0.921493868433295","0.37467002508617","10083899","CRAB-PULSAR","5","1","83.66338516808015","22.003919845237203","w2_f631n","18.663999557495117","0"
"Y","0.9997805327662999","0.044718056153808396","19.20507900292822","1.7212369441986084","16734349815111","0.3499999940395355","0","4","2","N","50026.63422531029","1995-11-05 15:13:17.070","51571.63188440958","2000-01-28 15:09:54.813","0.10232996991424732","0.921493868433295","0.37467002508617","10083899","CRAB-PULSAR","5","1","83.66338516808015","22.003919845237203","w2_f673n","18.449800491333008","0"
"Y","0.9997805327662999","0.044718056153808396","19.20507900292822","1.7212369441986084","16734349815111","0.3499999940395355","0","4","2","N","50026.63422531029","1995-11-05 15:13:17.070","51571.63188440958","2000-01-28 15:09:54.813","0.10232996991424732","0.921493868433295","0.37467002508617","10083899","CRAB-PULSAR","5","1","83.66338516808015","22.003919845237203","w2_f502n","19.829599380493164","0"
"Y","1.0095181365238748","0.06108040628308868","13.46028432274778","1.7212369441986084","16734349815119","0.21617646690677195","0.07651652901401179","5","14","N","51572.34114353685","2000-01-29 08:11:14.807","57607.32353999093","2016-08-07 07:45:53.857","0.10232959822492758","0.9214939944029369","0.37466981678318406","80160748","V-CM-TAU","17","1","83.6634088562868","22.00390697268531","w2_f673n","18.495290756225586","0"
"Y","1.0095181365238748","0.06108040628308868","13.46028432274778","1.7212369441986084","16734349815119","0.21617646690677195","0.07651652901401179","5","14","N","51572.34114353685","2000-01-29 08:11:14.807","57607.32353999093","2016-08-07 07:45:53.857","0.10232959822492758","0.9214939944029369","0.37466981678318406","80160748","V-CM-TAU","17","1","83.6634088562868","22.00390697268531","w2_f631n","18.737091064453125","0"
"Y","1.0095181365238748","0.06108040628308868","13.46028432274778","1.7212369441986084","16734349815119","0.21617646690677195","0.07651652901401179","5","14","N","51572.34114353685","2000-01-29 08:11:14.807","57607.32353999093","2016-08-07 07:45:53.857","0.10232959822492758","0.9214939944029369","0.37466981678318406","80160748","V-CM-TAU","17","1","83.6634088562868","22.00390697268531","w2_f547m","19.309289932250977","0"
"Y","1.0095181365238748","0.06108040628308868","13.46028432274778","1.7212369441986084","16734349815119","0.21617646690677195","0.07651652901401179","5","14","N","51572.34114353685","2000-01-29 08:11:14.807","57607.32353999093","2016-08-07 07:45:53.857","0.10232959822492758","0.9214939944029369","0.37466981678318406","80160748","V-CM-TAU","17","13","83.6634088562868","22.00390697268531","a_f550m","19.138500213623047","0.011400222778320312"
"Y","1.0709461510047866","0.09641660043723561","10.38191465701793","1.7212369441986084","16734349815538","0.22361110730303657","0.08065550344487837","5","15","N","50026.63422531029","1995-11-05 15:13:17.070","57607.32353999093","2016-08-07 07:45:53.857","0.10231559632354342","0.9214888219309081","0.37468636191783344","91776759","V-CM-TAU","18","1","83.66423357531023","22.0049294192264","w2_f673n","18.06100082397461","0"
"Y","1.0709461510047866","0.09641660043723561","10.38191465701793","1.7212369441986084","16734349815538","0.22361110730303657","0.08065550344487837","5","15","N","50026.63422531029","1995-11-05 15:13:17.070","57607.32353999093","2016-08-07 07:45:53.857","0.10231559632354342","0.9214888219309081","0.37468636191783344","91776759","V-CM-TAU","18","1","83.66423357531023","22.0049294192264","w2_f502n","18.670900344848633","0"
"Y","1.0709461510047866","0.09641660043723561","10.38191465701793","1.7212369441986084","16734349815538","0.22361110730303657","0.08065550344487837","5","15","N","50026.63422531029","1995-11-05 15:13:17.070","57607.32353999093","2016-08-07 07:45:53.857","0.10231559632354342","0.9214888219309081","0.37468636191783344","91776759","V-CM-TAU","18","1","83.66423357531023","22.0049294192264","w2_f631n","18.14459991455078","0"
"Y","1.0709461510047866","0.09641660043723561","10.38191465701793","1.7212369441986084","16734349815538","0.22361110730303657","0.08065550344487837","5","15","N","50026.63422531029","1995-11-05 15:13:17.070","57607.32353999093","2016-08-07 07:45:53.857","0.10231559632354342","0.9214888219309081","0.37468636191783344","91776759","V-CM-TAU","18","13","83.66423357531023","22.0049294192264","a_f550m","18.438899993896484","0.05010032653808594"
"Y","1.0709461510047866","0.09641660043723561","10.38191465701793","1.7212369441986084","16734349815538","0.22361110730303657","0.08065550344487837","5","15","N","50026.63422531029","1995-11-05 15:13:17.070","57607.32353999093","2016-08-07 07:45:53.857","0.10231559632354342","0.9214888219309081","0.37468636191783344","91776759","V-CM-TAU","18","2","83.66423357531023","22.0049294192264","w2_f547m","18.72739601135254","0.002895355224609375"
"Y","1.0398171274618309","0.07384472040446179","7.356262363067894","1.7212369441986084","16734349812099","0.18749999680689403","0.0467707165381737","2","14","N","50026.63422531029","1995-11-05 15:13:17.070","57607.32353999093","2016-08-07 07:45:53.857","0.10230002974879485","0.9214974043774411","0.37466950455170656","55657587","V-CM-TAU","14","13","83.66524819928298","22.003887677657215","a_f550m","18.908199310302734","0.03339958190917969"
"Y","1.0398171274618309","0.07384472040446179","7.356262363067894","1.7212369441986084","16734349812099","0.18749999680689403","0.0467707165381737","2","14","N","50026.63422531029","1995-11-05 15:13:17.070","57607.32353999093","2016-08-07 07:45:53.857","0.10230002974879485","0.9214974043774411","0.37466950455170656","55657587","V-CM-TAU","14","1","83.66524819928298","22.003887677657215","w2_f547m","19.113191604614258","0"
"Y","1.6079310713143184","0","0","1.7212369441986084","16734349782193","0.3499999940395355","0","1","1","N","51571.46544912504","2000-01-28 11:10:14.810","51571.56290287478","2000-01-28 13:30:34.810","0.1022567397773029","0.9214831917525789","0.37471627465038737","73187149","CRAB-FIELD-5","1","1","83.66781020647377","22.006777967488745","w2_f502n","19.406600952148438","0"
"Y","1.0712456868937845","0.09753971294083057","7.203855051591538","1.7212369441986084","16734349781084","0.18749999680689403","0.0467707165381737","2","14","N","50026.63422531029","1995-11-05 15:13:17.070","57607.32353999093","2016-08-07 07:45:53.857","0.10229504329682128","0.9214748293050868","0.3747263842806757","69843891","V-CM-TAU","14","13","83.66540054154365","22.007402728255716","a_f550m","18.97599983215332","0.05319976806640625"
"Y","1.0712456868937845","0.09753971294083057","7.203855051591538","1.7212369441986084","16734349781084","0.18749999680689403","0.0467707165381737","2","14","N","50026.63422531029","1995-11-05 15:13:17.070","57607.32353999093","2016-08-07 07:45:53.857","0.10229504329682128","0.9214748293050868","0.3747263842806757","69843891","V-CM-TAU","14","1","83.66540054154365","22.007402728255716","w2_f547m","19.113590240478516","0"
"Y","1.1847425421989337","0.3652656215637565","45.58220867048052","1.7212369441986084","16734349816934","0.22361110730303657","0.08065550344487837","5","15","N","50026.63422531029","1995-11-05 15:13:17.070","57607.32353999093","2016-08-07 07:45:53.857","0.10232018945475693","0.9214651246926352","0.3747433826059935","72019095","V-CM-TAU","18","1","83.66378984608231","22.008453206816338","w2_f631n","17.21500015258789","0"
"Y","1.1847425421989337","0.3652656215637565","45.58220867048052","1.7212369441986084","16734349816934","0.22361110730303657","0.08065550344487837","5","15","N","50026.63422531029","1995-11-05 15:13:17.070","57607.32353999093","2016-08-07 07:45:53.857","0.10232018945475693","0.9214651246926352","0.3747433826059935","72019095","V-CM-TAU","18","1","83.66378984608231","22.008453206816338","w2_f673n","17.04199981689453","0"
"Y","1.1847425421989337","0.3652656215637565","45.58220867048052","1.7212369441986084","16734349816934","0.22361110730303657","0.08065550344487837","5","15","N","50026.63422531029","1995-11-05 15:13:17.070","57607.32353999093","2016-08-07 07:45:53.857","0.10232018945475693","0.9214651246926352","0.3747433826059935","72019095","V-CM-TAU","18","13","83.66378984608231","22.008453206816338","a_f550m","17.46619987487793","0.012899398803710938"
"Y","1.1847425421989337","0.3652656215637565","45.58220867048052","1.7212369441986084","16734349816934","0.22361110730303657","0.08065550344487837","5","15","N","50026.63422531029","1995-11-05 15:13:17.070","57607.32353999093","2016-08-07 07:45:53.857","0.10232018945475693","0.9214651246926352","0.3747433826059935","72019095","V-CM-TAU","18","1","83.66378984608231","22.008453206816338","w2_f502n","17.822099685668945","0"
"Y","1.1847425421989337","0.3652656215637565","45.58220867048052","1.7212369441986084","16734349816934","0.22361110730303657","0.08065550344487837","5","15","N","50026.63422531029","1995-11-05 15:13:17.070","57607.32353999093","2016-08-07 07:45:53.857","0.10232018945475693","0.9214651246926352","0.3747433826059935","72019095","V-CM-TAU","18","2","83.66378984608231","22.008453206816338","w2_f547m","18.569445610046387","0.016045570373535156"
"Y","1.0414213387673084","0.08998569032349489","10.908646713885894","1.7212369441986084","16734349806541","0.18749999680689403","0.0467707165381737","2","14","N","50026.63422531029","1995-11-05 15:13:17.070","57607.32353999093","2016-08-07 07:45:53.857","0.10231914118743506","0.921459623360198","0.3747571958823032","59436691","V-CM-TAU","14","1","83.6638167117851","22.009306858440592","w2_f547m","19.367090225219727","0"
"Y","1.0414213387673084","0.08998569032349489","10.908646713885894","1.7212369441986084","16734349806541","0.18749999680689403","0.0467707165381737","2","14","N","50026.63422531029","1995-11-05 15:13:17.070","57607.32353999093","2016-08-07 07:45:53.857","0.10231914118743506","0.921459623360198","0.3747571958823032","59436691","V-CM-TAU","14","13","83.6638167117851","22.009306858440592","a_f550m","18.828399658203125","0.039798736572265625"
"Y","3.184224792229113","1.5112562764874586","12.693023167627983","1.7212369441986084","16734349784059","0.3499999940395355","0","2","2","N","51462.60571278259","1999-10-11 14:32:13.587","51571.63188440958","2000-01-28 15:09:54.813","0.10226988766095024","0.9214668377210546","0.3747529013341934","84613414","CRAB-FIELD-7","3","2","83.66689116237586","22.009041457588935","w2_f673n","19.739749908447266","0.025449752807617188"
"Y","1.2967816714582772","0","0","1.7212369441986084","16734349780636","0.3499999940395355","0","1","1","N","51571.46544912504","2000-01-28 11:10:14.810","51571.56290287478","2000-01-28 13:30:34.810","0.10224718746886134","0.9214886385805964","0.374705486511549","26490652","CRAB-FIELD-5","1","1","83.66843404502127","22.00611127887404","w2_f502n","19.196800231933594","0"
"Y","1.1148276000187314","0","0","1.7212369441986084","16734349785019","0.3499999940395355","0","1","1","N","51462.73696278222","1999-10-11 17:41:13.587","51462.83441644907","1999-10-11 20:01:33.587","0.1022092706661843","0.9214726808619587","0.3747550712333693","100975210","CRAB-FIELD-7","1","1","83.6706542334057","22.009175556184577","w2_f502n","19.13319969177246","0"
"Y","1.9904003491283133","1.158595707643733","0","1.7212369441986084","16734350129465","0.3499999940395355","0","2","1","N","51462.73696278222","1999-10-11 17:41:13.587","51462.90339794895","1999-10-11 21:40:53.587","0.10194319577601256","0.9216240992762759","0.3744550767025922","10568766","CRAB-FIELD-7","2","1","83.68802663781247","21.990637259667537","w2_f502n","19.79199981689453","0"
"Y","1.2224419172420058","0","0","1.7212369441986084","16734350128954","0.3499999940395355","0","1","1","N","51462.87168507185","1999-10-11 20:55:13.593","51462.90339794895","1999-10-11 21:40:53.587","0.10196293558702374","0.9216081584926514","0.3744889343711397","101399603","CRAB-FIELD-7","1","1","83.68670596843194","21.992729388173252","w2_f673n","19.953100204467773","0"
"Y","2.996189365562409","0","0","1.7212369441986084","16734350045699","0.7275","0","1","1","N","51462.87168507185","1999-10-11 20:55:13.593","51462.90339794895","1999-10-11 21:40:53.587","0.10214346575986287","0.9215726520313839","0.3745271144131024","29055464","CRAB-FIELD-7","1","1","83.67537678766466","21.99508864120988","w2_f673n","19.591800689697266","0"
"Y","0.8269767428553382","0","0","1.7212369441986084","16734350161901","0.3499999940395355","0","1","1","N","51462.87168507185","1999-10-11 20:55:13.593","51462.90339794895","1999-10-11 21:40:53.587","0.10205324072239216","0.9215774508151228","0.3745399020229133","42239648","CRAB-FIELD-7","1","1","83.68095085948434","21.99587883264655","w2_f673n","19.694900512695312","0"
"Y","2.120697636936986","0","0","1.7212369441986084","16734350037959","0.3499999940395355","0","1","1","N","51571.60017132852","2000-01-28 14:24:14.807","51571.63188440958","2000-01-28 15:09:54.813","0.1021103025902247","0.9215491541321209","0.3745939703513709","71964685","CRAB-FIELD-5","1","1","83.67725367725433","21.999219953698223","w2_f673n","19.947999954223633","0"
"Y","1.6368764965422216","0.7118694059861085","131.3848791886668","1.7212369441986084","16734350037843","0.24999999574252538","0.0935414330763474","4","5","N","51571.349476951174","2000-01-28 08:23:14.813","56585.8071364467","2013-10-20 19:22:16.593","0.10210510770419616","0.9215486597372451","0.37459660265317835","26997396","V-CM-TAU","7","1","83.67756937914478","21.999382617252817","w2_f673n","19.98780059814453","0"
"Y","0.8755172121113745","0","0","1.7212369441986084","16734350124661","0.3499999940395355","0","1","1","N","51462.73696278222","1999-10-11 17:41:13.587","51462.83441644907","1999-10-11 20:01:33.587","0.10195598421014075","0.9215893831973396","0.3745370289595492","64615897","CRAB-FIELD-7","1","1","83.68700533353424","21.995701295561798","w2_f502n","19.978599548339844","0"
"Y","6.076018457059507","0","0","1.7212369441986084","16734350160324","0.17499999701976776","0","1","1","N","55471.114321747795","2010-10-02 02:44:37.403","55471.14296835661","2010-10-02 03:25:52.470","0.10202171834359612","0.9215661898753537","0.3745761960746813","87936013","CRAB-NEBULA-AND-PULSAR","1","1","83.6828103494352","21.998121593869307","a_f550m","18.481599807739258","0"
"Y","1.4390804301733258","0","0","1.7212369441986084","16734350136228","0.3499999940395355","0","1","1","N","51462.73696278222","1999-10-11 17:41:13.587","51462.83441644907","1999-10-11 20:01:33.587","0.10186378379962785","0.9216451652162417","0.374424837562524","30222777","CRAB-FIELD-7","1","1","83.69304691449402","21.98876875286808","w2_f502n","19.960599899291992","0"
"Y","1.3341556829234809","0.06120524785582149","0","1.7212369441986084","16734350096239","0.3499999940395355","0","4","1","N","51462.60571278259","1999-10-11 14:32:13.587","51462.90339794895","1999-10-11 21:40:53.587","0.10176912958539938","0.9216563331973691","0.3744230865488545","36412425","CRAB-FIELD-7","4","1","83.69893605989634","21.988660556730707","w2_f673n","19.9158992767334","0"
"Y","0.7952873734222061","0","0","1.7212369441986084","16734350087409","0.3499999940395355","0","1","1","N","51462.73696278222","1999-10-11 17:41:13.587","51462.83441644907","1999-10-11 20:01:33.587","0.1017685518194459","0.92162744518182","0.37449434461463355","95088231","CRAB-FIELD-7","1","1","83.69877563033589","21.99306370007159","w2_f502n","19.83650016784668","0"
"Y","2.4625287658866797","0","0","1.7212369441986084","16734350088841","0.3499999940395355","0","1","1","N","51462.73696278222","1999-10-11 17:41:13.587","51462.83441644907","1999-10-11 20:01:33.587","0.10170783276855945","0.9216311588960601","0.3745017005376062","51760630","CRAB-FIELD-7","1","1","83.70253014179241","21.99351824142655","w2_f502n","18.899700164794922","0"
"Y","1.0366666591030427","0","0","1.7212369441986084","16734350140819","0.3499999940395355","0","1","1","N","51462.73696278222","1999-10-11 17:41:13.587","51462.83441644907","1999-10-11 20:01:33.587","0.10178489299431734","0.9216018762003912","0.3745528231667474","65495785","CRAB-FIELD-7","1","1","83.69759852867898","21.996677280092324","w2_f502n","19.852500915527344","0"
"Y","2.8677177513643115","2.736770584823691","0","1.7212369441986084","16734350066515","0.3499999940395355","0","2","1","N","51571.33489353722","2000-01-28 08:02:14.807","51571.56290287478","2000-01-28 13:30:34.810","0.1021197534526152","0.9215415960228546","0.3746099875266566","31664614","CRAB-FIELD-5","2","1","83.67662177159222","22.00020974088424","w2_f502n","19.865999221801758","0"
"Y","0.9343678238748134","0","0","1.7212369441986084","16734350065869","0.3499999940395355","0","1","1","N","51571.46544912504","2000-01-28 11:10:14.810","51571.56290287478","2000-01-28 13:30:34.810","0.1021158770968356","0.921540459679947","0.3746138395974046","75743400","CRAB-FIELD-5","1","1","83.6768521221574","22.000447782030918","w2_f502n","19.6289005279541","0"
"Y","0.9443678390020611","0","0","1.7212369441986084","16734350210784","0.3499999940395355","0","1","1","N","51462.73696278222","1999-10-11 17:41:13.587","51462.83441644907","1999-10-11 20:01:33.587","0.10193130245546779","0.9215396827994718","0.3746660147460715","84995607","CRAB-FIELD-7","1","1","83.68818362127745","22.00367201768505","w2_f502n","19.583999633789062","0"
"Y","1.6691954656579029","0","0","1.7212369441986084","16734350190835","0.3499999940395355","0","1","1","N","51462.73696278222","1999-10-11 17:41:13.587","51462.83441644907","1999-10-11 20:01:33.587","0.10198926532295809","0.9215100164118892","0.3747232037271843","27587912","CRAB-FIELD-7","1","1","83.68442175230689","22.007206174294144","w2_f502n","19.964000701904297","0"
"Y","0.9425287274108536","0","0","1.7212369441986084","16734350191185","0.3499999940395355","0","1","1","N","51571.46544912504","2000-01-28 11:10:14.810","51571.56290287478","2000-01-28 13:30:34.810","0.1019871466974175","0.9215015519471786","0.3747445952481917","47877297","CRAB-FIELD-5","1","1","83.68449434400803","22.008528147139764","w2_f502n","19.534000396728516","0"
"Y","1.1519540315386894","0","0","1.7212369441986084","16734350188783","0.3499999940395355","0","1","1","N","51462.73696278222","1999-10-11 17:41:13.587","51462.83441644907","1999-10-11 20:01:33.587","0.10191288948547382","0.9214892511889928","0.37479504118913526","98770099","CRAB-FIELD-7","1","1","83.68897200739822","22.011645700517693","w2_f502n","19.869699478149414","0"
"Y","1.4280566562786678","0.30751771014154183","0","1.7212369441986084","16734350205256","0.3499999940395355","0","4","1","N","51462.60571278259","1999-10-11 14:32:13.587","51462.90339794895","1999-10-11 21:40:53.587","0.10191045460966418","0.9215560031963669","0.37463154193702897","14677565","CRAB-FIELD-7","4","1","83.68957500666558","22.001541714436723","w2_f547m","17.617000579833984","0"
"Y","1.4280566562786678","0.30751771014154183","0","1.7212369441986084","16734350205256","0.3499999940395355","0","4","1","N","51462.60571278259","1999-10-11 14:32:13.587","51462.90339794895","1999-10-11 21:40:53.587","0.10191045460966418","0.9215560031963669","0.37463154193702897","14677565","CRAB-FIELD-7","4","1","83.68957500666558","22.001541714436723","w2_f673n","16.540700912475586","0"
"Y","1.4280566562786678","0.30751771014154183","0","1.7212369441986084","16734350205256","0.3499999940395355","0","4","1","N","51462.60571278259","1999-10-11 14:32:13.587","51462.90339794895","1999-10-11 21:40:53.587","0.10191045460966418","0.9215560031963669","0.37463154193702897","14677565","CRAB-FIELD-7","4","1","83.68957500666558","22.001541714436723","w2_f631n","16.58769989013672","0"
"Y","1.4280566562786678","0.30751771014154183","0","1.7212369441986084","16734350205256","0.3499999940395355","0","4","1","N","51462.60571278259","1999-10-11 14:32:13.587","51462.90339794895","1999-10-11 21:40:53.587","0.10191045460966418","0.9215560031963669","0.37463154193702897","14677565","CRAB-FIELD-7","4","1","83.68957500666558","22.001541714436723","w2_f502n","17.357999801635742","0"
"Y","1.3453805627462159","0.07308977206438644","0","1.7212369441986084","16734350208591","0.3499999940395355","0","4","1","N","51462.60571278259","1999-10-11 14:32:13.587","51462.90339794895","1999-10-11 21:40:53.587","0.1019150591599933","0.9215484471531019","0.3746488759708817","77910352","CRAB-FIELD-7","4","1","83.68924086148975","22.002612895223493","w2_f631n","19.96980094909668","0"
"Y","1.3453805627462159","0.07308977206438644","0","1.7212369441986084","16734350208591","0.3499999940395355","0","4","1","N","51462.60571278259","1999-10-11 14:32:13.587","51462.90339794895","1999-10-11 21:40:53.587","0.1019150591599933","0.9215484471531019","0.3746488759708817","77910352","CRAB-FIELD-7","4","1","83.68924086148975","22.002612895223493","w2_f673n","19.939699172973633","0"
"Y","1.2904256849134712","0.04059978846482648","0","1.7212369441986084","16734350174482","0.3499999940395355","0","4","1","N","51462.60571278259","1999-10-11 14:32:13.587","51462.90339794895","1999-10-11 21:40:53.587","0.10188228803990522","0.9215484457270625","0.3746577926080086","88301976","CRAB-FIELD-7","4","1","83.69125373262102","22.003163914397177","w2_f631n","19.697599411010742","0"
"Y","1.2904256849134712","0.04059978846482648","0","1.7212369441986084","16734350174482","0.3499999940395355","0","4","1","N","51462.60571278259","1999-10-11 14:32:13.587","51462.90339794895","1999-10-11 21:40:53.587","0.10188228803990522","0.9215484457270625","0.3746577926080086","88301976","CRAB-FIELD-7","4","1","83.69125373262102","22.003163914397177","w2_f673n","19.85540008544922","0"
"Y","2.9965624249067515","0.22168184677889782","0","1.7212369441986084","16734350113716","0.3499999940395355","0","4","1","N","51462.60571278259","1999-10-11 14:32:13.587","51462.90339794895","1999-10-11 21:40:53.587","0.10178346839071455","0.9215553905728706","0.3746675695447094","92964746","CRAB-FIELD-7","4","1","83.69737068197021","22.003768099747816","w2_f547m","19.172199249267578","0"
"Y","2.9965624249067515","0.22168184677889782","0","1.7212369441986084","16734350113716","0.3499999940395355","0","4","1","N","51462.60571278259","1999-10-11 14:32:13.587","51462.90339794895","1999-10-11 21:40:53.587","0.10178346839071455","0.9215553905728706","0.3746675695447094","92964746","CRAB-FIELD-7","4","1","83.69737068197021","22.003768099747816","w2_f673n","18.622100830078125","0"
"Y","2.9965624249067515","0.22168184677889782","0","1.7212369441986084","16734350113716","0.3499999940395355","0","4","1","N","51462.60571278259","1999-10-11 14:32:13.587","51462.90339794895","1999-10-11 21:40:53.587","0.10178346839071455","0.9215553905728706","0.3746675695447094","92964746","CRAB-FIELD-7","4","1","83.69737068197021","22.003768099747816","w2_f502n","19.570499420166016","0"
"Y","2.9965624249067515","0.22168184677889782","0","1.7212369441986084","16734350113716","0.3499999940395355","0","4","1","N","51462.60571278259","1999-10-11 14:32:13.587","51462.90339794895","1999-10-11 21:40:53.587","0.10178346839071455","0.9215553905728706","0.3746675695447094","92964746","CRAB-FIELD-7","4","1","83.69737068197021","22.003768099747816","w2_f631n","18.808500289916992","0"
"Y","1.5935632004134956","0","0","1.7212369441986084","16734350169351","0.3499999940395355","0","1","1","N","51462.73696278222","1999-10-11 17:41:13.587","51462.83441644907","1999-10-11 20:01:33.587","0.10185057141378787","0.9215178838061808","0.3747415788622304","74586760","CRAB-FIELD-7","1","1","83.69299438085082","22.008341737007232","w2_f502n","19.81290054321289","0"
"Y","1.1350833496109412","0.21979889395767158","34.059441230437464","1.7212369441986084","16734347739513","0.3916901600458581","0.2261592866724405","9","55","N","49943.67103069695","1995-08-14 16:06:17.053","57607.32353999093","2016-08-07 07:45:53.857","0.10253812870432612","0.9214089335742665","0.3748219701303236","26763229","V-CM-TAU","61","1","83.65001994128001","22.01330993406365","w2_f502n","19.778499603271484","0"
"Y","1.1350833496109412","0.21979889395767158","34.059441230437464","1.7212369441986084","16734347739513","0.3916901600458581","0.2261592866724405","9","55","N","49943.67103069695","1995-08-14 16:06:17.053","57607.32353999093","2016-08-07 07:45:53.857","0.10253812870432612","0.9214089335742665","0.3748219701303236","26763229","V-CM-TAU","61","32","83.65001994128001","22.01330993406365","w2_f547m","19.394394874572754","0.12104988098144531"
"Y","1.1350833496109412","0.21979889395767158","34.059441230437464","1.7212369441986084","16734347739513","0.3916901600458581","0.2261592866724405","9","55","N","49943.67103069695","1995-08-14 16:06:17.053","57607.32353999093","2016-08-07 07:45:53.857","0.10253812870432612","0.9214089335742665","0.3748219701303236","26763229","V-CM-TAU","61","22","83.65001994128001","22.01330993406365","a_f550m","19.308449745178223","0.04465007781982422"
"Y","1.1350833496109412","0.21979889395767158","34.059441230437464","1.7212369441986084","16734347739513","0.3916901600458581","0.2261592866724405","9","55","N","49943.67103069695","1995-08-14 16:06:17.053","57607.32353999093","2016-08-07 07:45:53.857","0.10253812870432612","0.9214089335742665","0.3748219701303236","26763229","V-CM-TAU","61","1","83.65001994128001","22.01330993406365","w3_f555w","19.47319984436035","0"
"Y","1.1350833496109412","0.21979889395767158","34.059441230437464","1.7212369441986084","16734347739513","0.3916901600458581","0.2261592866724405","9","55","N","49943.67103069695","1995-08-14 16:06:17.053","57607.32353999093","2016-08-07 07:45:53.857","0.10253812870432612","0.9214089335742665","0.3748219701303236","26763229","V-CM-TAU","61","1","83.65001994128001","22.01330993406365","w2_f631n","19.09000015258789","0"
"Y","1.1350833496109412","0.21979889395767158","34.059441230437464","1.7212369441986084","16734347739513","0.3916901600458581","0.2261592866724405","9","55","N","49943.67103069695","1995-08-14 16:06:17.053","57607.32353999093","2016-08-07 07:45:53.857","0.10253812870432612","0.9214089335742665","0.3748219701303236","26763229","V-CM-TAU","61","1","83.65001994128001","22.01330993406365","w2_f673n","18.999399185180664","0"
"Y","1.1350833496109412","0.21979889395767158","34.059441230437464","1.7212369441986084","16734347739513","0.3916901600458581","0.2261592866724405","9","55","N","49943.67103069695","1995-08-14 16:06:17.053","57607.32353999093","2016-08-07 07:45:53.857","0.10253812870432612","0.9214089335742665","0.3748219701303236","26763229","V-CM-TAU","61","1","83.65001994128001","22.01330993406365","w2_f814w","18.630199432373047","0"
"Y","1.1350833496109412","0.21979889395767158","34.059441230437464","1.7212369441986084","16734347739513","0.3916901600458581","0.2261592866724405","9","55","N","49943.67103069695","1995-08-14 16:06:17.053","57607.32353999093","2016-08-07 07:45:53.857","0.10253812870432612","0.9214089335742665","0.3748219701303236","26763229","V-CM-TAU","61","1","83.65001994128001","22.01330993406365","w3_f160w","18.315099716186523","0"
"Y","1.0595659989215833","0.10142646092159366","10.906823261746332","1.7212369441986084","16734349790832","0.23151034192792302","0.11897332898926363","4","28","N","51610.50850524055","2000-03-07 12:12:14.857","57607.32353999093","2016-08-07 07:45:53.857","0.1024899385083027","0.9214160046463448","0.3748177675718866","40138747","V-CM-TAU","29","5","83.65302821322939","22.013050210760323","w2_f547m","18.420791625976562","0.02799224853515625"
"Y","1.0595659989215833","0.10142646092159366","10.906823261746332","1.7212369441986084","16734349790832","0.23151034192792302","0.11897332898926363","4","28","N","51610.50850524055","2000-03-07 12:12:14.857","57607.32353999093","2016-08-07 07:45:53.857","0.1024899385083027","0.9214160046463448","0.3748177675718866","40138747","V-CM-TAU","29","22","83.65302821322939","22.013050210760323","a_f550m","18.10425090789795","0.058200836181640625"
"Y","1.0595659989215833","0.10142646092159366","10.906823261746332","1.7212369441986084","16734349790832","0.23151034192792302","0.11897332898926363","4","28","N","51610.50850524055","2000-03-07 12:12:14.857","57607.32353999093","2016-08-07 07:45:53.857","0.1024899385083027","0.9214160046463448","0.3748177675718866","40138747","V-CM-TAU","29","1","83.65302821322939","22.013050210760323","w3_f555w","18.24720001220703","0"
"Y","1.0595659989215833","0.10142646092159366","10.906823261746332","1.7212369441986084","16734349790832","0.23151034192792302","0.11897332898926363","4","28","N","51610.50850524055","2000-03-07 12:12:14.857","57607.32353999093","2016-08-07 07:45:53.857","0.1024899385083027","0.9214160046463448","0.3748177675718866","40138747","V-CM-TAU","29","1","83.65302821322939","22.013050210760323","w3_f160w","16.899200439453125","0"
"Y","1.157273425903492","0.33875748946967016","19.38437490042159","1.7212369441986084","16734349790804","0.4182499979138374","0.051382853834423016","3","18","N","49943.67103069695","1995-08-14 16:06:17.053","52016.30017225444","2001-04-17 07:12:14.887","0.10249000823268534","0.9214159234194086","0.37481794818593384","13742644","CRAB-PULSAR-POS2","20","1","83.65302337564383","22.013061372930277","w2_f814w","17.87420082092285","0"
"Y","1.157273425903492","0.33875748946967016","19.38437490042159","1.7212369441986084","16734349790804","0.4182499979138374","0.051382853834423016","3","18","N","49943.67103069695","1995-08-14 16:06:17.053","52016.30017225444","2001-04-17 07:12:14.887","0.10249000823268534","0.9214159234194086","0.37481794818593384","13742644","CRAB-PULSAR-POS2","20","18","83.65302337564383","22.013061372930277","w2_f547m","18.501845359802246","0.060199737548828125"
"Y","1.0757301077311627","0.11062749098532161","16.106761708936617","1.7212369441986084","16734349802688","0.23959999467645374","0.09847071223098391","8","30","N","49943.67103069695","1995-08-14 16:06:17.053","57607.32353999093","2016-08-07 07:45:53.857","0.10244523843098066","0.9214303621740656","0.3747946915151453","36929286","V-CM-TAU","35","1","83.65587186121464","22.011624090454664","w3_f160w","18.33679962158203","0"
"Y","1.0757301077311627","0.11062749098532161","16.106761708936617","1.7212369441986084","16734349802688","0.23959999467645374","0.09847071223098391","8","30","N","49943.67103069695","1995-08-14 16:06:17.053","57607.32353999093","2016-08-07 07:45:53.857","0.10244523843098066","0.9214303621740656","0.3747946915151453","36929286","V-CM-TAU","35","1","83.65587186121464","22.011624090454664","w2_f814w","19.160900115966797","0"
"Y","1.0757301077311627","0.11062749098532161","16.106761708936617","1.7212369441986084","16734349802688","0.23959999467645374","0.09847071223098391","8","30","N","49943.67103069695","1995-08-14 16:06:17.053","57607.32353999093","2016-08-07 07:45:53.857","0.10244523843098066","0.9214303621740656","0.3747946915151453","36929286","V-CM-TAU","35","1","83.65587186121464","22.011624090454664","w2_f631n","19.86359977722168","0"
"Y","1.0757301077311627","0.11062749098532161","16.106761708936617","1.7212369441986084","16734349802688","0.23959999467645374","0.09847071223098391","8","30","N","49943.67103069695","1995-08-14 16:06:17.053","57607.32353999093","2016-08-07 07:45:53.857","0.10244523843098066","0.9214303621740656","0.3747946915151453","36929286","V-CM-TAU","35","1","83.65587186121464","22.011624090454664","w2_f673n","19.601999282836914","0"
"Y","2.947449255088638","3.260217255027539","66.73560861781704","1.7212369441986084","16734349796696","0.20883332987626393","0.07469299167030305","4","27","N","49943.67103069695","1995-08-14 16:06:17.053","57607.32353999093","2016-08-07 07:45:53.857","0.10238945174312951","0.9214240506418935","0.3748254514728789","8989498","V-CM-TAU","28","5","83.65925534088231","22.013525085686464","w2_f547m","17.797300338745117","0.06749916076660156"
"Y","2.947449255088638","3.260217255027539","66.73560861781704","1.7212369441986084","16734349796696","0.20883332987626393","0.07469299167030305","4","27","N","49943.67103069695","1995-08-14 16:06:17.053","57607.32353999093","2016-08-07 07:45:53.857","0.10238945174312951","0.9214240506418935","0.3748254514728789","8989498","V-CM-TAU","28","1","83.65925534088231","22.013525085686464","w3_f555w","19.522199630737305","0"
"Y","2.947449255088638","3.260217255027539","66.73560861781704","1.7212369441986084","16734349796696","0.20883332987626393","0.07469299167030305","4","27","N","49943.67103069695","1995-08-14 16:06:17.053","57607.32353999093","2016-08-07 07:45:53.857","0.10238945174312951","0.9214240506418935","0.3748254514728789","8989498","V-CM-TAU","28","23","83.65925534088231","22.013525085686464","a_f550m","16.807199478149414","0.4900989532470703"
"Y","2.3914535378300865","0.11190380343349458","0","1.7212369441986084","16734349924731","0.3499999940395355","0","2","1","N","51571.349476951174","2000-01-28 08:23:14.813","51571.63188440958","2000-01-28 15:09:54.813","0.10236433915416791","0.921410810959516","0.3748648550033629","30220511","CRAB-FIELD-5","2","1","83.66070749824287","22.01596029937157","w2_f673n","19.944900512695312","0"
"Y","1.2431661215891663","0.261815539567788","37.025544574391375","1.7212369441986084","16734349720477","0.21903225443055552","0.07876567800161528","5","29","N","49943.67103069695","1995-08-14 16:06:17.053","57607.32353999093","2016-08-07 07:45:53.857","0.1024245139100474","0.9213588508042782","0.3749761152344464","102204142","V-CM-TAU","31","6","83.65665651932564","22.022836620733166","w2_f547m","18.457250595092773","0.04674053192138672"
"Y","1.2431661215891663","0.261815539567788","37.025544574391375","1.7212369441986084","16734349720477","0.21903225443055552","0.07876567800161528","5","29","N","49943.67103069695","1995-08-14 16:06:17.053","57607.32353999093","2016-08-07 07:45:53.857","0.1024245139100474","0.9213588508042782","0.3749761152344464","102204142","V-CM-TAU","31","1","83.65665651932564","22.022836620733166","w2_f814w","17.592300415039062","0"
"Y","1.2431661215891663","0.261815539567788","37.025544574391375","1.7212369441986084","16734349720477","0.21903225443055552","0.07876567800161528","5","29","N","49943.67103069695","1995-08-14 16:06:17.053","57607.32353999093","2016-08-07 07:45:53.857","0.1024245139100474","0.9213588508042782","0.3749761152344464","102204142","V-CM-TAU","31","1","83.65665651932564","22.022836620733166","w3_f555w","19.749799728393555","0"
"Y","1.2431661215891663","0.261815539567788","37.025544574391375","1.7212369441986084","16734349720477","0.21903225443055552","0.07876567800161528","5","29","N","49943.67103069695","1995-08-14 16:06:17.053","57607.32353999093","2016-08-07 07:45:53.857","0.1024245139100474","0.9213588508042782","0.3749761152344464","102204142","V-CM-TAU","31","22","83.65665651932564","22.022836620733166","a_f550m","17.408650398254395","0.019600868225097656"
"Y","1.0494860840767122","0.0963135157166612","19.26929125172203","1.7212369441986084","16734349925933","0.22574999630451204","0.08381173920511625","4","19","N","49943.67103069695","1995-08-14 16:06:17.053","57607.32353999093","2016-08-07 07:45:53.857","0.10232015354762797","0.9214083864556804","0.3748828771080328","73032286","V-CM-TAU","20","1","83.66340505585966","22.017074113897607","w2_f814w","19.69420051574707","0"
"Y","1.1903851524272777","0.3917007899076154","27.852434735719495","1.7212369441986084","16734349938770","0.21194444100062051","0.07637251609067877","5","16","N","49943.67103069695","1995-08-14 16:06:17.053","57607.32353999093","2016-08-07 07:45:53.857","0.10229343190126237","0.9214193284868337","0.374863274918498","51795867","V-CM-TAU","18","1","83.66512106496131","22.015862646275288","w2_f814w","19.843700408935547","0"
"Y","1.2365868332583547","0.2640108459977148","12.441239302897019","1.7212369441986084","16734349897038","0.21617646690677195","0.07651652901401179","4","15","N","49943.67103069695","1995-08-14 16:06:17.053","57607.32353999093","2016-08-07 07:45:53.857","0.10225436453843727","0.9214234947383899","0.37486369293243726","77633698","V-CM-TAU","17","13","83.66754919026886","22.01588848054263","a_f550m","17.21380043029785","0.010700225830078125"
"Y","1.2365868332583547","0.2640108459977148","12.441239302897019","1.7212369441986084","16734349897038","0.21617646690677195","0.07651652901401179","4","15","N","49943.67103069695","1995-08-14 16:06:17.053","57607.32353999093","2016-08-07 07:45:53.857","0.10225436453843727","0.9214234947383899","0.37486369293243726","77633698","V-CM-TAU","17","1","83.66754919026886","22.01588848054263","w2_f814w","17.42490005493164","0"
"Y","1.2365868332583547","0.2640108459977148","12.441239302897019","1.7212369441986084","16734349897038","0.21617646690677195","0.07651652901401179","4","15","N","49943.67103069695","1995-08-14 16:06:17.053","57607.32353999093","2016-08-07 07:45:53.857","0.10225436453843727","0.9214234947383899","0.37486369293243726","77633698","V-CM-TAU","17","2","83.66754919026886","22.01588848054263","w2_f547m","17.97319984436035","0.03459930419921875"
"Y","1.8317747952653936","0.8451120576839187","24.57956728785818","1.7212369441986084","16734349924084","0.23166666286332266","0.08607167393334587","5","19","N","49943.67103069695","1995-08-14 16:06:17.053","57607.32353999093","2016-08-07 07:45:53.857","0.10231737872126771","0.9214007882515471","0.3749023091722754","100857294","V-CM-TAU","21","5","83.6635236731823","22.018275077544146","w2_f547m","17.96540069580078","0.2238006591796875"
"Y","1.8317747952653936","0.8451120576839187","24.57956728785818","1.7212369441986084","16734349924084","0.23166666286332266","0.08607167393334587","5","19","N","49943.67103069695","1995-08-14 16:06:17.053","57607.32353999093","2016-08-07 07:45:53.857","0.10231737872126771","0.9214007882515471","0.3749023091722754","100857294","V-CM-TAU","21","1","83.6635236731823","22.018275077544146","w3_f555w","18.69219970703125","0"
"Y","1.8317747952653936","0.8451120576839187","24.57956728785818","1.7212369441986084","16734349924084","0.23166666286332266","0.08607167393334587","5","19","N","49943.67103069695","1995-08-14 16:06:17.053","57607.32353999093","2016-08-07 07:45:53.857","0.10231737872126771","0.9214007882515471","0.3749023091722754","100857294","V-CM-TAU","21","13","83.6635236731823","22.018275077544146","a_f550m","17.23150062561035","0.5159015655517578"
"Y","1.8317747952653936","0.8451120576839187","24.57956728785818","1.7212369441986084","16734349924084","0.23166666286332266","0.08607167393334587","5","19","N","49943.67103069695","1995-08-14 16:06:17.053","57607.32353999093","2016-08-07 07:45:53.857","0.10231737872126771","0.9214007882515471","0.3749023091722754","100857294","V-CM-TAU","21","1","83.6635236731823","22.018275077544146","w2_f814w","17.371599197387695","0"
"Y","1.0792450262950017","0.10002727865918358","6.354277059565919","1.7212369441986084","16734349949587","0.17499999701976776","0","1","13","N","55471.114321747795","2010-10-02 02:44:37.403","57607.32353999093","2016-08-07 07:45:53.857","0.10226213557279934","0.9213793385225351","0.3749700923728575","98860825","V-CM-TAU","13","13","83.66677081887468","22.022464375562706","a_f550m","18.795400619506836","0.04560089111328125"
"Y","3.395586433234038","4.345222161450406","60.67247556208043","1.7212369441986084","16734349947681","0.17499999701976776","0","1","6","N","55471.114321747795","2010-10-02 02:44:37.403","56627.30947536556","2013-12-01 07:25:38.677","0.10222514518115944","0.9213895693803774","0.3749550388141827","85633155","V-CM-TAU","6","6","83.66911280461636","22.021533989145397","a_f550m","16.901949882507324","0.10515022277832031"
"Y","5.080745206838712","2.7688720281462484","0","1.7212369441986084","16734349944070","0.7275","0","2","1","N","51571.33489353722","2000-01-28 08:02:14.807","51571.56290287478","2000-01-28 13:30:34.810","0.10220801530925372","0.9213804314099544","0.37498216253785227","77297046","CRAB-FIELD-5","2","1","83.67010279221813","22.02321037752737","w2_f502n","19.976499557495117","0"
"Y","2.8862789619800657","0","0","1.7212369441986084","16734347632139","0.3499999940395355","0","1","1","N","49457.16964748595","1994-04-15 04:04:17.547","49457.390017861035","1994-04-15 09:21:37.547","0.10256438879557243","0.9213271998675059","0.3750156489227117","32801071","NGC1952-BRTFIL","1","1","83.6478481322759","22.02528003906162","w2_f658n","19.459800720214844","0"
"Y","2.5236046591470407","0","0","1.7212369441986084","16734347645468","0.3499999940395355","0","1","1","N","49457.16964748595","1994-04-15 04:04:17.547","49457.390017861035","1994-04-15 09:21:37.547","0.10256176215830974","0.92132307394513","0.3750265035446815","76985329","NGC1952-BRTFIL","1","1","83.64798126559113","22.025950926981093","w2_f658n","19.69860076904297","0"
"Y","1.01825712013804","0.17000088869375854","19.753976416875062","1.7212369441986084","16734349746212","0.3499999940395355","0","3","21","N","49457.16964748595","1994-04-15 04:04:17.547","52016.30017225444","2001-04-17 07:12:14.887","0.10251244393372112","0.9213122364312146","0.3750666098727771","19982053","NGC1952-BRTFIL","22","1","83.6509366980755","22.02842979270774","w2_f658n","19.403499603271484","0"
"Y","1.01825712013804","0.17000088869375854","19.753976416875062","1.7212369441986084","16734349746212","0.3499999940395355","0","3","21","N","49457.16964748595","1994-04-15 04:04:17.547","52016.30017225444","2001-04-17 07:12:14.887","0.10251244393372112","0.9213122364312146","0.3750666098727771","19982053","NGC1952-BRTFIL","22","1","83.6509366980755","22.02842979270774","w2_f814w","19.403200149536133","0"
"Y","1.0950130296608498","0.18477026669190438","28.692020746286282","1.7212369441986084","16734349713895","0.26541666220873594","0.08925717721492755","5","46","N","49943.67103069695","1995-08-14 16:06:17.053","57607.32353999093","2016-08-07 07:45:53.857","0.1025072409581919","0.9213289167691304","0.37502705592702906","48213473","V-CM-TAU","48","1","83.65137031407305","22.025985067979736","w2_f814w","19.329500198364258","0"
"Y","1.0950130296608498","0.18477026669190438","28.692020746286282","1.7212369441986084","16734349713895","0.26541666220873594","0.08925717721492755","5","46","N","49943.67103069695","1995-08-14 16:06:17.053","57607.32353999093","2016-08-07 07:45:53.857","0.1025072409581919","0.9213289167691304","0.37502705592702906","48213473","V-CM-TAU","48","1","83.65137031407305","22.025985067979736","w3_f555w","19.848600387573242","0"
"Y","1.0950130296608498","0.18477026669190438","28.692020746286282","1.7212369441986084","16734349713895","0.26541666220873594","0.08925717721492755","5","46","N","49943.67103069695","1995-08-14 16:06:17.053","57607.32353999093","2016-08-07 07:45:53.857","0.1025072409581919","0.9213289167691304","0.37502705592702906","48213473","V-CM-TAU","48","23","83.65137031407305","22.025985067979736","w2_f547m","19.750490188598633","0.03499031066894531"
"Y","1.0950130296608498","0.18477026669190438","28.692020746286282","1.7212369441986084","16734349713895","0.26541666220873594","0.08925717721492755","5","46","N","49943.67103069695","1995-08-14 16:06:17.053","57607.32353999093","2016-08-07 07:45:53.857","0.1025072409581919","0.9213289167691304","0.37502705592702906","48213473","V-CM-TAU","48","22","83.65137031407305","22.025985067979736","a_f550m","19.6225004196167","0.02830028533935547"
"Y","2.5470930476521336","0","0","1.7212369441986084","16734349746199","0.3499999940395355","0","1","1","N","49457.16964748595","1994-04-15 04:04:17.547","49457.390017861035","1994-04-15 09:21:37.547","0.10250874449473757","0.9213138186914411","0.3750637343070879","44822745","NGC1952-BRTFIL","1","1","83.65117476468981","22.02825206016208","w2_f658n","18.725900650024414","0"
"Y","2.8001161508781967","0","0","1.7212369441986084","16734349712622","0.3499999940395355","0","1","1","N","51571.60017132852","2000-01-28 14:24:14.807","51571.63188440958","2000-01-28 15:09:54.813","0.10239989788160307","0.9213505614187952","0.3750032051693901","5715442","CRAB-FIELD-5","1","1","83.65811202129969","22.024510936168223","w2_f673n","19.89150047302246","0"
"Y","2.346481016559224","0.09295397116874189","60.68914747922209","1.7212369441986084","16734347600690","0.3499999940395355","0","2","2","N","49721.350197560154","1995-01-04 08:24:17.070","49943.827743689995","1995-08-14 19:51:57.057","0.10254168297404628","0.9213025096725013","0.37508250948898025","70755047","NGC1952-BRTFIL","2","1","83.64907408320455","22.02941251780586","w2_f656n","18.822900772094727","0"
"Y","2.3624637687942567","0.10323960232586184","149.40558117944062","1.7212369441986084","16734347600647","0.3499999940395355","0","2","2","N","49721.350197560154","1995-01-04 08:24:17.070","49943.827743689995","1995-08-14 19:51:57.057","0.10254560332739794","0.9213016132276508","0.3750836396094407","26381210","NGC1952-BRTFIL","2","1","83.64882713061616","22.029482368668678","w2_f656n","19.030899047851562","0"
"Y","2.393953467524329","0","0","1.7212369441986084","16734349693909","0.3499999940395355","0","1","1","N","51571.60017132852","2000-01-28 14:24:14.807","51571.63188440958","2000-01-28 15:09:54.813","0.10250148182774094","0.9213022818218782","0.3750940571818059","49696336","CRAB-FIELD-5","1","1","83.651542054042","22.030126263059657","w2_f673n","19.145299911499023","0"
"Y","1.130666732788086","0","0","1.7212369441986084","16734347605667","0.3499999940395355","0","1","1","N","49407.28978644917","1994-02-24 06:57:17.550","49407.37335124053","1994-02-24 08:57:37.550","0.10256342144921597","0.9212771109740371","0.3751389467649868","87535462","CRAB-NEB-A","1","1","83.64756501990338","22.032900853742223","w2_f375n","18.981300354003906","0"
"Y","1.2990909543904392","0","0","1.7212369441986084","16734347605971","0.3499999940395355","0","1","1","N","49407.41756419884","1994-02-24 10:01:17.550","49407.50737899076","1994-02-24 12:10:37.550","0.10256135615804521","0.9212727369933695","0.37515025296516513","33681824","CRAB-NEB-A","1","1","83.64766197877138","22.0335996898798","w2_f469n","19.180099487304688","0"
"Y","2.5969648680170643","0.16228877887228876","127.44036128436504","1.7212369441986084","16734347605142","0.3499999940395355","0","2","2","N","49719.473114226945","1995-01-02 11:21:17.070","49943.827743689995","1995-08-14 19:51:57.057","0.1025406181964692","0.9212758083967565","0.37514837928870637","106136701","NGC1952-BRTFIL","2","1","83.64895692889037","22.033483877760357","w2_f673n","19.19729995727539","0"
"Y","1.0761363939805464","0","0","1.7212369441986084","16734347600945","0.3499999940395355","0","1","1","N","49407.41756419884","1994-02-24 10:01:17.550","49407.50737899076","1994-02-24 12:10:37.550","0.10252844620102507","0.921276257264099","0.37515060379189136","63779566","CRAB-NEB-A","1","1","83.64970773355682","22.03362137452847","w2_f469n","19.420900344848633","0"
"Y","1.048850602117078","0","0","1.7212369441986084","16734347593762","0.3499999940395355","0","1","1","N","49406.412008657586","1994-02-23 09:53:17.550","49406.50182344904","1994-02-23 12:02:37.550","0.10253476842643097","0.9212705390180029","0.37516291821405734","95904598","CRAB-NEB-A","1","1","83.64928025777749","22.034382532932156","w2_f502n","19.85610008239746","0"
"Y","0.9557777643203735","0","0","1.7212369441986084","16734347593734","0.3499999940395355","0","1","1","N","49407.28978644917","1994-02-24 06:57:17.550","49407.37335124053","1994-02-24 08:57:37.550","0.10252551719584406","0.9212714296114194","0.3751632595416505","69774555","CRAB-NEB-A","1","1","83.64985466097626","22.0344036305258","w2_f375n","19.705699920654297","0"
"Y","1.1302309068767797","0.2171345475493572","44.02921760828588","1.7212369441986084","16734349747693","0.2604651118433753","0.08851159279295932","4","41","N","49943.67103069695","1995-08-14 16:06:17.053","57607.32353999093","2016-08-07 07:45:53.857","0.10242916327042516","0.921313125297956","0.37508717875535114","104649627","V-CM-TAU","43","22","83.65605865042109","22.029701117585027","a_f550m","19.435799598693848","0.047249794006347656"
"Y","1.1302309068767797","0.2171345475493572","44.02921760828588","1.7212369441986084","16734349747693","0.2604651118433753","0.08851159279295932","4","41","N","49943.67103069695","1995-08-14 16:06:17.053","57607.32353999093","2016-08-07 07:45:53.857","0.10242916327042516","0.921313125297956","0.37508717875535114","104649627","V-CM-TAU","43","19","83.65605865042109","22.029701117585027","w2_f547m","19.466690063476562","0.015699386596679688"
"Y","1.1302309068767797","0.2171345475493572","44.02921760828588","1.7212369441986084","16734349747693","0.2604651118433753","0.08851159279295932","4","41","N","49943.67103069695","1995-08-14 16:06:17.053","57607.32353999093","2016-08-07 07:45:53.857","0.10242916327042516","0.921313125297956","0.37508717875535114","104649627","V-CM-TAU","43","1","83.65605865042109","22.029701117585027","w2_f814w","18.84280014038086","0"
"Y","1.0519402396397959","0.10587357320288181","8.286055655948548","1.7212369441986084","16734349751755","0.17499999701976776","0","1","22","N","55471.114321747795","2010-10-02 02:44:37.403","57607.32353999093","2016-08-07 07:45:53.857","0.10238858395455526","0.9213175846829892","0.3750873045458778","25333593","V-CM-TAU","22","22","83.6585818921642","22.029708892494877","a_f550m","19.331299781799316","0.02480030059814453"
"Y","7.131122714943356","5.319690299968479","96.52864585585579","1.7212369441986084","16734349739511","0.17499999701976776","0","1","13","N","55471.114321747795","2010-10-02 02:44:37.403","57607.32353999093","2016-08-07 07:45:53.857","0.10235077992313521","0.921316912526432","0.3750992729182913","44374265","V-CM-TAU","13","16","83.66089962709874","22.030448640921765","a_f550m","18.96530055999756","0.3880491256713867"
"Y","1.0371643539701012","0.06341259669789158","8.822173953641393","1.7212369441986084","16734349935600","0.20781249646097422","0.07054475409624228","4","14","N","51571.33489353722","2000-01-28 08:02:14.807","57607.32353999093","2016-08-07 07:45:53.857","0.10229575029298602","0.921355439892892","0.37501964329074916","26294372","V-CM-TAU","16","1","83.66454294669013","22.025526917229733","w2_f631n","19.89889907836914","0"
"Y","1.0371643539701012","0.06341259669789158","8.822173953641393","1.7212369441986084","16734349935600","0.20781249646097422","0.07054475409624228","4","14","N","51571.33489353722","2000-01-28 08:02:14.807","57607.32353999093","2016-08-07 07:45:53.857","0.10229575029298602","0.921355439892892","0.37501964329074916","26294372","V-CM-TAU","16","1","83.66454294669013","22.025526917229733","w2_f673n","19.76180076599121","0"
"Y","1.4464367395159843","0","0","1.7212369441986084","16734349947909","0.3499999940395355","0","1","1","N","51571.46544912504","2000-01-28 11:10:14.810","51571.56290287478","2000-01-28 13:30:34.810","0.10221736957567662","0.9213629407840223","0.37502258692918017","5611780","CRAB-FIELD-5","1","1","83.66940897296259","22.02570885371241","w2_f502n","19.567699432373047","0"
"Y","1.174415551222764","0","0","1.7212369441986084","16734349912512","0.7275","0","1","1","N","51571.46544912504","2000-01-28 11:10:14.810","51571.56290287478","2000-01-28 13:30:34.810","0.10217533435453707","0.9213625609188498","0.37503497488474685","96312439","CRAB-FIELD-5","1","1","83.67198861400666","22.026474514433698","w2_f502n","19.88249969482422","0"
"Y","1.2192060674329839","0.10040732211462342","23.865315043408646","1.7212369441986084","16734349723863","0.24499999582767487","0.09036960987252109","5","7","N","51571.33489353722","2000-01-28 08:02:14.807","56627.30947536556","2013-12-01 07:25:38.677","0.10221285981676222","0.9213160246565008","0.375139059551916","14038384","V-CM-TAU","10","1","83.66936626565682","22.03290782510412","w2_f673n","19.66390037536621","0"
"Y","1.2192060674329839","0.10040732211462342","23.865315043408646","1.7212369441986084","16734349723863","0.24499999582767487","0.09036960987252109","5","7","N","51571.33489353722","2000-01-28 08:02:14.807","56627.30947536556","2013-12-01 07:25:38.677","0.10221285981676222","0.9213160246565008","0.375139059551916","14038384","V-CM-TAU","10","1","83.66936626565682","22.03290782510412","w2_f631n","19.848499298095703","0"
"Y","1.1236574086878035","0.1297661125281131","4.713051464500312","1.7212369441986084","16734350181040","0.17499999701976776","0","1","4","N","55471.114321747795","2010-10-02 02:44:37.403","56585.8071364467","2013-10-20 19:22:16.593","0.10207101615013091","0.9214688125555732","0.3748022614027919","53761775","V-CM-TAU","4","4","83.67912003197297","22.012091914469597","a_f550m","19.145950317382812","0.05319976806640625"
"Y","1.3437208741210227","0","0","1.7212369441986084","16734350183742","0.3499999940395355","0","1","1","N","51571.60017132852","2000-01-28 14:24:14.807","51571.63188440958","2000-01-28 15:09:54.813","0.10205504183081601","0.9214693870132359","0.374805199049608","89411096","CRAB-FIELD-5","1","1","83.68010516550319","22.012273463424517","w2_f673n","19.886999130249023","0"
"Y","1.4967815629367172","0","0","1.7212369441986084","16734349980668","0.3499999940395355","0","1","1","N","51462.73696278222","1999-10-11 17:41:13.587","51462.83441644907","1999-10-11 20:01:33.587","0.10193488161900077","0.9214509922372732","0.374883113535873","58728397","CRAB-FIELD-7","1","1","83.6873611449301","22.01708872585056","w2_f502n","19.842500686645508","0"
"Y","1.0696308993437216","0.1262742736759297","31.73845725473544","1.7212369441986084","16734349866369","0.32666666368643443","0.12062966210305211","5","6","N","51462.60571278259","1999-10-11 14:32:13.587","56585.8071364467","2013-10-20 19:22:16.593","0.1020789110616565","0.9214219969355802","0.3749151897188534","81379350","V-CM-TAU","12","4","83.6783165111568","22.019071142073983","a_f550m","18.54599952697754","0.03404998779296875"
"Y","1.0696308993437216","0.1262742736759297","31.73845725473544","1.7212369441986084","16734349866369","0.32666666368643443","0.12062966210305211","5","6","N","51462.60571278259","1999-10-11 14:32:13.587","56585.8071364467","2013-10-20 19:22:16.593","0.1020789110616565","0.9214219969355802","0.3749151897188534","81379350","V-CM-TAU","12","2","83.6783165111568","22.019071142073983","w2_f631n","18.24120044708252","0.0024003982543945312"
"Y","1.0696308993437216","0.1262742736759297","31.73845725473544","1.7212369441986084","16734349866369","0.32666666368643443","0.12062966210305211","5","6","N","51462.60571278259","1999-10-11 14:32:13.587","56585.8071364467","2013-10-20 19:22:16.593","0.1020789110616565","0.9214219969355802","0.3749151897188534","81379350","V-CM-TAU","12","2","83.6783165111568","22.019071142073983","w2_f502n","18.97605037689209","0.11695003509521484"
"Y","1.0696308993437216","0.1262742736759297","31.73845725473544","1.7212369441986084","16734349866369","0.32666666368643443","0.12062966210305211","5","6","N","51462.60571278259","1999-10-11 14:32:13.587","56585.8071364467","2013-10-20 19:22:16.593","0.1020789110616565","0.9214219969355802","0.3749151897188534","81379350","V-CM-TAU","12","2","83.6783165111568","22.019071142073983","w2_f547m","18.690850257873535","0.12995052337646484"
"Y","1.0696308993437216","0.1262742736759297","31.73845725473544","1.7212369441986084","16734349866369","0.32666666368643443","0.12062966210305211","5","6","N","51462.60571278259","1999-10-11 14:32:13.587","56585.8071364467","2013-10-20 19:22:16.593","0.1020789110616565","0.9214219969355802","0.3749151897188534","81379350","V-CM-TAU","12","2","83.6783165111568","22.019071142073983","w2_f673n","18.15584945678711","0.08304977416992188"
"Y","1.4929851489280586","0","0","1.7212369441986084","16734349864257","0.45499999999999996","0","1","1","N","51571.46544912504","2000-01-28 11:10:14.810","51571.56290287478","2000-01-28 13:30:34.810","0.10208207147150546","0.921391349436365","0.3749896423478089","84760930","CRAB-FIELD-5","1","1","83.67791379666953","22.02367267249588","w2_f502n","19.96150016784668","0"
"Y","1.5524137979266288","0","0","1.7212369441986084","16734349865975","0.3499999940395355","0","1","1","N","51462.73696278222","1999-10-11 17:41:13.587","51462.83441644907","1999-10-11 20:01:33.587","0.10202192342070088","0.9214034099204793","0.3749763770273331","38457257","CRAB-FIELD-7","1","1","83.68169074865324","22.0228528009756","w2_f502n","19.610300064086914","0"
"Y","1.130804590795232","0","0","1.7212369441986084","16734349977081","0.3499999940395355","0","1","1","N","51462.73696278222","1999-10-11 17:41:13.587","51462.83441644907","1999-10-11 20:01:33.587","0.10196338048617466","0.9214372012025789","0.3749092600615204","99355404","CRAB-FIELD-7","1","1","83.68551677313978","22.018704667194584","w2_f502n","19.857500076293945","0"
"Y","1.2403986350287413","0.12927956566285906","0","1.7212369441986084","16734349977495","0.3499999940395355","0","4","1","N","51462.60571278259","1999-10-11 14:32:13.587","51462.90339794895","1999-10-11 21:40:53.587","0.10197155401760202","0.9214341938845514","0.37491442825216836","60304619","CRAB-FIELD-7","4","1","83.6849942403426","22.019024080568833","w2_f502n","18.19569969177246","0"
"Y","1.2403986350287413","0.12927956566285906","0","1.7212369441986084","16734349977495","0.3499999940395355","0","4","1","N","51462.60571278259","1999-10-11 14:32:13.587","51462.90339794895","1999-10-11 21:40:53.587","0.10197155401760202","0.9214341938845514","0.37491442825216836","60304619","CRAB-FIELD-7","4","1","83.6849942403426","22.019024080568833","w2_f631n","17.707700729370117","0"
"Y","1.2403986350287413","0.12927956566285906","0","1.7212369441986084","16734349977495","0.3499999940395355","0","4","1","N","51462.60571278259","1999-10-11 14:32:13.587","51462.90339794895","1999-10-11 21:40:53.587","0.10197155401760202","0.9214341938845514","0.37491442825216836","60304619","CRAB-FIELD-7","4","1","83.6849942403426","22.019024080568833","w2_f547m","18.294700622558594","0"
"Y","1.2403986350287413","0.12927956566285906","0","1.7212369441986084","16734349977495","0.3499999940395355","0","4","1","N","51462.60571278259","1999-10-11 14:32:13.587","51462.90339794895","1999-10-11 21:40:53.587","0.10197155401760202","0.9214341938845514","0.37491442825216836","60304619","CRAB-FIELD-7","4","1","83.6849942403426","22.019024080568833","w2_f673n","17.577899932861328","0"
"Y","1.75903471506907","0.336223817198307","0","1.7212369441986084","16734349865487","0.3499999940395355","0","4","1","N","51462.60571278259","1999-10-11 14:32:13.587","51462.90339794895","1999-10-11 21:40:53.587","0.10200861462257002","0.9214121288217055","0.3749585729158983","74390695","CRAB-FIELD-7","4","1","83.68256760611295","22.021752414066697","w2_f673n","15.93850040435791","0"
"Y","1.75903471506907","0.336223817198307","0","1.7212369441986084","16734349865487","0.3499999940395355","0","4","1","N","51462.60571278259","1999-10-11 14:32:13.587","51462.90339794895","1999-10-11 21:40:53.587","0.10200861462257002","0.9214121288217055","0.3749585729158983","74390695","CRAB-FIELD-7","4","1","83.68256760611295","22.021752414066697","w2_f547m","17.36370086669922","0"
"Y","1.75903471506907","0.336223817198307","0","1.7212369441986084","16734349865487","0.3499999940395355","0","4","1","N","51462.60571278259","1999-10-11 14:32:13.587","51462.90339794895","1999-10-11 21:40:53.587","0.10200861462257002","0.9214121288217055","0.3749585729158983","74390695","CRAB-FIELD-7","4","1","83.68256760611295","22.021752414066697","w2_f502n","16.45560073852539","0"
"Y","1.75903471506907","0.336223817198307","0","1.7212369441986084","16734349865487","0.3499999940395355","0","4","1","N","51462.60571278259","1999-10-11 14:32:13.587","51462.90339794895","1999-10-11 21:40:53.587","0.10200861462257002","0.9214121288217055","0.3749585729158983","74390695","CRAB-FIELD-7","4","1","83.68256760611295","22.021752414066697","w2_f631n","15.872200012207031","0"
"Y","3.0078549399476757","0","0","1.7212369441986084","16734349844237","0.45499999999999996","0","1","1","N","51571.33489353722","2000-01-28 08:02:14.807","51571.34531024983","2000-01-28 08:17:14.810","0.10208623916482625","0.9213595753628505","0.37506657097183693","83274852","CRAB-FIELD-5","1","1","83.67744150852734","22.02842738832754","w2_f547m","19.7189998626709","0"
"Y","0.9343678238748134","0","0","1.7212369441986084","16734350083905","0.3499999940395355","0","1","1","N","51462.73696278222","1999-10-11 17:41:13.587","51462.83441644907","1999-10-11 20:01:33.587","0.10168176508973531","0.9216534651138198","0.37445388086127","60788616","CRAB-FIELD-7","1","1","83.70428236975647","21.990563366965723","w2_f502n","19.42919921875","0"
"Y","1.7297700903881554","0","0","1.7212369441986084","16734350089194","0.3499999940395355","0","1","1","N","51462.73696278222","1999-10-11 17:41:13.587","51462.83441644907","1999-10-11 20:01:33.587","0.10170109719055341","0.9216338627673301","0.37449687559569755","10652110","CRAB-FIELD-7","1","1","83.70296216571926","21.99322009572147","w2_f502n","19.278200149536133","0"
"Y","0.9161111381318834","0","0","1.7212369441986084","16734347594738","0.3499999940395355","0","1","1","N","49407.28978644917","1994-02-24 06:57:17.550","49407.37335124053","1994-02-24 08:57:37.550","0.10254211527612177","0.9212631392637692","0.3751790810172623","37140660","CRAB-NEB-A","1","1","83.64877833561411","22.03538156714666","w2_f375n","18.691299438476562","0"
"Y","1.0652926707407937","0.11630809720066443","13.69543464027767","1.7212369441986084","16734349690053","0.18260869254236636","0.0364900218385667","2","23","N","54332.04880736116","2007-08-20 01:10:16.960","57607.32353999093","2016-08-07 07:45:53.857","0.10251639203662215","0.921266546734546","0.37517774352086325","63740353","V-CM-TAU","23","22","83.65038185254555","22.03529889531493","a_f550m","17.561400413513184","0.03235054016113281"
"Y","1.0652926707407937","0.11630809720066443","13.69543464027767","1.7212369441986084","16734349690053","0.18260869254236636","0.0364900218385667","2","23","N","54332.04880736116","2007-08-20 01:10:16.960","57607.32353999093","2016-08-07 07:45:53.857","0.10251639203662215","0.921266546734546","0.37517774352086325","63740353","V-CM-TAU","23","1","83.65038185254555","22.03529889531493","w2_f547m","18.326400756835938","0"
"Y","1.734169811269867","0.8096867235638743","38.29026025353473","1.7212369441986084","16734349690055","0.3499999940395355","0","5","20","N","49407.41756419884","1994-02-24 10:01:17.550","52016.30017225444","2001-04-17 07:12:14.887","0.10251640293665445","0.9212663601890207","0.3751781986120298","76808912","CRAB-PULSAR-POS2","23","1","83.65037990771654","22.035327024918082","w2_f814w","18.31209945678711","0"
"Y","1.734169811269867","0.8096867235638743","38.29026025353473","1.7212369441986084","16734349690055","0.3499999940395355","0","5","20","N","49407.41756419884","1994-02-24 10:01:17.550","52016.30017225444","2001-04-17 07:12:14.887","0.10251640293665445","0.9212663601890207","0.3751781986120298","76808912","CRAB-PULSAR-POS2","23","1","83.65037990771654","22.035327024918082","w2_f673n","17.110490798950195","0"
"Y","1.734169811269867","0.8096867235638743","38.29026025353473","1.7212369441986084","16734349690055","0.3499999940395355","0","5","20","N","49407.41756419884","1994-02-24 10:01:17.550","52016.30017225444","2001-04-17 07:12:14.887","0.10251640293665445","0.9212663601890207","0.3751781986120298","76808912","CRAB-PULSAR-POS2","23","19","83.65037990771654","22.035327024918082","w2_f547m","18.395090103149414","0.20791053771972656"
"Y","1.734169811269867","0.8096867235638743","38.29026025353473","1.7212369441986084","16734349690055","0.3499999940395355","0","5","20","N","49407.41756419884","1994-02-24 10:01:17.550","52016.30017225444","2001-04-17 07:12:14.887","0.10251640293665445","0.9212663601890207","0.3751781986120298","76808912","CRAB-PULSAR-POS2","23","1","83.65037990771654","22.035327024918082","w2_f469n","18.364299774169922","0"
"Y","3.0087959719458572","0.6082650309330785","73.18489521668712","1.7212369441986084","16734349690054","0.3499999940395355","0","5","3","N","49406.28423086554","1994-02-23 06:49:17.550","51972.86820996972","2001-03-04 20:50:13.343","0.10251618870111069","0.9212660283751347","0.3751790719340429","76316160","CRAB-PULSAR-POS2","5","1","83.65039080030577","22.03538100574169","w2_f547m","18.75189971923828","0"
"Y","3.0087959719458572","0.6082650309330785","73.18489521668712","1.7212369441986084","16734349690054","0.3499999940395355","0","5","3","N","49406.28423086554","1994-02-23 06:49:17.550","51972.86820996972","2001-03-04 20:50:13.343","0.10251618870111069","0.9212660283751347","0.3751790719340429","76316160","CRAB-PULSAR-POS2","5","1","83.65039080030577","22.03538100574169","w2_f487n","18.716400146484375","0"
"Y","3.0087959719458572","0.6082650309330785","73.18489521668712","1.7212369441986084","16734349690054","0.3499999940395355","0","5","3","N","49406.28423086554","1994-02-23 06:49:17.550","51972.86820996972","2001-03-04 20:50:13.343","0.10251618870111069","0.9212660283751347","0.3751790719340429","76316160","CRAB-PULSAR-POS2","5","1","83.65039080030577","22.03538100574169","w2_f631n","17.434999465942383","0"
"Y","3.0087959719458572","0.6082650309330785","73.18489521668712","1.7212369441986084","16734349690054","0.3499999940395355","0","5","3","N","49406.28423086554","1994-02-23 06:49:17.550","51972.86820996972","2001-03-04 20:50:13.343","0.10251618870111069","0.9212660283751347","0.3751790719340429","76316160","CRAB-PULSAR-POS2","5","1","83.65039080030577","22.03538100574169","w2_f588n","17.55459976196289","0"
"Y","3.0087959719458572","0.6082650309330785","73.18489521668712","1.7212369441986084","16734349690054","0.3499999940395355","0","5","3","N","49406.28423086554","1994-02-23 06:49:17.550","51972.86820996972","2001-03-04 20:50:13.343","0.10251618870111069","0.9212660283751347","0.3751790719340429","76316160","CRAB-PULSAR-POS2","5","1","83.65039080030577","22.03538100574169","w2_f502n","18.59280014038086","0"
"Y","0.7669999864366319","0","0","1.7212369441986084","16734347595395","0.3499999940395355","0","1","1","N","49407.28978644917","1994-02-24 06:57:17.550","49407.37335124053","1994-02-24 08:57:37.550","0.10255358389992754","0.921248734427573","0.3752113161264718","94748304","CRAB-NEB-A","1","1","83.64797529295802","22.037374062995593","w2_f375n","19.249300003051758","0"
"Y","1.4093182303688743","0","0","1.7212369441986084","16734349690422","0.3499999940395355","0","1","1","N","49407.41756419884","1994-02-24 10:01:17.550","49407.50737899076","1994-02-24 12:10:37.550","0.10251988631027982","0.9212548772410314","0.37520544249157534","63956","CRAB-NEB-A","1","1","83.65008741738248","22.037011003558078","w2_f469n","19.02549934387207","0"
"Y","1.1699999703301323","0","0","1.7212369441986084","16734347592703","0.3499999940395355","0","1","1","N","49407.28978644917","1994-02-24 06:57:17.550","49407.37335124053","1994-02-24 08:57:37.550","0.10254408586187924","0.9212432906692788","0.37522727760153907","49903572","CRAB-NEB-A","1","1","83.6485215553144","22.038360673812672","w2_f375n","18.787099838256836","0"
"Y","0.9895454753528942","0","0","1.7212369441986084","16734347592536","0.3499999940395355","0","1","1","N","49407.41756419884","1994-02-24 10:01:17.550","49407.50737899076","1994-02-24 12:10:37.550","0.10253439441598404","0.9212415412130637","0.3752342211338585","74894847","CRAB-NEB-A","1","1","83.64910496691714","22.038789869630676","w2_f469n","19.497400283813477","0"
"Y","1.0457777976989746","0","0","1.7212369441986084","16734349689277","0.3499999940395355","0","1","1","N","49407.28978644917","1994-02-24 06:57:17.550","49407.37335124053","1994-02-24 08:57:37.550","0.10252367819018884","0.9212451375148495","0.37522831985401744","64976914","CRAB-NEB-A","1","1","83.64978788560869","22.03842509776778","w2_f375n","18.909000396728516","0"
"Y","0.9147777822282579","0","0","1.7212369441986084","16734343135373","0.3499999940395355","0","1","1","N","49407.28978644917","1994-02-24 06:57:17.550","49407.37335124053","1994-02-24 08:57:37.550","0.10255197227690205","0.9212373767476579","0.3752396416556934","38885347","CRAB-NEB-A","1","1","83.64799662768158","22.0391249255497","w2_f375n","19.0674991607666","0"
"Y","1.098425907117349","0.07812685468233159","14.022790901754863","1.7212369441986084","16734349699984","0.17499999701976776","0","1","4","N","57327.06273646979","2015-11-01 01:30:20.433","57607.32353999093","2016-08-07 07:45:53.857","0.10239837939463316","0.9212780039401814","0.37518183772086633","35744833","CRAB-NEBULA","4","4","83.65770990532026","22.035551961665938","a_f550m","17.91160011291504","0.04745006561279297"
"Y","0.9948765422091072","0.0463180117392931","14.094646021264415","1.7212369441986084","16734349699984","0.17499999701976776","0","1","6","N","56879.33964444231","2014-08-10 08:09:05.283","57246.03693607403","2015-08-12 00:53:11.280","0.102398272579891","0.921277953912868","0.37518198971811323","6269020","CRAB-NEBULA","6","6","83.65771612564492","22.03556135676977","a_f550m","17.8794002532959","0.01954936981201172"
"Y","1.0198611131420843","0.054941233668161914","19.141133462039022","1.7212369441986084","16734349699984","0.17499999701976776","0","1","10","N","56155.29961505765","2012-08-16 07:11:26.743","56760.93008142151","2014-04-13 22:19:19.040","0.10239816386061522","0.9212778835593672","0.37518219214679627","43289706","V-CM-TAU","10","10","83.65772232418142","22.03557386909374","a_f550m","17.85509967803955","0.005649566650390625"
"Y","1.0129166973961723","0.048253458561805754","9.68763872378245","1.7212369441986084","16734349699488","0.17499999701976776","0","1","2","N","55471.114321747795","2010-10-02 02:44:37.403","55543.29018025007","2010-12-13 06:57:51.577","0.10239794787828686","0.9212777713938639","0.375182526521219","92642613","CRAB-PSR-PWN","2","2","83.65773482668239","22.03559453712349","a_f550m","17.85819911956787","0.014800071716308594"
"Y","0.9991860666940379","0","0","1.7212369441986084","16734346285213","0.3499999940395355","0","1","1","N","51571.60017132852","2000-01-28 14:24:14.807","51571.63188440958","2000-01-28 15:09:54.813","0.10233900305431695","0.921261168440173","0.3752393742376477","68902330","CRAB-FIELD-5","1","1","83.66124268761111","22.03910839580988","w2_f673n","19.984399795532227","0"
"Y","1.067126413871502","0","0","1.7212369441986084","16734346288488","0.3499999940395355","0","1","1","N","52283.43073162483","2002-01-09 10:20:15.217","52283.52749088174","2002-01-09 12:39:35.213","0.10236277256185385","0.9212508430186767","0.37525824045742284","101156316","CRAB-FIELD-8","1","1","83.65971193741242","22.040274569758434","w2_f502n","19.67279052734375","0"
"Y","0.9834482752043625","0","0","1.7212369441986084","16734346288777","0.3499999940395355","0","1","1","N","52283.43073162483","2002-01-09 10:20:15.217","52283.52749088174","2002-01-09 12:39:35.213","0.10235068729457553","0.921248097526955","0.37526827685491887","8000939","CRAB-FIELD-8","1","1","83.66043565745458","22.040894951548545","w2_f502n","19.659391403198242","0"
"Y","1.493701850425141","0.9497691421220094","51.23023218455214","1.7212369441986084","16734344446615","0.20416666318972906","0.06662136028279707","5","21","N","52283.302259462886","2002-01-09 07:15:15.220","57607.32353999093","2016-08-07 07:45:53.857","0.10251740003278575","0.9212157744454197","0.37530211777356925","35052200","V-CM-TAU","24","20","83.64997282917791","22.04298678686108","a_f550m","19.03660011291504","0.030350685119628906"
"Y","1.493701850425141","0.9497691421220094","51.23023218455214","1.7212369441986084","16734344446615","0.20416666318972906","0.06662136028279707","5","21","N","52283.302259462886","2002-01-09 07:15:15.220","57607.32353999093","2016-08-07 07:45:53.857","0.10251740003278575","0.9212157744454197","0.37530211777356925","35052200","V-CM-TAU","24","1","83.64997282917791","22.04298678686108","w2_f502n","19.35439109802246","0"
"Y","1.493701850425141","0.9497691421220094","51.23023218455214","1.7212369441986084","16734344446615","0.20416666318972906","0.06662136028279707","5","21","N","52283.302259462886","2002-01-09 07:15:15.220","57607.32353999093","2016-08-07 07:45:53.857","0.10251740003278575","0.9212157744454197","0.37530211777356925","35052200","V-CM-TAU","24","1","83.64997282917791","22.04298678686108","w2_f547m","19.464990615844727","0"
"Y","1.493701850425141","0.9497691421220094","51.23023218455214","1.7212369441986084","16734344446615","0.20416666318972906","0.06662136028279707","5","21","N","52283.302259462886","2002-01-09 07:15:15.220","57607.32353999093","2016-08-07 07:45:53.857","0.10251740003278575","0.9212157744454197","0.37530211777356925","35052200","V-CM-TAU","24","1","83.64997282917791","22.04298678686108","w2_f631n","19.197690963745117","0"
"Y","1.493701850425141","0.9497691421220094","51.23023218455214","1.7212369441986084","16734344446615","0.20416666318972906","0.06662136028279707","5","21","N","52283.302259462886","2002-01-09 07:15:15.220","57607.32353999093","2016-08-07 07:45:53.857","0.10251740003278575","0.9212157744454197","0.37530211777356925","35052200","V-CM-TAU","24","1","83.64997282917791","22.04298678686108","w2_f673n","18.94999122619629","0"
"Y","1.0587924624853229","0.1681623248814332","0","1.7212369441986084","16734344446593","0.3499999940395355","0","2","1","N","52283.302259462886","2002-01-09 07:15:15.220","52283.52749088174","2002-01-09 12:39:35.213","0.10250809319626916","0.9212158809096499","0.37530439857459535","58352510","CRAB-FIELD-8","2","1","83.65054532311036","22.043127772939854","w2_f502n","19.210491180419922","0"
"Y","2.7298135565933905","0.09392646993846321","0","1.7212369441986084","16734344973940","0.4059999883174896","0","4","1","N","52283.302259462886","2002-01-09 07:15:15.220","52283.59577796282","2002-01-09 14:17:55.220","0.10255011893263684","0.9212090954547622","0.37530957296428247","31147863","CRAB-FIELD-8","4","1","83.64791707407592","22.04344762460498","w2_f502n","19.966690063476562","0"
"Y","2.646871627699529","0.4274799931157854","0","1.7212369441986084","16734344972091","0.3499999940395355","0","3","1","N","52283.31684275018","2002-01-09 07:36:15.217","52283.59577796282","2002-01-09 14:17:55.220","0.10255106908306699","0.9212059094373641","0.37531713343238593","33203889","CRAB-FIELD-8","3","1","83.64783691214663","22.043914971516344","w2_f673n","19.429990768432617","0"
"Y","2.646871627699529","0.4274799931157854","0","1.7212369441986084","16734344972091","0.3499999940395355","0","3","1","N","52283.31684275018","2002-01-09 07:36:15.217","52283.59577796282","2002-01-09 14:17:55.220","0.10255106908306699","0.9212059094373641","0.37531713343238593","33203889","CRAB-FIELD-8","3","1","83.64783691214663","22.043914971516344","w2_f502n","19.884990692138672","0"
"Y","0.7968965618089698","0","0","1.7212369441986084","16734346292263","0.3499999940395355","0","1","1","N","51571.46544912504","2000-01-28 11:10:14.810","51571.56290287478","2000-01-28 13:30:34.810","0.10237871874598217","0.9212119399999492","0.37534938330788337","25116155","CRAB-FIELD-5","1","1","83.6584666739727","22.04590850029987","w2_f502n","19.74679946899414","0"
"Y","1.470303867147138","0.5768175309378712","81.62753145839629","1.7212369441986084","16734346292031","0.314999994635582","0.07378647748068594","5","4","N","51571.33489353722","2000-01-28 08:02:14.807","57246.03693607403","2015-08-12 00:53:11.280","0.10235084920109275","0.9212115411944474","0.3753579625366823","33805076","CRAB-NEBULA-AND-PULSAR","10","2","83.66017618644338","22.046438830765418","w2_f631n","19.881145477294922","0.10555458068847656"
"Y","1.470303867147138","0.5768175309378712","81.62753145839629","1.7212369441986084","16734346292031","0.314999994635582","0.07378647748068594","5","4","N","51571.33489353722","2000-01-28 08:02:14.807","57246.03693607403","2015-08-12 00:53:11.280","0.10235084920109275","0.9212115411944474","0.3753579625366823","33805076","CRAB-NEBULA-AND-PULSAR","10","2","83.66017618644338","22.046438830765418","w2_f673n","19.737595558166504","0.07250499725341797"
"Y","1.0624775805528366","0.1145051940599322","5.565490477854222","1.7212369441986084","16734346339262","0.2187499962747097","0.07826237787969226","5","13","N","51571.33489353722","2000-01-28 08:02:14.807","57607.32353999093","2016-08-07 07:45:53.857","0.10230474240736218","0.9212555891685998","0.3752624136641756","2642603","V-CM-TAU","16","1","83.66330942372707","22.04053252864416","w2_f631n","18.22330093383789","0"
"Y","1.0624775805528366","0.1145051940599322","5.565490477854222","1.7212369441986084","16734346339262","0.2187499962747097","0.07826237787969226","5","13","N","51571.33489353722","2000-01-28 08:02:14.807","57607.32353999093","2016-08-07 07:45:53.857","0.10230474240736218","0.9212555891685998","0.3752624136641756","2642603","V-CM-TAU","16","1","83.66330942372707","22.04053252864416","w2_f547m","19.16990089416504","0"
"Y","1.0624775805528366","0.1145051940599322","5.565490477854222","1.7212369441986084","16734346339262","0.2187499962747097","0.07826237787969226","5","13","N","51571.33489353722","2000-01-28 08:02:14.807","57607.32353999093","2016-08-07 07:45:53.857","0.10230474240736218","0.9212555891685998","0.3752624136641756","2642603","V-CM-TAU","16","1","83.66330942372707","22.04053252864416","w2_f502n","19.01300048828125","0"
"Y","1.0624775805528366","0.1145051940599322","5.565490477854222","1.7212369441986084","16734346339262","0.2187499962747097","0.07826237787969226","5","13","N","51571.33489353722","2000-01-28 08:02:14.807","57607.32353999093","2016-08-07 07:45:53.857","0.10230474240736218","0.9212555891685998","0.3752624136641756","2642603","V-CM-TAU","16","1","83.66330942372707","22.04053252864416","w2_f673n","18.115800857543945","0"
"Y","1.0624775805528366","0.1145051940599322","5.565490477854222","1.7212369441986084","16734346339262","0.2187499962747097","0.07826237787969226","5","13","N","51571.33489353722","2000-01-28 08:02:14.807","57607.32353999093","2016-08-07 07:45:53.857","0.10230474240736218","0.9212555891685998","0.3752624136641756","2642603","V-CM-TAU","16","12","83.66330942372707","22.04053252864416","a_f550m","18.525349617004395","0.011199951171875"
"Y","0.9973562996962975","0","0","1.7212369441986084","16734346309454","0.3499999940395355","0","1","1","N","51571.46544912504","2000-01-28 11:10:14.810","51571.56290287478","2000-01-28 13:30:34.810","0.10224910435688854","0.9212645175186325","0.3752556587441955","94143870","CRAB-FIELD-5","1","1","83.6667884786846","22.040114986258857","w2_f502n","19.913799285888672","0"
"Y","1.1012643918223766","0","0","1.7212369441986084","16734346341744","0.3499999940395355","0","1","1","N","51571.46544912504","2000-01-28 11:10:14.810","51571.56290287478","2000-01-28 13:30:34.810","0.10230686454331717","0.9212441991596194","0.37528979600067036","64738075","CRAB-FIELD-5","1","1","83.66310133986495","22.042225127858607","w2_f502n","19.302600860595703","0"
"Y","1.3240230494532093","0","0","1.7212369441986084","16734346309648","0.3499999940395355","0","1","1","N","51571.46544912504","2000-01-28 11:10:14.810","51571.56290287478","2000-01-28 13:30:34.810","0.10222540878892178","0.9212437617568835","0.37531306561605315","98741174","CRAB-FIELD-5","1","1","83.66810274115204","22.04366352110216","w2_f502n","19.76799964904785","0"
"Y","1.080689622067857","0","0","1.7212369441986084","16734346340587","0.3499999940395355","0","1","1","N","51571.46544912504","2000-01-28 11:10:14.810","51571.56290287478","2000-01-28 13:30:34.810","0.10232173975091964","0.9212274339815572","0.37532689279380477","73028844","CRAB-FIELD-5","1","1","83.66207306314705","22.044518244305955","w2_f502n","19.171100616455078","0"
"Y","1.1812037063969507","0.13421102215685882","3.7143050541213567","1.7212369441986084","16734346523648","0.17499999701976776","0","1","4","N","55471.114321747795","2010-10-02 02:44:37.403","56585.8071364467","2013-10-20 19:22:16.593","0.10212226221798101","0.9212548840270275","0.37531384496115694","103776973","V-CM-TAU","4","4","83.67451563066608","22.043711695927808","a_f550m","19.949299812316895","0.029999732971191406"
"Y","1.1551157467895083","0.08442517842386521","2.0431572790568047","1.7212369441986084","16734346303703","0.17499999701976776","0","1","4","N","55471.114321747795","2010-10-02 02:44:37.403","56585.8071364467","2013-10-20 19:22:16.593","0.10213239798496843","0.9212512549251777","0.37531999491677914","95754356","V-CM-TAU","4","4","83.67386818926038","22.044091853241195","a_f550m","18.231900215148926","0.016600608825683594"
"Y","3.3050186858397694","3.3916193707422098","0","1.7212369441986084","16734344455826","0.3499999940395355","0","2","1","N","52283.302259462886","2002-01-09 07:15:15.220","52283.52749088174","2002-01-09 12:39:35.213","0.10252032076206403","0.9211737160464556","0.37540454005811114","33951626","CRAB-FIELD-8","2","1","83.64950582895219","22.049318084583806","w2_f502n","19.539390563964844","0"
"Y","0.958372063414995","0","0","1.7212369441986084","16734344974359","0.3499999940395355","0","1","1","N","52283.56406495813","2002-01-09 13:32:15.217","52283.59577796282","2002-01-09 14:17:55.220","0.1025444111812882","0.9211546096123304","0.37544484138904244","99189928","CRAB-FIELD-8","1","1","83.64789509878331","22.051809414294485","w2_f673n","19.878990173339844","0"
"Y","1.3329885471826313","0","0","1.7212369441986084","16734344451388","0.3499999940395355","0","1","1","N","52283.43073162483","2002-01-09 10:20:15.217","52283.52749088174","2002-01-09 12:39:35.213","0.10242960339451716","0.9211849597086753","0.3754017133088368","26608822","CRAB-FIELD-8","1","1","83.65515616727912","22.04914334350387","w2_f502n","19.97079086303711","0"
"Y","1.485581453456435","0","0","1.7212369441986084","16734344450143","0.3499999940395355","0","1","1","N","52283.56406495813","2002-01-09 13:32:15.217","52283.59577796282","2002-01-09 14:17:55.220","0.10235502629369858","0.9211823362307383","0.3754284912058863","28353613","CRAB-FIELD-8","1","1","83.65972018789914","22.05079868067052","w2_f673n","19.842390060424805","0"
"Y","1.297816051833931","0","0","1.7212369441986084","16734344503143","0.3499999940395355","0","1","1","N","52283.43073162483","2002-01-09 10:20:15.217","52283.52749088174","2002-01-09 12:39:35.213","0.10246889847390714","0.9211510187662266","0.3754742673894896","62968616","CRAB-FIELD-8","1","1","83.65250999242183","22.05362848539005","w2_f502n","19.97279167175293","0"
"Y","1.0282758323625587","0","0","1.7212369441986084","16734344485607","0.3499999940395355","0","1","1","N","52283.43073162483","2002-01-09 10:20:15.217","52283.52749088174","2002-01-09 12:39:35.213","0.10250690424162182","0.9211173359147318","0.37554651916944487","107170649","CRAB-FIELD-8","1","1","83.6499446317832","22.05809508103013","w2_f502n","17.549291610717773","0"
"Y","1.654942556359302","0","0","1.7212369441986084","16734344473054","0.3499999940395355","0","1","1","N","52283.43073162483","2002-01-09 10:20:15.217","52283.52749088174","2002-01-09 12:39:35.213","0.1023316195727349","0.9211570814097393","0.37549683221633495","78942909","CRAB-FIELD-8","1","1","83.66098591677927","22.055023424901268","w2_f502n","19.764989852905273","0"
"Y","1.2912706898929154","0.34869456454628484","0","1.7212369441986084","16734344509832","0.3499999940395355","0","4","1","N","52283.302259462886","2002-01-09 07:15:15.220","52283.59577796282","2002-01-09 14:17:55.220","0.10243185077445821","0.9211370942541314","0.3755185342112105","42455698","CRAB-FIELD-8","4","1","83.65469107421752","22.0563650378123","w2_f547m","17.88189125061035","0"
"Y","1.2912706898929154","0.34869456454628484","0","1.7212369441986084","16734344509832","0.3499999940395355","0","4","1","N","52283.302259462886","2002-01-09 07:15:15.220","52283.59577796282","2002-01-09 14:17:55.220","0.10243185077445821","0.9211370942541314","0.3755185342112105","42455698","CRAB-FIELD-8","4","1","83.65469107421752","22.0563650378123","w2_f502n","16.58938980102539","0"
"Y","1.2912706898929154","0.34869456454628484","0","1.7212369441986084","16734344509832","0.3499999940395355","0","4","1","N","52283.302259462886","2002-01-09 07:15:15.220","52283.59577796282","2002-01-09 14:17:55.220","0.10243185077445821","0.9211370942541314","0.3755185342112105","42455698","CRAB-FIELD-8","4","1","83.65469107421752","22.0563650378123","w2_f673n","16.16329002380371","0"
"Y","1.2912706898929154","0.34869456454628484","0","1.7212369441986084","16734344509832","0.3499999940395355","0","4","1","N","52283.302259462886","2002-01-09 07:15:15.220","52283.59577796282","2002-01-09 14:17:55.220","0.10243185077445821","0.9211370942541314","0.3755185342112105","42455698","CRAB-FIELD-8","4","1","83.65469107421752","22.0563650378123","w2_f631n","16.1719913482666","0"
"Y","1.2551724225625225","0","0","1.7212369441986084","16734344509290","0.3499999940395355","0","1","1","N","52283.43073162483","2002-01-09 10:20:15.217","52283.52749088174","2002-01-09 12:39:35.213","0.10236782196244788","0.9211453077263455","0.37551584664375","69873411","CRAB-FIELD-8","1","1","83.65868120509953","22.056198892247696","w2_f502n","19.775390625","0"
"Y","0.870583396613104","0.053947526245468565","0","1.7212369441986084","16734344509257","0.3499999940395355","0","4","1","N","52283.302259462886","2002-01-09 07:15:15.220","52283.59577796282","2002-01-09 14:17:55.220","0.10236519386620098","0.9211472436378146","0.37551181422608554","73021727","CRAB-FIELD-8","4","1","83.65885589826361","22.055949608337645","w2_f673n","18.899391174316406","0"
"Y","0.870583396613104","0.053947526245468565","0","1.7212369441986084","16734344509257","0.3499999940395355","0","4","1","N","52283.302259462886","2002-01-09 07:15:15.220","52283.59577796282","2002-01-09 14:17:55.220","0.10236519386620098","0.9211472436378146","0.37551181422608554","73021727","CRAB-FIELD-8","4","1","83.65885589826361","22.055949608337645","w2_f631n","19.13549041748047","0"
"Y","0.870583396613104","0.053947526245468565","0","1.7212369441986084","16734344509257","0.3499999940395355","0","4","1","N","52283.302259462886","2002-01-09 07:15:15.220","52283.59577796282","2002-01-09 14:17:55.220","0.10236519386620098","0.9211472436378146","0.37551181422608554","73021727","CRAB-FIELD-8","4","1","83.65885589826361","22.055949608337645","w2_f547m","19.550691604614258","0"
"Y","1.1460919489805725","0","0","1.7212369441986084","16734344497293","0.3499999940395355","0","1","1","N","52283.43073162483","2002-01-09 10:20:15.217","52283.52749088174","2002-01-09 12:39:35.213","0.10235901687371746","0.9211373174926536","0.37553784627816694","1862558","CRAB-FIELD-8","1","1","83.65916765204739","22.057558916567967","w2_f502n","19.332490921020508","0"
"Y","0.9190698002659997","0","0","1.7212369441986084","16734344471387","0.3499999940395355","0","1","1","N","52283.56406495813","2002-01-09 13:32:15.217","52283.59577796282","2002-01-09 14:17:55.220","0.10232425075286955","0.9211731756383207","0.3754593562457761","78685704","CRAB-FIELD-8","1","1","83.66154851130898","22.052706697985528","w2_f673n","19.84419059753418","0"
"Y","0.8221839351215582","0","0","1.7212369441986084","16734344472209","0.3499999940395355","0","1","1","N","52283.43073162483","2002-01-09 10:20:15.217","52283.52749088174","2002-01-09 12:39:35.213","0.10228196011029565","0.9211641333701132","0.3754930625573378","63510725","CRAB-FIELD-8","1","1","83.66408519905805","22.05479038664576","w2_f502n","19.296091079711914","0"
"Y","1.0536574103214122","0.10010805312998958","3.5506103719084496","1.7212369441986084","16734346511378","0.17499999701976776","0","1","2","N","56180.94680309482","2012-09-10 22:43:23.793","56585.8071364467","2013-10-20 19:22:16.593","0.10203252187765445","0.9212694695954535","0.37530244986371464","51082942","V-CM-TAU","2","2","83.68012842606782","22.043007314749513","a_f550m","18.28774929046631","0.036950111389160156"
"Y","1.0097700974036907","0","0","1.7212369441986084","16734344479640","0.3499999940395355","0","1","1","N","52283.43073162483","2002-01-09 10:20:15.217","52283.52749088174","2002-01-09 12:39:35.213","0.10253661716885995","0.9210803976906972","0.3756289966570873","95536578","CRAB-FIELD-8","1","1","83.64786638143431","22.063194001056836","w2_f502n","19.269691467285156","0"
"Y","1.2112620175362783","0.07075508537382966","0","1.7212369441986084","16734344492151","0.3499999940395355","0","4","1","N","52283.302259462886","2002-01-09 07:15:15.220","52283.59577796282","2002-01-09 14:17:55.220","0.10246103530958353","0.921090335314217","0.375625252657661","30051824","CRAB-FIELD-8","4","1","83.65257836317856","22.062962535685624","w2_f673n","19.7930908203125","0"
"Y","1.0297677660173223","0.2069207226365703","0","1.7212369441986084","16734344488342","0.3499999940395355","0","4","1","N","52283.302259462886","2002-01-09 07:15:15.220","52283.59577796282","2002-01-09 14:17:55.220","0.10243772848791456","0.9210992883815374","0.3756096547286444","75089970","CRAB-FIELD-8","4","1","83.65407161088618","22.06199822860405","w2_f631n","17.504690170288086","0"
"Y","1.0297677660173223","0.2069207226365703","0","1.7212369441986084","16734344488342","0.3499999940395355","0","4","1","N","52283.302259462886","2002-01-09 07:15:15.220","52283.59577796282","2002-01-09 14:17:55.220","0.10243772848791456","0.9210992883815374","0.3756096547286444","75089970","CRAB-FIELD-8","4","1","83.65407161088618","22.06199822860405","w2_f547m","18.218690872192383","0"
"Y","1.0297677660173223","0.2069207226365703","0","1.7212369441986084","16734344488342","0.3499999940395355","0","4","1","N","52283.302259462886","2002-01-09 07:15:15.220","52283.59577796282","2002-01-09 14:17:55.220","0.10243772848791456","0.9210992883815374","0.3756096547286444","75089970","CRAB-FIELD-8","4","1","83.65407161088618","22.06199822860405","w2_f673n","17.31399154663086","0"
"Y","1.0297677660173223","0.2069207226365703","0","1.7212369441986084","16734344488342","0.3499999940395355","0","4","1","N","52283.302259462886","2002-01-09 07:15:15.220","52283.59577796282","2002-01-09 14:17:55.220","0.10243772848791456","0.9210992883815374","0.3756096547286444","75089970","CRAB-FIELD-8","4","1","83.65407161088618","22.06199822860405","w2_f502n","18.22579002380371","0"
"Y","1.1528500849167953","0.07879570100018501","0","1.7212369441986084","16734344480802","0.7275","0","4","1","N","52283.302259462886","2002-01-09 07:15:15.220","52283.59577796282","2002-01-09 14:17:55.220","0.10245450587515376","0.9210871970899764","0.3756347289361101","52218590","CRAB-FIELD-8","4","1","83.65295810960286","22.063548388622102","w2_f502n","19.44329071044922","0"
"Y","1.1528500849167953","0.07879570100018501","0","1.7212369441986084","16734344480802","0.7275","0","4","1","N","52283.302259462886","2002-01-09 07:15:15.220","52283.59577796282","2002-01-09 14:17:55.220","0.10245450587515376","0.9210871970899764","0.3756347289361101","52218590","CRAB-FIELD-8","4","1","83.65295810960286","22.063548388622102","w2_f673n","18.427391052246094","0"
"Y","1.1528500849167953","0.07879570100018501","0","1.7212369441986084","16734344480802","0.7275","0","4","1","N","52283.302259462886","2002-01-09 07:15:15.220","52283.59577796282","2002-01-09 14:17:55.220","0.10245450587515376","0.9210871970899764","0.3756347289361101","52218590","CRAB-FIELD-8","4","1","83.65295810960286","22.063548388622102","w2_f547m","19.044891357421875","0"
"Y","1.1528500849167953","0.07879570100018501","0","1.7212369441986084","16734344480802","0.7275","0","4","1","N","52283.302259462886","2002-01-09 07:15:15.220","52283.59577796282","2002-01-09 14:17:55.220","0.10245450587515376","0.9210871970899764","0.3756347289361101","52218590","CRAB-FIELD-8","4","1","83.65295810960286","22.063548388622102","w2_f631n","18.646690368652344","0"
"Y","1.5894252678443646","0","0","1.7212369441986084","16734344490168","0.3499999940395355","0","1","1","N","52283.43073162483","2002-01-09 10:20:15.217","52283.52749088174","2002-01-09 12:39:35.213","0.10242205914603346","0.9211013451743691","0.37560888397156617","79311602","CRAB-FIELD-8","1","1","83.65504844832351","22.06195057844178","w2_f502n","19.610490798950195","0"
"Y","1.0835583087683787","0.3343419376930614","0","1.7212369441986084","16734344594299","0.7275","0","2","1","N","52283.302259462886","2002-01-09 07:15:15.220","52283.52749088174","2002-01-09 12:39:35.213","0.10253866012155338","0.9210594175545164","0.37567988036982386","18003121","CRAB-FIELD-8","2","1","83.64759734461468","22.06633982369558","w2_f502n","19.930089950561523","0"
"Y","1.7801298723592387","0","0","1.7212369441986084","16734344597186","0.7275","0","1","1","N","52283.43073162483","2002-01-09 10:20:15.217","52283.52749088174","2002-01-09 12:39:35.213","0.1025079618759348","0.921050363032405","0.3757104556835997","46383506","CRAB-FIELD-8","1","1","83.6494216813061","22.068230138349417","w2_f502n","19.54789161682129","0"
"Y","1.8124253449391836","0.9707813229406839","0","1.7212369441986084","16734344595264","0.45499999999999996","0","4","1","N","52283.302259462886","2002-01-09 07:15:15.220","52283.59577796282","2002-01-09 14:17:55.220","0.1024723392362203","0.9210502233215393","0.3757205155575857","59701463","CRAB-FIELD-8","4","1","83.65160960067328","22.068852094230795","w2_f631n","14.760890007019043","0"
"Y","1.8124253449391836","0.9707813229406839","0","1.7212369441986084","16734344595264","0.45499999999999996","0","4","1","N","52283.302259462886","2002-01-09 07:15:15.220","52283.59577796282","2002-01-09 14:17:55.220","0.1024723392362203","0.9210502233215393","0.3757205155575857","59701463","CRAB-FIELD-8","4","1","83.65160960067328","22.068852094230795","w2_f673n","14.825690269470215","0"
"Y","1.8124253449391836","0.9707813229406839","0","1.7212369441986084","16734344595264","0.45499999999999996","0","4","1","N","52283.302259462886","2002-01-09 07:15:15.220","52283.59577796282","2002-01-09 14:17:55.220","0.1024723392362203","0.9210502233215393","0.3757205155575857","59701463","CRAB-FIELD-8","4","1","83.65160960067328","22.068852094230795","w2_f547m","16.445890426635742","0"
"Y","1.8124253449391836","0.9707813229406839","0","1.7212369441986084","16734344595264","0.45499999999999996","0","4","1","N","52283.302259462886","2002-01-09 07:15:15.220","52283.59577796282","2002-01-09 14:17:55.220","0.1024723392362203","0.9210502233215393","0.3757205155575857","59701463","CRAB-FIELD-8","4","1","83.65160960067328","22.068852094230795","w2_f502n","15.152588844299316","0"
"Y","4.646119430883607","0","0","1.7212369441986084","16734344667112","0.45499999999999996","0","1","1","N","52283.43073162483","2002-01-09 10:20:15.217","52283.52749088174","2002-01-09 12:39:35.213","0.10237411634183989","0.9210827614655626","0.3756675216654892","73039661","CRAB-FIELD-8","1","1","83.65786734193914","22.065575755640204","w2_f502n","19.93419075012207","0"
"Y","1.0052873485389797","0","0","1.7212369441986084","16734344478163","0.3499999940395355","0","1","1","N","52283.43073162483","2002-01-09 10:20:15.217","52283.52749088174","2002-01-09 12:39:35.213","0.102275828127337","0.9211318063572141","0.3755740277203948","64021450","CRAB-FIELD-8","1","1","83.66424142256454","22.05979569315637","w2_f502n","19.993091583251953","0"
"Y","1.0888311770055201","0","0","1.7212369441986084","16734344608791","0.7275","0","1","1","N","52283.43073162483","2002-01-09 10:20:15.217","52283.52749088174","2002-01-09 12:39:35.213","0.10249122611958604","0.9210328839149077","0.375757867936171","77105121","CRAB-FIELD-8","1","1","83.65033051109826","22.071161444478964","w2_f502n","19.435091018676758","0"
"Y","0.9199396180962507","0","0","1.7212369441986084","16734344608418","0.45499999999999996","0","1","1","N","52283.56406495813","2002-01-09 13:32:15.217","52283.59577796282","2002-01-09 14:17:55.220","0.10247531852018224","0.9210348502005697","0.3757573869004395","101992279","CRAB-FIELD-8","1","1","83.65132143465725","22.07113170369703","w2_f673n","19.607391357421875","0"
"Y","8.398187124477051","0","0","1.7212369441986084","16734344608053","0.45499999999999996","0","1","1","N","52283.302259462886","2002-01-09 07:15:15.220","52283.3126760833","2002-01-09 07:30:15.217","0.10245196286876931","0.9210264915647693","0.3757842428046532","15805062","CRAB-FIELD-8","1","1","83.65269944913616","22.072792121306858","w2_f547m","19.412391662597656","0"
"Y","2.521802764896126","1.1282267836684134","0","1.7212369441986084","16734344606015","0.7275","0","2","1","N","52283.302259462886","2002-01-09 07:15:15.220","52283.52749088174","2002-01-09 12:39:35.213","0.1024926221883573","0.9210158173762766","0.37579931684304035","105528075","CRAB-FIELD-8","2","1","83.65012802579393","22.073724111092066","w2_f502n","19.86669158935547","0"
"Y","3.912181268861815","4.171892535932578","0","1.7212369441986084","16734344606343","0.7275","0","2","1","N","52283.302259462886","2002-01-09 07:15:15.220","52283.52749088174","2002-01-09 12:39:35.213","0.10246964376700674","0.9210202539410213","0.37579470983066476","79083156","CRAB-FIELD-8","2","1","83.6515703472101","22.073439270480858","w2_f502n","19.5474910736084","0"
"Y","1.7488059712879693","0","0","1.7212369441986084","16734344701763","0.45499999999999996","0","1","1","N","52283.43073162483","2002-01-09 10:20:15.217","52283.52749088174","2002-01-09 12:39:35.213","0.10234409219670168","0.921049819000237","0.3757564606392334","35563852","CRAB-FIELD-8","1","1","83.65948728348351","22.071074436175433","w2_f502n","19.998889923095703","0"
"Y","1.1442021126974653","0.3882288818063224","0","1.7212369441986084","16734344581554","0.3499999940395355","0","4","1","N","52283.302259462886","2002-01-09 07:15:15.220","52283.59577796282","2002-01-09 14:17:55.220","0.10252423065116421","0.9209784375509255","0.3758822950015817","73020391","CRAB-FIELD-8","4","1","83.64793005008836","22.078854551485424","w2_f547m","18.21169090270996","0"
"Y","1.1442021126974653","0.3882288818063224","0","1.7212369441986084","16734344581554","0.3499999940395355","0","4","1","N","52283.302259462886","2002-01-09 07:15:15.220","52283.59577796282","2002-01-09 14:17:55.220","0.10252423065116421","0.9209784375509255","0.3758822950015817","73020391","CRAB-FIELD-8","4","1","83.64793005008836","22.078854551485424","w2_f502n","17.535791397094727","0"
"Y","1.1442021126974653","0.3882288818063224","0","1.7212369441986084","16734344581554","0.3499999940395355","0","4","1","N","52283.302259462886","2002-01-09 07:15:15.220","52283.59577796282","2002-01-09 14:17:55.220","0.10252423065116421","0.9209784375509255","0.3758822950015817","73020391","CRAB-FIELD-8","4","1","83.64793005008836","22.078854551485424","w2_f631n","17.245389938354492","0"
"Y","1.1442021126974653","0.3882288818063224","0","1.7212369441986084","16734344581554","0.3499999940395355","0","4","1","N","52283.302259462886","2002-01-09 07:15:15.220","52283.59577796282","2002-01-09 14:17:55.220","0.10252423065116421","0.9209784375509255","0.3758822950015817","73020391","CRAB-FIELD-8","4","1","83.64793005008836","22.078854551485424","w2_f673n","17.208290100097656","0"
"Y","1.06248160322794","0.1529531187550414","0","1.7212369441986084","16734344637804","0.3499999940395355","0","4","1","N","52283.302259462886","2002-01-09 07:15:15.220","52283.59577796282","2002-01-09 14:17:55.220","0.10250118841421292","0.920981939945312","0.37587999769641567","64522765","CRAB-FIELD-8","4","1","83.64936996087425","22.078712509344108","w2_f631n","18.906490325927734","0"
"Y","1.06248160322794","0.1529531187550414","0","1.7212369441986084","16734344637804","0.3499999940395355","0","4","1","N","52283.302259462886","2002-01-09 07:15:15.220","52283.59577796282","2002-01-09 14:17:55.220","0.10250118841421292","0.920981939945312","0.37587999769641567","64522765","CRAB-FIELD-8","4","1","83.64936996087425","22.078712509344108","w2_f673n","18.429590225219727","0"
"Y","1.06248160322794","0.1529531187550414","0","1.7212369441986084","16734344637804","0.3499999940395355","0","4","1","N","52283.302259462886","2002-01-09 07:15:15.220","52283.59577796282","2002-01-09 14:17:55.220","0.10250118841421292","0.920981939945312","0.37587999769641567","64522765","CRAB-FIELD-8","4","1","83.64936996087425","22.078712509344108","w2_f502n","19.656391143798828","0"
"Y","1.06248160322794","0.1529531187550414","0","1.7212369441986084","16734344637804","0.3499999940395355","0","4","1","N","52283.302259462886","2002-01-09 07:15:15.220","52283.59577796282","2002-01-09 14:17:55.220","0.10250118841421292","0.920981939945312","0.37587999769641567","64522765","CRAB-FIELD-8","4","1","83.64936996087425","22.078712509344108","w2_f547m","18.915790557861328","0"
"Y","1.4411628246307373","0","0","1.0941359996795654","16734342241343","0.3499999940395355","0","1","1","N","51200.54668225907","1999-01-22 13:07:13.350","51200.61983033782","1999-01-22 14:52:33.347","0.10407679170673034","0.9207685883820521","0.3759697169681732","13536456","ANY","1","1","83.5510853705384","22.084259948807173","w2_f606w","19.61819076538086","0"
"Y","1.2624564482426586","0.15774780688493942","32.25167560831991","1.0941359996795654","16734342343105","0.3499999940395355","0","3","2","N","51200.54668225907","1999-01-22 13:07:13.350","52860.04231026862","2003-08-09 01:00:55.610","0.1039209945999793","0.9207788380688697","0.37598771023267463","83898343","LOW","4","1","83.56072896583468","22.08537251801737","w2_f814w","18.564790725708008","0"
"Y","1.2116772114543986","0.13675837848377306","0","1.0941359996795654","16734342289114","0.3499999940395355","0","3","1","N","52859.81823613867","2003-08-08 19:38:15.607","52860.04231026862","2003-08-09 01:00:55.610","0.10391784412228221","0.9207708457916564","0.37600815312066693","3834704","LOW","3","1","83.56086711807602","22.086636564301738","w2_f814w","19.984390258789062","0"
"Y","1.7835869737293408","0","0","1.0941359996795654","16734342290383","0.3499999940395355","0","1","1","N","52859.834208428394","2003-08-08 20:01:15.613","52859.90828254633","2003-08-08 21:47:55.617","0.10390039441621265","0.9207495143443782","0.3760652069453827","88049200","LOW","1","1","83.56179138591408","22.090164436635614","w2_f300w","17.118289947509766","0"
"Y","3.0511628749758697","0","0","1.0941359996795654","16734342265166","0.3499999940395355","0","1","1","N","51200.54668225907","1999-01-22 13:07:13.350","51200.61983033782","1999-01-22 14:52:33.347","0.10391631411617358","0.920714144433232","0.37614739650999396","46152614","ANY","1","1","83.56056791491993","22.095246710000026","w2_f606w","19.1005916595459","0"
"Y","2.1968883153392835","0.1476503337044977","0","1.0941359996795654","16734342253993","0.3499999940395355","0","4","1","N","52859.81823613867","2003-08-08 19:38:15.607","52860.04231026862","2003-08-09 01:00:55.610","0.1038519092889539","0.9207220022166628","0.376145949827079","50429279","LOW","4","1","83.56457988949734","22.095157251343053","w2_f814w","19.659391403198242","0"
"Y","3.368702390218227","1.8359348474535495","161.73325706321947","1.0941359996795654","16734342254437","0.6519999988079072","0.16882313496683488","4","2","N","51200.54668225907","1999-01-22 13:07:13.350","52860.04231026862","2003-08-09 01:00:55.610","0.10385775325776882","0.9207152589228405","0.3761608420273567","101545427","LOW","5","1","83.56417405294417","22.096078144342503","w2_f814w","17.716590881347656","0"
"Y","3.368702390218227","1.8359348474535495","161.73325706321947","1.0941359996795654","16734342254437","0.6519999988079072","0.16882313496683488","4","2","N","51200.54668225907","1999-01-22 13:07:13.350","52860.04231026862","2003-08-09 01:00:55.610","0.10385775325776882","0.9207152589228405","0.3761608420273567","101545427","LOW","5","2","83.56417405294417","22.096078144342503","w2_f606w","18.506690979003906","0.5405006408691406"
"Y","3.368702390218227","1.8359348474535495","161.73325706321947","1.0941359996795654","16734342254437","0.6519999988079072","0.16882313496683488","4","2","N","51200.54668225907","1999-01-22 13:07:13.350","52860.04231026862","2003-08-09 01:00:55.610","0.10385775325776882","0.9207152589228405","0.3761608420273567","101545427","LOW","5","1","83.56417405294417","22.096078144342503","w2_f450w","17.713991165161133","0"
"Y","3.368702390218227","1.8359348474535495","161.73325706321947","1.0941359996795654","16734342254437","0.6519999988079072","0.16882313496683488","4","2","N","51200.54668225907","1999-01-22 13:07:13.350","52860.04231026862","2003-08-09 01:00:55.610","0.10385775325776882","0.9207152589228405","0.3761608420273567","101545427","LOW","5","1","83.56417405294417","22.096078144342503","w2_f300w","18.487590789794922","0"
"Y","2.5644132276665235","1.4571320960203296","31.276907740063745","1.0941359996795654","16734342203073","0.3499999940395355","0","3","1","N","52859.81823613867","2003-08-08 19:38:15.607","52859.975643555634","2003-08-08 23:24:55.607","0.10370769118600605","0.920803451035183","0.37598632867521903","65074695","LOW","3","1","83.57400557457538","22.08528709250306","w2_f450w","17.79509162902832","0"
"Y","2.5644132276665235","1.4571320960203296","31.276907740063745","1.0941359996795654","16734342203073","0.3499999940395355","0","3","1","N","52859.81823613867","2003-08-08 19:38:15.607","52859.975643555634","2003-08-08 23:24:55.607","0.10370769118600605","0.920803451035183","0.37598632867521903","65074695","LOW","3","1","83.57400557457538","22.08528709250306","w2_f606w","18.040491104125977","0"
"Y","2.5644132276665235","1.4571320960203296","31.276907740063745","1.0941359996795654","16734342203073","0.3499999940395355","0","3","1","N","52859.81823613867","2003-08-08 19:38:15.607","52859.975643555634","2003-08-08 23:24:55.607","0.10370769118600605","0.920803451035183","0.37598632867521903","65074695","LOW","3","1","83.57400557457538","22.08528709250306","w2_f300w","18.60749053955078","0"
"Y","1.0593365087750708","0.035317404132482765","11.287591902858718","1.0941359996795654","16734342207675","0.3499999940395355","0","3","2","N","51200.54668225907","1999-01-22 13:07:13.350","52860.04231026862","2003-08-09 01:00:55.610","0.10365866373577855","0.920808499375353","0.37598748504536117","108126966","LOW","4","1","83.57705296778474","22.085358594060153","w2_f814w","19.82369041442871","0"
"Y","3.387831024093982","3.1807576990847513","0","1.0941359996795654","16734342293874","0.3499999940395355","0","2","1","N","52859.834208428394","2003-08-08 20:01:15.613","52859.975643555634","2003-08-08 23:24:55.607","0.10383830312685484","0.9207815184298631","0.37600399216212604","22535088","LOW","2","1","83.56582837634322","22.08637927859254","w2_f300w","18.187891006469727","0"
"Y","3.387831024093982","3.1807576990847513","0","1.0941359996795654","16734342293874","0.3499999940395355","0","2","1","N","52859.834208428394","2003-08-08 20:01:15.613","52859.975643555634","2003-08-08 23:24:55.607","0.10383830312685484","0.9207815184298631","0.37600399216212604","22535088","LOW","2","1","83.56582837634322","22.08637927859254","w2_f450w","17.931489944458008","0"
"Y","2.6263177199528456","1.2190140623349774","56.45748730020801","1.0941359996795654","16734342297348","0.3499999940395355","0","4","2","N","51200.54668225907","1999-01-22 13:07:13.350","52860.04231026862","2003-08-09 01:00:55.610","0.10382873610389264","0.9207587658306977","0.37606234683239814","6635293","LOW","5","1","83.56625856539726","22.089987582003225","w2_f300w","19.4855899810791","0"
"Y","2.6263177199528456","1.2190140623349774","56.45748730020801","1.0941359996795654","16734342297348","0.3499999940395355","0","4","2","N","51200.54668225907","1999-01-22 13:07:13.350","52860.04231026862","2003-08-09 01:00:55.610","0.10382873610389264","0.9207587658306977","0.37606234683239814","6635293","LOW","5","2","83.56625856539726","22.089987582003225","w2_f606w","18.395541191101074","0.4243497848510742"
"Y","2.6263177199528456","1.2190140623349774","56.45748730020801","1.0941359996795654","16734342297348","0.3499999940395355","0","4","2","N","51200.54668225907","1999-01-22 13:07:13.350","52860.04231026862","2003-08-09 01:00:55.610","0.10382873610389264","0.9207587658306977","0.37606234683239814","6635293","LOW","5","1","83.56625856539726","22.089987582003225","w2_f814w","18.05219078063965","0"
"Y","2.6263177199528456","1.2190140623349774","56.45748730020801","1.0941359996795654","16734342297348","0.3499999940395355","0","4","2","N","51200.54668225907","1999-01-22 13:07:13.350","52860.04231026862","2003-08-09 01:00:55.610","0.10382873610389264","0.9207587658306977","0.37606234683239814","6635293","LOW","5","1","83.56625856539726","22.089987582003225","w2_f450w","17.98249053955078","0"
"Y","1.2256350285939048","0.06054059184718001","0","1.0941359996795654","16734342163445","0.3499999940395355","0","4","1","N","52859.81823613867","2003-08-08 19:38:15.607","52860.04231026862","2003-08-09 01:00:55.610","0.1035625737386673","0.9207967940395051","0.37604262711471986","54818537","LOW","4","1","83.58287635962108","22.08876822241721","w2_f814w","18.964191436767578","0"
"Y","1.2256350285939048","0.06054059184718001","0","1.0941359996795654","16734342163445","0.3499999940395355","0","4","1","N","52859.81823613867","2003-08-08 19:38:15.607","52860.04231026862","2003-08-09 01:00:55.610","0.1035625737386673","0.9207967940395051","0.37604262711471986","54818537","LOW","4","1","83.58287635962108","22.08876822241721","w2_f606w","19.485990524291992","0"
"Y","1.1549570944233092","0.179925778449919","36.80610025197267","1.0941359996795654","16734342287156","0.3499999940395355","0","4","2","N","51200.54668225907","1999-01-22 13:07:13.350","52860.04231026862","2003-08-09 01:00:55.610","0.10381344673426446","0.9207338487254968","0.37612756890236826","80086054","LOW","5","1","83.56702540155419","22.094020633440653","w2_f814w","19.88619041442871","0"
"Y","1.0135389173844638","0.016841100665087524","0","1.0941359996795654","16734342178219","0.3499999940395355","0","3","1","N","52859.81823613867","2003-08-08 19:38:15.607","52860.04231026862","2003-08-09 01:00:55.610","0.10367841834628935","0.9207440766948197","0.3761397756164109","67160955","LOW","3","1","83.57539342726972","22.094775456778404","w2_f814w","19.840789794921875","0"
"Y","2.323591670262111","0.13284072159730895","0","1.0941359996795654","16734342824330","0.3499999940395355","0","4","1","N","52859.81823613867","2003-08-08 19:38:15.607","52860.04231026862","2003-08-09 01:00:55.610","0.10376300182974615","0.9207064978771881","0.3762084318807223","103606971","LOW","4","1","83.56993571117475","22.09902101119231","w2_f814w","18.81109046936035","0"
"Y","2.323591670262111","0.13284072159730895","0","1.0941359996795654","16734342824330","0.3499999940395355","0","4","1","N","52859.81823613867","2003-08-08 19:38:15.607","52860.04231026862","2003-08-09 01:00:55.610","0.10376300182974615","0.9207064978771881","0.3762084318807223","103606971","LOW","4","1","83.56993571117475","22.09902101119231","w2_f606w","19.339191436767578","0"
"Y","1.0663500720697003","0.11857759863200026","0","1.0941359996795654","16734342760054","0.7275","0","2","1","N","52859.81823613867","2003-08-08 19:38:15.607","52860.04231026862","2003-08-09 01:00:55.610","0.10379450380058626","0.9206871930222412","0.3762469848195022","105637140","LOW","2","1","83.56786619515844","22.101405097276412","w2_f814w","18.72039031982422","0"
"Y","1.0663500720697003","0.11857759863200026","0","1.0941359996795654","16734342760054","0.7275","0","2","1","N","52859.81823613867","2003-08-08 19:38:15.607","52860.04231026862","2003-08-09 01:00:55.610","0.10379450380058626","0.9206871930222412","0.3762469848195022","105637140","LOW","2","1","83.56786619515844","22.101405097276412","w2_f606w","19.689889907836914","0"
"Y","1.2027026687265907","0","0","1.0941359996795654","16734342826784","0.7275","0","1","1","N","52859.834208428394","2003-08-08 20:01:15.613","52859.90828254633","2003-08-08 21:47:55.617","0.10377823666301206","0.9206864907155251","0.376253190563481","61308427","LOW","1","1","83.56886095687712","22.101788859797345","w2_f300w","19.496490478515625","0"
"Y","2.313187966045279","1.3519245761853729","0","1.0941359996795654","16734342653362","0.3499999940395355","0","4","1","N","52859.81823613867","2003-08-08 19:38:15.607","52860.04231026862","2003-08-09 01:00:55.610","0.10365485503558101","0.9206939547379225","0.376268936715163","71935315","LOW","4","1","83.57649461309646","22.102762604759377","w2_f450w","18.45659065246582","0"
"Y","2.313187966045279","1.3519245761853729","0","1.0941359996795654","16734342653362","0.3499999940395355","0","4","1","N","52859.81823613867","2003-08-08 19:38:15.607","52860.04231026862","2003-08-09 01:00:55.610","0.10365485503558101","0.9206939547379225","0.376268936715163","71935315","LOW","4","1","83.57649461309646","22.102762604759377","w2_f814w","17.782590866088867","0"
"Y","2.313187966045279","1.3519245761853729","0","1.0941359996795654","16734342653362","0.3499999940395355","0","4","1","N","52859.81823613867","2003-08-08 19:38:15.607","52860.04231026862","2003-08-09 01:00:55.610","0.10365485503558101","0.9206939547379225","0.376268936715163","71935315","LOW","4","1","83.57649461309646","22.102762604759377","w2_f606w","18.050390243530273","0"
"Y","2.5822799284936924","2.1821548511422195","0","1.0941359996795654","16734342653212","0.3499999940395355","0","4","1","N","52859.81823613867","2003-08-08 19:38:15.607","52860.04231026862","2003-08-09 01:00:55.610","0.10364292095840033","0.9206948415975035","0.3762700540717029","11905735","LOW","4","1","83.57723412416449","22.10283170255193","w2_f814w","18.33639144897461","0"
"Y","2.5822799284936924","2.1821548511422195","0","1.0941359996795654","16734342653212","0.3499999940395355","0","4","1","N","52859.81823613867","2003-08-08 19:38:15.607","52860.04231026862","2003-08-09 01:00:55.610","0.10364292095840033","0.9206948415975035","0.3762700540717029","11905735","LOW","4","1","83.57723412416449","22.10283170255193","w2_f450w","18.583789825439453","0"
"Y","2.5822799284936924","2.1821548511422195","0","1.0941359996795654","16734342653212","0.3499999940395355","0","4","1","N","52859.81823613867","2003-08-08 19:38:15.607","52860.04231026862","2003-08-09 01:00:55.610","0.10364292095840033","0.9206948415975035","0.3762700540717029","11905735","LOW","4","1","83.57723412416449","22.10283170255193","w2_f606w","18.045190811157227","0"
"Y","1.1060624263275989","0.09242468007801115","0","1.0941359996795654","16734342622415","0.3499999940395355","0","3","1","N","52859.81823613867","2003-08-08 19:38:15.607","52860.04231026862","2003-08-09 01:00:55.610","0.1035050385327897","0.9207434869072195","0.3761889662342939","107109469","LOW","3","1","83.5860435161158","22.097817284880875","w2_f814w","19.386991500854492","0"
"Y","4.542612867524944","2.7612014994752423","0","1.0941359996795654","16734342626411","0.3499999940395355","0","3","1","N","52859.81823613867","2003-08-08 19:38:15.607","52859.975643555634","2003-08-08 23:24:55.607","0.10343781034392818","0.9207442085163406","0.37620569091262296","91602691","LOW","3","1","83.59017978225756","22.0988515132243","w2_f606w","17.91929054260254","0"
"Y","4.542612867524944","2.7612014994752423","0","1.0941359996795654","16734342626411","0.3499999940395355","0","3","1","N","52859.81823613867","2003-08-08 19:38:15.607","52859.975643555634","2003-08-08 23:24:55.607","0.10343781034392818","0.9207442085163406","0.37620569091262296","91602691","LOW","3","1","83.59017978225756","22.0988515132243","w2_f450w","17.80088996887207","0"
"Y","4.542612867524944","2.7612014994752423","0","1.0941359996795654","16734342626411","0.3499999940395355","0","3","1","N","52859.81823613867","2003-08-08 19:38:15.607","52859.975643555634","2003-08-08 23:24:55.607","0.10343781034392818","0.9207442085163406","0.37620569091262296","91602691","LOW","3","1","83.59017978225756","22.0988515132243","w2_f300w","17.69989013671875","0"
"Y","1.7579348190971043","0","0","1.0941359996795654","16734342612312","0.3499999940395355","0","1","1","N","52859.834208428394","2003-08-08 20:01:15.613","52859.90828254633","2003-08-08 21:47:55.617","0.10340846053612054","0.920751769254873","0.3761952547597392","30731100","LOW","1","1","83.59203557818782","22.098206156717634","w2_f300w","17.06269073486328","0"
"Y","1.9390219117516203","0.6676315293339851","0","0.6341795921325684","16734342616712","0.3499999940395355","0","4","1","N","52859.81823613867","2003-08-08 19:38:15.607","52860.04231026862","2003-08-09 01:00:55.610","0.10344159709755572","0.9207187183960006","0.3762670296283103","24542349","LOW","4","1","83.58977109300002","22.102644669794188","w2_f450w","18.47549057006836","0"
"Y","1.9390219117516203","0.6676315293339851","0","0.6341795921325684","16734342616712","0.3499999940395355","0","4","1","N","52859.81823613867","2003-08-08 19:38:15.607","52860.04231026862","2003-08-09 01:00:55.610","0.10344159709755572","0.9207187183960006","0.3762670296283103","24542349","LOW","4","1","83.58977109300002","22.102644669794188","w2_f606w","18.185291290283203","0"
"Y","1.9390219117516203","0.6676315293339851","0","0.6341795921325684","16734342616712","0.3499999940395355","0","4","1","N","52859.81823613867","2003-08-08 19:38:15.607","52860.04231026862","2003-08-09 01:00:55.610","0.10344159709755572","0.9207187183960006","0.3762670296283103","24542349","LOW","4","1","83.58977109300002","22.102644669794188","w2_f814w","18.035091400146484","0"
"Y","1.5206969040721776","0.17519122376848287","0","1.0941359996795654","16734342802539","0.45499999999999996","0","4","1","N","52859.81823613867","2003-08-08 19:38:15.607","52860.04231026862","2003-08-09 01:00:55.610","0.10395955521859673","0.9206552446857833","0.3762795919412255","68070506","LOW","4","1","83.55750222047335","22.103421529742853","w2_f450w","19.297090530395508","0"
"Y","1.5206969040721776","0.17519122376848287","0","1.0941359996795654","16734342802539","0.45499999999999996","0","4","1","N","52859.81823613867","2003-08-08 19:38:15.607","52860.04231026862","2003-08-09 01:00:55.610","0.10395955521859673","0.9206552446857833","0.3762795919412255","68070506","LOW","4","1","83.55750222047335","22.103421529742853","w2_f606w","18.334590911865234","0"
"Y","1.5206969040721776","0.17519122376848287","0","1.0941359996795654","16734342802539","0.45499999999999996","0","4","1","N","52859.81823613867","2003-08-08 19:38:15.607","52860.04231026862","2003-08-09 01:00:55.610","0.10395955521859673","0.9206552446857833","0.3762795919412255","68070506","LOW","4","1","83.55750222047335","22.103421529742853","w2_f814w","17.729490280151367","0"
"Y","1.8810990456631451","0.4771919975315879","0","1.0941359996795654","16734342800458","0.4549999999999999","6.798699777552591e-17","3","1","N","52859.81823613867","2003-08-08 19:38:15.607","52860.04231026862","2003-08-09 01:00:55.610","0.10391708134486573","0.9206555717849317","0.3762905238592538","24760235","LOW","3","1","83.56011452916589","22.10409756870646","w2_f450w","17.517990112304688","0"
"Y","1.8810990456631451","0.4771919975315879","0","1.0941359996795654","16734342800458","0.4549999999999999","6.798699777552591e-17","3","1","N","52859.81823613867","2003-08-08 19:38:15.607","52860.04231026862","2003-08-09 01:00:55.610","0.10391708134486573","0.9206555717849317","0.3762905238592538","24760235","LOW","3","1","83.56011452916589","22.10409756870646","w2_f606w","17.207490921020508","0"
"Y","1.8810990456631451","0.4771919975315879","0","1.0941359996795654","16734342800458","0.4549999999999999","6.798699777552591e-17","3","1","N","52859.81823613867","2003-08-08 19:38:15.607","52860.04231026862","2003-08-09 01:00:55.610","0.10391708134486573","0.9206555717849317","0.3762905238592538","24760235","LOW","3","1","83.56011452916589","22.10409756870646","w2_f814w","16.956390380859375","0"
"Y","1.3952407965529297","0.5039956970584625","0","0.6341795921325684","16734342786526","0.3499999940395355","0","4","1","N","52859.81823613867","2003-08-08 19:38:15.607","52860.04231026862","2003-08-09 01:00:55.610","0.10384521017260297","0.9206202098410694","0.3763968670918448","25822605","LOW","4","1","83.56428598783678","22.110674092308663","w2_f450w","19.772991180419922","0"
"Y","1.3952407965529297","0.5039956970584625","0","0.6341795921325684","16734342786526","0.3499999940395355","0","4","1","N","52859.81823613867","2003-08-08 19:38:15.607","52860.04231026862","2003-08-09 01:00:55.610","0.10384521017260297","0.9206202098410694","0.3763968670918448","25822605","LOW","4","1","83.56428598783678","22.110674092308663","w2_f814w","18.22389030456543","0"
"Y","1.3952407965529297","0.5039956970584625","0","0.6341795921325684","16734342786526","0.3499999940395355","0","4","1","N","52859.81823613867","2003-08-08 19:38:15.607","52860.04231026862","2003-08-09 01:00:55.610","0.10384521017260297","0.9206202098410694","0.3763968670918448","25822605","LOW","4","1","83.56428598783678","22.110674092308663","w2_f606w","18.78679084777832","0"
"Y","1.0134327081405081","0.011255218033337042","0","0.6341795921325684","16734342788467","0.3499999940395355","0","3","1","N","52859.81823613867","2003-08-08 19:38:15.607","52860.04231026862","2003-08-09 01:00:55.610","0.10384726592909548","0.9205909472072662","0.3764678648693008","24548423","LOW","3","1","83.56395679491489","22.115064937904584","w2_f814w","19.872390747070312","0"
"Y","1.110800076776295","0.14420020323098381","0","1.0941359996795654","16734342830937","0.3499999940395355","0","3","1","N","52859.81823613867","2003-08-08 19:38:15.607","52860.04231026862","2003-08-09 01:00:55.610","0.1036834523276257","0.920681179930585","0.3762923154081323","23054335","LOW","3","1","83.57464884601539","22.104208359897868","w2_f814w","19.952190399169922","0"
"Y","2.095271460906436","1.078402830672264","0","0.6341795921325684","16734342865185","0.3499999940395355","0","4","1","N","52859.81823613867","2003-08-08 19:38:15.607","52860.04231026862","2003-08-09 01:00:55.610","0.10375740566238038","0.9206395081484291","0.3763738790173894","6817524","LOW","4","1","83.56981565854139","22.109252428012457","w2_f814w","17.740190505981445","0"
"Y","2.095271460906436","1.078402830672264","0","0.6341795921325684","16734342865185","0.3499999940395355","0","4","1","N","52859.81823613867","2003-08-08 19:38:15.607","52860.04231026862","2003-08-09 01:00:55.610","0.10375740566238038","0.9206395081484291","0.3763738790173894","6817524","LOW","4","1","83.56981565854139","22.109252428012457","w2_f606w","18.35599136352539","0"
"Y","2.095271460906436","1.078402830672264","0","0.6341795921325684","16734342865185","0.3499999940395355","0","4","1","N","52859.81823613867","2003-08-08 19:38:15.607","52860.04231026862","2003-08-09 01:00:55.610","0.10375740566238038","0.9206395081484291","0.3763738790173894","6817524","LOW","4","1","83.56981565854139","22.109252428012457","w2_f450w","18.448890686035156","0"
"Y","1.0873053421586303","0.11147915427984266","0","0.6341795921325684","16734342815498","0.3499999940395355","0","4","1","N","52859.81823613867","2003-08-08 19:38:15.607","52860.04231026862","2003-08-09 01:00:55.610","0.10377260576213262","0.9206148324162698","0.3764300421441827","6971080","LOW","4","1","83.56871061791676","22.112725780819108","w2_f814w","19.180591583251953","0"
"Y","1.0873053421586303","0.11147915427984266","0","0.6341795921325684","16734342815498","0.3499999940395355","0","4","1","N","52859.81823613867","2003-08-08 19:38:15.607","52860.04231026862","2003-08-09 01:00:55.610","0.10377260576213262","0.9206148324162698","0.3764300421441827","6971080","LOW","4","1","83.56871061791676","22.112725780819108","w2_f606w","19.968690872192383","0"
"Y","1.7872002388434722","0.4829509107688467","0","0.6341795921325684","16734342615490","0.3499999940395355","0","4","1","N","52859.81823613867","2003-08-08 19:38:15.607","52860.04231026862","2003-08-09 01:00:55.610","0.10341558241708992","0.9207089402813798","0.37629810602693275","24249269","LOW","4","1","83.59130230228529","22.10456645820619","w2_f450w","18.827489852905273","0"
"Y","1.7872002388434722","0.4829509107688467","0","0.6341795921325684","16734342615490","0.3499999940395355","0","4","1","N","52859.81823613867","2003-08-08 19:38:15.607","52860.04231026862","2003-08-09 01:00:55.610","0.10341558241708992","0.9207089402813798","0.37629810602693275","24249269","LOW","4","1","83.59130230228529","22.10456645820619","w2_f606w","18.255691528320312","0"
"Y","1.7872002388434722","0.4829509107688467","0","0.6341795921325684","16734342615490","0.3499999940395355","0","4","1","N","52859.81823613867","2003-08-08 19:38:15.607","52860.04231026862","2003-08-09 01:00:55.610","0.10341558241708992","0.9207089402813798","0.37629810602693275","24249269","LOW","4","1","83.59130230228529","22.10456645820619","w2_f814w","17.79469108581543","0"
"Y","1.8207045609981893","0.6096184571082015","0","0.6341795921325684","16734342672156","0.3499999940395355","0","4","1","N","52859.81823613867","2003-08-08 19:38:15.607","52860.04231026862","2003-08-09 01:00:55.610","0.10344842372873156","0.9206990628731025","0.37631324618303613","25987683","LOW","4","1","83.58921585322746","22.10550274659825","w2_f450w","18.587390899658203","0"
"Y","1.8207045609981893","0.6096184571082015","0","0.6341795921325684","16734342672156","0.3499999940395355","0","4","1","N","52859.81823613867","2003-08-08 19:38:15.607","52860.04231026862","2003-08-09 01:00:55.610","0.10344842372873156","0.9206990628731025","0.37631324618303613","25987683","LOW","4","1","83.58921585322746","22.10550274659825","w2_f606w","18.280590057373047","0"
"Y","1.8207045609981893","0.6096184571082015","0","0.6341795921325684","16734342672156","0.3499999940395355","0","4","1","N","52859.81823613867","2003-08-08 19:38:15.607","52860.04231026862","2003-08-09 01:00:55.610","0.10344842372873156","0.9206990628731025","0.37631324618303613","25987683","LOW","4","1","83.58921585322746","22.10550274659825","w2_f814w","17.9490909576416","0"
"Y","0.9844236062459558","0.055301634017328946","0","0.6341795921325684","16734342822107","0.3499999940395355","0","3","1","N","52859.81823613867","2003-08-08 19:38:15.607","52860.04231026862","2003-08-09 01:00:55.610","0.10378536140607197","0.9205905496463467","0.376485907651036","92326419","LOW","3","1","83.5677584743577","22.1161808124932","w2_f814w","19.45159149169922","0"
"Y","0.9286227031973512","0.03194828398081529","0","0.6341795921325684","16734342810320","0.3499999940395355","0","3","1","N","52859.81823613867","2003-08-08 19:38:15.607","52860.04231026862","2003-08-09 01:00:55.610","0.10375203899819989","0.920574780159011","0.3765336486146868","96834188","LOW","3","1","83.56969714971696","22.119133444611453","w2_f814w","19.944690704345703","0"
"Y","1.2637588025965694","0.19057715404728623","0","0.6341795921325684","16734342819053","0.3499999940395355","0","4","1","N","52859.81823613867","2003-08-08 19:38:15.607","52860.04231026862","2003-08-09 01:00:55.610","0.10368798954316173","0.9205886087230363","0.376517482082928","41238132","LOW","4","1","83.57372928840532","22.11813358730098","w2_f814w","19.531789779663086","0"
"Y","1.370263864235311","0.2403469006467819","0","0.6341795921325684","16734342853909","0.3499999940395355","0","3","1","N","52859.81823613867","2003-08-08 19:38:15.607","52860.04231026862","2003-08-09 01:00:55.610","0.10350354703250605","0.9206232459666213","0.3764835384685075","56490515","LOW","3","1","83.58530444940959","22.116034287433443","w2_f814w","18.58669090270996","0"
"Y","1.370263864235311","0.2403469006467819","0","0.6341795921325684","16734342853909","0.3499999940395355","0","3","1","N","52859.81823613867","2003-08-08 19:38:15.607","52860.04231026862","2003-08-09 01:00:55.610","0.10350354703250605","0.9206232459666213","0.3764835384685075","56490515","LOW","3","1","83.58530444940959","22.116034287433443","w2_f606w","19.389190673828125","0"
"Y","0.7927174153535262","0","0","0.6341795921325684","16734342489119","0.3499999940395355","0","1","1","N","52859.834208428394","2003-08-08 20:01:15.613","52859.90828254633","2003-08-08 21:47:55.617","0.10337653668640724","0.9207353038360879","0.3762443247848038","89848051","LOW","1","1","83.59388376656014","22.101240601344237","w2_f300w","19.90118980407715","0"
"Y","1.0616278925607372","0","0","1.7212369441986084","16734345942979","0.3499999940395355","0","1","1","N","52283.56406495813","2002-01-09 13:32:15.217","52283.59577796282","2002-01-09 14:17:55.220","0.10277531537990507","0.9209242182308771","0.37594656378859254","38912337","CRAB-FIELD-8","1","1","83.63212946388548","22.08282834185059","w2_f673n","19.610891342163086","0"
"Y","0.7803448315324455","0","0","1.7212369441986084","16734345947465","0.3499999940395355","0","1","1","N","52283.43073162483","2002-01-09 10:20:15.217","52283.52749088174","2002-01-09 12:39:35.213","0.10278457717707118","0.9209004037039608","0.37600236322721914","49692848","CRAB-FIELD-8","1","1","83.63139699036036","22.08627855633512","w2_f502n","19.921689987182617","0"
"Y","1.0620001126932161","0.14202953246644032","0","1.7212369441986084","16734345900020","0.3499999940395355","0","4","1","N","52283.302259462886","2002-01-09 07:15:15.220","52283.59577796282","2002-01-09 14:17:55.220","0.10272416696029645","0.9209338860041641","0.375936860565191","3101914","CRAB-FIELD-8","4","1","83.63533883014894","22.08222837664196","w2_f673n","17.906089782714844","0"
"Y","1.0620001126932161","0.14202953246644032","0","1.7212369441986084","16734345900020","0.3499999940395355","0","4","1","N","52283.302259462886","2002-01-09 07:15:15.220","52283.59577796282","2002-01-09 14:17:55.220","0.10272416696029645","0.9209338860041641","0.375936860565191","3101914","CRAB-FIELD-8","4","1","83.63533883014894","22.08222837664196","w2_f631n","18.005590438842773","0"
"Y","1.0620001126932161","0.14202953246644032","0","1.7212369441986084","16734345900020","0.3499999940395355","0","4","1","N","52283.302259462886","2002-01-09 07:15:15.220","52283.59577796282","2002-01-09 14:17:55.220","0.10272416696029645","0.9209338860041641","0.375936860565191","3101914","CRAB-FIELD-8","4","1","83.63533883014894","22.08222837664196","w2_f547m","18.673789978027344","0"
"Y","1.0620001126932161","0.14202953246644032","0","1.7212369441986084","16734345900020","0.3499999940395355","0","4","1","N","52283.302259462886","2002-01-09 07:15:15.220","52283.59577796282","2002-01-09 14:17:55.220","0.10272416696029645","0.9209338860041641","0.375936860565191","3101914","CRAB-FIELD-8","4","1","83.63533883014894","22.08222837664196","w2_f502n","18.563791275024414","0"
"Y","1.3188505994862523","0","0","1.7212369441986084","16734345897655","0.3499999940395355","0","1","1","N","52283.43073162483","2002-01-09 10:20:15.217","52283.52749088174","2002-01-09 12:39:35.213","0.1027052523916159","0.9209348872682114","0.3759395756547672","77554347","CRAB-FIELD-8","1","1","83.63650800061427","22.08239625454455","w2_f502n","19.17359161376953","0"
"Y","0.7826436525103689","0","0","1.7212369441986084","16734345042761","0.3499999940395355","0","1","1","N","52283.43073162483","2002-01-09 10:20:15.217","52283.52749088174","2002-01-09 12:39:35.213","0.10266341267780377","0.9209421750644846","0.37593315081921286","65725710","CRAB-FIELD-8","1","1","83.63912900961203","22.08199899802295","w2_f502n","19.450790405273438","0"
"Y","1.076807337620143","0.06194323407310921","0","1.7212369441986084","16734345036856","0.3499999940395355","0","4","1","N","52283.302259462886","2002-01-09 07:15:15.220","52283.59577796282","2002-01-09 14:17:55.220","0.1026536239223051","0.9209318586730583","0.3759610952965985","33429800","CRAB-FIELD-8","4","1","83.63965987116308","22.08372685208076","w2_f673n","19.676891326904297","0"
"Y","1.076807337620143","0.06194323407310921","0","1.7212369441986084","16734345036856","0.3499999940395355","0","4","1","N","52283.302259462886","2002-01-09 07:15:15.220","52283.59577796282","2002-01-09 14:17:55.220","0.1026536239223051","0.9209318586730583","0.3759610952965985","33429800","CRAB-FIELD-8","4","1","83.63965987116308","22.08372685208076","w2_f631n","19.83238983154297","0"
"Y","1.0343891956595233","0.022365082976110468","0","1.7212369441986084","16734345902805","0.3499999940395355","0","4","1","N","52283.302259462886","2002-01-09 07:15:15.220","52283.59577796282","2002-01-09 14:17:55.220","0.10267215340422178","0.9209072076285835","0.37601641433995914","89981441","CRAB-FIELD-8","4","1","83.63835232030776","22.087147383967313","w2_f631n","19.663490295410156","0"
"Y","1.0343891956595233","0.022365082976110468","0","1.7212369441986084","16734345902805","0.3499999940395355","0","4","1","N","52283.302259462886","2002-01-09 07:15:15.220","52283.59577796282","2002-01-09 14:17:55.220","0.10267215340422178","0.9209072076285835","0.37601641433995914","89981441","CRAB-FIELD-8","4","1","83.63835232030776","22.087147383967313","w2_f673n","19.50149154663086","0"
"Y","1.8245976546715046","0","0","1.7212369441986084","16734345050858","0.3499999940395355","0","1","1","N","52283.43073162483","2002-01-09 10:20:15.217","52283.52749088174","2002-01-09 12:39:35.213","0.10262431228914994","0.9209389856425492","0.3759516395108049","54530251","CRAB-FIELD-8","1","1","83.64150992503687","22.083142182567904","w2_f502n","19.586589813232422","0"
"Y","1.03988503587657","0","0","1.7212369441986084","16734345049581","0.3499999940395355","0","1","1","N","52283.43073162483","2002-01-09 10:20:15.217","52283.52749088174","2002-01-09 12:39:35.213","0.10260546636072702","0.9209436135486178","0.3759454467564689","71143482","CRAB-FIELD-8","1","1","83.64269972228158","22.082759273908987","w2_f502n","18.635690689086914","0"
"Y","3.3296552197686555","0","0","1.7212369441986084","16734345037816","0.3499999940395355","0","1","1","N","52283.43073162483","2002-01-09 10:20:15.217","52283.52749088174","2002-01-09 12:39:35.213","0.10262869479927983","0.9209306313024153","0.3759709075616631","64549668","CRAB-FIELD-8","1","1","83.64118340181372","22.084333565955347","w2_f502n","19.57529067993164","0"
"Y","1.7742528312507717","0","0","1.7212369441986084","16734345890092","0.3499999940395355","0","1","1","N","52283.43073162483","2002-01-09 10:20:15.217","52283.52749088174","2002-01-09 12:39:35.213","0.10262091705421202","0.9209201328327565","0.3759987451126108","11229432","CRAB-FIELD-8","1","1","83.6415894683661","22.086054836987188","w2_f502n","19.031089782714844","0"
"Y","0.977126414748444","0","0","0.8101478219032288","16734345892633","0.3499999940395355","0","1","1","N","52283.43073162483","2002-01-09 10:20:15.217","52283.52749088174","2002-01-09 12:39:35.213","0.10274082948041463","0.9208848886996368","0.3760523151402787","69736276","CRAB-FIELD-8","1","1","83.63397899826326","22.089367275664124","w2_f502n","19.228790283203125","0"
"Y","1.4232183324879613","0","0","0.8101478219032288","16734345892444","0.3499999940395355","0","1","1","N","52283.43073162483","2002-01-09 10:20:15.217","52283.52749088174","2002-01-09 12:39:35.213","0.10273846259786497","0.9208817451395818","0.3760606596969893","16048903","CRAB-FIELD-8","1","1","83.63410289850944","22.08988325835743","w2_f502n","19.774789810180664","0"
"Y","4.081961282336499","3.0820204781284626","0","0.8101478219032288","16734345892471","0.3499999940395355","0","2","1","N","52283.302259462886","2002-01-09 07:15:15.220","52283.52749088174","2002-01-09 12:39:35.213","0.10273587920938487","0.9208799358555432","0.37606579592113215","100289516","CRAB-FIELD-8","2","1","83.63424925248297","22.090200855886305","w2_f502n","19.38909149169922","0"
"Y","1.266377991420386","0.04885272253455233","0","0.8101478219032288","16734345889736","0.3499999940395355","0","4","1","N","52283.302259462886","2002-01-09 07:15:15.220","52283.59577796282","2002-01-09 14:17:55.220","0.10264536360184091","0.9208983454518711","0.3760454316635993","55492243","CRAB-FIELD-8","4","1","83.63993793080569","22.088941639754026","w2_f673n","19.710691452026367","0"
"Y","2.0006896435529335","0","0","1.7212369441986084","16734344589863","0.3499999940395355","0","1","1","N","52283.43073162483","2002-01-09 10:20:15.217","52283.52749088174","2002-01-09 12:39:35.213","0.10249906741046434","0.9209530842428659","0.3759512705172596","50578227","CRAB-FIELD-8","1","1","83.64930294660802","22.08311936703291","w2_f502n","19.995590209960938","0"
"Y","1.7377012077419238","0","0","1.7212369441986084","16734344589859","0.3499999940395355","0","1","1","N","52283.43073162483","2002-01-09 10:20:15.217","52283.52749088174","2002-01-09 12:39:35.213","0.10249601326256878","0.9209526938077331","0.3759530596145783","65758685","CRAB-FIELD-8","1","1","83.64948796099547","22.083229990174775","w2_f502n","19.579391479492188","0"
"Y","1.0863295317381279","0.021215401063073628","0","1.7212369441986084","16734344587364","0.3499999940395355","0","4","1","N","52283.302259462886","2002-01-09 07:15:15.220","52283.59577796282","2002-01-09 14:17:55.220","0.10243887438669647","0.9209579495687726","0.37595575822226","62390212","CRAB-FIELD-8","4","1","83.65303523358602","22.083396850160817","w2_f631n","19.31269073486328","0"
"Y","1.0863295317381279","0.021215401063073628","0","1.7212369441986084","16734344587364","0.3499999940395355","0","4","1","N","52283.302259462886","2002-01-09 07:15:15.220","52283.59577796282","2002-01-09 14:17:55.220","0.10243887438669647","0.9209579495687726","0.37595575822226","62390212","CRAB-FIELD-8","4","1","83.65303523358602","22.083396850160817","w2_f673n","19.091190338134766","0"
"Y","1.0863295317381279","0.021215401063073628","0","1.7212369441986084","16734344587364","0.3499999940395355","0","4","1","N","52283.302259462886","2002-01-09 07:15:15.220","52283.59577796282","2002-01-09 14:17:55.220","0.10243887438669647","0.9209579495687726","0.37595575822226","62390212","CRAB-FIELD-8","4","1","83.65303523358602","22.083396850160817","w2_f547m","19.88228988647461","0"